source_sheet,umbrella,subcategory,gene_id,description_workbook,description_gff,gene_biotype,seqid,sequence_name,sequence_role,assigned_molecule,location_type,sequence_class,contrast_id,contrast_label,figure_scope,x_label,x_order,desired_sign,positive_condition,negative_condition,workbook_lfc_col,workbook_padj_col,show_in_figure,analysis_scope,baseMean,log2FoldChange,lfcSE,stat,pvalue,padj,significant,oriented_log2FC,status,higher_expression_condition,primary_figure,original_value,original_oriented_log2FC,original_status
Immune,Cellular Immunity,Inflammasome Assembly & Pyroptosis,LOC126284648,CARD- and ANK-domain containing inflammasome adapter protein-like,CARD- and ANK-domain containing inflammasome adapter protein-like,protein_coding,NC_064927.1,Chromosome8,assembled-molecule,8,Chromosome,Nuclear chromosome,infection_diet50,Diet 50: infected vs control,Within-diet infection response,50,2,1,Infected diet 50,Control diet 50,Diet 50 log2FC,Diet 50 padj,TRUE,Placed/host-assigned,457.5698484227803,1.4410786508505071,0.4776869387344628,3.0167847056240653,0.00255471186640785,0.0167814225305922,TRUE,1.4410786508505071,Upregulated,Infected diet 50,TRUE,,,N.S.
Immune,Cellular Immunity,Lysosomal Processing & Antigen Presentation (GILT),LOC126268069,gamma-interferon-inducible lysosomal thiol reductase-like,gamma-interferon-inducible lysosomal thiol reductase-like,protein_coding,NC_064923.1,Chromosome4,assembled-molecule,4,Chromosome,Nuclear chromosome,infection_diet33,Diet 33: infected vs control,Within-diet infection response,33,1,1,Infected diet 33,Control diet 33,Diet 33 log2FC,Diet 33 padj,TRUE,Placed/host-assigned,1224.1641414576727,-1.1499333355986308,0.32313611551909954,-3.55866546749604,3.727439327040738e-4,0.00634427333029567,TRUE,-1.1499333355986308,Downregulated,Control diet 33,TRUE,,,N.S.
Immune,Cellular Immunity,Lysosomal Processing & Antigen Presentation (GILT),LOC126268069,gamma-interferon-inducible lysosomal thiol reductase-like,gamma-interferon-inducible lysosomal thiol reductase-like,protein_coding,NC_064923.1,Chromosome4,assembled-molecule,4,Chromosome,Nuclear chromosome,infection_diet50,Diet 50: infected vs control,Within-diet infection response,50,2,1,Infected diet 50,Control diet 50,Diet 50 log2FC,Diet 50 padj,TRUE,Placed/host-assigned,1224.1641414576727,-1.0859747895804903,0.3382283916720725,-3.210773596538848,0.00132378185690043,0.01055738442534819,TRUE,-1.0859747895804903,Downregulated,Control diet 50,TRUE,,,N.S.
Immune,Cellular Immunity,Lysosomal Processing & Antigen Presentation (GILT),LOC126291948,gamma-interferon-inducible lysosomal thiol reductase-like,gamma-interferon-inducible lysosomal thiol reductase-like,protein_coding,NC_064928.1,Chromosome9,assembled-molecule,9,Chromosome,Nuclear chromosome,infection_diet33,Diet 33: infected vs control,Within-diet infection response,33,1,1,Infected diet 33,Control diet 33,Diet 33 log2FC,Diet 33 padj,TRUE,Placed/host-assigned,5247.496826755901,2.909307245029532,0.8399125765397997,3.463821505108363,5.325597638725732e-4,0.00829049176274146,TRUE,2.909307245029532,Upregulated,Infected diet 33,TRUE,,,N.S.
Immune,Cellular Immunity,Lysosomal Processing & Antigen Presentation (GILT),LOC126291948,gamma-interferon-inducible lysosomal thiol reductase-like,gamma-interferon-inducible lysosomal thiol reductase-like,protein_coding,NC_064928.1,Chromosome9,assembled-molecule,9,Chromosome,Nuclear chromosome,infection_diet50,Diet 50: infected vs control,Within-diet infection response,50,2,1,Infected diet 50,Control diet 50,Diet 50 log2FC,Diet 50 padj,TRUE,Placed/host-assigned,5247.496826755901,3.0981409905110056,0.8784170289488754,3.5269591645078635,4.203615904633074e-4,0.00462659657042637,TRUE,3.0981409905110056,Upregulated,Infected diet 50,TRUE,,,N.S.
Immune,Cellular Immunity,Lysosomal Processing & Antigen Presentation (GILT),LOC126291966,gamma-interferon-inducible lysosomal thiol reductase-like,gamma-interferon-inducible lysosomal thiol reductase-like,protein_coding,NC_064928.1,Chromosome9,assembled-molecule,9,Chromosome,Nuclear chromosome,infection_diet33,Diet 33: infected vs control,Within-diet infection response,33,1,1,Infected diet 33,Control diet 33,Diet 33 log2FC,Diet 33 padj,TRUE,Placed/host-assigned,79.5023676712682,-1.258820778882685,0.4500375536090817,-2.7971460798939027,0.00515562173048152,0.04008254978546093,TRUE,-1.258820778882685,Downregulated,Control diet 33,TRUE,,,N.S.
Immune,Detoxification,Oxidative Stress & ROS Detoxification,LOC126281410,glutathione S-transferase D7-like,glutathione S-transferase D7-like,protein_coding,NC_064926.1,Chromosome7,assembled-molecule,7,Chromosome,Nuclear chromosome,infection_diet33,Diet 33: infected vs control,Within-diet infection response,33,1,1,Infected diet 33,Control diet 33,Diet 33 log2FC,Diet 33 padj,TRUE,Placed/host-assigned,372.5175719305173,2.477761885926127,0.6627780643259791,3.738448840255326,1.8515916130898424e-4,0.00372276198946009,TRUE,2.477761885926127,Upregulated,Infected diet 33,TRUE,,,N.S.
Immune,Detoxification,Oxidative Stress & ROS Detoxification,LOC126281410,glutathione S-transferase D7-like,glutathione S-transferase D7-like,protein_coding,NC_064926.1,Chromosome7,assembled-molecule,7,Chromosome,Nuclear chromosome,infection_diet50,Diet 50: infected vs control,Within-diet infection response,50,2,1,Infected diet 50,Control diet 50,Diet 50 log2FC,Diet 50 padj,TRUE,Placed/host-assigned,372.5175719305173,4.7325319786640625,0.6931356579345888,6.827713917887444,8.627841958753437e-12,2.216884773838246e-9,TRUE,4.7325319786640625,Upregulated,Infected diet 50,TRUE,,,N.S.
Immune,Detoxification,Oxidative Stress & ROS Detoxification,LOC126281410,glutathione S-transferase D7-like,glutathione S-transferase D7-like,protein_coding,NC_064926.1,Chromosome7,assembled-molecule,7,Chromosome,Nuclear chromosome,infection_diet83,Diet 83: infected vs control,Within-diet infection response,83,3,1,Infected diet 83,Control diet 83,Diet 83 log2FC,Diet 83 padj,TRUE,Placed/host-assigned,372.5175719305173,4.288013495714346,0.7312615869386586,5.86385716452797,4.522365447754953e-9,1.5587821587237315e-6,TRUE,4.288013495714346,Upregulated,Infected diet 83,TRUE,,,N.S.
Immune,Detoxification,Xenobiotic & Chemical Defense,LOC126272144,cytochrome P450 6k1-like,cytochrome P450 6k1-like,protein_coding,NC_064924.1,Chromosome5,assembled-molecule,5,Chromosome,Nuclear chromosome,infected_diet33_vs50,Infected: diet 50 vs 33,Diet comparison among infected,"50
vs
33",1,-1,Infected diet 50,Infected diet 33,inf33 vs inf50_log2FC,inf33 vs inf50_padj,TRUE,Placed/host-assigned,208.45055121121305,2.6118814137602713,0.4604129383290407,5.672910546865763,1.4039154794655994e-8,3.4579138537218144e-5,TRUE,-2.6118814137602713,Downregulated,Infected diet 33,TRUE,,,N.S.
Immune,Detoxification,Xenobiotic & Chemical Defense,LOC126272144,cytochrome P450 6k1-like,cytochrome P450 6k1-like,protein_coding,NC_064924.1,Chromosome5,assembled-molecule,5,Chromosome,Nuclear chromosome,infection_diet33,Diet 33: infected vs control,Within-diet infection response,33,1,1,Infected diet 33,Control diet 33,Diet 33 log2FC,Diet 33 padj,TRUE,Placed/host-assigned,208.45055121121305,2.798818010724997,0.49184019680525726,5.690502787093632,1.2666584460985998e-8,1.652865089958075e-6,TRUE,2.798818010724997,Upregulated,Infected diet 33,TRUE,,,N.S.
Immune,Detoxification,Xenobiotic & Chemical Defense,LOC126281508,probable cytochrome P450 6a13,probable cytochrome P450 6a13,protein_coding,NC_064926.1,Chromosome7,assembled-molecule,7,Chromosome,Nuclear chromosome,infected_diet33_vs50,Infected: diet 50 vs 33,Diet comparison among infected,"50
vs
33",1,-1,Infected diet 50,Infected diet 33,inf33 vs inf50_log2FC,inf33 vs inf50_padj,TRUE,Placed/host-assigned,39.32451222280101,-3.212103654473371,0.653543533357952,-4.914903890134694,8.88260243577214e-7,6.033063574376438e-4,TRUE,3.212103654473371,Upregulated,Infected diet 50,TRUE,,,N.S.
Immune,Detoxification,Xenobiotic & Chemical Defense,LOC126281508,probable cytochrome P450 6a13,probable cytochrome P450 6a13,protein_coding,NC_064926.1,Chromosome7,assembled-molecule,7,Chromosome,Nuclear chromosome,infection_diet50,Diet 50: infected vs control,Within-diet infection response,50,2,1,Infected diet 50,Control diet 50,Diet 50 log2FC,Diet 50 padj,TRUE,Placed/host-assigned,39.32451222280101,2.886823010303322,0.72873003295627925,3.961443716807153,7.44979439718066e-5,0.00133266448634122,TRUE,2.886823010303322,Upregulated,Infected diet 50,TRUE,,,N.S.
Immune,Humoral Immunity,Antimicrobial Peptides (AMPs),LOC126334779,defensin-1-like,defensin-1-like,protein_coding,NC_064921.1,Chromosome2,assembled-molecule,2,Chromosome,Nuclear chromosome,infection_diet50,Diet 50: infected vs control,Within-diet infection response,50,2,1,Infected diet 50,Control diet 50,Diet 50 log2FC,Diet 50 padj,TRUE,Placed/host-assigned,2195.3509759445515,-2.6409579034685833,0.9293418249232236,-2.841750831225919,0.00448665423068313,0.02486486179922119,TRUE,-2.6409579034685833,Downregulated,Control diet 50,TRUE,,,N.S.
Immune,Humoral Immunity,Antimicrobial Peptides (AMPs),LOC126334780,defensin-1-like,defensin-1-like,protein_coding,NC_064921.1,Chromosome2,assembled-molecule,2,Chromosome,Nuclear chromosome,infection_diet50,Diet 50: infected vs control,Within-diet infection response,50,2,1,Infected diet 50,Control diet 50,Diet 50 log2FC,Diet 50 padj,TRUE,Placed/host-assigned,463.81952201985933,-2.721596439815877,0.9702640121446025,-2.8050060661327163,0.00503156328102833,0.02701597731287708,TRUE,-2.721596439815877,Downregulated,Control diet 50,TRUE,,,N.S.
Immune,Humoral Immunity,Antimicrobial Peptides (AMPs),LOC126336322,defensin-like,defensin-like,protein_coding,NC_064921.1,Chromosome2,assembled-molecule,2,Chromosome,Nuclear chromosome,infection_diet83,Diet 83: infected vs control,Within-diet infection response,83,3,1,Infected diet 83,Control diet 83,Diet 83 log2FC,Diet 83 padj,TRUE,Placed/host-assigned,3.175613124346336,4.265140544908952,1.4724671088317174,2.8965947825435596,0.00377236668258107,0.0349351808376381,TRUE,4.265140544908952,Upregulated,Infected diet 83,TRUE,,,N.S.
Immune,Humoral Immunity,Antimicrobial Peptides (AMPs),LOC126336325,defensin-like,defensin-like,protein_coding,NC_064921.1,Chromosome2,assembled-molecule,2,Chromosome,Nuclear chromosome,infection_diet33,Diet 33: infected vs control,Within-diet infection response,33,1,1,Infected diet 33,Control diet 33,Diet 33 log2FC,Diet 33 padj,TRUE,Placed/host-assigned,349.96457751782424,6.666701143512503,0.9327360560491326,7.147468032651382,8.83930954665074e-13,4.902133752746723e-10,TRUE,6.666701143512503,Upregulated,Infected diet 33,TRUE,,,N.S.
Immune,Humoral Immunity,Antimicrobial Peptides (AMPs),LOC126336325,defensin-like,defensin-like,protein_coding,NC_064921.1,Chromosome2,assembled-molecule,2,Chromosome,Nuclear chromosome,infection_diet50,Diet 50: infected vs control,Within-diet infection response,50,2,1,Infected diet 50,Control diet 50,Diet 50 log2FC,Diet 50 padj,TRUE,Placed/host-assigned,349.96457751782424,4.856941236223257,0.95637025021597,5.078515601176898,3.803952003541118e-7,1.899556526997989e-5,TRUE,4.856941236223257,Upregulated,Infected diet 50,TRUE,,,N.S.
Immune,Humoral Immunity,Antimicrobial Peptides (AMPs),LOC126336325,defensin-like,defensin-like,protein_coding,NC_064921.1,Chromosome2,assembled-molecule,2,Chromosome,Nuclear chromosome,infection_diet83,Diet 83: infected vs control,Within-diet infection response,83,3,1,Infected diet 83,Control diet 83,Diet 83 log2FC,Diet 83 padj,TRUE,Placed/host-assigned,349.96457751782424,6.822174839393191,1.0378694158773136,6.573249712370019,4.9228793060117137e-11,3.1622786523889794e-8,TRUE,6.822174839393191,Upregulated,Infected diet 83,TRUE,,,N.S.
Immune,Humoral Immunity,Lytic Enzymes,LOC126271975,lysozyme-like,lysozyme-like,protein_coding,NC_064924.1,Chromosome5,assembled-molecule,5,Chromosome,Nuclear chromosome,infection_diet33,Diet 33: infected vs control,Within-diet infection response,33,1,1,Infected diet 33,Control diet 33,Diet 33 log2FC,Diet 33 padj,TRUE,Placed/host-assigned,4203.12176427776,4.7283726068442995,0.8440366457531889,5.602093973804733,2.1177767989714093e-8,2.5860191921384823e-6,TRUE,4.7283726068442995,Upregulated,Infected diet 33,TRUE,,,N.S.
Immune,Humoral Immunity,Lytic Enzymes,LOC126271975,lysozyme-like,lysozyme-like,protein_coding,NC_064924.1,Chromosome5,assembled-molecule,5,Chromosome,Nuclear chromosome,infection_diet50,Diet 50: infected vs control,Within-diet infection response,50,2,1,Infected diet 50,Control diet 50,Diet 50 log2FC,Diet 50 padj,TRUE,Placed/host-assigned,4203.12176427776,6.865863633692741,0.8829004320520394,7.776486888487622,7.456630840050051e-15,5.58670596374444e-12,TRUE,6.865863633692741,Upregulated,Infected diet 50,TRUE,,,N.S.
Immune,Humoral Immunity,Lytic Enzymes,LOC126271975,lysozyme-like,lysozyme-like,protein_coding,NC_064924.1,Chromosome5,assembled-molecule,5,Chromosome,Nuclear chromosome,infection_diet83,Diet 83: infected vs control,Within-diet infection response,83,3,1,Infected diet 83,Control diet 83,Diet 83 log2FC,Diet 83 padj,TRUE,Placed/host-assigned,4203.12176427776,5.360080196647575,0.931613556910872,5.75354465044606,8.739135264579557e-9,2.537701150769314e-6,TRUE,5.360080196647575,Upregulated,Infected diet 83,TRUE,,,N.S.
Immune,Humoral Immunity,Lytic Enzymes,LOC126272361,lysozyme-like,lysozyme-like,protein_coding,NC_064924.1,Chromosome5,assembled-molecule,5,Chromosome,Nuclear chromosome,infection_diet50,Diet 50: infected vs control,Within-diet infection response,50,2,1,Infected diet 50,Control diet 50,Diet 50 log2FC,Diet 50 padj,TRUE,Placed/host-assigned,512.6927862645726,2.502953690533185,0.7228548545166633,3.4625951183613264,5.349927781990428e-4,0.0055153990574399,TRUE,2.502953690533185,Upregulated,Infected diet 50,TRUE,,,N.S.
Immune,Humoral Immunity,Lytic Enzymes,LOC126272361,lysozyme-like,lysozyme-like,protein_coding,NC_064924.1,Chromosome5,assembled-molecule,5,Chromosome,Nuclear chromosome,infection_diet83,Diet 83: infected vs control,Within-diet infection response,83,3,1,Infected diet 83,Control diet 83,Diet 83 log2FC,Diet 83 padj,TRUE,Placed/host-assigned,512.6927862645726,3.160491448862501,0.7631223903887172,4.141526298622451,3.4500230591140365e-5,0.00125659087297421,TRUE,3.160491448862501,Upregulated,Infected diet 83,TRUE,,,N.S.
Immune,Humoral Immunity,Lytic Enzymes,LOC126272362,lysozyme c-1-like,lysozyme c-1-like,protein_coding,NC_064924.1,Chromosome5,assembled-molecule,5,Chromosome,Nuclear chromosome,infection_diet50,Diet 50: infected vs control,Within-diet infection response,50,2,1,Infected diet 50,Control diet 50,Diet 50 log2FC,Diet 50 padj,TRUE,Placed/host-assigned,39.34713386161856,1.220899517041409,0.420485142636504,2.903549717324585,0.00368958384350995,0.02159055854098663,TRUE,1.220899517041409,Upregulated,Infected diet 50,TRUE,,,N.S.
Immune,Humoral Immunity,Lytic Enzymes,LOC126277383,putative lysozyme-like protein,putative lysozyme-like protein,protein_coding,NC_064920.1,Chromosome1,assembled-molecule,1,Chromosome,Nuclear chromosome,infection_diet33,Diet 33: infected vs control,Within-diet infection response,33,1,1,Infected diet 33,Control diet 33,Diet 33 log2FC,Diet 33 padj,TRUE,Placed/host-assigned,15003.627109211764,-3.1911651915136514,0.7734937128704318,-4.125651105386819,3.6968735778688406e-5,0.00108621164064976,TRUE,-3.1911651915136514,Downregulated,Control diet 33,TRUE,,,N.S.
Immune,Humoral Immunity,Lytic Enzymes,LOC126277383,putative lysozyme-like protein,putative lysozyme-like protein,protein_coding,NC_064920.1,Chromosome1,assembled-molecule,1,Chromosome,Nuclear chromosome,infection_diet50,Diet 50: infected vs control,Within-diet infection response,50,2,1,Infected diet 50,Control diet 50,Diet 50 log2FC,Diet 50 padj,TRUE,Placed/host-assigned,15003.627109211764,-2.932800612550684,0.8089613268907386,-3.6253903803077585,2.885252672567238e-4,0.00354559919728001,TRUE,-2.932800612550684,Downregulated,Control diet 50,TRUE,,,N.S.
Immune,Humoral Immunity,Lytic Enzymes,LOC126277383,putative lysozyme-like protein,putative lysozyme-like protein,protein_coding,NC_064920.1,Chromosome1,assembled-molecule,1,Chromosome,Nuclear chromosome,infection_diet83,Diet 83: infected vs control,Within-diet infection response,83,3,1,Infected diet 83,Control diet 83,Diet 83 log2FC,Diet 83 padj,TRUE,Placed/host-assigned,15003.627109211764,-2.7083607534293668,0.8539825124620254,-3.171447557656869,0.00151681252392443,0.01915602733521011,TRUE,-2.7083607534293668,Downregulated,Control diet 83,TRUE,,,N.S.
Immune,Humoral Immunity,Lytic Enzymes,LOC126322960,lysozyme-like,lysozyme-like,protein_coding,NC_064921.1,Chromosome2,assembled-molecule,2,Chromosome,Nuclear chromosome,infection_diet50,Diet 50: infected vs control,Within-diet infection response,50,2,1,Infected diet 50,Control diet 50,Diet 50 log2FC,Diet 50 padj,TRUE,Placed/host-assigned,162.03226911901095,-1.28022303014053,0.48345710831571914,-2.6480591724064317,0.00809553539130909,0.03707262026895014,TRUE,-1.28022303014053,Downregulated,Control diet 50,TRUE,,,N.S.
Immune,Humoral Immunity,Prophenoloxidase (proPO) System,LOC126293579,melanization protease 1-like,melanization protease 1-like,protein_coding,NC_064929.1,Chromosome10,assembled-molecule,10,Chromosome,Nuclear chromosome,infection_diet33,Diet 33: infected vs control,Within-diet infection response,33,1,1,Infected diet 33,Control diet 33,Diet 33 log2FC,Diet 33 padj,TRUE,Placed/host-assigned,54.88483787861062,3.2224504887854843,0.7078090720207156,4.552711481340228,5.295888013442092e-6,2.3733424060240488e-4,TRUE,3.2224504887854843,Upregulated,Infected diet 33,TRUE,,,N.S.
Immune,Humoral Immunity,Prophenoloxidase (proPO) System,LOC126293579,melanization protease 1-like,melanization protease 1-like,protein_coding,NC_064929.1,Chromosome10,assembled-molecule,10,Chromosome,Nuclear chromosome,infection_diet50,Diet 50: infected vs control,Within-diet infection response,50,2,1,Infected diet 50,Control diet 50,Diet 50 log2FC,Diet 50 padj,TRUE,Placed/host-assigned,54.88483787861062,3.354932691630179,0.7250736901980044,4.627023069495196,3.709592074280244e-6,1.2452245889246652e-4,TRUE,3.354932691630179,Upregulated,Infected diet 50,TRUE,,,N.S.
Immune,Humoral Immunity,Prophenoloxidase (proPO) System,LOC126293579,melanization protease 1-like,melanization protease 1-like,protein_coding,NC_064929.1,Chromosome10,assembled-molecule,10,Chromosome,Nuclear chromosome,infection_diet83,Diet 83: infected vs control,Within-diet infection response,83,3,1,Infected diet 83,Control diet 83,Diet 83 log2FC,Diet 83 padj,TRUE,Placed/host-assigned,54.88483787861062,3.2675321490144356,0.7673245485344024,4.258344341068528,2.0594654793276058e-5,8.43604816053847e-4,TRUE,3.2675321490144356,Upregulated,Infected diet 83,TRUE,,,N.S.
Immune,Humoral Immunity,Prophenoloxidase (proPO) System,LOC126334632,phenoloxidase 2-like,phenoloxidase 2-like,protein_coding,NC_064921.1,Chromosome2,assembled-molecule,2,Chromosome,Nuclear chromosome,infection_diet33,Diet 33: infected vs control,Within-diet infection response,33,1,1,Infected diet 33,Control diet 33,Diet 33 log2FC,Diet 33 padj,TRUE,Placed/host-assigned,4181.665721067508,2.0297079280136505,0.5410159761164177,3.751659872567037,1.7566767857699734e-4,0.00358060765981597,TRUE,2.0297079280136505,Upregulated,Infected diet 33,TRUE,,,N.S.
Immune,Humoral Immunity,Prophenoloxidase (proPO) System,LOC126334632,phenoloxidase 2-like,phenoloxidase 2-like,protein_coding,NC_064921.1,Chromosome2,assembled-molecule,2,Chromosome,Nuclear chromosome,infection_diet50,Diet 50: infected vs control,Within-diet infection response,50,2,1,Infected diet 50,Control diet 50,Diet 50 log2FC,Diet 50 padj,TRUE,Placed/host-assigned,4181.665721067508,1.6441785086577354,0.5658400041881089,2.9057304122865477,0.00366396976703255,0.02147845513343094,TRUE,1.6441785086577354,Upregulated,Infected diet 50,TRUE,,,N.S.
Immune,Humoral Immunity,Prophenoloxidase (proPO) System,LOC126334632,phenoloxidase 2-like,phenoloxidase 2-like,protein_coding,NC_064921.1,Chromosome2,assembled-molecule,2,Chromosome,Nuclear chromosome,infection_diet83,Diet 83: infected vs control,Within-diet infection response,83,3,1,Infected diet 83,Control diet 83,Diet 83 log2FC,Diet 83 padj,TRUE,Placed/host-assigned,4181.665721067508,2.462164385668518,0.597386602527777,4.12155943111234,3.76316359512392e-5,0.00134977228239317,TRUE,2.462164385668518,Upregulated,Infected diet 83,TRUE,,,N.S.
Immune,Innate Immune Recognition & Signaling,Immune Activation & Sensing,LOC126266672,cytokine receptor-like,cytokine receptor-like,protein_coding,NC_064923.1,Chromosome4,assembled-molecule,4,Chromosome,Nuclear chromosome,infection_diet33,Diet 33: infected vs control,Within-diet infection response,33,1,1,Infected diet 33,Control diet 33,Diet 33 log2FC,Diet 33 padj,TRUE,Placed/host-assigned,1091.9493416710163,1.176554389502663,0.3777896317384425,3.1143109568375715,0.00184375063978828,0.0199956362262707,TRUE,1.176554389502663,Upregulated,Infected diet 33,TRUE,,,N.S.
Immune,Innate Immune Recognition & Signaling,Immune Activation & Sensing,LOC126266672,cytokine receptor-like,cytokine receptor-like,protein_coding,NC_064923.1,Chromosome4,assembled-molecule,4,Chromosome,Nuclear chromosome,infection_diet50,Diet 50: infected vs control,Within-diet infection response,50,2,1,Infected diet 50,Control diet 50,Diet 50 log2FC,Diet 50 padj,TRUE,Placed/host-assigned,1091.9493416710163,1.4025841041453622,0.39516685430811294,3.5493465326212874,3.8618849892302815e-4,0.00437308963684313,TRUE,1.4025841041453622,Upregulated,Infected diet 50,TRUE,,,N.S.
Immune,Innate Immune Recognition & Signaling,Immune Activation & Sensing,LOC126266672,cytokine receptor-like,cytokine receptor-like,protein_coding,NC_064923.1,Chromosome4,assembled-molecule,4,Chromosome,Nuclear chromosome,infection_diet83,Diet 83: infected vs control,Within-diet infection response,83,3,1,Infected diet 83,Control diet 83,Diet 83 log2FC,Diet 83 padj,TRUE,Placed/host-assigned,1091.9493416710163,1.182641047130593,0.41700722811034074,2.8360204989484363,0.00456795139959267,0.03965251178073938,TRUE,1.182641047130593,Upregulated,Infected diet 83,TRUE,,,N.S.
Immune,Innate Immune Recognition & Signaling,Immune Activation & Sensing,LOC126267038,signal transducer and activator of transcription 5A,signal transducer and activator of transcription 5A,protein_coding,NC_064923.1,Chromosome4,assembled-molecule,4,Chromosome,Nuclear chromosome,infection_diet33,Diet 33: infected vs control,Within-diet infection response,33,1,1,Infected diet 33,Control diet 33,Diet 33 log2FC,Diet 33 padj,TRUE,Placed/host-assigned,1868.9339573442835,1.076434805610123,0.21040255154158752,5.116072964530367,3.1196242277136293e-7,2.428198740986456e-5,TRUE,1.076434805610123,Upregulated,Infected diet 33,TRUE,,,N.S.
Immune,Innate Immune Recognition & Signaling,Immune Activation & Sensing,LOC126267038,signal transducer and activator of transcription 5A,signal transducer and activator of transcription 5A,protein_coding,NC_064923.1,Chromosome4,assembled-molecule,4,Chromosome,Nuclear chromosome,infection_diet50,Diet 50: infected vs control,Within-diet infection response,50,2,1,Infected diet 50,Control diet 50,Diet 50 log2FC,Diet 50 padj,TRUE,Placed/host-assigned,1868.9339573442835,1.293363305386925,0.21999566900863105,5.879039852080828,4.1265302420265475e-9,3.898310900924825e-7,TRUE,1.293363305386925,Upregulated,Infected diet 50,TRUE,,,N.S.
Immune,Innate Immune Recognition & Signaling,Immune Activation & Sensing,LOC126267038,signal transducer and activator of transcription 5A,signal transducer and activator of transcription 5A,protein_coding,NC_064923.1,Chromosome4,assembled-molecule,4,Chromosome,Nuclear chromosome,infection_diet83,Diet 83: infected vs control,Within-diet infection response,83,3,1,Infected diet 83,Control diet 83,Diet 83 log2FC,Diet 83 padj,TRUE,Placed/host-assigned,1868.9339573442835,1.0281522022359584,0.2324978814959582,4.422200304022263,9.770081622085572e-6,4.778391159020857e-4,TRUE,1.0281522022359584,Upregulated,Infected diet 83,TRUE,,,N.S.
Immune,Innate Immune Recognition & Signaling,Immune Activation & Sensing,LOC126282030,nuclear factor NF-kappa-B p110 subunit,nuclear factor NF-kappa-B p110 subunit,protein_coding,NC_064920.1,Chromosome1,assembled-molecule,1,Chromosome,Nuclear chromosome,infection_diet33,Diet 33: infected vs control,Within-diet infection response,33,1,1,Infected diet 33,Control diet 33,Diet 33 log2FC,Diet 33 padj,TRUE,Placed/host-assigned,1647.1866586780502,1.3276034747864855,0.3254638812971739,4.079111542255222,4.520814328341713e-5,0.00128499040164302,TRUE,1.3276034747864855,Upregulated,Infected diet 33,TRUE,,,N.S.
Immune,Innate Immune Recognition & Signaling,Immune Activation & Sensing,LOC126282030,nuclear factor NF-kappa-B p110 subunit,nuclear factor NF-kappa-B p110 subunit,protein_coding,NC_064920.1,Chromosome1,assembled-molecule,1,Chromosome,Nuclear chromosome,infection_diet50,Diet 50: infected vs control,Within-diet infection response,50,2,1,Infected diet 50,Control diet 50,Diet 50 log2FC,Diet 50 padj,TRUE,Placed/host-assigned,1647.1866586780502,1.8487066033585835,0.3402258977966689,5.4337621425381215,5.5178122745932026e-8,3.5284037585769745e-6,TRUE,1.8487066033585835,Upregulated,Infected diet 50,TRUE,,,N.S.
Immune,Innate Immune Recognition & Signaling,Immune Activation & Sensing,LOC126282030,nuclear factor NF-kappa-B p110 subunit,nuclear factor NF-kappa-B p110 subunit,protein_coding,NC_064920.1,Chromosome1,assembled-molecule,1,Chromosome,Nuclear chromosome,infection_diet83,Diet 83: infected vs control,Within-diet infection response,83,3,1,Infected diet 83,Control diet 83,Diet 83 log2FC,Diet 83 padj,TRUE,Placed/host-assigned,1647.1866586780502,1.5982921577565123,0.3594015776932343,4.447092770195706,8.704025440276918e-6,4.386037177088299e-4,TRUE,1.5982921577565123,Upregulated,Infected diet 83,TRUE,,,N.S.
Immune,Innate Immune Recognition & Signaling,Immune Activation & Sensing,LOC126284033,toll-like receptor 2,toll-like receptor 2,protein_coding,NC_064920.1,Chromosome1,assembled-molecule,1,Chromosome,Nuclear chromosome,infection_diet33,Diet 33: infected vs control,Within-diet infection response,33,1,1,Infected diet 33,Control diet 33,Diet 33 log2FC,Diet 33 padj,TRUE,Placed/host-assigned,407.484785987829,3.1424158224282213,0.6232004235221059,5.042383964806074,4.597675579290357e-7,3.272463206436077e-5,TRUE,3.1424158224282213,Upregulated,Infected diet 33,TRUE,,,N.S.
Immune,Innate Immune Recognition & Signaling,Immune Activation & Sensing,LOC126284033,toll-like receptor 2,toll-like receptor 2,protein_coding,NC_064920.1,Chromosome1,assembled-molecule,1,Chromosome,Nuclear chromosome,infection_diet50,Diet 50: infected vs control,Within-diet infection response,50,2,1,Infected diet 50,Control diet 50,Diet 50 log2FC,Diet 50 padj,TRUE,Placed/host-assigned,407.484785987829,3.837511071994973,0.6514056802725195,5.891123132959981,3.8357959526539535e-9,3.712840301568881e-7,TRUE,3.837511071994973,Upregulated,Infected diet 50,TRUE,,,N.S.
Immune,Innate Immune Recognition & Signaling,Immune Activation & Sensing,LOC126284033,toll-like receptor 2,toll-like receptor 2,protein_coding,NC_064920.1,Chromosome1,assembled-molecule,1,Chromosome,Nuclear chromosome,infection_diet83,Diet 83: infected vs control,Within-diet infection response,83,3,1,Infected diet 83,Control diet 83,Diet 83 log2FC,Diet 83 padj,TRUE,Placed/host-assigned,407.484785987829,4.004756385127588,0.6903920083592197,5.800699221077691,6.603896282208057e-9,2.1210514150037332e-6,TRUE,4.004756385127588,Upregulated,Infected diet 83,TRUE,,,N.S.
Immune,Innate Immune Recognition & Signaling,Immune Activation & Sensing,LOC126284043,toll-like receptor 2,toll-like receptor 2,protein_coding,NC_064920.1,Chromosome1,assembled-molecule,1,Chromosome,Nuclear chromosome,infection_diet33,Diet 33: infected vs control,Within-diet infection response,33,1,1,Infected diet 33,Control diet 33,Diet 33 log2FC,Diet 33 padj,TRUE,Placed/host-assigned,99.84207970702538,1.7832284025805476,0.4936498867764566,3.612334268371991,3.034530478835125e-4,0.00547643794722378,TRUE,1.7832284025805476,Upregulated,Infected diet 33,TRUE,,,N.S.
Immune,Innate Immune Recognition & Signaling,Immune Activation & Sensing,LOC126284043,toll-like receptor 2,toll-like receptor 2,protein_coding,NC_064920.1,Chromosome1,assembled-molecule,1,Chromosome,Nuclear chromosome,infection_diet50,Diet 50: infected vs control,Within-diet infection response,50,2,1,Infected diet 50,Control diet 50,Diet 50 log2FC,Diet 50 padj,TRUE,Placed/host-assigned,99.84207970702538,2.214365966460184,0.514529544571194,4.303671168787059,1.6799094678629577e-5,4.086141239215029e-4,TRUE,2.214365966460184,Upregulated,Infected diet 50,TRUE,,,N.S.
Immune,Innate Immune Recognition & Signaling,Immune Activation & Sensing,LOC126325205,toll-like receptor 4,toll-like receptor 4,protein_coding,NC_064921.1,Chromosome2,assembled-molecule,2,Chromosome,Nuclear chromosome,infection_diet33,Diet 33: infected vs control,Within-diet infection response,33,1,1,Infected diet 33,Control diet 33,Diet 33 log2FC,Diet 33 padj,TRUE,Placed/host-assigned,467.9664865619929,2.095773652457789,0.3066664283036974,6.834049830789779,8.255032872888355e-12,3.259365223758763e-9,TRUE,2.095773652457789,Upregulated,Infected diet 33,TRUE,,,N.S.
Immune,Innate Immune Recognition & Signaling,Immune Activation & Sensing,LOC126325205,toll-like receptor 4,toll-like receptor 4,protein_coding,NC_064921.1,Chromosome2,assembled-molecule,2,Chromosome,Nuclear chromosome,infection_diet50,Diet 50: infected vs control,Within-diet infection response,50,2,1,Infected diet 50,Control diet 50,Diet 50 log2FC,Diet 50 padj,TRUE,Placed/host-assigned,467.9664865619929,2.6512220361626855,0.321399977134713,8.24898016421277,1.597519468669463e-16,2.2576145131236858e-13,TRUE,2.6512220361626855,Upregulated,Infected diet 50,TRUE,,,N.S.
Immune,Innate Immune Recognition & Signaling,Immune Activation & Sensing,LOC126325205,toll-like receptor 4,toll-like receptor 4,protein_coding,NC_064921.1,Chromosome2,assembled-molecule,2,Chromosome,Nuclear chromosome,infection_diet83,Diet 83: infected vs control,Within-diet infection response,83,3,1,Infected diet 83,Control diet 83,Diet 83 log2FC,Diet 83 padj,TRUE,Placed/host-assigned,467.9664865619929,1.7610400317248902,0.3382644538917957,5.206104311179598,1.92846268404524e-7,2.7528317829219524e-5,TRUE,1.7610400317248902,Upregulated,Infected diet 83,TRUE,,,N.S.
Immune,Innate Immune Recognition & Signaling,Immune Activation & Sensing,LOC126325232,toll-like receptor 2,toll-like receptor 2,protein_coding,NC_064921.1,Chromosome2,assembled-molecule,2,Chromosome,Nuclear chromosome,infection_diet33,Diet 33: infected vs control,Within-diet infection response,33,1,1,Infected diet 33,Control diet 33,Diet 33 log2FC,Diet 33 padj,TRUE,Placed/host-assigned,754.8361216255693,2.6163540229903273,0.5286619352638883,4.949011548721285,7.45913215516348e-7,4.866718087511075e-5,TRUE,2.6163540229903273,Upregulated,Infected diet 33,TRUE,,,N.S.
Immune,Innate Immune Recognition & Signaling,Immune Activation & Sensing,LOC126325232,toll-like receptor 2,toll-like receptor 2,protein_coding,NC_064921.1,Chromosome2,assembled-molecule,2,Chromosome,Nuclear chromosome,infection_diet50,Diet 50: infected vs control,Within-diet infection response,50,2,1,Infected diet 50,Control diet 50,Diet 50 log2FC,Diet 50 padj,TRUE,Placed/host-assigned,754.8361216255693,4.633450093716651,0.5532133814462763,8.375520638353567,5.4980266639877237e-17,1.1099730402210644e-13,TRUE,4.633450093716651,Upregulated,Infected diet 50,TRUE,,,N.S.
Immune,Innate Immune Recognition & Signaling,Immune Activation & Sensing,LOC126325232,toll-like receptor 2,toll-like receptor 2,protein_coding,NC_064921.1,Chromosome2,assembled-molecule,2,Chromosome,Nuclear chromosome,infection_diet83,Diet 83: infected vs control,Within-diet infection response,83,3,1,Infected diet 83,Control diet 83,Diet 83 log2FC,Diet 83 padj,TRUE,Placed/host-assigned,754.8361216255693,2.577292297987378,0.582246878790042,4.42645962026144,9.579230419720352e-6,4.716853111201673e-4,TRUE,2.577292297987378,Upregulated,Infected diet 83,TRUE,,,N.S.
Immune,Innate Immune Recognition & Signaling,Immune Activation & Sensing,LOC126331691,toll-like receptor 2 type-2,toll-like receptor 2 type-2,protein_coding,NC_064921.1,Chromosome2,assembled-molecule,2,Chromosome,Nuclear chromosome,infection_diet33,Diet 33: infected vs control,Within-diet infection response,33,1,1,Infected diet 33,Control diet 33,Diet 33 log2FC,Diet 33 padj,TRUE,Placed/host-assigned,699.4665610337147,2.7610449287774426,0.48489454257522735,5.694114258563943,1.240140184939178e-8,1.6346720916289451e-6,TRUE,2.7610449287774426,Upregulated,Infected diet 33,TRUE,,,N.S.
Immune,Innate Immune Recognition & Signaling,Immune Activation & Sensing,LOC126331691,toll-like receptor 2 type-2,toll-like receptor 2 type-2,protein_coding,NC_064921.1,Chromosome2,assembled-molecule,2,Chromosome,Nuclear chromosome,infection_diet50,Diet 50: infected vs control,Within-diet infection response,50,2,1,Infected diet 50,Control diet 50,Diet 50 log2FC,Diet 50 padj,TRUE,Placed/host-assigned,699.4665610337147,2.951868279703108,0.5070581104435634,5.821558158533107,5.830151052093431e-9,5.315593204398992e-7,TRUE,2.951868279703108,Upregulated,Infected diet 50,TRUE,,,N.S.
Immune,Innate Immune Recognition & Signaling,Immune Activation & Sensing,LOC126331691,toll-like receptor 2 type-2,toll-like receptor 2 type-2,protein_coding,NC_064921.1,Chromosome2,assembled-molecule,2,Chromosome,Nuclear chromosome,infection_diet83,Diet 83: infected vs control,Within-diet infection response,83,3,1,Infected diet 83,Control diet 83,Diet 83 log2FC,Diet 83 padj,TRUE,Placed/host-assigned,699.4665610337147,2.5380163755529868,0.5351860628771101,4.742306557664914,2.1129855683503185e-6,1.5883357474429097e-4,TRUE,2.5380163755529868,Upregulated,Infected diet 83,TRUE,,,N.S.
Immune,Innate Immune Recognition & Signaling,Immune Activation & Sensing,LOC126335828,toll-like receptor 2,toll-like receptor 2,protein_coding,NC_064921.1,Chromosome2,assembled-molecule,2,Chromosome,Nuclear chromosome,infection_diet33,Diet 33: infected vs control,Within-diet infection response,33,1,1,Infected diet 33,Control diet 33,Diet 33 log2FC,Diet 33 padj,TRUE,Placed/host-assigned,1909.0419921364776,2.5176910931101033,0.3864416436162817,6.5150615486203955,7.265985887317137e-11,2.0576653651104487e-8,TRUE,2.5176910931101033,Upregulated,Infected diet 33,TRUE,,,N.S.
Immune,Innate Immune Recognition & Signaling,Immune Activation & Sensing,LOC126335828,toll-like receptor 2,toll-like receptor 2,protein_coding,NC_064921.1,Chromosome2,assembled-molecule,2,Chromosome,Nuclear chromosome,infection_diet50,Diet 50: infected vs control,Within-diet infection response,50,2,1,Infected diet 50,Control diet 50,Diet 50 log2FC,Diet 50 padj,TRUE,Placed/host-assigned,1909.0419921364776,3.0358017400367587,0.4040122711262577,7.514132507841678,5.728953600256199e-14,3.3733988449508587e-11,TRUE,3.0358017400367587,Upregulated,Infected diet 50,TRUE,,,N.S.
Immune,Innate Immune Recognition & Signaling,Immune Activation & Sensing,LOC126335828,toll-like receptor 2,toll-like receptor 2,protein_coding,NC_064921.1,Chromosome2,assembled-molecule,2,Chromosome,Nuclear chromosome,infection_diet83,Diet 83: infected vs control,Within-diet infection response,83,3,1,Infected diet 83,Control diet 83,Diet 83 log2FC,Diet 83 padj,TRUE,Placed/host-assigned,1909.0419921364776,1.7605565571638062,0.4261944741994995,4.130876075928892,3.6138336638634746e-5,0.0013110955976255,TRUE,1.7605565571638062,Upregulated,Infected diet 83,TRUE,,,N.S.
Immune,Innate Immune Recognition & Signaling,Immune Activation & Sensing,LOC126356285,toll-like receptor 2,toll-like receptor 2,protein_coding,NC_064922.1,Chromosome3,assembled-molecule,3,Chromosome,Nuclear chromosome,infection_diet33,Diet 33: infected vs control,Within-diet infection response,33,1,1,Infected diet 33,Control diet 33,Diet 33 log2FC,Diet 33 padj,TRUE,Placed/host-assigned,2663.849833850067,3.340124071858907,0.5602423266881348,5.961927388821204,2.492799232634927e-9,4.483669971131201e-7,TRUE,3.340124071858907,Upregulated,Infected diet 33,TRUE,,,N.S.
Immune,Innate Immune Recognition & Signaling,Immune Activation & Sensing,LOC126356285,toll-like receptor 2,toll-like receptor 2,protein_coding,NC_064922.1,Chromosome3,assembled-molecule,3,Chromosome,Nuclear chromosome,infection_diet50,Diet 50: infected vs control,Within-diet infection response,50,2,1,Infected diet 50,Control diet 50,Diet 50 log2FC,Diet 50 padj,TRUE,Placed/host-assigned,2663.849833850067,3.964968274826754,0.5862487957262075,6.763286003709748,1.3489656730464179e-11,3.177263815248663e-9,TRUE,3.964968274826754,Upregulated,Infected diet 50,TRUE,,,N.S.
Immune,Innate Immune Recognition & Signaling,Immune Activation & Sensing,LOC126356285,toll-like receptor 2,toll-like receptor 2,protein_coding,NC_064922.1,Chromosome3,assembled-molecule,3,Chromosome,Nuclear chromosome,infection_diet83,Diet 83: infected vs control,Within-diet infection response,83,3,1,Infected diet 83,Control diet 83,Diet 83 log2FC,Diet 83 padj,TRUE,Placed/host-assigned,2663.849833850067,3.250693739223609,0.6183210924095979,5.257290716956868,1.4619311318293437e-7,2.2955567505569203e-5,TRUE,3.250693739223609,Upregulated,Infected diet 83,TRUE,,,N.S.
Immune,Innate Immune Recognition & Signaling,Immune Activation & Sensing,LOC126359055,toll-like receptor 2,toll-like receptor 2,protein_coding,NC_064920.1,Chromosome1,assembled-molecule,1,Chromosome,Nuclear chromosome,infection_diet33,Diet 33: infected vs control,Within-diet infection response,33,1,1,Infected diet 33,Control diet 33,Diet 33 log2FC,Diet 33 padj,TRUE,Placed/host-assigned,189.9099070463276,1.8868087989558315,0.5508650257351755,3.425174427143432,6.144048256312124e-4,0.00929287298767208,TRUE,1.8868087989558315,Upregulated,Infected diet 33,TRUE,,,N.S.
Immune,Innate Immune Recognition & Signaling,Immune Activation & Sensing,LOC126359055,toll-like receptor 2,toll-like receptor 2,protein_coding,NC_064920.1,Chromosome1,assembled-molecule,1,Chromosome,Nuclear chromosome,infection_diet50,Diet 50: infected vs control,Within-diet infection response,50,2,1,Infected diet 50,Control diet 50,Diet 50 log2FC,Diet 50 padj,TRUE,Placed/host-assigned,189.9099070463276,3.775071428094653,0.5785295437998846,6.5252872019280375,6.787135513017095e-11,1.2456597281812672e-8,TRUE,3.775071428094653,Upregulated,Infected diet 50,TRUE,,,N.S.
Immune,Innate Immune Recognition & Signaling,Immune Activation & Sensing,LOC126359055,toll-like receptor 2,toll-like receptor 2,protein_coding,NC_064920.1,Chromosome1,assembled-molecule,1,Chromosome,Nuclear chromosome,infection_diet83,Diet 83: infected vs control,Within-diet infection response,83,3,1,Infected diet 83,Control diet 83,Diet 83 log2FC,Diet 83 padj,TRUE,Placed/host-assigned,189.9099070463276,3.0151420949986276,0.6110324452943466,4.934504081114993,8.035466556465177e-7,8.053703076309637e-5,TRUE,3.0151420949986276,Upregulated,Infected diet 83,TRUE,,,N.S.
Immune,Innate Immune Recognition & Signaling,Immune Activation & Sensing,LOC126359091,toll-like receptor 2 type-2,toll-like receptor 2 type-2,protein_coding,NC_064920.1,Chromosome1,assembled-molecule,1,Chromosome,Nuclear chromosome,infection_diet50,Diet 50: infected vs control,Within-diet infection response,50,2,1,Infected diet 50,Control diet 50,Diet 50 log2FC,Diet 50 padj,TRUE,Placed/host-assigned,293.010677415878,1.627146506509442,0.3579003003758501,4.546368094133169,5.457954875174594e-6,1.6971439124214085e-4,TRUE,1.627146506509442,Upregulated,Infected diet 50,TRUE,,,N.S.
Immune,Innate Immune Recognition & Signaling,Immune Activation & Sensing,LOC126359091,toll-like receptor 2 type-2,toll-like receptor 2 type-2,protein_coding,NC_064920.1,Chromosome1,assembled-molecule,1,Chromosome,Nuclear chromosome,infection_diet83,Diet 83: infected vs control,Within-diet infection response,83,3,1,Infected diet 83,Control diet 83,Diet 83 log2FC,Diet 83 padj,TRUE,Placed/host-assigned,293.010677415878,1.8127572036057429,0.3787780136616304,4.785803658670413,1.703044835925241e-6,1.3674675921190627e-4,TRUE,1.8127572036057429,Upregulated,Infected diet 83,TRUE,,,N.S.
Immune,Innate Immune Recognition & Signaling,Pattern Recognition Receptors (PRRs),LOC126266760,peptidoglycan recognition protein-like,peptidoglycan recognition protein-like,protein_coding,NC_064923.1,Chromosome4,assembled-molecule,4,Chromosome,Nuclear chromosome,infection_diet33,Diet 33: infected vs control,Within-diet infection response,33,1,1,Infected diet 33,Control diet 33,Diet 33 log2FC,Diet 33 padj,TRUE,Placed/host-assigned,393.7333185443843,1.8881310434676424,0.359642920975301,5.25001587226379,1.5208610523968546e-7,1.2893414399619192e-5,TRUE,1.8881310434676424,Upregulated,Infected diet 33,TRUE,,,N.S.
Immune,Innate Immune Recognition & Signaling,Pattern Recognition Receptors (PRRs),LOC126266760,peptidoglycan recognition protein-like,peptidoglycan recognition protein-like,protein_coding,NC_064923.1,Chromosome4,assembled-molecule,4,Chromosome,Nuclear chromosome,infection_diet50,Diet 50: infected vs control,Within-diet infection response,50,2,1,Infected diet 50,Control diet 50,Diet 50 log2FC,Diet 50 padj,TRUE,Placed/host-assigned,393.7333185443843,2.6327236414508746,0.3760149191696704,7.001646762486311,2.5297124095457607e-12,7.94442128260015e-10,TRUE,2.6327236414508746,Upregulated,Infected diet 50,TRUE,,,N.S.
Immune,Innate Immune Recognition & Signaling,Pattern Recognition Receptors (PRRs),LOC126266760,peptidoglycan recognition protein-like,peptidoglycan recognition protein-like,protein_coding,NC_064923.1,Chromosome4,assembled-molecule,4,Chromosome,Nuclear chromosome,infection_diet83,Diet 83: infected vs control,Within-diet infection response,83,3,1,Infected diet 83,Control diet 83,Diet 83 log2FC,Diet 83 padj,TRUE,Placed/host-assigned,393.7333185443843,1.8504561694881212,0.39741691601082,4.656208870177386,3.220851832259423e-6,2.0975612024649848e-4,TRUE,1.8504561694881212,Upregulated,Infected diet 83,TRUE,,,N.S.
Immune,Innate Immune Recognition & Signaling,Pattern Recognition Receptors (PRRs),LOC126267215,peptidoglycan recognition protein 1-like,peptidoglycan recognition protein 1-like,protein_coding,NC_064923.1,Chromosome4,assembled-molecule,4,Chromosome,Nuclear chromosome,infection_diet33,Diet 33: infected vs control,Within-diet infection response,33,1,1,Infected diet 33,Control diet 33,Diet 33 log2FC,Diet 33 padj,TRUE,Placed/host-assigned,454.20126239221014,4.149294992970982,0.6672617575634776,6.218391726992167,5.022763484596459e-10,1.1526376203444633e-7,TRUE,4.149294992970982,Upregulated,Infected diet 33,TRUE,,,N.S.
Immune,Innate Immune Recognition & Signaling,Pattern Recognition Receptors (PRRs),LOC126267215,peptidoglycan recognition protein 1-like,peptidoglycan recognition protein 1-like,protein_coding,NC_064923.1,Chromosome4,assembled-molecule,4,Chromosome,Nuclear chromosome,infection_diet50,Diet 50: infected vs control,Within-diet infection response,50,2,1,Infected diet 50,Control diet 50,Diet 50 log2FC,Diet 50 padj,TRUE,Placed/host-assigned,454.20126239221014,5.581367691827764,0.6991120460104869,7.983509544254143,1.422303100660869e-15,1.4357133870385284e-12,TRUE,5.581367691827764,Upregulated,Infected diet 50,TRUE,,,N.S.
Immune,Innate Immune Recognition & Signaling,Pattern Recognition Receptors (PRRs),LOC126267215,peptidoglycan recognition protein 1-like,peptidoglycan recognition protein 1-like,protein_coding,NC_064923.1,Chromosome4,assembled-molecule,4,Chromosome,Nuclear chromosome,infection_diet83,Diet 83: infected vs control,Within-diet infection response,83,3,1,Infected diet 83,Control diet 83,Diet 83 log2FC,Diet 83 padj,TRUE,Placed/host-assigned,454.20126239221014,4.994954924609634,0.7324817705155187,6.819220799302894,9.153562379095088e-12,7.670630398407936e-9,TRUE,4.994954924609634,Upregulated,Infected diet 83,TRUE,,,N.S.
Immune,Innate Immune Recognition & Signaling,Pattern Recognition Receptors (PRRs),LOC126267216,peptidoglycan recognition protein 1-like,peptidoglycan recognition protein 1-like,protein_coding,NC_064923.1,Chromosome4,assembled-molecule,4,Chromosome,Nuclear chromosome,infection_diet33,Diet 33: infected vs control,Within-diet infection response,33,1,1,Infected diet 33,Control diet 33,Diet 33 log2FC,Diet 33 padj,TRUE,Placed/host-assigned,469.2082142742638,2.657293349900493,0.6529998729386248,4.0693627365380065,4.7141903393972586e-5,0.00133501858334845,TRUE,2.657293349900493,Upregulated,Infected diet 33,TRUE,,,N.S.
Immune,Innate Immune Recognition & Signaling,Pattern Recognition Receptors (PRRs),LOC126267216,peptidoglycan recognition protein 1-like,peptidoglycan recognition protein 1-like,protein_coding,NC_064923.1,Chromosome4,assembled-molecule,4,Chromosome,Nuclear chromosome,infection_diet50,Diet 50: infected vs control,Within-diet infection response,50,2,1,Infected diet 50,Control diet 50,Diet 50 log2FC,Diet 50 padj,TRUE,Placed/host-assigned,469.2082142742638,4.580901587298834,0.6822927498227597,6.713982507492308,1.8938302248940335e-11,4.1818138653441375e-9,TRUE,4.580901587298834,Upregulated,Infected diet 50,TRUE,,,N.S.
Immune,Innate Immune Recognition & Signaling,Pattern Recognition Receptors (PRRs),LOC126267216,peptidoglycan recognition protein 1-like,peptidoglycan recognition protein 1-like,protein_coding,NC_064923.1,Chromosome4,assembled-molecule,4,Chromosome,Nuclear chromosome,infection_diet83,Diet 83: infected vs control,Within-diet infection response,83,3,1,Infected diet 83,Control diet 83,Diet 83 log2FC,Diet 83 padj,TRUE,Placed/host-assigned,469.2082142742638,3.080257908085168,0.7181520833778773,4.289144290436317,1.793628246425502e-5,7.624047753663301e-4,TRUE,3.080257908085168,Upregulated,Infected diet 83,TRUE,,,N.S.
Immune,Innate Immune Recognition & Signaling,Pattern Recognition Receptors (PRRs),LOC126268068,peptidoglycan recognition protein 1-like,peptidoglycan recognition protein 1-like,protein_coding,NC_064923.1,Chromosome4,assembled-molecule,4,Chromosome,Nuclear chromosome,infection_diet33,Diet 33: infected vs control,Within-diet infection response,33,1,1,Infected diet 33,Control diet 33,Diet 33 log2FC,Diet 33 padj,TRUE,Placed/host-assigned,705.4067385635973,2.0456784292433716,0.3773714156034747,5.420862165651891,5.931227963145537e-8,6.16918563885009e-6,TRUE,2.0456784292433716,Upregulated,Infected diet 33,TRUE,,,N.S.
Immune,Innate Immune Recognition & Signaling,Pattern Recognition Receptors (PRRs),LOC126268068,peptidoglycan recognition protein 1-like,peptidoglycan recognition protein 1-like,protein_coding,NC_064923.1,Chromosome4,assembled-molecule,4,Chromosome,Nuclear chromosome,infection_diet50,Diet 50: infected vs control,Within-diet infection response,50,2,1,Infected diet 50,Control diet 50,Diet 50 log2FC,Diet 50 padj,TRUE,Placed/host-assigned,705.4067385635973,2.76018850246127,0.3948046132771166,6.991277228373902,2.7239489026971146e-12,8.368444759329482e-10,TRUE,2.76018850246127,Upregulated,Infected diet 50,TRUE,,,N.S.
Immune,Innate Immune Recognition & Signaling,Pattern Recognition Receptors (PRRs),LOC126268068,peptidoglycan recognition protein 1-like,peptidoglycan recognition protein 1-like,protein_coding,NC_064923.1,Chromosome4,assembled-molecule,4,Chromosome,Nuclear chromosome,infection_diet83,Diet 83: infected vs control,Within-diet infection response,83,3,1,Infected diet 83,Control diet 83,Diet 83 log2FC,Diet 83 padj,TRUE,Placed/host-assigned,705.4067385635973,1.7951713016949995,0.4163452050797848,4.311737663343544,1.6197654460043367e-5,7.06497693917694e-4,TRUE,1.7951713016949995,Upregulated,Infected diet 83,TRUE,,,N.S.
Immune,Innate Immune Recognition & Signaling,Pattern Recognition Receptors (PRRs),LOC126284543,scavenger receptor class B member 1-like,scavenger receptor class B member 1-like,protein_coding,NC_064927.1,Chromosome8,assembled-molecule,8,Chromosome,Nuclear chromosome,infection_diet50,Diet 50: infected vs control,Within-diet infection response,50,2,1,Infected diet 50,Control diet 50,Diet 50 log2FC,Diet 50 padj,TRUE,Placed/host-assigned,120.93533053548444,1.842941710142356,0.5534387441736635,3.329983181596805,8.685122989099193e-4,0.00775841707218393,TRUE,1.842941710142356,Upregulated,Infected diet 50,TRUE,,,N.S.
Immune,Innate Immune Recognition & Signaling,Pattern Recognition Receptors (PRRs),LOC126284543,scavenger receptor class B member 1-like,scavenger receptor class B member 1-like,protein_coding,NC_064927.1,Chromosome8,assembled-molecule,8,Chromosome,Nuclear chromosome,infection_diet83,Diet 83: infected vs control,Within-diet infection response,83,3,1,Infected diet 83,Control diet 83,Diet 83 log2FC,Diet 83 padj,TRUE,Placed/host-assigned,120.93533053548444,1.7889303649023118,0.5850925551918008,3.0575168817792897,0.00223179069878749,0.02501163057515061,TRUE,1.7889303649023118,Upregulated,Infected diet 83,TRUE,,,N.S.
Immune,Innate Immune Recognition & Signaling,Post-Translational Regulation & Feedback Control,LOC126278049,cytokine-inducible SH2-containing protein-like,cytokine-inducible SH2-containing protein-like,protein_coding,NC_064925.1,Chromosome6,assembled-molecule,6,Chromosome,Nuclear chromosome,infection_diet33,Diet 33: infected vs control,Within-diet infection response,33,1,1,Infected diet 33,Control diet 33,Diet 33 log2FC,Diet 33 padj,TRUE,Placed/host-assigned,3877.610633411429,2.290263845052986,0.3356755747420863,6.82284925500669,8.92522998215003e-12,3.394137458926197e-9,TRUE,2.290263845052986,Upregulated,Infected diet 33,TRUE,,,N.S.
Immune,Innate Immune Recognition & Signaling,Post-Translational Regulation & Feedback Control,LOC126278049,cytokine-inducible SH2-containing protein-like,cytokine-inducible SH2-containing protein-like,protein_coding,NC_064925.1,Chromosome6,assembled-molecule,6,Chromosome,Nuclear chromosome,infection_diet50,Diet 50: infected vs control,Within-diet infection response,50,2,1,Infected diet 50,Control diet 50,Diet 50 log2FC,Diet 50 padj,TRUE,Placed/host-assigned,3877.610633411429,2.8764909725746137,0.35097435966167123,8.195729669105928,2.490775505377458e-16,3.199967221999476e-13,TRUE,2.8764909725746137,Upregulated,Infected diet 50,TRUE,,,N.S.
Immune,Innate Immune Recognition & Signaling,Post-Translational Regulation & Feedback Control,LOC126278049,cytokine-inducible SH2-containing protein-like,cytokine-inducible SH2-containing protein-like,protein_coding,NC_064925.1,Chromosome6,assembled-molecule,6,Chromosome,Nuclear chromosome,infection_diet83,Diet 83: infected vs control,Within-diet infection response,83,3,1,Infected diet 83,Control diet 83,Diet 83 log2FC,Diet 83 padj,TRUE,Placed/host-assigned,3877.610633411429,2.3094937393355783,0.3705749826942049,6.232190102377611,4.5995882162519365e-10,2.3214778811454418e-7,TRUE,2.3094937393355783,Upregulated,Infected diet 83,TRUE,,,N.S.
Immune,Innate Immune Recognition & Signaling,Post-Translational Regulation & Feedback Control,LOC126295382,ankyrin repeat and SOCS box protein 2-like,ankyrin repeat and SOCS box protein 2-like,protein_coding,NC_064930.1,Chromosome11,assembled-molecule,11,Chromosome,Nuclear chromosome,infection_diet50,Diet 50: infected vs control,Within-diet infection response,50,2,1,Infected diet 50,Control diet 50,Diet 50 log2FC,Diet 50 padj,TRUE,Placed/host-assigned,42.407873161976134,-1.538748151433314,0.4765335387494513,-3.229044812819244,0.00124204430535936,0.01005095837035648,TRUE,-1.538748151433314,Downregulated,Control diet 50,TRUE,,,N.S.
Immune,Innate Immune Recognition & Signaling,Serine Protease Cascades,LOC126266641,serine protease snake-like,serine protease snake-like,protein_coding,NC_064923.1,Chromosome4,assembled-molecule,4,Chromosome,Nuclear chromosome,infection_diet33,Diet 33: infected vs control,Within-diet infection response,33,1,1,Infected diet 33,Control diet 33,Diet 33 log2FC,Diet 33 padj,TRUE,Placed/host-assigned,21.667743230115885,1.9068599112679572,0.4830728959034402,3.9473543795119337,7.901955053674585e-5,0.00195492605510053,TRUE,1.9068599112679572,Upregulated,Infected diet 33,TRUE,,,N.S.
Immune,Innate Immune Recognition & Signaling,Serine Protease Cascades,LOC126266641,serine protease snake-like,serine protease snake-like,protein_coding,NC_064923.1,Chromosome4,assembled-molecule,4,Chromosome,Nuclear chromosome,infection_diet50,Diet 50: infected vs control,Within-diet infection response,50,2,1,Infected diet 50,Control diet 50,Diet 50 log2FC,Diet 50 padj,TRUE,Placed/host-assigned,21.667743230115885,1.9963544382298573,0.5138336288413867,3.8852156148894337,1.0223910951294967e-4,0.00166648569277624,TRUE,1.9963544382298573,Upregulated,Infected diet 50,TRUE,,,N.S.
Immune,Innate Immune Recognition & Signaling,Serine Protease Cascades,LOC126267442,CLIP domain-containing serine protease 14D-like,CLIP domain-containing serine protease 14D-like,protein_coding,NC_064923.1,Chromosome4,assembled-molecule,4,Chromosome,Nuclear chromosome,infection_diet33,Diet 33: infected vs control,Within-diet infection response,33,1,1,Infected diet 33,Control diet 33,Diet 33 log2FC,Diet 33 padj,TRUE,Placed/host-assigned,133.32705147673585,3.0001808653877604,0.6419101005365286,4.673833396421267,2.9562917739320557e-6,1.473716985432047e-4,TRUE,3.0001808653877604,Upregulated,Infected diet 33,TRUE,,,N.S.
Immune,Innate Immune Recognition & Signaling,Serine Protease Cascades,LOC126267442,CLIP domain-containing serine protease 14D-like,CLIP domain-containing serine protease 14D-like,protein_coding,NC_064923.1,Chromosome4,assembled-molecule,4,Chromosome,Nuclear chromosome,infection_diet50,Diet 50: infected vs control,Within-diet infection response,50,2,1,Infected diet 50,Control diet 50,Diet 50 log2FC,Diet 50 padj,TRUE,Placed/host-assigned,133.32705147673585,3.37673872989459,0.6631050100871165,5.092313703754049,3.537202106431286e-7,1.7789231376543395e-5,TRUE,3.37673872989459,Upregulated,Infected diet 50,TRUE,,,N.S.
Immune,Innate Immune Recognition & Signaling,Serine Protease Cascades,LOC126267442,CLIP domain-containing serine protease 14D-like,CLIP domain-containing serine protease 14D-like,protein_coding,NC_064923.1,Chromosome4,assembled-molecule,4,Chromosome,Nuclear chromosome,infection_diet83,Diet 83: infected vs control,Within-diet infection response,83,3,1,Infected diet 83,Control diet 83,Diet 83 log2FC,Diet 83 padj,TRUE,Placed/host-assigned,133.32705147673585,4.0904365389485,0.708199191073033,5.775827748053264,7.657568294051307e-9,2.404816780700735e-6,TRUE,4.0904365389485,Upregulated,Infected diet 83,TRUE,,,N.S.
Immune,Innate Immune Recognition & Signaling,Serine Protease Cascades,LOC126267545,serine protease Hayan-like,serine protease Hayan-like,protein_coding,NC_064923.1,Chromosome4,assembled-molecule,4,Chromosome,Nuclear chromosome,control_diet83_vs50,Control: diet 83 vs 50,Diet comparison among controls,"83
vs
50",3,1,Control diet 83,Control diet 50,cont83 vs cont50_log2FC,cont83 vs cont50_padj,FALSE,Placed/host-assigned,487.7738680740886,4.455849962457763,1.0192256096276449,4.37179945280773,1.2322669029293676e-5,0.00829256946295134,TRUE,4.455849962457763,Upregulated,Control diet 83,TRUE,,,N.S.
Immune,Innate Immune Recognition & Signaling,Serine Protease Cascades,LOC126267545,serine protease Hayan-like,serine protease Hayan-like,protein_coding,NC_064923.1,Chromosome4,assembled-molecule,4,Chromosome,Nuclear chromosome,infection_diet33,Diet 33: infected vs control,Within-diet infection response,33,1,1,Infected diet 33,Control diet 33,Diet 33 log2FC,Diet 33 padj,TRUE,Placed/host-assigned,487.7738680740886,3.1983042239445836,0.91913862338583,3.4796755816472964,5.020212887391151e-4,0.00795702215771978,TRUE,3.1983042239445836,Upregulated,Infected diet 33,TRUE,,,N.S.
Immune,Innate Immune Recognition & Signaling,Serine Protease Cascades,LOC126267545,serine protease Hayan-like,serine protease Hayan-like,protein_coding,NC_064923.1,Chromosome4,assembled-molecule,4,Chromosome,Nuclear chromosome,infection_diet50,Diet 50: infected vs control,Within-diet infection response,50,2,1,Infected diet 50,Control diet 50,Diet 50 log2FC,Diet 50 padj,TRUE,Placed/host-assigned,487.7738680740886,6.643294234178356,0.9662506313297552,6.875332360751833,6.1845496784917775e-12,1.7836746133968531e-9,TRUE,6.643294234178356,Upregulated,Infected diet 50,TRUE,,,N.S.
Immune,Innate Immune Recognition & Signaling,Serine Protease Cascades,LOC126281581,modular serine protease-like,modular serine protease-like,protein_coding,NC_064926.1,Chromosome7,assembled-molecule,7,Chromosome,Nuclear chromosome,infection_diet33,Diet 33: infected vs control,Within-diet infection response,33,1,1,Infected diet 33,Control diet 33,Diet 33 log2FC,Diet 33 padj,TRUE,Placed/host-assigned,1341.9568278778995,-1.364955166870567,0.46616392560756326,-2.9280583328956364,0.00341086046182541,0.0300895042519437,TRUE,-1.364955166870567,Downregulated,Control diet 33,TRUE,,,N.S.
Immune,Innate Immune Recognition & Signaling,Serine Protease Cascades,LOC126281581,modular serine protease-like,modular serine protease-like,protein_coding,NC_064926.1,Chromosome7,assembled-molecule,7,Chromosome,Nuclear chromosome,infection_diet50,Diet 50: infected vs control,Within-diet infection response,50,2,1,Infected diet 50,Control diet 50,Diet 50 log2FC,Diet 50 padj,TRUE,Placed/host-assigned,1341.9568278778995,-1.3829029628813454,0.4876558323102631,-2.8358175402719183,0.00457085511970109,0.02518336239829077,TRUE,-1.3829029628813454,Downregulated,Control diet 50,TRUE,,,N.S.
Immune,Innate Immune Recognition & Signaling,Serine Protease Cascades,LOC126282207,modular serine protease-like,modular serine protease-like,protein_coding,NC_064926.1,Chromosome7,assembled-molecule,7,Chromosome,Nuclear chromosome,infection_diet33,Diet 33: infected vs control,Within-diet infection response,33,1,1,Infected diet 33,Control diet 33,Diet 33 log2FC,Diet 33 padj,TRUE,Placed/host-assigned,805.0909065123436,1.503877098442538,0.3986926235764384,3.772021375645569,1.6193037981594743e-4,0.00338350605235519,TRUE,1.503877098442538,Upregulated,Infected diet 33,TRUE,,,N.S.
Immune,Innate Immune Recognition & Signaling,Serine Protease Cascades,LOC126282207,modular serine protease-like,modular serine protease-like,protein_coding,NC_064926.1,Chromosome7,assembled-molecule,7,Chromosome,Nuclear chromosome,infection_diet50,Diet 50: infected vs control,Within-diet infection response,50,2,1,Infected diet 50,Control diet 50,Diet 50 log2FC,Diet 50 padj,TRUE,Placed/host-assigned,805.0909065123436,1.939429483158312,0.4170184387896505,4.650704388005695,3.308032157921073e-6,1.1319397204779807e-4,TRUE,1.939429483158312,Upregulated,Infected diet 50,TRUE,,,N.S.
Immune,Innate Immune Recognition & Signaling,Serine Protease Cascades,LOC126282207,modular serine protease-like,modular serine protease-like,protein_coding,NC_064926.1,Chromosome7,assembled-molecule,7,Chromosome,Nuclear chromosome,infection_diet83,Diet 83: infected vs control,Within-diet infection response,83,3,1,Infected diet 83,Control diet 83,Diet 83 log2FC,Diet 83 padj,TRUE,Placed/host-assigned,805.0909065123436,2.1770387967528815,0.4405832582168821,4.941265370735467,7.761718084873429e-7,7.87532508070724e-5,TRUE,2.1770387967528815,Upregulated,Infected diet 83,TRUE,,,N.S.
Immune,Innate Immune Recognition & Signaling,Serine Protease Cascades,LOC126291782,putative inactive serine protease 43,putative inactive serine protease 43,protein_coding,NC_064928.1,Chromosome9,assembled-molecule,9,Chromosome,Nuclear chromosome,infection_diet50,Diet 50: infected vs control,Within-diet infection response,50,2,1,Infected diet 50,Control diet 50,Diet 50 log2FC,Diet 50 padj,TRUE,Placed/host-assigned,90.84774390866812,-1.5019495782823646,0.5366017515352888,-2.799002377433707,0.00512607600303301,0.02734681241029164,TRUE,-1.5019495782823646,Downregulated,Control diet 50,TRUE,,,N.S.
Immune,Innate Immune Recognition & Signaling,Serine Protease Cascades,LOC126335013,serine protease snake-like,serine protease snake-like,protein_coding,NC_064920.1,Chromosome1,assembled-molecule,1,Chromosome,Nuclear chromosome,infection_diet33,Diet 33: infected vs control,Within-diet infection response,33,1,1,Infected diet 33,Control diet 33,Diet 33 log2FC,Diet 33 padj,TRUE,Placed/host-assigned,129.1363945430254,1.1387909448788558,0.3855416639928488,2.953742879783749,0.00313945456018799,0.0284066214793353,TRUE,1.1387909448788558,Upregulated,Infected diet 33,TRUE,,,N.S.
Immune,Innate Immune Recognition & Signaling,Serine Protease Cascades,LOC126335013,serine protease snake-like,serine protease snake-like,protein_coding,NC_064920.1,Chromosome1,assembled-molecule,1,Chromosome,Nuclear chromosome,infection_diet50,Diet 50: infected vs control,Within-diet infection response,50,2,1,Infected diet 50,Control diet 50,Diet 50 log2FC,Diet 50 padj,TRUE,Placed/host-assigned,129.1363945430254,1.2388666355968303,0.40333051049846974,3.071591668246806,0.00212920774875462,0.0147925419979124,TRUE,1.2388666355968303,Upregulated,Infected diet 50,TRUE,,,N.S.
Immune,Innate Immune Recognition & Signaling,Serine Protease Cascades,LOC126335013,serine protease snake-like,serine protease snake-like,protein_coding,NC_064920.1,Chromosome1,assembled-molecule,1,Chromosome,Nuclear chromosome,infection_diet83,Diet 83: infected vs control,Within-diet infection response,83,3,1,Infected diet 83,Control diet 83,Diet 83 log2FC,Diet 83 padj,TRUE,Placed/host-assigned,129.1363945430254,1.1853063524059495,0.4272100242312577,2.774528417348931,0.00552818041505125,0.04510637738193094,TRUE,1.1853063524059495,Upregulated,Infected diet 83,TRUE,,,N.S.
Immune,Innate Immune Recognition & Signaling,Serine Protease Cascades,LOC126352796,CLIP domain-containing serine protease HP8-like,CLIP domain-containing serine protease HP8-like,protein_coding,NC_064920.1,Chromosome1,assembled-molecule,1,Chromosome,Nuclear chromosome,infection_diet33,Diet 33: infected vs control,Within-diet infection response,33,1,1,Infected diet 33,Control diet 33,Diet 33 log2FC,Diet 33 padj,TRUE,Placed/host-assigned,127.65411860873348,4.46925268567962,0.9314473813070762,4.7981805256761065,1.6011343899403604e-6,8.916939747319535e-5,TRUE,4.46925268567962,Upregulated,Infected diet 33,TRUE,,,N.S.
Immune,Innate Immune Recognition & Signaling,Serine Protease Cascades,LOC126352796,CLIP domain-containing serine protease HP8-like,CLIP domain-containing serine protease HP8-like,protein_coding,NC_064920.1,Chromosome1,assembled-molecule,1,Chromosome,Nuclear chromosome,infection_diet50,Diet 50: infected vs control,Within-diet infection response,50,2,1,Infected diet 50,Control diet 50,Diet 50 log2FC,Diet 50 padj,TRUE,Placed/host-assigned,127.65411860873348,4.83075256045225,0.9607735056210708,5.027982695390332,4.956665929174557e-7,2.334920097036495e-5,TRUE,4.83075256045225,Upregulated,Infected diet 50,TRUE,,,N.S.
Immune,Innate Immune Recognition & Signaling,Serine Protease Cascades,LOC126352796,CLIP domain-containing serine protease HP8-like,CLIP domain-containing serine protease HP8-like,protein_coding,NC_064920.1,Chromosome1,assembled-molecule,1,Chromosome,Nuclear chromosome,infection_diet83,Diet 83: infected vs control,Within-diet infection response,83,3,1,Infected diet 83,Control diet 83,Diet 83 log2FC,Diet 83 padj,TRUE,Placed/host-assigned,127.65411860873348,3.9763266620668434,1.0141275220794583,3.920933586254937,8.820657265617154e-5,0.00250811928526562,TRUE,3.9763266620668434,Upregulated,Infected diet 83,TRUE,,,N.S.
Immune,Innate Immune Recognition & Signaling,Serine Protease Cascades,LOC126353952,serine protease snake-like,serine protease snake-like,protein_coding,NC_064920.1,Chromosome1,assembled-molecule,1,Chromosome,Nuclear chromosome,infection_diet33,Diet 33: infected vs control,Within-diet infection response,33,1,1,Infected diet 33,Control diet 33,Diet 33 log2FC,Diet 33 padj,TRUE,Placed/host-assigned,4194.477949989858,1.215729488420891,0.38150060481534126,3.1867039608216174,0.00143903984537441,0.01679047350204547,TRUE,1.215729488420891,Upregulated,Infected diet 33,TRUE,,,N.S.
Immune,Innate Immune Recognition & Signaling,Serine Protease Cascades,LOC126353952,serine protease snake-like,serine protease snake-like,protein_coding,NC_064920.1,Chromosome1,assembled-molecule,1,Chromosome,Nuclear chromosome,infection_diet50,Diet 50: infected vs control,Within-diet infection response,50,2,1,Infected diet 50,Control diet 50,Diet 50 log2FC,Diet 50 padj,TRUE,Placed/host-assigned,4194.477949989858,2.0374742870695584,0.3989534530558218,5.107047630402321,3.272312860885906e-7,1.6694702292433073e-5,TRUE,2.0374742870695584,Upregulated,Infected diet 50,TRUE,,,N.S.
Immune,Innate Immune Recognition & Signaling,Serine Protease Cascades,LOC126353952,serine protease snake-like,serine protease snake-like,protein_coding,NC_064920.1,Chromosome1,assembled-molecule,1,Chromosome,Nuclear chromosome,infection_diet83,Diet 83: infected vs control,Within-diet infection response,83,3,1,Infected diet 83,Control diet 83,Diet 83 log2FC,Diet 83 padj,TRUE,Placed/host-assigned,4194.477949989858,1.371732272258549,0.4212238281574726,3.25654006388673,0.00112779013412213,0.01562542174060192,TRUE,1.371732272258549,Upregulated,Infected diet 83,TRUE,,,N.S.
Immune,Innate Immune Recognition & Signaling,Serine Protease Inhibitors (Serpins),LOC126284336,serine protease inhibitor I/II-like,serine protease inhibitor I/II-like,protein_coding,NC_064927.1,Chromosome8,assembled-molecule,8,Chromosome,Nuclear chromosome,infection_diet50,Diet 50: infected vs control,Within-diet infection response,50,2,1,Infected diet 50,Control diet 50,Diet 50 log2FC,Diet 50 padj,TRUE,Placed/host-assigned,34.92457263615157,2.7699639949936437,0.7244134723142233,3.8237334075865137,1.31446039184461e-4,0.00203015893525115,TRUE,2.7699639949936437,Upregulated,Infected diet 50,TRUE,,,N.S.
Immune,Innate Immune Recognition & Signaling,Serine Protease Inhibitors (Serpins),LOC126284336,serine protease inhibitor I/II-like,serine protease inhibitor I/II-like,protein_coding,NC_064927.1,Chromosome8,assembled-molecule,8,Chromosome,Nuclear chromosome,infection_diet83,Diet 83: infected vs control,Within-diet infection response,83,3,1,Infected diet 83,Control diet 83,Diet 83 log2FC,Diet 83 padj,TRUE,Placed/host-assigned,34.92457263615157,2.3013055696469396,0.7610292279667727,3.0239384836707175,0.00249507167015321,0.02681181668524308,TRUE,2.3013055696469396,Upregulated,Infected diet 83,TRUE,,,N.S.
Immune,Innate Immune Recognition & Signaling,Serine Protease Inhibitors (Serpins),LOC126335167,serine protease inhibitor 88Ea-like,serine protease inhibitor 88Ea-like,protein_coding,NC_064921.1,Chromosome2,assembled-molecule,2,Chromosome,Nuclear chromosome,infected_diet83_vs33,Infected: diet 83 vs 33,Diet comparison among infected,"83
vs
33",2,1,Infected diet 83,Infected diet 33,inf83 vs inf33_log2FC,inf83 vs inf33_padj,TRUE,Placed/host-assigned,571.6467169194964,2.1301973814165995,0.5937417338087753,3.5877508016013344,3.335428429593592e-4,0.04917273103968936,TRUE,2.1301973814165995,Upregulated,Infected diet 83,TRUE,,,N.S.
Immune,Innate Immune Recognition & Signaling,Serine Protease Inhibitors (Serpins),LOC126335463,serpin B8-like,serpin B8-like,protein_coding,NC_064921.1,Chromosome2,assembled-molecule,2,Chromosome,Nuclear chromosome,infection_diet33,Diet 33: infected vs control,Within-diet infection response,33,1,1,Infected diet 33,Control diet 33,Diet 33 log2FC,Diet 33 padj,TRUE,Placed/host-assigned,960.3501826960348,5.3261058787285505,0.650286776822858,8.190395481745147,2.603691925417919e-16,5.775856587885419e-13,TRUE,5.3261058787285505,Upregulated,Infected diet 33,TRUE,,,N.S.
Immune,Innate Immune Recognition & Signaling,Serine Protease Inhibitors (Serpins),LOC126335463,serpin B8-like,serpin B8-like,protein_coding,NC_064921.1,Chromosome2,assembled-molecule,2,Chromosome,Nuclear chromosome,infection_diet50,Diet 50: infected vs control,Within-diet infection response,50,2,1,Infected diet 50,Control diet 50,Diet 50 log2FC,Diet 50 padj,TRUE,Placed/host-assigned,960.3501826960348,6.875007528291685,0.6793924143838144,10.119346908703832,4.53431023944805e-24,6.407887230387984e-20,TRUE,6.875007528291685,Upregulated,Infected diet 50,TRUE,,,N.S.
Immune,Innate Immune Recognition & Signaling,Serine Protease Inhibitors (Serpins),LOC126335463,serpin B8-like,serpin B8-like,protein_coding,NC_064921.1,Chromosome2,assembled-molecule,2,Chromosome,Nuclear chromosome,infection_diet83,Diet 83: infected vs control,Within-diet infection response,83,3,1,Infected diet 83,Control diet 83,Diet 83 log2FC,Diet 83 padj,TRUE,Placed/host-assigned,960.3501826960348,5.04945308850481,0.7163479626963808,7.048883156585435,1.8035951607621569e-12,2.9446033887665326e-9,TRUE,5.04945308850481,Upregulated,Infected diet 83,TRUE,,,N.S.
Immune,Innate Immune Recognition & Signaling,Serine Protease Inhibitors (Serpins),LOC126335465,serpin B6-like,serpin B6-like,protein_coding,NC_064921.1,Chromosome2,assembled-molecule,2,Chromosome,Nuclear chromosome,infection_diet33,Diet 33: infected vs control,Within-diet infection response,33,1,1,Infected diet 33,Control diet 33,Diet 33 log2FC,Diet 33 padj,TRUE,Placed/host-assigned,268.896723652835,-1.4972241057662048,0.5318578516147336,-2.815083205447838,0.00487646063928954,0.03882482092454867,TRUE,-1.4972241057662048,Downregulated,Control diet 33,TRUE,,,N.S.
Immune,Innate Immune Recognition & Signaling,Serine Protease Inhibitors (Serpins),LOC126335468,serpin B6-like,serpin B6-like,protein_coding,NC_064921.1,Chromosome2,assembled-molecule,2,Chromosome,Nuclear chromosome,control_diet83_vs50,Control: diet 83 vs 50,Diet comparison among controls,"83
vs
50",3,1,Control diet 83,Control diet 50,cont83 vs cont50_log2FC,cont83 vs cont50_padj,FALSE,Placed/host-assigned,242.6323166482293,2.50288259855056,0.6621575882947947,3.779889625664561,1.568978951546917e-4,0.03897110414683962,TRUE,2.50288259855056,Upregulated,Control diet 83,TRUE,,,N.S.
Immune,Innate Immune Recognition & Signaling,Serine Protease Inhibitors (Serpins),LOC126335468,serpin B6-like,serpin B6-like,protein_coding,NC_064921.1,Chromosome2,assembled-molecule,2,Chromosome,Nuclear chromosome,infection_diet33,Diet 33: infected vs control,Within-diet infection response,33,1,1,Infected diet 33,Control diet 33,Diet 33 log2FC,Diet 33 padj,TRUE,Placed/host-assigned,242.6323166482293,2.98513045740282,0.5981695973627627,4.990441624856561,6.024140430456085e-7,4.099740982824967e-5,TRUE,2.98513045740282,Upregulated,Infected diet 33,TRUE,,,N.S.
Immune,Innate Immune Recognition & Signaling,Serine Protease Inhibitors (Serpins),LOC126335468,serpin B6-like,serpin B6-like,protein_coding,NC_064921.1,Chromosome2,assembled-molecule,2,Chromosome,Nuclear chromosome,infection_diet50,Diet 50: infected vs control,Within-diet infection response,50,2,1,Infected diet 50,Control diet 50,Diet 50 log2FC,Diet 50 padj,TRUE,Placed/host-assigned,242.6323166482293,3.6228721721845663,0.6272683851344726,5.775633298349481,7.666417796661678e-9,6.528051079853188e-7,TRUE,3.6228721721845663,Upregulated,Infected diet 50,TRUE,,,N.S.
Immune,Innate Immune Recognition & Signaling,Serine Protease Inhibitors (Serpins),LOC126335471,serpin B6-like,serpin B6-like,protein_coding,NC_064921.1,Chromosome2,assembled-molecule,2,Chromosome,Nuclear chromosome,infection_diet50,Diet 50: infected vs control,Within-diet infection response,50,2,1,Infected diet 50,Control diet 50,Diet 50 log2FC,Diet 50 padj,TRUE,Placed/host-assigned,7.404445002653815,1.805732250577304,0.4738872908030153,3.8104677749796583,1.387040923949913e-4,0.00210522895416216,TRUE,1.805732250577304,Upregulated,Infected diet 50,TRUE,,,N.S.
Immune,Innate Immune Recognition & Signaling,Serine Protease Inhibitors (Serpins),LOC126335472,serpin B4-like,serpin B4-like,protein_coding,NC_064921.1,Chromosome2,assembled-molecule,2,Chromosome,Nuclear chromosome,infection_diet33,Diet 33: infected vs control,Within-diet infection response,33,1,1,Infected diet 33,Control diet 33,Diet 33 log2FC,Diet 33 padj,TRUE,Placed/host-assigned,63.4090185904366,1.8596638036887123,0.45203583892918,4.113974254992786,3.889048282474116e-5,0.00113020158602031,TRUE,1.8596638036887123,Upregulated,Infected diet 33,TRUE,,,N.S.
Immune,Innate Immune Recognition & Signaling,Serine Protease Inhibitors (Serpins),LOC126335472,serpin B4-like,serpin B4-like,protein_coding,NC_064921.1,Chromosome2,assembled-molecule,2,Chromosome,Nuclear chromosome,infection_diet50,Diet 50: infected vs control,Within-diet infection response,50,2,1,Infected diet 50,Control diet 50,Diet 50 log2FC,Diet 50 padj,TRUE,Placed/host-assigned,63.4090185904366,1.6093017616823575,0.46801878015082943,3.438540994367201,5.848579770914191e-4,0.00585769874716933,TRUE,1.6093017616823575,Upregulated,Infected diet 50,TRUE,,,N.S.
Immune,Innate Immune Recognition & Signaling,Serine Protease Inhibitors (Serpins),LOC126335472,serpin B4-like,serpin B4-like,protein_coding,NC_064921.1,Chromosome2,assembled-molecule,2,Chromosome,Nuclear chromosome,infection_diet83,Diet 83: infected vs control,Within-diet infection response,83,3,1,Infected diet 83,Control diet 83,Diet 83 log2FC,Diet 83 padj,TRUE,Placed/host-assigned,63.4090185904366,2.2038520298255757,0.4964536795415554,4.439189637713429,9.029822704018154e-6,4.477524717655598e-4,TRUE,2.2038520298255757,Upregulated,Infected diet 83,TRUE,,,N.S.
Immune,Innate Immune Recognition & Signaling,Serine Protease Inhibitors (Serpins),LOC126335547,serpin B6-like,serpin B6-like,protein_coding,NC_064921.1,Chromosome2,assembled-molecule,2,Chromosome,Nuclear chromosome,infection_diet33,Diet 33: infected vs control,Within-diet infection response,33,1,1,Infected diet 33,Control diet 33,Diet 33 log2FC,Diet 33 padj,TRUE,Placed/host-assigned,396.29331222471586,2.3951953715151357,0.4758750937921814,5.033243812842068,4.822491465230238e-7,3.4142213511816205e-5,TRUE,2.3951953715151357,Upregulated,Infected diet 33,TRUE,,,N.S.
Immune,Innate Immune Recognition & Signaling,Serine Protease Inhibitors (Serpins),LOC126335547,serpin B6-like,serpin B6-like,protein_coding,NC_064921.1,Chromosome2,assembled-molecule,2,Chromosome,Nuclear chromosome,infection_diet50,Diet 50: infected vs control,Within-diet infection response,50,2,1,Infected diet 50,Control diet 50,Diet 50 log2FC,Diet 50 padj,TRUE,Placed/host-assigned,396.29331222471586,2.645182958819676,0.4976997892075952,5.314816313326476,1.0676497055714249e-7,6.133343755746087e-6,TRUE,2.645182958819676,Upregulated,Infected diet 50,TRUE,,,N.S.
Immune,Innate Immune Recognition & Signaling,Serine Protease Inhibitors (Serpins),LOC126335547,serpin B6-like,serpin B6-like,protein_coding,NC_064921.1,Chromosome2,assembled-molecule,2,Chromosome,Nuclear chromosome,infection_diet83,Diet 83: infected vs control,Within-diet infection response,83,3,1,Infected diet 83,Control diet 83,Diet 83 log2FC,Diet 83 padj,TRUE,Placed/host-assigned,396.29331222471586,2.942271970587862,0.5252611329987071,5.601541377696233,2.1245405744235748e-8,4.967581360384971e-6,TRUE,2.942271970587862,Upregulated,Infected diet 83,TRUE,,,N.S.
Immune,Innate Immune Recognition & Signaling,Serine Protease Inhibitors (Serpins),LOC126336076,serpin B8-like,serpin B8-like,protein_coding,NC_064921.1,Chromosome2,assembled-molecule,2,Chromosome,Nuclear chromosome,infection_diet33,Diet 33: infected vs control,Within-diet infection response,33,1,1,Infected diet 33,Control diet 33,Diet 33 log2FC,Diet 33 padj,TRUE,Placed/host-assigned,26.257274827562547,1.6551755913756148,0.5531535555796602,2.992253371021225,0.00276926322111171,0.02628687007626883,TRUE,1.6551755913756148,Upregulated,Infected diet 33,TRUE,,,N.S.
Immune,Innate Immune Recognition & Signaling,Serine Protease Inhibitors (Serpins),LOC126336076,serpin B8-like,serpin B8-like,protein_coding,NC_064921.1,Chromosome2,assembled-molecule,2,Chromosome,Nuclear chromosome,infection_diet50,Diet 50: infected vs control,Within-diet infection response,50,2,1,Infected diet 50,Control diet 50,Diet 50 log2FC,Diet 50 padj,TRUE,Placed/host-assigned,26.257274827562547,2.545792590523224,0.5729351703220235,4.443421738435673,8.853937142231048e-6,2.472803156008086e-4,TRUE,2.545792590523224,Upregulated,Infected diet 50,TRUE,,,N.S.
Protein-Anabolism,Nitrogen & Amino Acid Metabolism,Amino Acid Biosynthesis & Interconversion,LOC126293368,phosphoserine aminotransferase (aa metabolism),phosphoserine aminotransferase,protein_coding,NC_064929.1,Chromosome10,assembled-molecule,10,Chromosome,Nuclear chromosome,control_diet83_vs33,Control: diet 83 vs 33,Diet comparison among controls,"83
vs
33",2,1,Control diet 83,Control diet 33,cont83 vs cont33_log2FC,cont83 vs cont33_padj,FALSE,Placed/host-assigned,1195.1065067801103,1.6863247681773137,0.3870612396251122,4.356738922788038,1.3201457656155514e-5,0.00571655473072962,TRUE,1.6863247681773137,Upregulated,Control diet 83,TRUE,,,N.S.
Protein-Anabolism,Nitrogen & Amino Acid Metabolism,Amino Acid Biosynthesis & Interconversion,LOC126293368,phosphoserine aminotransferase (aa metabolism),phosphoserine aminotransferase,protein_coding,NC_064929.1,Chromosome10,assembled-molecule,10,Chromosome,Nuclear chromosome,infected_diet83_vs33,Infected: diet 83 vs 33,Diet comparison among infected,"83
vs
33",2,1,Infected diet 83,Infected diet 33,inf83 vs inf33_log2FC,inf83 vs inf33_padj,TRUE,Placed/host-assigned,1195.1065067801103,1.4038597402443782,0.3825958445758949,3.6693021112148982,2.432135212883271e-4,0.03821572675707187,TRUE,1.4038597402443782,Upregulated,Infected diet 83,TRUE,,,N.S.
Protein-Anabolism,Nitrogen & Amino Acid Metabolism,Amino Acid Biosynthesis & Interconversion,LOC126293368,phosphoserine aminotransferase (aa metabolism),phosphoserine aminotransferase,protein_coding,NC_064929.1,Chromosome10,assembled-molecule,10,Chromosome,Nuclear chromosome,infection_diet33,Diet 33: infected vs control,Within-diet infection response,33,1,1,Infected diet 33,Control diet 33,Diet 33 log2FC,Diet 33 padj,TRUE,Placed/host-assigned,1195.1065067801103,-1.553258722254887,0.3655912653127612,-4.248620986407,2.1509047227774284e-5,7.06877576794261e-4,TRUE,-1.553258722254887,Downregulated,Control diet 33,TRUE,,,N.S.
Protein-Anabolism,Nitrogen & Amino Acid Metabolism,Amino Acid Biosynthesis & Interconversion,LOC126293368,phosphoserine aminotransferase (aa metabolism),phosphoserine aminotransferase,protein_coding,NC_064929.1,Chromosome10,assembled-molecule,10,Chromosome,Nuclear chromosome,infection_diet50,Diet 50: infected vs control,Within-diet infection response,50,2,1,Infected diet 50,Control diet 50,Diet 50 log2FC,Diet 50 padj,TRUE,Placed/host-assigned,1195.1065067801103,-1.7406916861564794,0.38255697534052,-4.550150169414797,5.360764348063886e-6,1.6774962491941016e-4,TRUE,-1.7406916861564794,Downregulated,Control diet 50,TRUE,,,N.S.
Protein-Anabolism,Nitrogen & Amino Acid Metabolism,Amino Acid Biosynthesis & Interconversion,LOC126293368,phosphoserine aminotransferase (aa metabolism),phosphoserine aminotransferase,protein_coding,NC_064929.1,Chromosome10,assembled-molecule,10,Chromosome,Nuclear chromosome,infection_diet83,Diet 83: infected vs control,Within-diet infection response,83,3,1,Infected diet 83,Control diet 83,Diet 83 log2FC,Diet 83 padj,TRUE,Placed/host-assigned,1195.1065067801103,-1.8357237501878223,0.4031612707514017,-4.553323653252821,5.280493781402789e-6,2.9379503196371733e-4,TRUE,-1.8357237501878223,Downregulated,Control diet 83,TRUE,,,N.S.
Protein-Anabolism,Nitrogen & Amino Acid Metabolism,Amino Acid Biosynthesis & Interconversion,LOC126352958,"ornithine aminotransferase, mitochondrial (amino acid metabolism)","ornithine aminotransferase, mitochondrial",protein_coding,NC_064920.1,Chromosome1,assembled-molecule,1,Chromosome,Nuclear chromosome,control_diet83_vs33,Control: diet 83 vs 33,Diet comparison among controls,"83
vs
33",2,1,Control diet 83,Control diet 33,cont83 vs cont33_log2FC,cont83 vs cont33_padj,FALSE,Placed/host-assigned,157.6903446461041,4.185446974131715,0.5183193524847837,8.075035118922338,6.745722822000523e-16,4.76652774602557e-12,TRUE,4.185446974131715,Upregulated,Control diet 83,TRUE,,,N.S.
Protein-Anabolism,Nitrogen & Amino Acid Metabolism,Amino Acid Biosynthesis & Interconversion,LOC126352958,"ornithine aminotransferase, mitochondrial (amino acid metabolism)","ornithine aminotransferase, mitochondrial",protein_coding,NC_064920.1,Chromosome1,assembled-molecule,1,Chromosome,Nuclear chromosome,control_diet83_vs50,Control: diet 83 vs 50,Diet comparison among controls,"83
vs
50",3,1,Control diet 83,Control diet 50,cont83 vs cont50_log2FC,cont83 vs cont50_padj,FALSE,Placed/host-assigned,157.6903446461041,3.15107360601644,0.5346307348445875,5.893925284584378,3.771277433523245e-9,1.06591385381101e-5,TRUE,3.15107360601644,Upregulated,Control diet 83,TRUE,,,N.S.
Protein-Anabolism,Nitrogen & Amino Acid Metabolism,Amino Acid Biosynthesis & Interconversion,LOC126352958,"ornithine aminotransferase, mitochondrial (amino acid metabolism)","ornithine aminotransferase, mitochondrial",protein_coding,NC_064920.1,Chromosome1,assembled-molecule,1,Chromosome,Nuclear chromosome,infected_diet83_vs33,Infected: diet 83 vs 33,Diet comparison among infected,"83
vs
33",2,1,Infected diet 83,Infected diet 33,inf83 vs inf33_log2FC,inf83 vs inf33_padj,TRUE,Placed/host-assigned,157.6903446461041,2.7958877122860506,0.511338700196564,5.467780379641286,4.5570601745739057e-8,6.315173989924518e-5,TRUE,2.7958877122860506,Upregulated,Infected diet 83,TRUE,,,N.S.
Protein-Anabolism,Nitrogen & Amino Acid Metabolism,Amino Acid Biosynthesis & Interconversion,LOC126352958,"ornithine aminotransferase, mitochondrial (amino acid metabolism)","ornithine aminotransferase, mitochondrial",protein_coding,NC_064920.1,Chromosome1,assembled-molecule,1,Chromosome,Nuclear chromosome,infected_diet83_vs50,Infected: diet 83 vs 50,Diet comparison among infected,"83
vs
50",3,1,Infected diet 83,Infected diet 50,inf83 vs inf50_log2FC,inf83 vs inf50_padj,TRUE,Placed/host-assigned,157.6903446461041,2.7379509890864804,0.5145413355601606,5.321148758837388,1.0311403972455729e-7,2.801402231236772e-4,TRUE,2.7379509890864804,Upregulated,Infected diet 83,TRUE,,,N.S.
Protein-Anabolism,Nitrogen & Amino Acid Metabolism,Amino Acid Biosynthesis & Interconversion,LOC126352958,"ornithine aminotransferase, mitochondrial (amino acid metabolism)","ornithine aminotransferase, mitochondrial",protein_coding,NC_064920.1,Chromosome1,assembled-molecule,1,Chromosome,Nuclear chromosome,infection_diet83,Diet 83: infected vs control,Within-diet infection response,83,3,1,Infected diet 83,Control diet 83,Diet 83 log2FC,Diet 83 padj,TRUE,Placed/host-assigned,157.6903446461041,-1.575349485555685,0.5331928253411405,-2.954558671241995,0.00313116609994008,0.03070759148116114,TRUE,-1.575349485555685,Downregulated,Control diet 83,TRUE,,,N.S.
Protein-Anabolism,Nitrogen & Amino Acid Metabolism,Amino Acid Transporters,LOC126355939,proton-coupled amino acid transporter-like protein pathetic,proton-coupled amino acid transporter-like protein pathetic,protein_coding,NC_064922.1,Chromosome3,assembled-molecule,3,Chromosome,Nuclear chromosome,infection_diet33,Diet 33: infected vs control,Within-diet infection response,33,1,1,Infected diet 33,Control diet 33,Diet 33 log2FC,Diet 33 padj,TRUE,Placed/host-assigned,5060.895506455774,5.191657124631216,0.6821679314891365,7.610526506718226,2.7298157303809777e-14,2.2708654607106758e-11,TRUE,5.191657124631216,Upregulated,Infected diet 33,TRUE,,,N.S.
Protein-Anabolism,Nitrogen & Amino Acid Metabolism,Amino Acid Transporters,LOC126355939,proton-coupled amino acid transporter-like protein pathetic,proton-coupled amino acid transporter-like protein pathetic,protein_coding,NC_064922.1,Chromosome3,assembled-molecule,3,Chromosome,Nuclear chromosome,infection_diet50,Diet 50: infected vs control,Within-diet infection response,50,2,1,Infected diet 50,Control diet 50,Diet 50 log2FC,Diet 50 padj,TRUE,Placed/host-assigned,5060.895506455774,6.41607556864726,0.7131321345738552,8.997036113764949,2.318932889969044e-19,8.192789900260631e-16,TRUE,6.41607556864726,Upregulated,Infected diet 50,TRUE,,,N.S.
Protein-Anabolism,Nitrogen & Amino Acid Metabolism,Amino Acid Transporters,LOC126355939,proton-coupled amino acid transporter-like protein pathetic,proton-coupled amino acid transporter-like protein pathetic,protein_coding,NC_064922.1,Chromosome3,assembled-molecule,3,Chromosome,Nuclear chromosome,infection_diet83,Diet 83: infected vs control,Within-diet infection response,83,3,1,Infected diet 83,Control diet 83,Diet 83 log2FC,Diet 83 padj,TRUE,Placed/host-assigned,5060.895506455774,4.307172869761016,0.7521793154776009,5.726258062581992,1.0267000603319872e-8,2.844965735806205e-6,TRUE,4.307172869761016,Upregulated,Infected diet 83,TRUE,,,N.S.
Protein-Anabolism,Nitrogen & Amino Acid Metabolism,Amino Acid Transporters,LOC126356065,large neutral amino acids transporter small subunit 1,large neutral amino acids transporter small subunit 1,protein_coding,NC_064922.1,Chromosome3,assembled-molecule,3,Chromosome,Nuclear chromosome,infection_diet50,Diet 50: infected vs control,Within-diet infection response,50,2,1,Infected diet 50,Control diet 50,Diet 50 log2FC,Diet 50 padj,TRUE,Placed/host-assigned,2440.198530176214,1.737605947021818,0.3683539612443998,4.71721802896245,2.3909142785150695e-6,8.799062652076813e-5,TRUE,1.737605947021818,Upregulated,Infected diet 50,TRUE,,,N.S.
Protein-Anabolism,Nitrogen & Amino Acid Metabolism,Peptide & Amine Metabolism,LOC126266840,alpha-aminoadipic semialdehyde dehydrogenase-like (lysine metabolism),alpha-aminoadipic semialdehyde dehydrogenase-like,protein_coding,NC_064923.1,Chromosome4,assembled-molecule,4,Chromosome,Nuclear chromosome,infected_diet33_vs50,Infected: diet 50 vs 33,Diet comparison among infected,"50
vs
33",1,-1,Infected diet 50,Infected diet 33,inf33 vs inf50_log2FC,inf33 vs inf50_padj,TRUE,Placed/host-assigned,267.0992184025016,-4.5155113223620935,0.8973060041974706,-5.032298124875092,4.84634830081081e-7,4.3888530212142697e-4,TRUE,4.5155113223620935,Upregulated,Infected diet 50,TRUE,,,N.S.
Protein-Anabolism,Nitrogen & Amino Acid Metabolism,Peptide & Amine Metabolism,LOC126271954,aromatic-L-amino-acid decarboxylase-like,aromatic-L-amino-acid decarboxylase-like,protein_coding,NC_064924.1,Chromosome5,assembled-molecule,5,Chromosome,Nuclear chromosome,infected_diet33_vs50,Infected: diet 50 vs 33,Diet comparison among infected,"50
vs
33",1,-1,Infected diet 50,Infected diet 33,inf33 vs inf50_log2FC,inf33 vs inf50_padj,TRUE,Placed/host-assigned,33.4150627839704,-1.76338217378428,0.4979082524030458,-3.541580532705974,3.977374242961443e-4,0.02548521307376803,TRUE,1.76338217378428,Upregulated,Infected diet 50,TRUE,,,N.S.
Protein-Anabolism,Nitrogen & Amino Acid Metabolism,Peptide & Amine Metabolism,LOC126271954,aromatic-L-amino-acid decarboxylase-like,aromatic-L-amino-acid decarboxylase-like,protein_coding,NC_064924.1,Chromosome5,assembled-molecule,5,Chromosome,Nuclear chromosome,infection_diet50,Diet 50: infected vs control,Within-diet infection response,50,2,1,Infected diet 50,Control diet 50,Diet 50 log2FC,Diet 50 padj,TRUE,Placed/host-assigned,33.4150627839704,2.9034985184682514,0.5695106688083226,5.098233760122003,3.4283729241060874e-7,1.730348791552401e-5,TRUE,2.9034985184682514,Upregulated,Infected diet 50,TRUE,,,N.S.
Protein-Anabolism,Nitrogen & Amino Acid Metabolism,Peptide & Amine Metabolism,LOC126299365,bifunctional phosphoribosylaminoimidazole carboxylase/phosphoribosylaminoimidazole succinocarboxamide synthetase,bifunctional phosphoribosylaminoimidazole carboxylase/phosphoribosylaminoimidazole succinocarboxamide synthetase,protein_coding,NC_064931.1,ChromosomeX,assembled-molecule,X,Chromosome,Nuclear chromosome,infected_diet83_vs33,Infected: diet 83 vs 33,Diet comparison among infected,"83
vs
33",2,1,Infected diet 83,Infected diet 33,inf83 vs inf33_log2FC,inf83 vs inf33_padj,TRUE,Placed/host-assigned,626.812574591048,1.474136462131266,0.3821236669805927,3.85774708428655,1.1443697198468293e-4,0.02352938012751392,TRUE,1.474136462131266,Upregulated,Infected diet 83,TRUE,,,N.S.
Protein-Anabolism,Nitrogen & Amino Acid Metabolism,Peptide & Amine Metabolism,LOC126335041,xaa-Pro aminopeptidase ApepP-like,xaa-Pro aminopeptidase ApepP-like,protein_coding,NC_064921.1,Chromosome2,assembled-molecule,2,Chromosome,Nuclear chromosome,infected_diet33_vs50,Infected: diet 50 vs 33,Diet comparison among infected,"50
vs
33",1,-1,Infected diet 50,Infected diet 33,inf33 vs inf50_log2FC,inf33 vs inf50_padj,TRUE,Placed/host-assigned,37.253834298353546,-1.6295387998734387,0.4002864136280889,-4.070932073621323,4.6825403108547715e-5,0.00623604191986776,TRUE,1.6295387998734387,Upregulated,Infected diet 50,TRUE,,,N.S.
Protein-Anabolism,Nitrogen & Amino Acid Metabolism,Peptide & Amine Metabolism,LOC126335041,xaa-Pro aminopeptidase ApepP-like,xaa-Pro aminopeptidase ApepP-like,protein_coding,NC_064921.1,Chromosome2,assembled-molecule,2,Chromosome,Nuclear chromosome,infection_diet50,Diet 50: infected vs control,Within-diet infection response,50,2,1,Infected diet 50,Control diet 50,Diet 50 log2FC,Diet 50 padj,TRUE,Placed/host-assigned,37.253834298353546,2.2869695593661756,0.45542915938520184,5.021570341375216,5.125072775550685e-7,2.382484488950075e-5,TRUE,2.2869695593661756,Upregulated,Infected diet 50,TRUE,,,N.S.
Protein-Anabolism,Nitrogen & Amino Acid Metabolism,Polyamine Biosynthesis & Growth Priming,LOC126278485,ornithine decarboxylase-like,ornithine decarboxylase-like,protein_coding,NC_064925.1,Chromosome6,assembled-molecule,6,Chromosome,Nuclear chromosome,infected_diet33_vs50,Infected: diet 50 vs 33,Diet comparison among infected,"50
vs
33",1,-1,Infected diet 50,Infected diet 33,inf33 vs inf50_log2FC,inf33 vs inf50_padj,TRUE,Placed/host-assigned,384.4581883057808,-5.6547891167699635,0.982972393868203,-5.7527445857529935,8.780609655635388e-9,2.9818950390537775e-5,TRUE,5.6547891167699635,Upregulated,Infected diet 50,TRUE,,,N.S.
Protein-Anabolism,Nitrogen & Amino Acid Metabolism,Polyamine Biosynthesis & Growth Priming,LOC126278485,ornithine decarboxylase-like,ornithine decarboxylase-like,protein_coding,NC_064925.1,Chromosome6,assembled-molecule,6,Chromosome,Nuclear chromosome,infection_diet33,Diet 33: infected vs control,Within-diet infection response,33,1,1,Infected diet 33,Control diet 33,Diet 33 log2FC,Diet 33 padj,TRUE,Placed/host-assigned,384.4581883057808,-8.341875463788288,1.0441718681189964,-7.988986984312842,1.3605205667251285e-15,2.0120587492346066e-12,TRUE,-8.341875463788288,Downregulated,Control diet 33,TRUE,,,N.S.
Protein-Anabolism,Nitrogen & Amino Acid Metabolism,Polyamine Biosynthesis & Growth Priming,LOC126278485,ornithine decarboxylase-like,ornithine decarboxylase-like,protein_coding,NC_064925.1,Chromosome6,assembled-molecule,6,Chromosome,Nuclear chromosome,infection_diet50,Diet 50: infected vs control,Within-diet infection response,50,2,1,Infected diet 50,Control diet 50,Diet 50 log2FC,Diet 50 padj,TRUE,Placed/host-assigned,384.4581883057808,-3.5786521671208353,1.052609227822373,-3.3997917484766047,6.743719361260392e-4,0.006474337093297,TRUE,-3.5786521671208353,Downregulated,Control diet 50,TRUE,,,N.S.
Protein-Anabolism,Nitrogen & Amino Acid Metabolism,Polyamine Biosynthesis & Growth Priming,LOC126278485,ornithine decarboxylase-like,ornithine decarboxylase-like,protein_coding,NC_064925.1,Chromosome6,assembled-molecule,6,Chromosome,Nuclear chromosome,infection_diet83,Diet 83: infected vs control,Within-diet infection response,83,3,1,Infected diet 83,Control diet 83,Diet 83 log2FC,Diet 83 padj,TRUE,Placed/host-assigned,384.4581883057808,-3.2786591739017936,1.127572372430725,-2.9077150647403127,0.00364079902364205,0.03409660159185518,TRUE,-3.2786591739017936,Downregulated,Control diet 83,TRUE,,,N.S.
Protein-Anabolism,Nutrient Sensing & TOR/Insulin Signaling,Amino Acid Transporters (TOR-linked),LOC126298679,b(0%2C+)-type amino acid transporter 1,"b(0,+)-type amino acid transporter 1",protein_coding,NC_064931.1,ChromosomeX,assembled-molecule,X,Chromosome,Nuclear chromosome,infection_diet50,Diet 50: infected vs control,Within-diet infection response,50,2,1,Infected diet 50,Control diet 50,Diet 50 log2FC,Diet 50 padj,TRUE,Placed/host-assigned,1575.4373159764552,2.477543605221685,0.5616916944111501,4.410860316919979,1.0296072320144532e-5,2.766237529054801e-4,TRUE,2.477543605221685,Upregulated,Infected diet 50,TRUE,,,N.S.
Protein-Anabolism,Nutrient Sensing & TOR/Insulin Signaling,Amino Acid Transporters (TOR-linked),LOC126298679,b(0%2C+)-type amino acid transporter 1,"b(0,+)-type amino acid transporter 1",protein_coding,NC_064931.1,ChromosomeX,assembled-molecule,X,Chromosome,Nuclear chromosome,infection_diet83,Diet 83: infected vs control,Within-diet infection response,83,3,1,Infected diet 83,Control diet 83,Diet 83 log2FC,Diet 83 padj,TRUE,Placed/host-assigned,1575.4373159764552,2.359094130999724,0.5932245358614209,3.9767305436449703,6.986925939477372e-5,0.00211886775486468,TRUE,2.359094130999724,Upregulated,Infected diet 83,TRUE,,,N.S.
Protein-Anabolism,Nutrient Sensing & TOR/Insulin Signaling,Amino Acid Transporters (TOR-linked),LOC126334706,sodium-dependent nutrient amino acid transporter 1-like,sodium-dependent nutrient amino acid transporter 1-like,protein_coding,NC_064921.1,Chromosome2,assembled-molecule,2,Chromosome,Nuclear chromosome,infection_diet50,Diet 50: infected vs control,Within-diet infection response,50,2,1,Infected diet 50,Control diet 50,Diet 50 log2FC,Diet 50 padj,TRUE,Placed/host-assigned,2919.5124899875113,-1.3665113615592188,0.5333211513675402,-2.562267328147806,0.01039912400888751,0.0437654257436386,TRUE,-1.3665113615592188,Downregulated,Control diet 50,TRUE,,,N.S.
Protein-Anabolism,Nutrient Sensing & TOR/Insulin Signaling,Amino Acid Transporters (TOR-linked),LOC126353931,high affinity cationic amino acid transporter 1-like,high affinity cationic amino acid transporter 1-like,protein_coding,NC_064922.1,Chromosome3,assembled-molecule,3,Chromosome,Nuclear chromosome,infection_diet33,Diet 33: infected vs control,Within-diet infection response,33,1,1,Infected diet 33,Control diet 33,Diet 33 log2FC,Diet 33 padj,TRUE,Placed/host-assigned,64.10761510898442,2.6760295299140657,0.5918534910611346,4.521439123584808,6.142062438840594e-6,2.6891727322686943e-4,TRUE,2.6760295299140657,Upregulated,Infected diet 33,TRUE,,,N.S.
Protein-Anabolism,Nutrient Sensing & TOR/Insulin Signaling,Amino Acid Transporters (TOR-linked),LOC126353931,high affinity cationic amino acid transporter 1-like,high affinity cationic amino acid transporter 1-like,protein_coding,NC_064922.1,Chromosome3,assembled-molecule,3,Chromosome,Nuclear chromosome,infection_diet50,Diet 50: infected vs control,Within-diet infection response,50,2,1,Infected diet 50,Control diet 50,Diet 50 log2FC,Diet 50 padj,TRUE,Placed/host-assigned,64.10761510898442,2.618857942051575,0.6141414197646077,4.264258781072524,2.0056688699073403e-5,4.724018744921755e-4,TRUE,2.618857942051575,Upregulated,Infected diet 50,TRUE,,,N.S.
Protein-Anabolism,Nutrient Sensing & TOR/Insulin Signaling,Amino Acid Transporters (TOR-linked),LOC126353931,high affinity cationic amino acid transporter 1-like,high affinity cationic amino acid transporter 1-like,protein_coding,NC_064922.1,Chromosome3,assembled-molecule,3,Chromosome,Nuclear chromosome,infection_diet83,Diet 83: infected vs control,Within-diet infection response,83,3,1,Infected diet 83,Control diet 83,Diet 83 log2FC,Diet 83 padj,TRUE,Placed/host-assigned,64.10761510898442,2.5772103840146214,0.655385482537825,3.9323580590082416,8.411664854317095e-5,0.00242599281063692,TRUE,2.5772103840146214,Upregulated,Infected diet 83,TRUE,,,N.S.
Protein-Anabolism,Nutrient Sensing & TOR/Insulin Signaling,Insulin & Growth Signaling Pathway Regulators,LOC126281978,mast/stem cell growth factor receptor kita-like,mast/stem cell growth factor receptor kita-like,protein_coding,NC_064926.1,Chromosome7,assembled-molecule,7,Chromosome,Nuclear chromosome,infection_diet50,Diet 50: infected vs control,Within-diet infection response,50,2,1,Infected diet 50,Control diet 50,Diet 50 log2FC,Diet 50 padj,TRUE,Placed/host-assigned,446.1260925893923,2.0496086559072886,0.5235210420285143,3.9150454162559782,9.038719222952096e-5,0.00152793277582247,TRUE,2.0496086559072886,Upregulated,Infected diet 50,TRUE,,,N.S.
Protein-Anabolism,Nutrient Sensing & TOR/Insulin Signaling,Insulin & Growth Signaling Pathway Regulators,LOC126282034,vascular endothelial growth factor receptor kdr-like,vascular endothelial growth factor receptor kdr-like,protein_coding,NC_064926.1,Chromosome7,assembled-molecule,7,Chromosome,Nuclear chromosome,infection_diet33,Diet 33: infected vs control,Within-diet infection response,33,1,1,Infected diet 33,Control diet 33,Diet 33 log2FC,Diet 33 padj,TRUE,Placed/host-assigned,5163.3555272601,2.6057605229669076,0.3964836737712197,6.572176095378122,4.9585169520753955e-11,1.4347361006983372e-8,TRUE,2.6057605229669076,Upregulated,Infected diet 33,TRUE,,,N.S.
Protein-Anabolism,Nutrient Sensing & TOR/Insulin Signaling,Insulin & Growth Signaling Pathway Regulators,LOC126282034,vascular endothelial growth factor receptor kdr-like,vascular endothelial growth factor receptor kdr-like,protein_coding,NC_064926.1,Chromosome7,assembled-molecule,7,Chromosome,Nuclear chromosome,infection_diet50,Diet 50: infected vs control,Within-diet infection response,50,2,1,Infected diet 50,Control diet 50,Diet 50 log2FC,Diet 50 padj,TRUE,Placed/host-assigned,5163.3555272601,2.842487690127015,0.41464088366542873,6.855300097277917,7.116297008468971e-12,1.971911947523206e-9,TRUE,2.842487690127015,Upregulated,Infected diet 50,TRUE,,,N.S.
Protein-Anabolism,Nutrient Sensing & TOR/Insulin Signaling,Insulin & Growth Signaling Pathway Regulators,LOC126282034,vascular endothelial growth factor receptor kdr-like,vascular endothelial growth factor receptor kdr-like,protein_coding,NC_064926.1,Chromosome7,assembled-molecule,7,Chromosome,Nuclear chromosome,infection_diet83,Diet 83: infected vs control,Within-diet infection response,83,3,1,Infected diet 83,Control diet 83,Diet 83 log2FC,Diet 83 padj,TRUE,Placed/host-assigned,5163.3555272601,2.672811894512488,0.4376762885943178,6.106823614084147,1.0163344965736292e-9,4.633173905025333e-7,TRUE,2.672811894512488,Upregulated,Infected diet 83,TRUE,,,N.S.
Protein-Anabolism,Nutrient Sensing & TOR/Insulin Signaling,Insulin & Growth Signaling Pathway Regulators,LOC126282035,vascular endothelial growth factor receptor kdr-like,vascular endothelial growth factor receptor kdr-like,protein_coding,NC_064926.1,Chromosome7,assembled-molecule,7,Chromosome,Nuclear chromosome,infection_diet33,Diet 33: infected vs control,Within-diet infection response,33,1,1,Infected diet 33,Control diet 33,Diet 33 log2FC,Diet 33 padj,TRUE,Placed/host-assigned,9389.919716116774,1.1022093240083153,0.36789753074667136,2.9959682571701736,0.0027357491040798,0.02608863721346347,TRUE,1.1022093240083153,Upregulated,Infected diet 33,TRUE,,,N.S.
Protein-Anabolism,Nutrient Sensing & TOR/Insulin Signaling,Insulin & Growth Signaling Pathway Regulators,LOC126282035,vascular endothelial growth factor receptor kdr-like,vascular endothelial growth factor receptor kdr-like,protein_coding,NC_064926.1,Chromosome7,assembled-molecule,7,Chromosome,Nuclear chromosome,infection_diet50,Diet 50: infected vs control,Within-diet infection response,50,2,1,Infected diet 50,Control diet 50,Diet 50 log2FC,Diet 50 padj,TRUE,Placed/host-assigned,9389.919716116774,1.215469799006107,0.38479384198940875,3.1587558489035334,0.00158444166559527,0.01204505016401301,TRUE,1.215469799006107,Upregulated,Infected diet 50,TRUE,,,N.S.
Protein-Anabolism,Nutrient Sensing & TOR/Insulin Signaling,Insulin & Growth Signaling Pathway Regulators,LOC126282035,vascular endothelial growth factor receptor kdr-like,vascular endothelial growth factor receptor kdr-like,protein_coding,NC_064926.1,Chromosome7,assembled-molecule,7,Chromosome,Nuclear chromosome,infection_diet83,Diet 83: infected vs control,Within-diet infection response,83,3,1,Infected diet 83,Control diet 83,Diet 83 log2FC,Diet 83 padj,TRUE,Placed/host-assigned,9389.919716116774,1.2413155227999668,0.4062051620435723,3.055883181186198,0.00224398666253998,0.02508733128994185,TRUE,1.2413155227999668,Upregulated,Infected diet 83,TRUE,,,N.S.
Protein-Anabolism,Nutrient Sensing & TOR/Insulin Signaling,Insulin & Growth Signaling Pathway Regulators,LOC126322939,glucose dependent insulinotropic receptor,glucose-dependent insulinotropic receptor-like,protein_coding,NC_064920.1,Chromosome1,assembled-molecule,1,Chromosome,Nuclear chromosome,infection_diet50,Diet 50: infected vs control,Within-diet infection response,50,2,1,Infected diet 50,Control diet 50,Diet 50 log2FC,Diet 50 padj,TRUE,Placed/host-assigned,42.176444288554464,1.793080255253095,0.5682583803308322,3.15539606157535,0.00160280363282696,0.01213763322608939,TRUE,1.793080255253095,Upregulated,Infected diet 50,TRUE,,,N.S.
Protein-Anabolism,Nutrient Sensing & TOR/Insulin Signaling,Insulin & Growth Signaling Pathway Regulators,LOC126336578,vascular endothelial growth factor receptor 1-like,vascular endothelial growth factor receptor 1-like,protein_coding,NC_064921.1,Chromosome2,assembled-molecule,2,Chromosome,Nuclear chromosome,infection_diet33,Diet 33: infected vs control,Within-diet infection response,33,1,1,Infected diet 33,Control diet 33,Diet 33 log2FC,Diet 33 padj,TRUE,Placed/host-assigned,5854.885818234629,5.261235727500272,0.7056013374733716,7.456385706891922,8.892816699342269e-14,6.229652119381347e-11,TRUE,5.261235727500272,Upregulated,Infected diet 33,TRUE,,,N.S.
Protein-Anabolism,Nutrient Sensing & TOR/Insulin Signaling,Insulin & Growth Signaling Pathway Regulators,LOC126336578,vascular endothelial growth factor receptor 1-like,vascular endothelial growth factor receptor 1-like,protein_coding,NC_064921.1,Chromosome2,assembled-molecule,2,Chromosome,Nuclear chromosome,infection_diet50,Diet 50: infected vs control,Within-diet infection response,50,2,1,Infected diet 50,Control diet 50,Diet 50 log2FC,Diet 50 padj,TRUE,Placed/host-assigned,5854.885818234629,4.285035015150723,0.7376308858380226,5.809185999963239,6.277731480501454e-9,5.650758043467933e-7,TRUE,4.285035015150723,Upregulated,Infected diet 50,TRUE,,,N.S.
Protein-Anabolism,Nutrient Sensing & TOR/Insulin Signaling,Insulin & Growth Signaling Pathway Regulators,LOC126336578,vascular endothelial growth factor receptor 1-like,vascular endothelial growth factor receptor 1-like,protein_coding,NC_064921.1,Chromosome2,assembled-molecule,2,Chromosome,Nuclear chromosome,infection_diet83,Diet 83: infected vs control,Within-diet infection response,83,3,1,Infected diet 83,Control diet 83,Diet 83 log2FC,Diet 83 padj,TRUE,Placed/host-assigned,5854.885818234629,3.238401924872243,0.7785775587182555,4.159382567105464,3.19109033066455e-5,0.00118343850632674,TRUE,3.238401924872243,Upregulated,Infected diet 83,TRUE,,,N.S.
Protein-Anabolism,Nutrient Sensing & TOR/Insulin Signaling,TOR Pathway Regulators,LOC126334818,ribosomal protein S6 kinase alpha-5-like,ribosomal protein S6 kinase alpha-5-like,protein_coding,NC_064921.1,Chromosome2,assembled-molecule,2,Chromosome,Nuclear chromosome,infection_diet33,Diet 33: infected vs control,Within-diet infection response,33,1,1,Infected diet 33,Control diet 33,Diet 33 log2FC,Diet 33 padj,TRUE,Placed/host-assigned,2930.4754143368964,1.7811932326479027,0.3120844719160948,5.707407426303427,1.1470997292022218e-8,1.5740100407919145e-6,TRUE,1.7811932326479027,Upregulated,Infected diet 33,TRUE,,,N.S.
Protein-Anabolism,Nutrient Sensing & TOR/Insulin Signaling,TOR Pathway Regulators,LOC126334818,ribosomal protein S6 kinase alpha-5-like,ribosomal protein S6 kinase alpha-5-like,protein_coding,NC_064921.1,Chromosome2,assembled-molecule,2,Chromosome,Nuclear chromosome,infection_diet50,Diet 50: infected vs control,Within-diet infection response,50,2,1,Infected diet 50,Control diet 50,Diet 50 log2FC,Diet 50 padj,TRUE,Placed/host-assigned,2930.4754143368964,2.2323461498650827,0.32629731500844433,6.841448112459372,7.839660095201058e-12,2.051668082692247e-9,TRUE,2.2323461498650827,Upregulated,Infected diet 50,TRUE,,,N.S.
Protein-Anabolism,Nutrient Sensing & TOR/Insulin Signaling,TOR Pathway Regulators,LOC126334818,ribosomal protein S6 kinase alpha-5-like,ribosomal protein S6 kinase alpha-5-like,protein_coding,NC_064921.1,Chromosome2,assembled-molecule,2,Chromosome,Nuclear chromosome,infection_diet83,Diet 83: infected vs control,Within-diet infection response,83,3,1,Infected diet 83,Control diet 83,Diet 83 log2FC,Diet 83 padj,TRUE,Placed/host-assigned,2930.4754143368964,1.466675802386002,0.3443869519150824,4.258801891970777,2.05525513417335e-5,8.43604816053847e-4,TRUE,1.466675802386002,Upregulated,Infected diet 83,TRUE,,,N.S.
Protein-Anabolism,Protein Synthesis & Translation,Cofactor & Heme Biosynthesis,LOC126297581,"5-aminolevulinate synthase, erythroid-specific, mitochondrial (heme synthesis)","5-aminolevulinate synthase, erythroid-specific, mitochondrial",protein_coding,NC_064931.1,ChromosomeX,assembled-molecule,X,Chromosome,Nuclear chromosome,infection_diet33,Diet 33: infected vs control,Within-diet infection response,33,1,1,Infected diet 33,Control diet 33,Diet 33 log2FC,Diet 33 padj,TRUE,Placed/host-assigned,930.4138377255458,1.973846767020902,0.4215991839638591,4.68180879398976,2.843546512778719e-6,1.4282114749088586e-4,TRUE,1.973846767020902,Upregulated,Infected diet 33,TRUE,,,N.S.
Protein-Anabolism,Protein Synthesis & Translation,Cofactor & Heme Biosynthesis,LOC126297581,"5-aminolevulinate synthase, erythroid-specific, mitochondrial (heme synthesis)","5-aminolevulinate synthase, erythroid-specific, mitochondrial",protein_coding,NC_064931.1,ChromosomeX,assembled-molecule,X,Chromosome,Nuclear chromosome,infection_diet50,Diet 50: infected vs control,Within-diet infection response,50,2,1,Infected diet 50,Control diet 50,Diet 50 log2FC,Diet 50 padj,TRUE,Placed/host-assigned,930.4138377255458,2.6001423163689323,0.4405131576633778,5.902530426471064,3.5796807159863812e-9,3.587804814065215e-7,TRUE,2.6001423163689323,Upregulated,Infected diet 50,TRUE,,,N.S.
Protein-Anabolism,Protein Synthesis & Translation,Cofactor & Heme Biosynthesis,LOC126297581,"5-aminolevulinate synthase, erythroid-specific, mitochondrial (heme synthesis)","5-aminolevulinate synthase, erythroid-specific, mitochondrial",protein_coding,NC_064931.1,ChromosomeX,assembled-molecule,X,Chromosome,Nuclear chromosome,infection_diet83,Diet 83: infected vs control,Within-diet infection response,83,3,1,Infected diet 83,Control diet 83,Diet 83 log2FC,Diet 83 padj,TRUE,Placed/host-assigned,930.4138377255458,1.5643800564170336,0.4654918446540679,3.3607034674895515,7.774424433046698e-4,0.01182626078795019,TRUE,1.5643800564170336,Upregulated,Infected diet 83,TRUE,,,N.S.
Protein-Anabolism,Protein Synthesis & Translation,Translation Initiation & Elongation Factors,LOC126272860,translation initiation factor IF-2-like,translation initiation factor IF-2-like,protein_coding,NC_064924.1,Chromosome5,assembled-molecule,5,Chromosome,Nuclear chromosome,infection_diet33,Diet 33: infected vs control,Within-diet infection response,33,1,1,Infected diet 33,Control diet 33,Diet 33 log2FC,Diet 33 padj,TRUE,Placed/host-assigned,104.00033586411833,-2.317112469938015,0.5724102083019595,-4.047992918944739,5.1658708896880385e-5,0.00143245294878641,TRUE,-2.317112469938015,Downregulated,Control diet 33,TRUE,,,N.S.
Protein-Anabolism,Protein Synthesis & Translation,Translation Initiation & Elongation Factors,LOC126272860,translation initiation factor IF-2-like,translation initiation factor IF-2-like,protein_coding,NC_064924.1,Chromosome5,assembled-molecule,5,Chromosome,Nuclear chromosome,infection_diet50,Diet 50: infected vs control,Within-diet infection response,50,2,1,Infected diet 50,Control diet 50,Diet 50 log2FC,Diet 50 padj,TRUE,Placed/host-assigned,104.00033586411833,-4.117032170531568,0.610330691003469,-6.745576178976993,1.5242093771634682e-11,3.474214019044215e-9,TRUE,-4.117032170531568,Downregulated,Control diet 50,TRUE,,,N.S.
Protein-Anabolism,Protein Synthesis & Translation,Translation Initiation & Elongation Factors,LOC126272860,translation initiation factor IF-2-like,translation initiation factor IF-2-like,protein_coding,NC_064924.1,Chromosome5,assembled-molecule,5,Chromosome,Nuclear chromosome,infection_diet83,Diet 83: infected vs control,Within-diet infection response,83,3,1,Infected diet 83,Control diet 83,Diet 83 log2FC,Diet 83 padj,TRUE,Placed/host-assigned,104.00033586411833,-4.160595321071847,0.6765019495222051,-6.15016013480872,7.740475527072607e-10,3.646280004953003e-7,TRUE,-4.160595321071847,Downregulated,Control diet 83,TRUE,,,N.S.
Protein-Anabolism,Protein Synthesis & Translation,Translation Initiation & Elongation Factors,LOC126277947,translation initiation factor IF-2-like,translation initiation factor IF-2-like,protein_coding,NC_064925.1,Chromosome6,assembled-molecule,6,Chromosome,Nuclear chromosome,infected_diet33_vs50,Infected: diet 50 vs 33,Diet comparison among infected,"50
vs
33",1,-1,Infected diet 50,Infected diet 33,inf33 vs inf50_log2FC,inf33 vs inf50_padj,TRUE,Placed/host-assigned,205.58634793463673,-5.234486071405743,1.249204511451901,-4.190255497333985,2.786405227377772e-5,0.00450250107916584,TRUE,5.234486071405743,Upregulated,Infected diet 50,TRUE,,,N.S.
Protein-Anabolism,Protein Synthesis & Translation,Translation Initiation & Elongation Factors,LOC126277947,translation initiation factor IF-2-like,translation initiation factor IF-2-like,protein_coding,NC_064925.1,Chromosome6,assembled-molecule,6,Chromosome,Nuclear chromosome,infection_diet33,Diet 33: infected vs control,Within-diet infection response,33,1,1,Infected diet 33,Control diet 33,Diet 33 log2FC,Diet 33 padj,TRUE,Placed/host-assigned,205.58634793463673,-4.212384360447669,1.3336591098453414,-3.1585165424590103,0.00158574309380686,0.01788664455810967,TRUE,-4.212384360447669,Downregulated,Control diet 33,TRUE,,,N.S.
Protein-Anabolism,Protein Synthesis & Translation,Translation Initiation & Elongation Factors,LOC126334929,eukaryotic translation initiation factor 4E-binding protein,eukaryotic translation initiation factor 4E-binding protein,protein_coding,NC_064921.1,Chromosome2,assembled-molecule,2,Chromosome,Nuclear chromosome,infection_diet50,Diet 50: infected vs control,Within-diet infection response,50,2,1,Infected diet 50,Control diet 50,Diet 50 log2FC,Diet 50 padj,TRUE,Placed/host-assigned,1171.46839920998,-1.2569722451842915,0.3971179593444264,-3.165236463390719,0.00154956963260701,0.01186911547317199,TRUE,-1.2569722451842915,Downregulated,Control diet 50,TRUE,,,N.S.
Protein-Anabolism,Storage Hexamerins & Reserves,Hexamerin Storage Proteins,LOC126334873,hexamerin-like,hexamerin-like,protein_coding,NC_064921.1,Chromosome2,assembled-molecule,2,Chromosome,Nuclear chromosome,infection_diet50,Diet 50: infected vs control,Within-diet infection response,50,2,1,Infected diet 50,Control diet 50,Diet 50 log2FC,Diet 50 padj,TRUE,Placed/host-assigned,31915.91410287188,-2.446452953433106,0.9394593912070957,-2.604107187953808,0.00921139436910523,0.04045227632821479,TRUE,-2.446452953433106,Downregulated,Control diet 50,TRUE,,,N.S.
Protein-Anabolism,Storage Hexamerins & Reserves,Hexamerin Storage Proteins,LOC126334879,hexamerin-like,hexamerin-like,protein_coding,NC_064921.1,Chromosome2,assembled-molecule,2,Chromosome,Nuclear chromosome,infection_diet50,Diet 50: infected vs control,Within-diet infection response,50,2,1,Infected diet 50,Control diet 50,Diet 50 log2FC,Diet 50 padj,TRUE,Placed/host-assigned,17160.587447065536,-4.173861522989428,1.189070284125636,-3.5101890768875883,4.4778815786900586e-4,0.00481960567174774,TRUE,-4.173861522989428,Downregulated,Control diet 50,TRUE,,,N.S.
Protein-Anabolism,Storage Hexamerins & Reserves,Hexamerin Storage Proteins,LOC126336409,hexamerin-like,hexamerin-like,protein_coding,NC_064921.1,Chromosome2,assembled-molecule,2,Chromosome,Nuclear chromosome,infected_diet33_vs50,Infected: diet 50 vs 33,Diet comparison among infected,"50
vs
33",1,-1,Infected diet 50,Infected diet 33,inf33 vs inf50_log2FC,inf33 vs inf50_padj,TRUE,Placed/host-assigned,245.90590597863576,-2.550845791716609,0.6630881156445753,-3.846918277576096,1.1961284424640948e-4,0.01144240053692413,TRUE,2.550845791716609,Upregulated,Infected diet 50,TRUE,,,N.S.
Protein-Anabolism,Storage Hexamerins & Reserves,Hexamerin Storage Proteins,LOC126336409,hexamerin-like,hexamerin-like,protein_coding,NC_064921.1,Chromosome2,assembled-molecule,2,Chromosome,Nuclear chromosome,infection_diet33,Diet 33: infected vs control,Within-diet infection response,33,1,1,Infected diet 33,Control diet 33,Diet 33 log2FC,Diet 33 padj,TRUE,Placed/host-assigned,245.90590597863576,-2.51308519413582,0.7083512407091979,-3.5477952881394423,3.884700256499515e-4,0.00654498233088715,TRUE,-2.51308519413582,Downregulated,Control diet 33,TRUE,,,N.S.
Protein-Anabolism,Storage Hexamerins & Reserves,Hexamerin Storage Proteins,LOC126336417,hexamerin-like,hexamerin-like,protein_coding,NC_064921.1,Chromosome2,assembled-molecule,2,Chromosome,Nuclear chromosome,infection_diet50,Diet 50: infected vs control,Within-diet infection response,50,2,1,Infected diet 50,Control diet 50,Diet 50 log2FC,Diet 50 padj,TRUE,Placed/host-assigned,19437.11705146449,-4.171344301477157,1.131783300815282,-3.685638671707139,2.2812982389477276e-4,0.0030243252075806,TRUE,-4.171344301477157,Downregulated,Control diet 50,TRUE,,,N.S.
