"heatmap_row_order","gene_id","Description","DEG_scope","n_infection_diets","infection_diets","directions","comparisons","max_abs_log2FC","min_padj","max_abs_sample_z","sample_with_max_abs_z","sample_deviation_direction"
1,"LOC126337066","Major Facilitator Superfamily","DEG in 1 diet",1,"83","Higher in infected","Diet 83: infected vs control",2.96324249725892,0.00543646829849198,2.43720599080229,"1042","Higher than gene average"
2,"LOC126355150","Belongs to the type-B carboxylesterase lipase family","DEG in 1 diet",1,"50","Higher in control","Diet 50: infected vs control",2.39482877089356,0.0223497588547278,2.33966732685033,"1042","Higher than gene average"
3,"LOC126298221","Amino acid binding. It is involved in the biological process described with metabolic process","DEG in 1 diet",1,"50","Higher in control","Diet 50: infected vs control",1.38943448846803,0.00536148250124965,2.54018540441088,"1016","Lower than gene average"
4,"LOC126341450","-","DEG in 1 diet",1,"50","Higher in control","Diet 50: infected vs control",1.50098811786687,0.0335379338569241,1.69708284084626,"1016","Lower than gene average"
5,"LOC126355249","-","DEG in 1 diet",1,"33","Higher in control","Diet 33: infected vs control",2.14065651251985,9.1601541965155e-05,2.44006955491874,"1014","Higher than gene average"
6,"LOC126336345","It is involved in the biological process described with regulation of transcription, DNA-templated","DEG in 1 diet",1,"33","Higher in control","Diet 33: infected vs control",1.46528228538728,0.000203902309662094,2.27741120637773,"1006","Higher than gene average"
7,"LOC126266822","heme binding. It is involved in the biological process described with oxidation-reduction process","DEG in 1 diet",1,"33","Higher in control","Diet 33: infected vs control",1.45252987819629,0.00189739511363621,2.36732524806111,"1014","Higher than gene average"
8,"LOC126278149","Carboxylic ester hydrolase activity","DEG in 2 diets",2,"33; 50","Higher in control","Diet 33; Diet 50: infected vs control",1.70800729740464,1.0436468595183e-06,2.58018586601989,"1014","Higher than gene average"
9,"LOC126358876","no description","DEG in 1 diet",1,"33","Higher in control","Diet 33: infected vs control",2.01397238928536,0.0371708673886556,2.26288315321286,"1014","Higher than gene average"
10,"LOC126358860","no description","DEG in 1 diet",1,"50","Higher in control","Diet 50: infected vs control",3.2381837480106,4.93528673954758e-05,2.59590580571058,"1040","Higher than gene average"
11,"LOC126358892","no description","DEG in 1 diet",1,"50","Higher in control","Diet 50: infected vs control",2.55867191120204,0.00136511516682171,2.75027635970003,"1040","Higher than gene average"
12,"LOC126271949","Chitin synthase","DEG in 1 diet",1,"33","Higher in control","Diet 33: infected vs control",1.17406580136242,0.00496530178446535,1.96926084759239,"1029","Lower than gene average"
13,"LOC126333297","no description","DEG in 1 diet",1,"50","Higher in control","Diet 50: infected vs control",1.58804123317455,0.0218844663022276,3.54362177984565,"1014","Higher than gene average"
14,"LOC126322960","Lysozyme activity","DEG in 2 diets",2,"33; 50","Higher in control","Diet 33; Diet 50: infected vs control",1.6570930078589,8.7502087243977e-05,1.98266552599681,"1050","Higher than gene average"
15,"LOC126355829","Ankyrin repeats (many copies)","DEG in 2 diets",2,"33; 50","Higher in control","Diet 33; Diet 50: infected vs control",1.61492200086372,0.00410392228023114,2.36370986416145,"1014","Higher than gene average"
16,"LOC126284170","Vasopressin receptor activity. It is involved in the biological process described with G-protein coupled receptor signaling pathway","DEG in 1 diet",1,"50","Higher in control","Diet 50: infected vs control",2.21282313581241,0.0130327490730113,2.37221398459215,"1014","Higher than gene average"
17,"LOC126354185","-","DEG in 3 diets",3,"33; 50; 83","Higher in control","Diet 33; Diet 50; Diet 83: infected vs control",1.40756510806421,0.00183142137650377,2.49980717675811,"1006","Higher than gene average"
18,"LOC126272831","UDP-glucoronosyl and UDP-glucosyl transferase","DEG in 1 diet",1,"50","Higher in control","Diet 50: infected vs control",3.0576445711542,0.0010039019327559,2.15760322535457,"1006","Higher than gene average"
19,"LOC126293692","synaptic vesicle","DEG in 2 diets",2,"33; 83","Higher in control","Diet 33; Diet 83: infected vs control",2.86818527105115,0.0019208378030744,2.30733642705059,"1005","Higher than gene average"
20,"LOC126292317","Hydrolase activity, acting on carbon-nitrogen (but not peptide) bonds, in cyclic amides. It is involved in the biological process described with pyrimidine nucleobase catabolic process","DEG in 1 diet",1,"33","Higher in control","Diet 33: infected vs control",2.48301727621679,0.0467299153701933,3.45017455262161,"1030","Higher than gene average"
21,"LOC126284808","Spermine synthase activity. It is involved in the biological process described with spermine biosynthetic process","DEG in 1 diet",1,"83","Higher in control","Diet 83: infected vs control",1.07536413260125,0.0162459585121495,2.10804129807112,"1058","Lower than gene average"
22,"LOC126354283","Belongs to the UDP-glycosyltransferase family","DEG in 1 diet",1,"33","Higher in control","Diet 33: infected vs control",2.06847631277471,0.0236014565067613,1.76001612799095,"1027","Lower than gene average"
23,"LOC126341869","no description","DEG in 2 diets",2,"33; 50","Higher in control","Diet 33; Diet 50: infected vs control",1.79034685505029,0.00180045523813393,1.75502400733685,"1011","Higher than gene average"
24,"LOC126335014","Belongs to the short-chain dehydrogenases reductases (SDR) family","DEG in 2 diets",2,"33; 50","Higher in control","Diet 33; Diet 50: infected vs control",2.97632117728253,0.00235423478229093,1.8252089679704,"1006","Higher than gene average"
25,"LOC126336473","Belongs to the short-chain dehydrogenases reductases (SDR) family","DEG in 1 diet",1,"33","Higher in control","Diet 33: infected vs control",2.88405766143715,0.00207956757544056,2.9245307091987,"1006","Higher than gene average"
26,"LOC126334873","Larval serum protein","DEG in 1 diet",1,"50","Higher in control","Diet 50: infected vs control",2.228489967154,0.0290043023490223,2.02384937683848,"1057","Lower than gene average"
27,"LOC126334879","Larval serum protein","DEG in 1 diet",1,"50","Higher in control","Diet 50: infected vs control",4.37424173914471,4.86148515122781e-05,1.70678886253272,"1057","Lower than gene average"
28,"LOC126336417","Larval serum protein","DEG in 1 diet",1,"50","Higher in control","Diet 50: infected vs control",3.83612056350969,0.00238881890911941,1.70888492792899,"1057","Lower than gene average"
29,"LOC126271928","WIF domain","DEG in 2 diets",2,"33; 50","Higher in control","Diet 33; Diet 50: infected vs control",1.48723253796929,3.46999660723e-06,2.25973199903145,"1024","Lower than gene average"
30,"LOC126278137","no description","DEG in 2 diets",2,"33; 50","Higher in control","Diet 33; Diet 50: infected vs control",2.09077698149203,0.000208330820164805,1.71163055480494,"1020","Lower than gene average"
31,"LOC126291966","Gamma interferon inducible lysosomal thiol reductase (GILT)","DEG in 1 diet",1,"33","Higher in control","Diet 33: infected vs control",1.67586857633815,0.045578016125762,2.41762020732553,"1006","Higher than gene average"
32,"LOC126291424","no description","DEG in 1 diet",1,"33","Higher in control","Diet 33: infected vs control",2.8463601840636,0.0141020463628833,3.00466645097384,"1006","Higher than gene average"
33,"LOC126284786","Belongs to the peptidase S1 family","DEG in 1 diet",1,"50","Higher in control","Diet 50: infected vs control",1.80054525768987,0.0193370091238416,2.51053488718498,"1006","Higher than gene average"
34,"LOC126354282","Belongs to the UDP-glycosyltransferase family","DEG in 3 diets",3,"33; 50; 83","Higher in control","Diet 33; Diet 50; Diet 83: infected vs control",2.60868260644788,0.000954713104715316,3.10816637256175,"1030","Higher than gene average"
35,"LOC126292093","no description","DEG in 1 diet",1,"50","Higher in control","Diet 50: infected vs control",2.55603878110801,6.59189483324742e-06,2.19078673664476,"1009","Higher than gene average"
36,"LOC126282268","no description","DEG in 1 diet",1,"83","Higher in control","Diet 83: infected vs control",2.3878989665922,0.0316147066878615,1.80963514210365,"1030","Higher than gene average"
37,"LOC126305900","heme binding. It is involved in the biological process described with oxidation-reduction process","DEG in 1 diet",1,"33","Higher in control","Diet 33: infected vs control",1.93982186468523,0.00559968049108962,1.69741243255698,"1009","Higher than gene average"
38,"LOC126284300","no description","DEG in 1 diet",1,"33","Higher in control","Diet 33: infected vs control",1.61449110896629,0.00963510279305262,1.90535875938004,"1006","Higher than gene average"
39,"LOC126281862","zinc finger","DEG in 2 diets",2,"33; 50","Higher in control","Diet 33; Diet 50: infected vs control",1.70901733187207,0.000746949667546094,2.95558523619696,"1006","Higher than gene average"
40,"LOC126267982","serine-type endopeptidase activity. It is involved in the biological process described with proteolysis","DEG in 2 diets",2,"33; 50","Higher in control","Diet 33; Diet 50: infected vs control",2.5652884677639,0.00212131925114749,1.76855899026811,"1039","Higher than gene average"
41,"LOC126267568","no description","DEG in 3 diets",3,"33; 50; 83","Higher in control","Diet 33; Diet 50; Diet 83: infected vs control",3.51268058150843,0.000325555408772524,3.20923431602923,"1006","Higher than gene average"
42,"LOC126284231","no description","DEG in 2 diets",2,"33; 50","Higher in control","Diet 33; Diet 50: infected vs control",3.0991709329704,1.35986070163258e-09,2.81630379582344,"1006","Higher than gene average"
43,"LOC126284107","no description","DEG in 1 diet",1,"83","Higher in control","Diet 83: infected vs control",3.1145785380784,0.0205202597443887,2.02737412742164,"1039","Higher than gene average"
44,"LOC126285254","no description","DEG in 1 diet",1,"50","Higher in control","Diet 50: infected vs control",2.43106813504155,0.0117426116627591,2.33760196407102,"1039","Higher than gene average"
45,"LOC126285253","no description","DEG in 1 diet",1,"83","Higher in control","Diet 83: infected vs control",3.64230159293294,0.0192431776949003,2.26640335492306,"1039","Higher than gene average"
46,"LOC126335081","Transmembrane and TPR repeat-containing protein","DEG in 1 diet",1,"50","Higher in control","Diet 50: infected vs control",1.11172569549905,0.0100054854187388,2.38938592751815,"1046","Lower than gene average"
47,"LOC126336948","carbohydrate binding. It is involved in the biological process described with mannose metabolic process","DEG in 3 diets",3,"33; 50; 83","Higher in control","Diet 33; Diet 50; Diet 83: infected vs control",3.4184157184366,0.000152162267498217,2.15088813233006,"1041","Higher than gene average"
48,"LOC126277893","Myo-inositol oxygenase","DEG in 1 diet",1,"50","Higher in control","Diet 50: infected vs control",3.65103216465202,0.00323168629831107,1.45155047262514,"1058","Lower than gene average"
49,"LOC126267464","It is involved in the biological process described with nucleobase-containing compound metabolic process","DEG in 1 diet",1,"50","Higher in control","Diet 50: infected vs control",1.81978079164337,0.0033719691028611,1.94667181871559,"1014","Higher than gene average"
50,"LOC126364572","no description","DEG in 1 diet",1,"50","Higher in control","Diet 50: infected vs control",1.62728142248645,0.0284230610963884,1.96103345580351,"1014","Higher than gene average"
51,"LOC126297938","sequence-specific DNA binding. It is involved in the biological process described with regulation of transcription, DNA-templated","DEG in 1 diet",1,"50","Higher in control","Diet 50: infected vs control",1.02029860832003,0.0259058417477986,1.98272485346396,"1050","Higher than gene average"
52,"LOC126355348","sequence-specific DNA binding. It is involved in the biological process described with regulation of transcription, DNA-templated","DEG in 1 diet",1,"50","Higher in control","Diet 50: infected vs control",2.07726890601017,0.000167308332893978,1.97271368475023,"1014","Higher than gene average"
53,"LOC126284252","Thrombospondin type 1 repeats","DEG in 1 diet",1,"50","Higher in control","Diet 50: infected vs control",1.60934103560447,0.00503606943577677,1.8785631508164,"1040","Higher than gene average"
54,"LOC126284232","Tetratricopeptide repeat","DEG in 1 diet",1,"50","Higher in control","Diet 50: infected vs control",1.18468438360513,0.0427414415131259,2.01132808391399,"1029","Lower than gene average"
55,"LOC126335453","Leucine Rich Repeat","DEG in 1 diet",1,"33","Higher in control","Diet 33: infected vs control",1.72385543539505,0.010719261035003,2.04368465734361,"1020","Lower than gene average"
56,"LOC126272400","Low-density lipoprotein receptor domain class A","DEG in 1 diet",1,"33","Higher in control","Diet 33: infected vs control",1.30626762847029,0.016070503942246,2.55074897811614,"1011","Higher than gene average"
57,"LOC126272584","Catalytic activity","DEG in 1 diet",1,"50","Higher in control","Diet 50: infected vs control",1.211771349646,0.00243014478943658,1.96800899780095,"1050","Higher than gene average"
58,"LOC126284742","Carbohydrate sulfotransferase","DEG in 1 diet",1,"50","Higher in control","Diet 50: infected vs control",1.39946689409573,0.0287878581910832,2.10827526235189,"1016","Lower than gene average"
59,"LOC126355146","no description","DEG in 1 diet",1,"50","Higher in control","Diet 50: infected vs control",1.61991107222521,0.0366554114686587,2.41734943532196,"1023","Lower than gene average"
60,"LOC126284862","transferase activity, transferring hexosyl groups. It is involved in the biological process described with metabolic process","DEG in 1 diet",1,"50","Higher in control","Diet 50: infected vs control",1.7929406656889,0.00084838548289194,1.84092744554178,"1009","Higher than gene average"
61,"LOC126284387","Sulfatase","DEG in 1 diet",1,"50","Higher in control","Diet 50: infected vs control",1.69847061997484,0.0127597743827943,2.17532532077175,"1050","Higher than gene average"
62,"LOC126268126","Pyridoxal-dependent decarboxylase conserved domain","DEG in 1 diet",1,"50","Higher in control","Diet 50: infected vs control",2.46621708574979,0.000119402986041641,2.76697053711591,"1050","Higher than gene average"
63,"LOC126271871","GTP binding. It is involved in the biological process described with protein transport","DEG in 1 diet",1,"33","Higher in control","Diet 33: infected vs control",1.11261751192729,0.0394271207366401,2.48761070189663,"1024","Lower than gene average"
64,"LOC126284858","transferase activity, transferring hexosyl groups. It is involved in the biological process described with metabolic process","DEG in 1 diet",1,"50","Higher in control","Diet 50: infected vs control",2.8644626851728,0.00375475233038452,2.35132314488378,"1040","Higher than gene average"
65,"LOC126269044","SERine  Proteinase INhibitors","DEG in 1 diet",1,"50","Higher in control","Diet 50: infected vs control",1.75647244743393,0.0354188817483493,4.13166480142875,"1050","Higher than gene average"
66,"LOC126326589","protein serine threonine kinase activity. It is involved in the biological process described with protein phosphorylation","DEG in 2 diets",2,"33; 50","Higher in control","Diet 33; Diet 50: infected vs control",1.48289886938301,0.000894376616345606,2.08809072729081,"1011","Higher than gene average"
67,"LOC126281934","Mab-21 protein","DEG in 1 diet",1,"33","Higher in control","Diet 33: infected vs control",1.81603888486707,0.000453677631943147,2.16423962758153,"1020","Lower than gene average"
68,"LOC126335181","Hairy Orange","DEG in 1 diet",1,"50","Higher in control","Diet 50: infected vs control",1.48690853386168,0.0118632886727624,2.2572291105315,"1040","Higher than gene average"
69,"LOC126365980","Limb expression 1","DEG in 1 diet",1,"50","Higher in control","Diet 50: infected vs control",1.4454401078507,0.0400962993170707,1.94193772061076,"1027","Lower than gene average"
70,"LOC126284736","no description","DEG in 1 diet",1,"50","Higher in control","Diet 50: infected vs control",2.54094675227643,0.00799008094473249,2.51592411078873,"1040","Higher than gene average"
71,"LOC126355865","C-type lectin (CTL) or carbohydrate-recognition domain (CRD)","DEG in 1 diet",1,"50","Higher in control","Diet 50: infected vs control",2.20616235260785,0.0437894584133356,3.08460237411185,"1050","Higher than gene average"
72,"LOC126354720","Domain present in fly proteins (CG14681, CG12492, CG6217), worm H06A10.1 and Arabidopsis thaliana MBG8.9.","DEG in 1 diet",1,"50","Higher in control","Diet 50: infected vs control",1.93634263670771,0.00269953180923897,2.16800751023639,"1040","Higher than gene average"
73,"LOC126280740","EB module","DEG in 1 diet",1,"50","Higher in control","Diet 50: infected vs control",1.79406336255677,0.0473541781604947,2.33784860132215,"1050","Higher than gene average"
74,"LOC126293286","Fibrillar collagens C-terminal domain","DEG in 2 diets",2,"33; 50","Higher in control","Diet 33; Diet 50: infected vs control",2.17920184110599,4.26072713679147e-18,2.16869053006107,"1006","Higher than gene average"
75,"LOC126299514","collagen","DEG in 2 diets",2,"33; 50","Higher in control","Diet 33; Diet 50: infected vs control",1.59200782710155,1.18498326522341e-05,2.4218243184928,"1006","Higher than gene average"
76,"LOC126354620","Catalyzes the reduction of fatty acyl-CoA to fatty alcohols","DEG in 1 diet",1,"33","Higher in control","Diet 33: infected vs control",2.3495100223854,2.41296214602274e-07,2.47892016359587,"1006","Higher than gene average"
77,"LOC126284624","DNA binding. It is involved in the biological process described with regulation of transcription, DNA-templated","DEG in 2 diets",2,"33; 50","Higher in control","Diet 33; Diet 50: infected vs control",2.53161768348342,0.0179969967829255,1.73522117141277,"1009","Higher than gene average"
78,"LOC126284712","Found in Pit-Oct-Unc transcription factors","DEG in 1 diet",1,"33","Higher in control","Diet 33: infected vs control",1.0427088402114,0.0155353028102418,2.10924706047337,"1058","Lower than gene average"
79,"LOC126329244","Calcium ion binding","DEG in 1 diet",1,"50","Higher in control","Diet 50: infected vs control",1.04169328236584,0.0213743822851899,1.989727103576,"1006","Higher than gene average"
80,"LOC126356808","G-protein coupled receptor activity. It is involved in the biological process described with G-protein coupled receptor signaling pathway","DEG in 1 diet",1,"50","Higher in control","Diet 50: infected vs control",1.42506443517547,0.0457588238688664,2.34481839105196,"1020","Lower than gene average"
81,"LOC126355893","-","DEG in 1 diet",1,"33","Higher in control","Diet 33: infected vs control",1.33171113589775,0.0447497027698012,2.56236184501669,"1050","Higher than gene average"
82,"LOC126353877","Acid phosphatase homologues","DEG in 1 diet",1,"50","Higher in control","Diet 50: infected vs control",1.07048556603852,0.00463432895132849,3.06143626766567,"1050","Higher than gene average"
83,"LOC126355630","no description","DEG in 1 diet",1,"50","Higher in control","Diet 50: infected vs control",1.08365165055613,0.0374182926053614,2.34570788135965,"1050","Higher than gene average"
84,"LOC126354319","SWI complex, BAF60b domains","DEG in 1 diet",1,"33","Higher in control","Diet 33: infected vs control",1.02716462971824,0.00228632516540617,2.37632539529713,"1003","Higher than gene average"
85,"LOC126361173","Protein kinase C conserved region 2 (CalB)","DEG in 1 diet",1,"33","Higher in control","Diet 33: infected vs control",1.37086344637072,0.0114102387182712,2.827461380025,"1002","Lower than gene average"
86,"LOC126355885","Pyridoxamine 5'-phosphate oxidase","DEG in 1 diet",1,"33","Higher in control","Diet 33: infected vs control",2.0206809657696,0.00252307682461171,2.01740116905736,"1016","Higher than gene average"
87,"LOC126293507","sequence-specific DNA binding","DEG in 1 diet",1,"33","Higher in control","Diet 33: infected vs control",1.02576742019946,0.0420777065457377,2.13254036158606,"1050","Higher than gene average"
88,"LOC126278971","ATP binding","DEG in 1 diet",1,"50","Higher in control","Diet 50: infected vs control",1.01113864436627,0.0491646290845444,3.37397007391257,"1009","Higher than gene average"
89,"LOC126267449","no description","DEG in 1 diet",1,"33","Higher in control","Diet 33: infected vs control",3.55531971459414,0.0242922554546216,3.86165425169351,"1050","Higher than gene average"
90,"LOC126298992","Serpentine type 7TM GPCR chemoreceptor Srsx","DEG in 1 diet",1,"50","Higher in control","Diet 50: infected vs control",1.4694917529983,0.0333564151919699,2.40940474379149,"1050","Higher than gene average"
91,"LOC126299143","Belongs to the peptidase S1 family","DEG in 1 diet",1,"50","Higher in control","Diet 50: infected vs control",1.64156668400051,0.0220346889919224,3.11637946465438,"1050","Higher than gene average"
92,"LOC126335186","Glycosyltransferase family 92","DEG in 1 diet",1,"50","Higher in control","Diet 50: infected vs control",2.51576034381109,0.00518715795530665,3.87974701055435,"1050","Higher than gene average"
93,"LOC126334853","-","DEG in 1 diet",1,"50","Higher in control","Diet 50: infected vs control",2.35594856931262,0.0322792571986285,4.72789453960835,"1050","Higher than gene average"
94,"LOC126336664","Tubulin-tyrosine ligase family","DEG in 1 diet",1,"50","Higher in control","Diet 50: infected vs control",1.27953934377238,0.00391218672596792,1.8482858828586,"1034","Higher than gene average"
95,"LOC126337076","Hydrolase activity, acting on glycosyl bonds","DEG in 1 diet",1,"50","Higher in control","Diet 50: infected vs control",1.03885025140565,0.00545815355660877,2.61061907136209,"1034","Higher than gene average"
96,"LOC126336563","COMM domain","DEG in 1 diet",1,"50","Higher in control","Diet 50: infected vs control",1.10854754875178,0.0138124595265272,3.72846165971476,"1002","Higher than gene average"
97,"LOC126272836","OST3 / OST6 family, transporter family","DEG in 1 diet",1,"50","Higher in control","Diet 50: infected vs control",1.08369137576594,0.00281864765783465,2.00815713174386,"1016","Lower than gene average"
98,"LOC126354887","It is involved in the biological process described with cotranslational protein targeting to membrane","DEG in 1 diet",1,"50","Higher in control","Diet 50: infected vs control",1.01341381621241,0.0044113679430338,2.14090102122822,"1037","Higher than gene average"
99,"LOC126358212","Lytic polysaccharide mono-oxygenase, cellulose-degrading","DEG in 1 diet",1,"50","Higher in control","Diet 50: infected vs control",1.88067320627091,0.0095720458350044,2.68007540131129,"1035","Higher than gene average"
100,"LOC126273842","AAA domain","DEG in 1 diet",1,"83","Higher in control","Diet 83: infected vs control",1.03765731750798,0.0147082893188204,2.48497959345185,"1002","Higher than gene average"
101,"LOC126278345","-","DEG in 1 diet",1,"50","Higher in control","Diet 50: infected vs control",1.06238050127439,0.00339077299421969,2.47599000338483,"1037","Higher than gene average"
102,"LOC126271206","no description","DEG in 1 diet",1,"50","Higher in control","Diet 50: infected vs control",1.59430424644366,0.0398441974866805,2.14977246946468,"1037","Higher than gene average"
103,"LOC126272063","no description","DEG in 1 diet",1,"50","Higher in control","Diet 50: infected vs control",1.09724515180501,0.00468668366562913,2.26459694870553,"1049","Lower than gene average"
104,"LOC126284111","TLC domain","DEG in 1 diet",1,"83","Higher in control","Diet 83: infected vs control",1.379947469145,1.84010449450943e-14,2.09225367203843,"1027","Lower than gene average"
105,"LOC126354806","no description","DEG in 1 diet",1,"83","Higher in control","Diet 83: infected vs control",1.254476586363,0.000381762303918312,2.57461172269179,"1023","Lower than gene average"
106,"LOC126336557","-","DEG in 2 diets",2,"33; 50","Higher in control","Diet 33; Diet 50: infected vs control",1.12740599864707,0.000247967124668589,3.2429422515033,"1023","Lower than gene average"
107,"LOC126285032","-","DEG in 2 diets",2,"33; 50","Higher in control","Diet 33; Diet 50: infected vs control",1.76456115891377,0.0027361212449991,2.44254352578327,"1004","Higher than gene average"
108,"LOC126334561","S-adenosyl-L-homocysteine hydrolase, NAD binding domain","DEG in 1 diet",1,"50","Higher in control","Diet 50: infected vs control",1.06342026328299,0.00563788174561087,2.40178191137942,"1007","Higher than gene average"
109,"LOC126276633","Calcium ion binding","DEG in 2 diets",2,"33; 50","Higher in control","Diet 33; Diet 50: infected vs control",1.17757914968703,0.000167508840887862,2.10574671027189,"1007","Higher than gene average"
110,"LOC126335222","Folded gastrulation N-terminus","DEG in 2 diets",2,"50; 83","Higher in control","Diet 50; Diet 83: infected vs control",1.82831260933529,0.000697053729738614,2.41495757631484,"1003","Higher than gene average"
111,"LOC126295211","PEHE","DEG in 1 diet",1,"33","Higher in control","Diet 33: infected vs control",1.37189062816035,0.0087563086157399,2.3667466249545,"1057","Lower than gene average"
112,"LOC126330717","Kazal-type serine protease inhibitor domain","DEG in 1 diet",1,"33","Higher in control","Diet 33: infected vs control",1.80945226657851,0.0337483237972211,2.00456541043738,"1040","Higher than gene average"
113,"LOC126293382","It is involved in the biological process described with translation","DEG in 1 diet",1,"50","Higher in control","Diet 50: infected vs control",1.22702728637362,0.00255189906272746,2.39942301977058,"1040","Higher than gene average"
114,"LOC126330110","Carboxylesterase family","DEG in 1 diet",1,"50","Higher in control","Diet 50: infected vs control",1.01030122296168,0.0214354874650892,1.76892246155822,"1049","Lower than gene average"
115,"LOC126354591","no description","DEG in 1 diet",1,"33","Higher in control","Diet 33: infected vs control",1.67356471240829,0.0413297680209376,2.23682520436275,"1041","Higher than gene average"
116,"LOC126281396","Single-stranded DNA binding. It is involved in the biological process described with DNA replication","DEG in 1 diet",1,"50","Higher in control","Diet 50: infected vs control",1.02891740635063,0.00346815502621732,3.70949022321428,"1014","Lower than gene average"
117,"LOC126355561","Sox developmental protein N terminal","DEG in 2 diets",2,"33; 50","Higher in control","Diet 33; Diet 50: infected vs control",1.81946277769881,0.0138916023021025,2.48055575329114,"1006","Higher than gene average"
118,"LOC126334948","U6 snRNA-associated Sm-like protein","DEG in 1 diet",1,"50","Higher in control","Diet 50: infected vs control",1.42704496474295,2.94049475639929e-05,3.25325514291599,"1027","Lower than gene average"
119,"LOC126298758","Protein of unknown function (DUF1151)","DEG in 1 diet",1,"50","Higher in control","Diet 50: infected vs control",1.16983518508252,0.00118943231942757,2.52353558753385,"1037","Higher than gene average"
120,"LOC126355586","It is involved in the biological process described with protein phosphorylation","DEG in 1 diet",1,"50","Higher in control","Diet 50: infected vs control",1.76027976017469,1.17195144000767e-05,2.04822868776701,"1057","Lower than gene average"
121,"LOC126346564","Belongs to the transient receptor (TC 1.A.4) family","DEG in 2 diets",2,"33; 50","Higher in control","Diet 33; Diet 50: infected vs control",1.6671277054752,1.37947834553351e-06,1.77884959608662,"1034","Higher than gene average"
122,"LOC126299043","oxidoreductase activity, acting on the aldehyde or oxo group of donors, NAD or NADP as acceptor. It is involved in the biological process described with","DEG in 1 diet",1,"50","Higher in control","Diet 50: infected vs control",1.14800615117498,4.43733122054582e-05,2.38427689842042,"1027","Lower than gene average"
123,"LOC126320956","Inosine-uridine preferring nucleoside","DEG in 2 diets",2,"33; 50","Higher in control","Diet 33; Diet 50: infected vs control",3.26058363092202,0.000115381542669196,2.61467738764195,"1007","Higher than gene average"
124,"LOC126323251","methylenetetrahydrofolate dehydrogenase (NADP ) activity. It is involved in the biological process described with","DEG in 1 diet",1,"50","Higher in control","Diet 50: infected vs control",1.75453358830819,0.00619974414996214,2.82636203353837,"1037","Higher than gene average"
125,"LOC126268712","Fibrinogen-related domains (FReDs)","DEG in 1 diet",1,"50","Higher in control","Diet 50: infected vs control",1.6868913403003,0.00325555310393897,2.30359780450847,"1040","Higher than gene average"
126,"LOC126334946","nucleic acid binding","DEG in 2 diets",2,"50; 83","Higher in control","Diet 50; Diet 83: infected vs control",1.38142986195083,0.00108124517616951,2.09468726779737,"1027","Lower than gene average"
127,"LOC126327557","heterophilic cell-cell adhesion via plasma membrane cell adhesion molecules","DEG in 1 diet",1,"83","Higher in control","Diet 83: infected vs control",1.12307321353118,0.0186910672723195,2.34907095880036,"1057","Lower than gene average"
128,"LOC126349289","serine-type endopeptidase activity. It is involved in the biological process described with proteolysis","DEG in 1 diet",1,"50","Higher in control","Diet 50: infected vs control",1.28968675293325,0.00243869743173552,2.17427406516477,"1039","Higher than gene average"
129,"LOC126273256","Zinc ion binding","DEG in 1 diet",1,"50","Higher in control","Diet 50: infected vs control",1.0663896553455,0.0394504369553521,2.03800280294091,"1015","Lower than gene average"
130,"LOC126298477","Zona pellucida-like domain","DEG in 2 diets",2,"50; 83","Higher in control","Diet 50; Diet 83: infected vs control",1.68619969072455,4.25691769865246e-07,2.11963419293431,"1016","Lower than gene average"
131,"LOC126344570","Carboxylesterase family","DEG in 1 diet",1,"50","Higher in control","Diet 50: infected vs control",1.20970415722953,1.37262839341582e-07,2.10453405482699,"1016","Lower than gene average"
132,"LOC126333165","Oxidoreductase activity, acting on paired donors, with incorporation or reduction of molecular oxygen, reduced ascorbate as one donor, and incorporation of one atom of oxygen","DEG in 1 diet",1,"50","Higher in control","Diet 50: infected vs control",1.75426453701951,0.00085363978023078,1.80573353368317,"1029","Lower than gene average"
133,"LOC126297882","zinc ion binding. It is involved in the biological process described with steroid hormone mediated signaling pathway","DEG in 1 diet",1,"50","Higher in control","Diet 50: infected vs control",1.0618837230464,0.0017274755876674,2.22212843204771,"1029","Lower than gene average"
134,"LOC126295214","Fes/CIP4, and EFC/F-BAR homology domain","DEG in 1 diet",1,"50","Higher in control","Diet 50: infected vs control",1.02550439336147,0.00998661307590241,1.95064810097394,"1029","Lower than gene average"
135,"LOC126297815","Ephrin","DEG in 2 diets",2,"50; 83","Higher in control","Diet 50; Diet 83: infected vs control",1.15755398325062,0.00371759107243501,1.9769013141148,"1054","Lower than gene average"
136,"LOC126336875","Orange domain","DEG in 1 diet",1,"50","Higher in control","Diet 50: infected vs control",1.60497307374753,0.000550919713718341,1.95143488854401,"1029","Lower than gene average"
137,"LOC126298069","carbohydrate binding","DEG in 2 diets",2,"33; 50","Higher in control","Diet 33; Diet 50: infected vs control",1.31371473248593,0.00297740694761482,1.93981982607887,"1009","Higher than gene average"
138,"LOC126336692","Glutathione S-transferase, C-terminal domain","DEG in 2 diets",2,"33; 50","Higher in control","Diet 33; Diet 50: infected vs control",1.2816893422144,0.00639142877983116,1.96813033354486,"1030","Higher than gene average"
139,"LOC126284250","Structural constituent of cuticle","DEG in 1 diet",1,"50","Higher in control","Diet 50: infected vs control",1.66863562233511,0.00927811419674145,2.23471176795062,"1023","Lower than gene average"
140,"LOC126279923","RNA recognition motif. (a.k.a. RRM, RBD, or RNP domain)","DEG in 1 diet",1,"50","Higher in control","Diet 50: infected vs control",1.07213445182673,0.00634741945529194,2.31942806769278,"1023","Lower than gene average"
141,"LOC126336873","Enhancer of split","DEG in 1 diet",1,"50","Higher in control","Diet 50: infected vs control",1.51267884759658,0.0498965090086771,2.01641565355049,"1002","Higher than gene average"
142,"LOC126299541","Phosphatidylinositol 3-kinase regulatory subunit P85 inter-SH2 domain","DEG in 2 diets",2,"50; 83","Higher in control","Diet 50; Diet 83: infected vs control",1.26193845619615,5.34758561299635e-08,1.86634333786995,"1058","Lower than gene average"
143,"LOC126336337","It is involved in the biological process described with negative regulation of signal transduction","DEG in 2 diets",2,"50; 83","Higher in control","Diet 50; Diet 83: infected vs control",1.53912127784749,0.000448366158971822,1.89371166371035,"1007","Higher than gene average"
144,"LOC126272576","Kazal-type serine protease inhibitor domain","DEG in 1 diet",1,"50","Higher in control","Diet 50: infected vs control",1.32811361841159,0.000112336388103187,3.46208015110242,"1023","Lower than gene average"
145,"LOC126266832","Notch ligand involved in the mediation of Notch signaling","DEG in 2 diets",2,"33; 50","Higher in control","Diet 33; Diet 50: infected vs control",1.42247477483384,0.00158101052093388,2.20700524237205,"1058","Lower than gene average"
146,"LOC126336809","Belongs to the TRAFAC class myosin-kinesin ATPase superfamily. Myosin family","DEG in 1 diet",1,"50","Higher in control","Diet 50: infected vs control",1.26191786775739,6.15358171958518e-07,2.00664236244445,"1054","Lower than gene average"
147,"LOC126336759","no description","DEG in 1 diet",1,"33","Higher in control","Diet 33: infected vs control",1.09763331935917,0.0167802631372721,2.88592429431498,"1003","Higher than gene average"
148,"LOC126332633","activity. It is involved in the biological process described with carbohydrate metabolic process","DEG in 1 diet",1,"33","Higher in control","Diet 33: infected vs control",2.45574907486406,0.0270351247629728,2.64817648100552,"1002","Higher than gene average"
149,"LOC126354340","-","DEG in 1 diet",1,"33","Higher in control","Diet 33: infected vs control",1.03525197976385,3.45080953326493e-05,2.23213490012007,"1027","Lower than gene average"
150,"LOC126282469","Jiraiya","DEG in 1 diet",1,"50","Higher in control","Diet 50: infected vs control",1.10913348550695,0.000535229659063644,2.24855790313296,"1023","Lower than gene average"
151,"LOC126271850","-","DEG in 1 diet",1,"50","Higher in control","Diet 50: infected vs control",1.36873243952593,0.00932232845241849,2.48878707502588,"1023","Lower than gene average"
152,"LOC126267432","It is involved in the biological process described with protein homooligomerization","DEG in 1 diet",1,"50","Higher in control","Diet 50: infected vs control",1.19066787584085,0.0130922955254314,2.87815427211168,"1046","Lower than gene average"
153,"LOC126284452","transferase activity, transferring hexosyl groups. It is involved in the biological process described with metabolic process","DEG in 2 diets",2,"33; 50","Higher in control","Diet 33; Diet 50: infected vs control",1.58482531319681,0.00557831845908442,2.38925118725978,"1058","Lower than gene average"
154,"LOC126268200","Methyltransferase activity. It is involved in the biological process described with metabolic process","DEG in 1 diet",1,"83","Higher in control","Diet 83: infected vs control",1.22793110717107,0.0224197999397037,1.9990626538576,"1002","Higher than gene average"
155,"LOC126320757","Major Facilitator Superfamily","DEG in 2 diets",2,"50; 83","Higher in control","Diet 50; Diet 83: infected vs control",1.0567313775186,0.00622949109093501,1.89142820092325,"1040","Higher than gene average"
156,"LOC126356182","snRNP Sm proteins","DEG in 1 diet",1,"83","Higher in control","Diet 83: infected vs control",1.00805672701513,0.0241189158752272,2.22033807529573,"1024","Lower than gene average"
157,"LOC126267984","Belongs to the peptidase S1 family","DEG in 1 diet",1,"33","Higher in control","Diet 33: infected vs control",1.88693610614416,0.0190223522921666,1.84709738234329,"1009","Higher than gene average"
158,"LOC126268069","Gamma interferon inducible lysosomal thiol reductase (GILT)","DEG in 1 diet",1,"33","Higher in control","Diet 33: infected vs control",1.25727380847223,2.25842970897993e-05,2.19528484782573,"1036","Higher than gene average"
159,"LOC126272370","Nitrogen permease regulator 2","DEG in 1 diet",1,"50","Higher in control","Diet 50: infected vs control",1.00500728799394,0.0175694634752641,2.02520069363707,"1029","Lower than gene average"
160,"LOC126299550","ATP binding","DEG in 1 diet",1,"50","Higher in control","Diet 50: infected vs control",1.11884283060848,0.00975873814361641,2.68501057123818,"1016","Lower than gene average"
161,"LOC126336874","no description","DEG in 1 diet",1,"50","Higher in control","Diet 50: infected vs control",1.22725444567142,0.0358682704445089,2.58831223595596,"1016","Lower than gene average"
162,"LOC126278678","Headcase protein","DEG in 1 diet",1,"50","Higher in control","Diet 50: infected vs control",1.04560699419655,0.00105338146433819,2.70050398974929,"1057","Lower than gene average"
163,"LOC126336562","-","DEG in 2 diets",2,"33; 50","Higher in control","Diet 33; Diet 50: infected vs control",1.28055376623727,0.00047593686899107,2.176227450139,"1058","Lower than gene average"
164,"LOC126282335","no description","DEG in 1 diet",1,"50","Higher in control","Diet 50: infected vs control",1.10742512262241,0.000549754578275885,2.2734715503056,"1023","Lower than gene average"
165,"LOC126281357","cytochrome p450","DEG in 2 diets",2,"33; 50","Higher in control","Diet 33; Diet 50: infected vs control",2.76593175138436,0.0284980187843235,2.65683449296477,"1050","Higher than gene average"
166,"LOC126335078","Zinc-binding domain present in Lin-11, Isl-1, Mec-3.","DEG in 2 diets",2,"33; 50","Higher in control","Diet 33; Diet 50: infected vs control",1.2124467392947,0.00236547194724649,2.46228320688381,"1050","Higher than gene average"
167,"LOC126354904","Enoyl-(Acyl carrier protein) reductase","DEG in 1 diet",1,"50","Higher in control","Diet 50: infected vs control",1.16971293231585,0.00927294412080512,1.87386790499106,"1016","Lower than gene average"
168,"LOC126291694","N-acetyltransferase activity","DEG in 1 diet",1,"50","Higher in control","Diet 50: infected vs control",1.06865304396556,0.0343345745238004,2.04598085475033,"1027","Lower than gene average"
169,"LOC126267400","zinc-finger of a C2HC-type","DEG in 2 diets",2,"33; 50","Higher in control","Diet 33; Diet 50: infected vs control",1.25399889518125,8.69302095596776e-08,2.34833318970718,"1002","Higher than gene average"
170,"LOC126336122","Malic enzyme, NAD binding domain","DEG in 2 diets",2,"50; 83","Higher in control","Diet 50; Diet 83: infected vs control",3.38443241923729,0.00369502798125765,2.41003518337233,"1032","Higher than gene average"
171,"LOC126352738","Belongs to the peptidase S1 family","DEG in 1 diet",1,"50","Higher in control","Diet 50: infected vs control",1.10570778724049,0.00271730069400366,2.73174930785739,"1002","Higher than gene average"
172,"LOC126354602","-","DEG in 1 diet",1,"50","Higher in control","Diet 50: infected vs control",1.31496997477055,0.00885461690467765,2.70365524855517,"1016","Lower than gene average"
173,"LOC126285391","-","DEG in 1 diet",1,"50","Higher in control","Diet 50: infected vs control",1.05396305927416,0.000178747566722506,2.92778548391553,"1016","Lower than gene average"
174,"LOC126298594","Leucine-rich repeats, outliers","DEG in 1 diet",1,"50","Higher in control","Diet 50: infected vs control",1.37011504500379,0.00323764318361233,2.42156616918309,"1002","Higher than gene average"
175,"LOC126273185","proton-transporting ATPase activity, rotational mechanism. It is involved in the biological process described with ATP hydrolysis coupled proton transport","DEG in 1 diet",1,"50","Higher in control","Diet 50: infected vs control",1.44145801821843,2.53690923424748e-05,2.28999163782636,"1034","Higher than gene average"
176,"LOC126278058","Enoyl-(Acyl carrier protein) reductase","DEG in 1 diet",1,"50","Higher in control","Diet 50: infected vs control",1.75673499974948,5.17221775968554e-05,2.50714944492439,"1002","Higher than gene average"
177,"LOC126272080","Arrestin domain-containing protein","DEG in 2 diets",2,"33; 50","Higher in control","Diet 33; Diet 50: infected vs control",1.48343710219663,3.27320089182621e-05,2.34083172821851,"1002","Higher than gene average"
178,"LOC126336698","no description","DEG in 1 diet",1,"50","Higher in control","Diet 50: infected vs control",1.86909054059209,0.0358708330949583,1.95843050668813,"1007","Higher than gene average"
179,"LOC126271900","-","DEG in 1 diet",1,"83","Higher in control","Diet 83: infected vs control",1.13618099918415,0.0152813515373187,2.12244686066586,"1027","Lower than gene average"
180,"LOC126272566","Di-glucose binding within endoplasmic reticulum","DEG in 1 diet",1,"50","Higher in control","Diet 50: infected vs control",1.0744938709039,0.00965945618169174,2.17194870266264,"1003","Higher than gene average"
181,"LOC126354642","helix loop helix domain","DEG in 1 diet",1,"50","Higher in control","Diet 50: infected vs control",1.36052399713648,0.000647305666219769,1.95587120606252,"1002","Higher than gene average"
182,"LOC126354478","activity. It is involved in the biological process described with carbohydrate transport","DEG in 1 diet",1,"50","Higher in control","Diet 50: infected vs control",1.21022602263536,0.0305975926847656,2.28529563574766,"1016","Lower than gene average"
183,"LOC126365911","Catalytic subunit of the molybdopterin synthase complex, a complex that catalyzes the conversion of precursor Z into molybdopterin. Acts by mediating the incorporation of 2 sulfur atoms from thiocarboxylated MOCS2A into precursor Z to generate a dithiolene group","DEG in 1 diet",1,"50","Higher in control","Diet 50: infected vs control",1.75248081732455,8.05012216570262e-05,2.13486705654799,"1007","Higher than gene average"
184,"LOC126281164","Dolichol-phosphate mannosyltransferase subunit 3 (DPM3)","DEG in 1 diet",1,"50","Higher in control","Diet 50: infected vs control",1.37050272266298,0.00280045511398679,2.98795347810998,"1014","Lower than gene average"
185,"LOC126336539","no description","DEG in 2 diets",2,"33; 50","Higher in control","Diet 33; Diet 50: infected vs control",4.59150214157914,3.05380657505451e-06,3.03063375642724,"1006","Higher than gene average"
186,"LOC126336529","no description","DEG in 2 diets",2,"33; 50","Higher in control","Diet 33; Diet 50: infected vs control",3.36672447198408,0.00191267572122278,2.46980710925968,"1006","Higher than gene average"
187,"LOC126336535","no description","DEG in 2 diets",2,"33; 50","Higher in control","Diet 33; Diet 50: infected vs control",4.40953390118952,0.00170400458447589,2.94285554079187,"1006","Higher than gene average"
188,"LOC126336537","no description","DEG in 2 diets",2,"33; 50","Higher in control","Diet 33; Diet 50: infected vs control",2.99412793983673,0.00452676664737445,3.14110465331198,"1006","Higher than gene average"
189,"LOC126336531","no description","DEG in 1 diet",1,"33","Higher in control","Diet 33: infected vs control",3.19902284484474,0.00762278274088451,3.31770770770632,"1006","Higher than gene average"
190,"LOC126336533","no description","DEG in 2 diets",2,"33; 50","Higher in control","Diet 33; Diet 50: infected vs control",3.97422465974292,9.19217029915555e-05,2.40610433187523,"1006","Higher than gene average"
191,"LOC126336532","no description","DEG in 2 diets",2,"33; 50","Higher in control","Diet 33; Diet 50: infected vs control",3.56378649112848,0.000747961725008365,2.17037712742071,"1006","Higher than gene average"
192,"LOC126336538","no description","DEG in 3 diets",3,"33; 50; 83","Higher in control","Diet 33; Diet 50; Diet 83: infected vs control",4.3278423471974,3.70787075892069e-05,2.32737848375419,"1006","Higher than gene average"
193,"LOC126336541","no description","DEG in 3 diets",3,"33; 50; 83","Higher in control","Diet 33; Diet 50; Diet 83: infected vs control",3.12044860322582,0.0108895315724039,2.5366624365969,"1030","Higher than gene average"
194,"LOC126297442","Glycosyl-transferase for dystroglycan","DEG in 2 diets",2,"33; 50","Higher in control","Diet 33; Diet 50: infected vs control",1.88439971756088,0.00127063974779445,2.28963120025583,"1030","Higher than gene average"
195,"LOC126266657","hyaluronan, chondroitin sulfate, and heparan sulfate","DEG in 2 diets",2,"33; 50","Higher in control","Diet 33; Diet 50: infected vs control",1.89260633241917,0.00901390659171452,2.69325679367857,"1030","Higher than gene average"
196,"LOC126297991","Sulfotransferase family","DEG in 3 diets",3,"33; 50; 83","Higher in control","Diet 33; Diet 50; Diet 83: infected vs control",2.02342180400539,2.36969060323331e-07,2.30593717362321,"1034","Higher than gene average"
197,"LOC126336201","-","DEG in 2 diets",2,"50; 83","Higher in control","Diet 50; Diet 83: infected vs control",3.14522585331797,0.000491630615348492,1.98005695134217,"1030","Higher than gene average"
198,"LOC126284936","no description","DEG in 2 diets",2,"33; 50","Higher in control","Diet 33; Diet 50: infected vs control",4.42005065854442,4.99077617121608e-09,3.93310449751187,"1006","Higher than gene average"
199,"LOC126336534","no description","DEG in 2 diets",2,"33; 50","Higher in control","Diet 33; Diet 50: infected vs control",5.57738528898355,5.68923370894562e-08,2.85726373409008,"1030","Higher than gene average"
200,"LOC126272463","no description","DEG in 2 diets",2,"33; 50","Higher in control","Diet 33; Diet 50: infected vs control",1.22610801985551,0.000712748651507766,2.27225753128161,"1016","Lower than gene average"
201,"LOC126282456","no description","DEG in 1 diet",1,"50","Higher in control","Diet 50: infected vs control",2.69951557634006,0.00779778505108184,2.34713503766739,"1006","Higher than gene average"
202,"LOC126266596","Transferase activity, transferring hexosyl groups. It is involved in the biological process described with carbohydrate metabolic process","DEG in 3 diets",3,"33; 50; 83","Higher in control","Diet 33; Diet 50; Diet 83: infected vs control",2.35928584460159,9.1636225810478e-11,2.96472931724941,"1006","Higher than gene average"
203,"LOC126270294","no description","DEG in 2 diets",2,"33; 50","Higher in control","Diet 33; Diet 50: infected vs control",2.05966490094939,0.00329034691673374,2.39499095479046,"1002","Higher than gene average"
204,"LOC126284632","It is involved in the biological process described with DNA repair","DEG in 1 diet",1,"83","Higher in control","Diet 83: infected vs control",1.30003462255664,0.00411187553207005,3.57308952337131,"1016","Lower than gene average"
205,"LOC126334678","Belongs to the type-B carboxylesterase lipase family","DEG in 1 diet",1,"83","Higher in control","Diet 83: infected vs control",1.04718282003502,0.0441733728230245,3.8400741039265,"1016","Lower than gene average"
206,"LOC126326240","no description","DEG in 2 diets",2,"33; 50","Higher in control","Diet 33; Diet 50: infected vs control",2.13215124963358,0.000335045724330107,1.68219807852675,"1015","Lower than gene average"
207,"LOC126342701","no description","DEG in 1 diet",1,"50","Higher in control","Diet 50: infected vs control",1.01931418328445,0.0322533858823215,3.04136199435394,"1016","Lower than gene average"
208,"LOC126293546","no description","DEG in 1 diet",1,"33","Higher in control","Diet 33: infected vs control",1.15264011729976,0.0376947756060731,2.55045543116055,"1027","Lower than gene average"
209,"LOC126295329","no description","DEG in 1 diet",1,"33","Higher in control","Diet 33: infected vs control",1.21898159752858,0.045684034540915,2.92529572519561,"1016","Lower than gene average"
210,"LOC126334907","Cell division cycle-associated protein 8","DEG in 1 diet",1,"33","Higher in control","Diet 33: infected vs control",1.13771631447866,0.0364436347822051,2.27463091761361,"1016","Lower than gene average"
211,"LOC126298731","Domain found in Dishevelled, Egl-10, and Pleckstrin (DEP)","DEG in 1 diet",1,"83","Higher in control","Diet 83: infected vs control",1.8507131988263,0.0378188664842995,2.59569687762907,"1016","Lower than gene average"
212,"LOC126281486","catalytic activity. It is involved in the biological process described with metabolic process","DEG in 2 diets",2,"33; 50","Higher in control","Diet 33; Diet 50: infected vs control",2.55804768205096,0.00145270740114137,2.57691975151422,"1030","Higher than gene average"
213,"LOC126354281","Belongs to the UDP-glycosyltransferase family","DEG in 1 diet",1,"33","Higher in control","Diet 33: infected vs control",3.85489007250462,0.000741198919665084,2.42305478584834,"1046","Higher than gene average"
214,"LOC126331994","no description","DEG in 1 diet",1,"50","Higher in control","Diet 50: infected vs control",3.64646480741291,0.0099594304811632,2.62813425783885,"1031","Higher than gene average"
215,"LOC126278758","Thin filament-associated protein that is implicated in the regulation and modulation of smooth muscle contraction. It is capable of binding to actin, calmodulin, troponin C and tropomyosin. The interaction of calponin with actin inhibits the actomyosin Mg-ATPase activity","DEG in 2 diets",2,"50; 83","Higher in control","Diet 50; Diet 83: infected vs control",2.53177248024293,0.0186435841180878,2.48776421228756,"1037","Higher than gene average"
216,"LOC126266662","Heat shock 70 kDa protein cognate 2-like","DEG in 1 diet",1,"50","Higher in control","Diet 50: infected vs control",1.78791023390031,0.0394965404436241,3.10303873334854,"1037","Higher than gene average"
217,"LOC126295441","Oxidoreductase activity. It is involved in the biological process described with oxidation-reduction process","DEG in 1 diet",1,"33","Higher in control","Diet 33: infected vs control",1.24155216447721,0.00636302767086319,2.11621497452999,"1031","Higher than gene average"
218,"LOC126284584","Sequence-specific DNA binding transcription factor activity. It is involved in the biological process described with regulation of transcription, DNA-templated","DEG in 1 diet",1,"50","Higher in control","Diet 50: infected vs control",1.68732900495928,0.0401753012711496,2.10902671584052,"1016","Lower than gene average"
219,"LOC126284322","transferase activity, transferring hexosyl groups. It is involved in the biological process described with metabolic process","DEG in 1 diet",1,"50","Higher in control","Diet 50: infected vs control",3.39772732840279,0.0248004666044299,3.95070536876823,"1050","Higher than gene average"
220,"LOC126299150","heme binding. It is involved in the biological process described with oxidation-reduction process","DEG in 2 diets",2,"33; 50","Higher in control","Diet 33; Diet 50: infected vs control",2.41159311959884,0.00075319211396864,2.084799507666,"1016","Lower than gene average"
221,"LOC126336722","glutathione s-transferase","DEG in 1 diet",1,"50","Higher in control","Diet 50: infected vs control",2.10099127889957,0.00818957305846405,2.78178617563636,"1037","Higher than gene average"
222,"LOC126275923","no description","DEG in 1 diet",1,"50","Higher in control","Diet 50: infected vs control",1.34838093345207,0.00624229689265194,2.66581092301205,"1052","Lower than gene average"
223,"LOC126268197","It is involved in the biological process described with transport","DEG in 1 diet",1,"50","Higher in control","Diet 50: infected vs control",1.06552928458453,0.0247823626556668,2.20481029514049,"1052","Lower than gene average"
224,"LOC126277228","Major facilitator superfamily domain-containing protein","DEG in 1 diet",1,"50","Higher in control","Diet 50: infected vs control",1.38189092922999,2.84393476710542e-07,2.21597394549633,"1016","Lower than gene average"
225,"LOC126285437","HAUS augmin-like complex subunit 6 N-terminus","DEG in 1 diet",1,"50","Higher in control","Diet 50: infected vs control",1.01192470968184,0.0141021723284624,2.16833690820377,"1057","Lower than gene average"
226,"LOC126278002","activity. It is involved in the biological process described with metabolic process","DEG in 1 diet",1,"33","Higher in control","Diet 33: infected vs control",1.86378629158002,0.010719261035003,2.47903131535924,"1007","Higher than gene average"
227,"LOC126341237","Belongs to the UDP-glycosyltransferase family","DEG in 1 diet",1,"33","Higher in control","Diet 33: infected vs control",1.93097942468281,4.27769202776627e-05,2.76326582714063,"1009","Higher than gene average"
228,"LOC126337058","Juvenile hormone binding protein domains in insects.","DEG in 1 diet",1,"33","Higher in control","Diet 33: infected vs control",2.46586879896305,0.000282750700797302,2.88906405651141,"1003","Higher than gene average"
229,"LOC126278697","Pyridoxal-dependent decarboxylase, pyridoxal binding domain","DEG in 1 diet",1,"33","Higher in control","Diet 33: infected vs control",1.21793792025246,0.000735824789362553,3.01965774545449,"1027","Lower than gene average"
230,"LOC126281878","Thyroid hormone-inducible hepatic protein Spot 14","DEG in 2 diets",2,"50; 83","Higher in control","Diet 50; Diet 83: infected vs control",2.83058064115143,7.38299304426155e-10,2.00333312122282,"1009","Higher than gene average"
231,"LOC126284002","Elongation of very long chain fatty acids protein","DEG in 3 diets",3,"33; 50; 83","Higher in control","Diet 33; Diet 50; Diet 83: infected vs control",2.40556954694752,0.000106266893483609,2.74251131582578,"1009","Higher than gene average"
232,"LOC126355798","Belongs to the major facilitator superfamily. Sugar transporter (TC 2.A.1.1) family","DEG in 2 diets",2,"33; 50","Higher in control","Diet 33; Diet 50: infected vs control",2.19541478449608,6.74717825509524e-09,2.44405081838612,"1009","Higher than gene average"
233,"LOC126356100","Glycerol-3-phosphate O-acyltransferase activity. It is involved in the biological process described with phospholipid biosynthetic process","DEG in 1 diet",1,"50","Higher in control","Diet 50: infected vs control",1.09979861619618,2.40647546055562e-06,2.42236266601417,"1016","Lower than gene average"
234,"LOC126336399","FAR-17a/AIG1-like protein","DEG in 3 diets",3,"33; 50; 83","Higher in control","Diet 33; Diet 50; Diet 83: infected vs control",2.38627191495405,7.07676306905535e-07,1.81534443438653,"1009","Higher than gene average"
235,"LOC126320089","Belongs to the mitochondrial carrier (TC 2.A.29) family","DEG in 3 diets",3,"33; 50; 83","Higher in control","Diet 33; Diet 50; Diet 83: infected vs control",1.68292305271043,5.77134796182838e-05,2.05944318731991,"1016","Lower than gene average"
236,"LOC126298275","It is involved in the biological process described with","DEG in 3 diets",3,"33; 50; 83","Higher in control","Diet 33; Diet 50; Diet 83: infected vs control",1.86577425513054,0.00366357393822561,2.49947538132769,"1023","Lower than gene average"
237,"LOC126271720","Heme oxygenase","DEG in 2 diets",2,"33; 50","Higher in control","Diet 33; Diet 50: infected vs control",1.3806118645454,0.00204844731059798,2.60812527140326,"1009","Higher than gene average"
238,"LOC126298770","2 iron, 2 sulfur cluster binding","DEG in 1 diet",1,"83","Higher in control","Diet 83: infected vs control",1.2915922895087,0.000101792164161804,1.91507685178467,"1014","Lower than gene average"
239,"LOC126344004","no description","DEG in 3 diets",3,"33; 50; 83","Higher in control","Diet 33; Diet 50; Diet 83: infected vs control",2.68441006403255,1.38633623411659e-09,2.31732470710552,"1009","Higher than gene average"
240,"LOC126336866","Malic enzyme, NAD binding domain","DEG in 3 diets",3,"33; 50; 83","Higher in control","Diet 33; Diet 50; Diet 83: infected vs control",3.29855544239807,2.26565840895666e-13,2.47590744170041,"1037","Higher than gene average"
241,"LOC126295000","no description","DEG in 1 diet",1,"50","Higher in control","Diet 50: infected vs control",1.23312775327215,0.00539721638605861,2.4258709582453,"1037","Higher than gene average"
242,"LOC126336481","The pyruvate dehydrogenase complex catalyzes the overall conversion of pyruvate to acetyl-CoA and CO(2)","DEG in 1 diet",1,"33","Higher in control","Diet 33: infected vs control",1.02626428911753,0.00766406915675026,2.72515798407233,"1009","Higher than gene average"
243,"LOC126278485","Pyridoxal-dependent decarboxylase, pyridoxal binding domain","DEG in 2 diets",2,"33; 50","Higher in control","Diet 33; Diet 50: infected vs control",8.30043620367138,2.82084036021354e-16,2.46877440444678,"1037","Higher than gene average"
244,"LOC126281857","Cytochrome P-450","DEG in 2 diets",2,"33; 50","Higher in control","Diet 33; Diet 50: infected vs control",2.83640938463673,0.000353725097874708,2.6585498271755,"1007","Higher than gene average"
245,"LOC126356349","no description","DEG in 2 diets",2,"50; 83","Higher in control","Diet 50; Diet 83: infected vs control",2.33067438373644,0.0322533858823215,2.11297972241935,"1038","Higher than gene average"
246,"LOC126284629","Single domain von Willebrand factor type C","DEG in 3 diets",3,"33; 50; 83","Higher in control","Diet 33; Diet 50; Diet 83: infected vs control",1.77410454884736,0.00243153911369804,1.88284265625195,"1032","Higher than gene average"
247,"LOC126335202","Insect cuticle protein","DEG in 2 diets",2,"33; 50","Higher in control","Diet 33; Diet 50: infected vs control",3.08335633638227,1.02874223480238e-05,2.21251622161991,"1032","Higher than gene average"
248,"LOC126334736","Insect cuticle protein","DEG in 2 diets",2,"33; 50","Higher in control","Diet 33; Diet 50: infected vs control",2.58795381553149,0.000247710983380547,1.94657713615476,"1030","Higher than gene average"
249,"LOC126355702","Insect cuticle protein","DEG in 2 diets",2,"50; 83","Higher in control","Diet 50; Diet 83: infected vs control",3.67760717471005,3.45344483542158e-09,2.26251810812311,"1030","Higher than gene average"
250,"LOC126356362","-","DEG in 3 diets",3,"33; 50; 83","Higher in control","Diet 33; Diet 50; Diet 83: infected vs control",3.84676360548673,3.0379465564962e-12,2.32313365383243,"1037","Higher than gene average"
251,"LOC126284752","no description","DEG in 2 diets",2,"33; 50","Higher in control","Diet 33; Diet 50: infected vs control",3.30665259681083,4.85750195071685e-08,2.18679880796312,"1037","Higher than gene average"
252,"LOC126271849","-","DEG in 2 diets",2,"33; 50","Higher in control","Diet 33; Diet 50: infected vs control",3.4835790261905,5.76477179309277e-05,2.84495969335167,"1037","Higher than gene average"
253,"LOC126292024","no description","DEG in 1 diet",1,"50","Higher in control","Diet 50: infected vs control",2.65759612349125,1.09777664820117e-08,2.2672856838407,"1038","Higher than gene average"
254,"LOC126354928","no description","DEG in 1 diet",1,"33","Higher in control","Diet 33: infected vs control",4.14558756326072,0.000517457539176154,2.64895267526166,"1037","Higher than gene average"
255,"LOC126336714","4-hydroxyphenylpyruvate dioxygenase activity. It is involved in the biological process described with oxidation-reduction process","DEG in 2 diets",2,"33; 83","Higher in control","Diet 33; Diet 83: infected vs control",3.46308331440994,0.00617063297760539,3.68698761574067,"1038","Higher than gene average"
256,"LOC126336602","Structural constituent of cuticle","DEG in 2 diets",2,"33; 50","Higher in control","Diet 33; Diet 50: infected vs control",2.05293176681758,0.0143939773433752,2.9580860521031,"1037","Higher than gene average"
257,"LOC126355449","Structural constituent of cuticle","DEG in 2 diets",2,"33; 50","Higher in control","Diet 33; Diet 50: infected vs control",2.40958564077582,0.0212229150609238,2.90695367701687,"1037","Higher than gene average"
258,"LOC126355480","Structural constituent of cuticle","DEG in 2 diets",2,"33; 50","Higher in control","Diet 33; Diet 50: infected vs control",2.93779885437496,0.000763271103343424,2.23974652642313,"1037","Higher than gene average"
259,"LOC126355701","Insect cuticle protein","DEG in 2 diets",2,"33; 50","Higher in control","Diet 33; Diet 50: infected vs control",2.2030266271649,0.00452603569872386,2.48589682482844,"1037","Higher than gene average"
260,"LOC126354550","no description","DEG in 2 diets",2,"33; 50","Higher in control","Diet 33; Diet 50: infected vs control",3.77464944239413,0.000936671851117935,3.47439881784351,"1037","Higher than gene average"
261,"LOC126354521","no description","DEG in 3 diets",3,"33; 50; 83","Higher in control","Diet 33; Diet 50; Diet 83: infected vs control",3.75593595967543,0.00216535060757135,3.15923450768214,"1038","Higher than gene average"
262,"LOC126354547","no description","DEG in 2 diets",2,"33; 50","Higher in control","Diet 33; Diet 50: infected vs control",3.87933803621435,1.08336509804542e-09,3.11458157603913,"1037","Higher than gene average"
263,"LOC126336597","Insect cuticle protein","DEG in 3 diets",3,"33; 50; 83","Higher in control","Diet 33; Diet 50; Diet 83: infected vs control",3.29488567444938,0.000144337941756436,1.91944648789744,"1039","Higher than gene average"
264,"LOC126354924","no description","DEG in 3 diets",3,"33; 50; 83","Higher in control","Diet 33; Diet 50; Diet 83: infected vs control",3.9047355521858,1.43303072120892e-05,2.63854205858853,"1038","Higher than gene average"
265,"LOC126354923","no description","DEG in 3 diets",3,"33; 50; 83","Higher in control","Diet 33; Diet 50; Diet 83: infected vs control",4.73421336488761,2.46285608972277e-14,2.36408982081839,"1038","Higher than gene average"
266,"LOC126272860","-","DEG in 3 diets",3,"33; 50; 83","Higher in control","Diet 33; Diet 50; Diet 83: infected vs control",4.20813792015494,1.5872593810914e-10,2.60877385782185,"1037","Higher than gene average"
267,"LOC126354926","no description","DEG in 2 diets",2,"33; 83","Higher in control","Diet 33; Diet 83: infected vs control",4.02674763702455,5.36878455862951e-05,2.962498098825,"1037","Higher than gene average"
268,"LOC126354929","no description","DEG in 3 diets",3,"33; 50; 83","Higher in control","Diet 33; Diet 50; Diet 83: infected vs control",6.0828923115139,1.12576890986133e-07,3.32081412002522,"1030","Higher than gene average"
269,"LOC126354927","no description","DEG in 3 diets",3,"33; 50; 83","Higher in control","Diet 33; Diet 50; Diet 83: infected vs control",3.80458684228092,1.2901687763398e-05,3.02007883980862,"1037","Higher than gene average"
270,"LOC126284686","Phospholipase A2","DEG in 2 diets",2,"33; 50","Higher in control","Diet 33; Diet 50: infected vs control",2.53954227202282,3.79486663251209e-06,2.539802240416,"1030","Higher than gene average"
271,"LOC126332740","Belongs to the type-B carboxylesterase lipase family","DEG in 1 diet",1,"50","Higher in control","Diet 50: infected vs control",2.98002896556491,0.00620722722266954,3.02034361266985,"1032","Higher than gene average"
272,"LOC126282119","cytochrome p450","DEG in 1 diet",1,"50","Higher in control","Diet 50: infected vs control",3.94764432834575,0.00294562765444002,2.97913440283312,"1038","Higher than gene average"
273,"LOC126354727","Aminotransferase class-III","DEG in 1 diet",1,"33","Higher in control","Diet 33: infected vs control",1.59953044422643,0.0080254924346695,1.99914919121119,"1030","Higher than gene average"
274,"LOC126267263","Belongs to the DapA family","DEG in 3 diets",3,"33; 50; 83","Higher in control","Diet 33; Diet 50; Diet 83: infected vs control",2.30788656095511,1.52475271885416e-06,2.40374999837428,"1038","Higher than gene average"
275,"LOC126354701","Belongs to the type-B carboxylesterase lipase family","DEG in 2 diets",2,"33; 83","Higher in control","Diet 33; Diet 83: infected vs control",1.84572406967889,0.000473343470518358,2.08959573561122,"1011","Higher than gene average"
276,"LOC126353910","no description","DEG in 1 diet",1,"50","Higher in control","Diet 50: infected vs control",1.02022837131399,0.00600849501421921,2.14596052597637,"1029","Lower than gene average"
277,"LOC126295444","Oxidoreductase activity. It is involved in the biological process described with oxidation-reduction process","DEG in 1 diet",1,"33","Higher in control","Diet 33: infected vs control",1.28725389557304,0.00797475424241719,3.10965522780648,"1036","Higher than gene average"
278,"LOC126359832","Participates in DNA repair and in chromosomal DNA replication","DEG in 1 diet",1,"33","Higher in control","Diet 33: infected vs control",1.10668457293643,0.0114941479005616,3.29854746038618,"1024","Lower than gene average"
279,"LOC126278341","RZZ complex, subunit zwilch","DEG in 1 diet",1,"33","Higher in control","Diet 33: infected vs control",1.21307151450886,0.0248137166802362,2.12540958126825,"1054","Lower than gene average"
280,"LOC126295200","no description","DEG in 1 diet",1,"33","Higher in control","Diet 33: infected vs control",1.18815130051977,0.0328309857859482,2.69953568050643,"1041","Higher than gene average"
281,"LOC126335465","Belongs to the serpin family","DEG in 1 diet",1,"33","Higher in control","Diet 33: infected vs control",1.45843185672817,0.0488723470669604,2.08405157102246,"1031","Higher than gene average"
282,"LOC126293483","DNA helicase activity. It is involved in the biological process described with DNA replication initiation","DEG in 1 diet",1,"33","Higher in control","Diet 33: infected vs control",1.01535167878944,0.0172429515400512,2.14388384648004,"1006","Higher than gene average"
283,"LOC126284296","5'-flap endonuclease activity. It is involved in the biological process described with DNA replication, Okazaki fragment processing","DEG in 2 diets",2,"33; 50","Higher in control","Diet 33; Diet 50: infected vs control",1.30108967144465,0.00759381936244466,2.28764031898379,"1041","Higher than gene average"
284,"LOC126354008","Ankyrin repeat","DEG in 1 diet",1,"50","Higher in control","Diet 50: infected vs control",1.18546491129964,0.0235260036824494,2.55753128789881,"1058","Lower than gene average"
285,"LOC126271923","Belongs to the class I-like SAM-binding methyltransferase superfamily. C5-methyltransferase family","DEG in 1 diet",1,"50","Higher in control","Diet 50: infected vs control",1.34417436786203,0.00519903568827499,2.09073784492044,"1058","Lower than gene average"
286,"LOC126336566","Rough deal protein C-terminal region","DEG in 1 diet",1,"50","Higher in control","Diet 50: infected vs control",1.36349850579905,0.0322265086673349,2.09853565967534,"1058","Lower than gene average"
287,"LOC126336715","Glutathione S-transferase, N-terminal domain","DEG in 1 diet",1,"50","Higher in control","Diet 50: infected vs control",1.70960709640891,0.0401697728663669,2.50581016613535,"1039","Higher than gene average"
288,"LOC126272026","transporter activity. It is involved in the biological process described with transport","DEG in 1 diet",1,"50","Higher in control","Diet 50: infected vs control",2.44187895485206,0.0479499000791629,2.14948016634718,"1031","Higher than gene average"
289,"LOC126336735","glutathione s-transferase","DEG in 2 diets",2,"33; 50","Higher in control","Diet 33; Diet 50: infected vs control",3.01047589163609,0.00789710497624705,2.46540622269618,"1030","Higher than gene average"
290,"LOC126336962","carbohydrate binding. It is involved in the biological process described with mannose metabolic process","DEG in 2 diets",2,"33; 50","Higher in control","Diet 33; Diet 50: infected vs control",1.47168821607511,0.00671094204488381,2.37222578505982,"1038","Higher than gene average"
291,"LOC126281716","Aminotransferase class-V","DEG in 1 diet",1,"50","Higher in control","Diet 50: infected vs control",2.15104460475936,0.0131809400312212,2.04171782692531,"1050","Higher than gene average"
292,"LOC126267280","Epidermal growth factor-like domain.","DEG in 1 diet",1,"50","Higher in control","Diet 50: infected vs control",1.76990888614153,0.0230718705923523,2.29410962921983,"1016","Lower than gene average"
293,"LOC126350022","Aldehyde dehydrogenase family","DEG in 1 diet",1,"50","Higher in control","Diet 50: infected vs control",1.19519996462614,0.0347646660714925,2.42167797137351,"1038","Higher than gene average"
294,"LOC126297441","no description","DEG in 2 diets",2,"33; 50","Higher in control","Diet 33; Diet 50: infected vs control",1.45109068604345,0.019121814486484,2.10263116326387,"1009","Higher than gene average"
295,"LOC126354174","heme binding. It is involved in the biological process described with oxidation-reduction process","DEG in 1 diet",1,"33","Higher in control","Diet 33: infected vs control",1.69338046756844,0.0289142637465216,1.95946798239898,"1020","Lower than gene average"
296,"LOC126295222","Oxidoreductase activity. It is involved in the biological process described with oxidation-reduction process","DEG in 1 diet",1,"33","Higher in control","Diet 33: infected vs control",1.26112023838807,0.00902680429581756,2.13084058408392,"1016","Lower than gene average"
297,"LOC126281715","Cysteine-type endopeptidase activity. It is involved in the biological process described with","DEG in 2 diets",2,"33; 50","Higher in control","Diet 33; Diet 50: infected vs control",1.88024228044162,0.000227524860951008,1.99904519174614,"1009","Higher than gene average"
298,"LOC126281861","AMP-binding enzyme C-terminal domain","DEG in 2 diets",2,"33; 50","Higher in control","Diet 33; Diet 50: infected vs control",2.18480653932684,0.00100354418612282,1.88845797848421,"1058","Lower than gene average"
299,"LOC126266681","Oxidoreductase activity. It is involved in the biological process described with oxidation-reduction process","DEG in 1 diet",1,"50","Higher in control","Diet 50: infected vs control",1.077538892096,0.0180841074528499,2.23143130720139,"1024","Lower than gene average"
300,"LOC126353790","Zinc ion binding","DEG in 1 diet",1,"50","Higher in control","Diet 50: infected vs control",1.11653575088201,0.0260359202637021,2.48987609934254,"1016","Lower than gene average"
301,"LOC126273423","Perilipin family","DEG in 1 diet",1,"50","Higher in control","Diet 50: infected vs control",1.482032737772,3.78196277713817e-05,2.03982933805097,"1023","Lower than gene average"
302,"LOC126334861","Prostaglandin reductase","DEG in 1 diet",1,"50","Higher in control","Diet 50: infected vs control",1.97406475864768,0.000924665307770877,2.05480057460819,"1027","Lower than gene average"
303,"LOC126278704","-","DEG in 1 diet",1,"50","Higher in control","Diet 50: infected vs control",1.01301731754777,0.00125004185333299,2.59602949481974,"1027","Lower than gene average"
304,"LOC126298660","Homeodomain","DEG in 2 diets",2,"33; 50","Higher in control","Diet 33; Diet 50: infected vs control",2.00173834760823,0.0113740410783462,2.6150876366912,"1041","Higher than gene average"
305,"LOC126334669","Belongs to the type-B carboxylesterase lipase family","DEG in 1 diet",1,"50","Higher in control","Diet 50: infected vs control",1.43243083899904,0.000812105457796908,2.30801594754568,"1031","Higher than gene average"
306,"LOC126285182","no description","DEG in 1 diet",1,"83","Higher in control","Diet 83: infected vs control",4.13351932753275,0.00201826972704443,2.16584645216608,"1011","Higher than gene average"
307,"LOC126268023","no description","DEG in 1 diet",1,"50","Higher in control","Diet 50: infected vs control",1.73054002978733,0.0284980187843235,2.69360425185942,"1009","Higher than gene average"
308,"LOC126295442","Oxidoreductase activity. It is involved in the biological process described with oxidation-reduction process","DEG in 2 diets",2,"50; 83","Higher in control","Diet 50; Diet 83: infected vs control",1.432138110143,0.0221789256616658,2.24092845652383,"1027","Lower than gene average"
309,"LOC126295125","AhpC/TSA antioxidant enzyme","DEG in 1 diet",1,"83","Higher in control","Diet 83: infected vs control",1.24711076798465,0.0224197999397037,2.18958044706778,"1027","Lower than gene average"
310,"LOC126279052","Belongs to the PI3 PI4-kinase family","DEG in 1 diet",1,"33","Higher in control","Diet 33: infected vs control",1.5643355583342,0.00858114010045621,2.10901325247919,"1039","Higher than gene average"
311,"LOC126278204","Origin recognition complex subunit 6 (ORC6)","DEG in 1 diet",1,"50","Higher in control","Diet 50: infected vs control",1.71156080251618,0.027074965569925,1.72714097966045,"1027","Lower than gene average"
312,"LOC126335309","Oxidoreductase activity, acting on paired donors, with oxidation of a pair of donors resulting in the reduction of molecular oxygen to two molecules of water. It is involved in the biological process described with oxidation-reduction process","DEG in 3 diets",3,"33; 50; 83","Higher in control","Diet 33; Diet 50; Diet 83: infected vs control",2.99567310045619,0.000112674445850536,1.80051226111541,"1023","Lower than gene average"
313,"LOC126285378","acetyl-CoA carboxylase activity. It is involved in the biological process described with fatty acid biosynthetic process","DEG in 1 diet",1,"83","Higher in control","Diet 83: infected vs control",1.85221196001223,0.00322756082727048,2.27697550914795,"1024","Lower than gene average"
314,"LOC126336901","FAR-17a/AIG1-like protein","DEG in 2 diets",2,"33; 50","Higher in control","Diet 33; Diet 50: infected vs control",1.68355998009737,0.0111524842798482,2.27210070917896,"1030","Higher than gene average"
315,"LOC126285375","Sepiapterin reductase activity. It is involved in the biological process described with oxidation-reduction process","DEG in 1 diet",1,"50","Higher in control","Diet 50: infected vs control",1.08023635246279,0.0479059510973724,2.22084428989846,"1009","Higher than gene average"
316,"LOC126284908","Leucine rich repeat","DEG in 2 diets",2,"33; 50","Higher in control","Diet 33; Diet 50: infected vs control",2.99197010408661,9.59836001670695e-06,3.33011842732964,"1009","Higher than gene average"
317,"LOC126336625","Belongs to the UDP-glycosyltransferase family","DEG in 2 diets",2,"33; 50","Higher in control","Diet 33; Diet 50: infected vs control",3.12504382440117,0.0128349973661843,3.85619234925819,"1009","Higher than gene average"
318,"LOC126278268","no description","DEG in 1 diet",1,"83","Higher in control","Diet 83: infected vs control",3.78650454890025,0.0213821525049929,2.51925285467569,"1031","Higher than gene average"
319,"LOC126355192","no description","DEG in 1 diet",1,"33","Higher in control","Diet 33: infected vs control",1.28987024633319,0.0356247353054295,2.73410521501949,"1020","Lower than gene average"
320,"LOC126336251","Belongs to the enoyl-CoA hydratase isomerase family","DEG in 1 diet",1,"33","Higher in control","Diet 33: infected vs control",1.65496275176645,0.000168600728790925,2.31022591898387,"1030","Higher than gene average"
321,"LOC126331335","MAPEG family","DEG in 2 diets",2,"50; 83","Higher in control","Diet 50; Diet 83: infected vs control",2.4357007324543,0.0011195646252267,2.38466982327068,"1030","Higher than gene average"
322,"LOC126343748","Catalyzes juvenile hormone hydrolysis","DEG in 1 diet",1,"83","Higher in control","Diet 83: infected vs control",1.61579951695803,0.00748305156518962,2.39892357798332,"1020","Lower than gene average"
323,"LOC126356371","activity. It is involved in the biological process described with","DEG in 1 diet",1,"83","Higher in control","Diet 83: infected vs control",1.22256125029033,0.0366373494813199,2.0066009919358,"1049","Lower than gene average"
324,"LOC126298865","Involved in maintaining the homeostasis of cellular nucleotides by catalyzing the interconversion of nucleoside phosphates. Has GTP AMP phosphotransferase and ITP AMP phosphotransferase activities","DEG in 1 diet",1,"33","Higher in control","Diet 33: infected vs control",1.10454527873681,0.0186885853068144,2.51619456228934,"1020","Lower than gene average"
325,"LOC126298779","Belongs to the 1-acyl-sn-glycerol-3-phosphate acyltransferase family","DEG in 1 diet",1,"83","Higher in control","Diet 83: infected vs control",1.35464551461666,0.0235958922750915,2.49317953637232,"1041","Higher than gene average"
326,"LOC126291743","no description","DEG in 2 diets",2,"33; 50","Higher in control","Diet 33; Diet 50: infected vs control",2.76498618453048,0.0101885699795222,2.67417490452121,"1036","Higher than gene average"
327,"LOC126339830","Amidase","DEG in 1 diet",1,"33","Higher in control","Diet 33: infected vs control",2.51746159219043,0.0261009628649576,2.76120155268408,"1036","Higher than gene average"
328,"LOC126266714","Insect allergen related repeat, nitrile-specifier detoxification","DEG in 1 diet",1,"50","Higher in control","Diet 50: infected vs control",5.99215574440784,0.00113018146047434,2.79829860935491,"1030","Higher than gene average"
329,"LOC126336109","Belongs to the short-chain dehydrogenases reductases (SDR) family","DEG in 1 diet",1,"50","Higher in control","Diet 50: infected vs control",3.91099661937822,0.0333564151919699,3.18692082895855,"1037","Higher than gene average"
330,"LOC126335538","Inward rectifier potassium channel activity. It is involved in the biological process described with potassium ion transport","DEG in 1 diet",1,"33","Higher in control","Diet 33: infected vs control",1.10087879955712,0.00402441880565973,2.42979698002011,"1011","Higher than gene average"
331,"LOC126291810","no description","DEG in 1 diet",1,"33","Higher in control","Diet 33: infected vs control",3.21924153820475,0.0106614991584549,3.05668954699145,"1016","Higher than gene average"
332,"LOC126355941","Belongs to the type-B carboxylesterase lipase family","DEG in 1 diet",1,"33","Higher in control","Diet 33: infected vs control",2.4876285370363,0.0444507136504096,2.60766422453492,"1007","Higher than gene average"
333,"LOC126291811","no description","DEG in 1 diet",1,"33","Higher in control","Diet 33: infected vs control",2.57850803155237,0.00123387451506384,2.5946653603929,"1007","Higher than gene average"
334,"LOC126281860","AMP-binding enzyme C-terminal domain","DEG in 1 diet",1,"50","Higher in control","Diet 50: infected vs control",2.43829617033787,0.0420040760536587,3.37889237032663,"1007","Higher than gene average"
335,"LOC126320178","heme binding. It is involved in the biological process described with oxidation-reduction process","DEG in 1 diet",1,"50","Higher in control","Diet 50: infected vs control",1.99147785692555,0.0234039064457829,3.1895529133224,"1037","Higher than gene average"
336,"LOC126291805","Belongs to the short-chain dehydrogenases reductases (SDR) family","DEG in 2 diets",2,"33; 50","Higher in control","Diet 33; Diet 50: infected vs control",2.40867452333854,3.7283815692427e-05,2.65832668549978,"1007","Higher than gene average"
337,"LOC126281404","Glutathione S-transferase, N-terminal domain","DEG in 2 diets",2,"33; 50","Higher in control","Diet 33; Diet 50: infected vs control",2.28294483666038,0.00637141959365737,3.13868275674248,"1007","Higher than gene average"
338,"LOC126293679","Catalyzes juvenile hormone hydrolysis","DEG in 2 diets",2,"33; 50","Higher in control","Diet 33; Diet 50: infected vs control",2.76641681712026,0.00943776398864343,2.843325439302,"1007","Higher than gene average"
339,"LOC126278019","39S ribosomal protein L14, mitochondrial","DEG in 1 diet",1,"83","Higher in control","Diet 83: infected vs control",1.12984714588285,0.0127435273669752,1.85076613645795,"1002","Higher than gene average"
340,"LOC126334733","Ribosomal protein L7/L12 dimerisation domain","DEG in 1 diet",1,"83","Higher in control","Diet 83: infected vs control",1.46169854252426,0.0304390821007885,2.59937158712417,"1024","Lower than gene average"
341,"LOC126297871","Pyruvate dehydrogenase E1 component subunit beta","DEG in 1 diet",1,"50","Higher in control","Diet 50: infected vs control",1.09544155706264,2.94033124664125e-06,2.11099211679718,"1007","Higher than gene average"
342,"LOC126334959","Destroys radicals which are normally produced within the cells and which are toxic to biological systems","DEG in 1 diet",1,"50","Higher in control","Diet 50: infected vs control",1.10373886379057,3.48334962866276e-06,2.15057911332067,"1007","Higher than gene average"
343,"LOC126283954","Macrophage migration inhibitory factor (MIF)","DEG in 3 diets",3,"33; 50; 83","Higher in control","Diet 33; Diet 50; Diet 83: infected vs control",1.33705273765759,0.000139119796638615,1.98416641599868,"1023","Lower than gene average"
344,"LOC126272037","Aspartate aminotransferase","DEG in 1 diet",1,"83","Higher in control","Diet 83: infected vs control",1.0245980581394,0.00255869337128518,2.24359751102643,"1038","Higher than gene average"
345,"LOC126266650","no description","DEG in 1 diet",1,"83","Higher in control","Diet 83: infected vs control",1.08721233690855,0.0322777146851354,2.19904055089015,"1024","Lower than gene average"
346,"LOC126356153","Peroxiredoxin activity. It is involved in the biological process described with oxidation-reduction process","DEG in 1 diet",1,"83","Higher in control","Diet 83: infected vs control",1.0039966863835,0.0464463736344443,2.35896460973776,"1014","Lower than gene average"
347,"LOC126334527","no description","DEG in 1 diet",1,"33","Higher in control","Diet 33: infected vs control",1.08362771382829,0.0141020463628833,2.76349641085141,"1023","Lower than gene average"
348,"LOC126336628","Belongs to the UDP-glycosyltransferase family","DEG in 1 diet",1,"83","Higher in control","Diet 83: infected vs control",2.52752668576507,0.017729197123557,2.05015393248245,"1045","Lower than gene average"
349,"LOC126336469","Enoyl-(Acyl carrier protein) reductase","DEG in 2 diets",2,"33; 50","Higher in control","Diet 33; Diet 50: infected vs control",1.48044584633792,0.0296175184932376,2.22321168850421,"1006","Higher than gene average"
350,"LOC126284552","no description","DEG in 1 diet",1,"83","Higher in control","Diet 83: infected vs control",2.67945724532761,0.017677833684625,2.94249364506973,"1054","Higher than gene average"
351,"LOC126284612","EamA-like transporter family","DEG in 1 diet",1,"83","Higher in control","Diet 83: infected vs control",1.16778113876093,0.0417553045834358,2.20905933394709,"1020","Lower than gene average"
352,"LOC126284373","no description","DEG in 1 diet",1,"50","Higher in control","Diet 50: infected vs control",1.21820128762037,0.0138124595265272,2.19694687596233,"1027","Lower than gene average"
353,"LOC126334758","no description","DEG in 1 diet",1,"33","Higher in control","Diet 33: infected vs control",1.29150208968022,0.0278322276282575,1.68887174921662,"1041","Higher than gene average"
354,"LOC126336316","Thiamin pyrophosphokinase, vitamin B1 binding domain","DEG in 1 diet",1,"83","Higher in control","Diet 83: infected vs control",2.11685618603659,0.00100396667125187,3.35840542160983,"1020","Lower than gene average"
355,"LOC126336928","Belongs to the mitochondrial carrier (TC 2.A.29) family","DEG in 1 diet",1,"83","Higher in control","Diet 83: infected vs control",1.39161882539915,0.0200223733596618,3.49895504928513,"1023","Lower than gene average"
356,"LOC126354268","Peptidase family C50","DEG in 1 diet",1,"83","Higher in control","Diet 83: infected vs control",2.34023613945985,0.0288863229702234,2.47624483400686,"1014","Lower than gene average"
357,"LOC126355980","no description","DEG in 1 diet",1,"50","Higher in control","Diet 50: infected vs control",2.82776714101462,0.0400654685395197,2.87645966425788,"1038","Higher than gene average"
358,"LOC126298840","-","DEG in 1 diet",1,"50","Higher in control","Diet 50: infected vs control",1.15870329187567,0.0424097710074899,2.73802935681707,"1006","Lower than gene average"
359,"LOC126293182","Reeler domain","DEG in 1 diet",1,"50","Higher in control","Diet 50: infected vs control",2.2879628433605,0.0241024475289523,2.36189844993372,"1040","Higher than gene average"
360,"LOC126332411","C2H2-type zinc finger","DEG in 1 diet",1,"50","Higher in control","Diet 50: infected vs control",1.87704770794175,0.0294695886300473,2.89532928542155,"1040","Higher than gene average"
361,"LOC126281335","Sperm-tail PG-rich repeat","DEG in 2 diets",2,"50; 83","Higher in control","Diet 50; Diet 83: infected vs control",2.72893182593919,3.66362993580904e-05,3.22512425699967,"1038","Higher than gene average"
362,"LOC126284466","Insect cuticle protein","DEG in 1 diet",1,"50","Higher in control","Diet 50: infected vs control",2.33178750645803,8.9353375782958e-06,2.94537002210696,"1040","Higher than gene average"
363,"LOC126267060","Cadherin repeats.","DEG in 1 diet",1,"50","Higher in control","Diet 50: infected vs control",1.65659778529822,0.0200656842225802,2.64400590421599,"1040","Higher than gene average"
364,"LOC126298257","-","DEG in 1 diet",1,"50","Higher in control","Diet 50: infected vs control",2.60085744131754,0.0305699587959861,2.85353466992066,"1004","Higher than gene average"
365,"LOC126334533","no description","DEG in 1 diet",1,"50","Higher in control","Diet 50: infected vs control",1.32151932613599,0.0338250789130271,2.19678721373978,"1016","Lower than gene average"
366,"LOC126298617","Metal ion binding","DEG in 1 diet",1,"50","Higher in control","Diet 50: infected vs control",1.88426510423875,1.04250486537654e-05,1.86028852786728,"1020","Lower than gene average"
367,"LOC126299336","no description","DEG in 1 diet",1,"50","Higher in control","Diet 50: infected vs control",1.37290166207747,0.0169565996331592,2.21101534879525,"1027","Lower than gene average"
368,"LOC126329207","Protein msta, isoform","DEG in 1 diet",1,"50","Higher in control","Diet 50: infected vs control",1.56235062477939,0.0157717718041661,2.1804964093355,"1016","Lower than gene average"
369,"LOC126268239","WD40 repeats","DEG in 1 diet",1,"50","Higher in control","Diet 50: infected vs control",1.66226656042165,0.0349041913806391,2.34631276858587,"1040","Higher than gene average"
370,"LOC126364340","Neurochondrin","DEG in 1 diet",1,"50","Higher in control","Diet 50: infected vs control",1.26560801402794,0.0355752201542053,2.21494932927462,"1020","Lower than gene average"
371,"LOC126322719","Required for proper homologous chromosome pairing and efficient cross-over and intragenic recombination during meiosis","DEG in 1 diet",1,"83","Higher in control","Diet 83: infected vs control",1.55079938961031,0.049117789888186,2.31682133116766,"1043","Higher than gene average"
372,"LOC126355887","Belongs to the UDP-glycosyltransferase family","DEG in 1 diet",1,"50","Higher in control","Diet 50: infected vs control",1.06143012618198,0.00694237087366303,2.813523868195,"1002","Lower than gene average"
373,"LOC126267016","Repeated motif present between transmembrane helices in cystinosin, yeast ERS1p, mannose-P-dolichol utilization defect 1, and other hypothetical proteins.","DEG in 1 diet",1,"83","Higher in control","Diet 83: infected vs control",1.33657037383956,0.0181378048926677,1.8440385923213,"1024","Lower than gene average"
374,"LOC126267666","no description","DEG in 1 diet",1,"50","Higher in control","Diet 50: infected vs control",1.7920018802543,0.0429888857921565,2.1917874746616,"1040","Higher than gene average"
375,"LOC126278514","no description","DEG in 2 diets",2,"50; 83","Higher in control","Diet 50; Diet 83: infected vs control",1.2805956238642,0.00286704309918845,2.51768110696428,"1027","Lower than gene average"
376,"LOC126295407","TCP-1/cpn60 chaperonin family","DEG in 1 diet",1,"83","Higher in control","Diet 83: infected vs control",1.26011852535766,0.0472162020964622,2.07702467299852,"1020","Lower than gene average"
377,"LOC126266713","Spondin_N","DEG in 1 diet",1,"50","Higher in control","Diet 50: infected vs control",1.48156328171441,0.00240981203952358,2.61803389444975,"1037","Higher than gene average"
378,"LOC126278249","Belongs to the ATP guanido phosphotransferase family","DEG in 1 diet",1,"83","Higher in control","Diet 83: infected vs control",1.56387644632475,0.0094084022826109,2.53224067110354,"1027","Lower than gene average"
379,"LOC126349195","Dihydrolipoyllysine-residue succinyltransferase activity. It is involved in the biological process described with tricarboxylic acid cycle","DEG in 1 diet",1,"83","Higher in control","Diet 83: infected vs control",1.08862641512534,0.012367789638952,2.26912117231301,"1037","Higher than gene average"
380,"LOC126295330","no description","DEG in 1 diet",1,"33","Higher in control","Diet 33: infected vs control",1.80232251477503,8.85888157196392e-05,2.0984450891499,"1041","Higher than gene average"
381,"LOC126355970","no description","DEG in 1 diet",1,"33","Higher in control","Diet 33: infected vs control",1.43413959530779,0.0167609378029817,2.56191071763535,"1023","Lower than gene average"
382,"LOC126278403","no description","DEG in 1 diet",1,"83","Higher in control","Diet 83: infected vs control",2.10090389572736,0.00814773290738998,2.44270300774433,"1041","Higher than gene average"
383,"LOC126359288","no description","DEG in 1 diet",1,"33","Higher in control","Diet 33: infected vs control",1.14012975698066,0.0415521831173685,2.24168604977269,"1038","Higher than gene average"
384,"LOC126267242","Microtubule binding","DEG in 1 diet",1,"50","Higher in control","Diet 50: infected vs control",1.247082305587,0.0443712632131747,2.69714632745691,"1002","Lower than gene average"
385,"LOC126356140","no description","DEG in 1 diet",1,"50","Higher in control","Diet 50: infected vs control",1.01235912414539,0.0176942976097734,2.06324308899839,"1039","Higher than gene average"
386,"LOC126272758","no description","DEG in 1 diet",1,"33","Higher in control","Diet 33: infected vs control",1.15887863604175,0.0496273391681374,2.03180858164335,"1039","Higher than gene average"
387,"LOC126336750","DNA helicase activity. It is involved in the biological process described with DNA replication initiation","DEG in 1 diet",1,"33","Higher in control","Diet 33: infected vs control",1.04063325855168,0.00630515267110328,2.07082349780025,"1031","Higher than gene average"
388,"LOC126284276","HORMA domain","DEG in 3 diets",3,"33; 50; 83","Higher in control","Diet 33; Diet 50; Diet 83: infected vs control",2.59146093017413,0.0057251246961223,1.82466725250609,"1039","Higher than gene average"
389,"LOC126281636","Belongs to the cyclin family","DEG in 2 diets",2,"33; 50","Higher in control","Diet 33; Diet 50: infected vs control",1.28120832453124,0.0346746968188885,1.85086685553601,"1058","Lower than gene average"
390,"LOC126337056","Juvenile hormone binding protein domains in insects.","DEG in 3 diets",3,"33; 50; 83","Higher in control","Diet 33; Diet 50; Diet 83: infected vs control",3.12031769930738,5.88453039704289e-10,2.49945963544739,"1031","Higher than gene average"
391,"LOC126336205","no description","DEG in 1 diet",1,"50","Higher in control","Diet 50: infected vs control",2.85726768023223,0.0429500243745042,2.66739083140212,"1031","Higher than gene average"
392,"LOC126299530","zinc finger","DEG in 2 diets",2,"33; 50","Higher in control","Diet 33; Diet 50: infected vs control",1.39050763981103,0.00508361108887153,2.49218596083267,"1024","Lower than gene average"
393,"LOC126298797","PHD-like zinc-binding domain","DEG in 1 diet",1,"50","Higher in control","Diet 50: infected vs control",1.09068730030822,0.0101172323390433,2.65135002337348,"1002","Lower than gene average"
394,"LOC126282271","Histone H2A","DEG in 2 diets",2,"33; 50","Higher in control","Diet 33; Diet 50: infected vs control",1.48348995369766,9.46058691141362e-05,2.43403958273311,"1039","Higher than gene average"
395,"LOC126284573","dUTP diphosphatase activity. It is involved in the biological process described with dUTP metabolic process","DEG in 2 diets",2,"50; 83","Higher in control","Diet 50; Diet 83: infected vs control",2.01307288638036,0.00670904720196876,1.91429703407799,"1039","Higher than gene average"
396,"LOC126284030","This protein is an auxiliary protein of DNA polymerase delta and is involved in the control of eukaryotic DNA replication by increasing the polymerase's processibility during elongation of the leading strand","DEG in 2 diets",2,"33; 50","Higher in control","Diet 33; Diet 50: infected vs control",1.21230463733662,0.000405512137467371,2.22739751531145,"1038","Higher than gene average"
397,"LOC126278549","Histone H2A","DEG in 2 diets",2,"33; 50","Higher in control","Diet 33; Diet 50: infected vs control",1.08285807080144,0.00840192866312285,2.44850633204713,"1039","Higher than gene average"
398,"LOC126285307","recombinational repair","DEG in 1 diet",1,"50","Higher in control","Diet 50: infected vs control",1.1244314752242,0.00458439401025863,3.3362793457857,"1058","Lower than gene average"
399,"LOC126272743","Protein kinase binding. It is involved in the biological process described with regulation of cyclin-dependent protein serine threonine kinase activity","DEG in 1 diet",1,"50","Higher in control","Diet 50: infected vs control",1.15013255964836,0.0223004167878827,3.19501850533909,"1006","Lower than gene average"
400,"LOC126298531","It is involved in the biological process described with protein homooligomerization","DEG in 1 diet",1,"50","Higher in control","Diet 50: infected vs control",1.48789109976505,0.0223004167878827,1.79801677852032,"1031","Higher than gene average"
401,"LOC126267166","PPIases accelerate the folding of proteins. It catalyzes the cis-trans isomerization of proline imidic peptide bonds in oligopeptides","DEG in 1 diet",1,"50","Higher in control","Diet 50: infected vs control",1.06662923144023,0.0347129661164543,2.03354876898288,"1024","Lower than gene average"
402,"LOC126334820","Rho guanyl-nucleotide exchange factor activity. It is involved in the biological process described with regulation of Rho protein signal transduction","DEG in 1 diet",1,"50","Higher in control","Diet 50: infected vs control",1.10808213736411,0.00243907796555179,1.98990297142064,"1041","Higher than gene average"
403,"LOC126299109","no description","DEG in 1 diet",1,"33","Higher in control","Diet 33: infected vs control",1.46823704379459,0.0208961432271093,2.07793936290522,"1041","Higher than gene average"
404,"LOC126268218","NUDIX domain","DEG in 3 diets",3,"33; 50; 83","Higher in control","Diet 33; Diet 50; Diet 83: infected vs control",1.38796245693326,0.00064191602973365,2.1872204823279,"1031","Higher than gene average"
405,"LOC126267179","Tubulin is the major constituent of microtubules. It binds two moles of GTP, one at an exchangeable site on the beta chain and one at a non-exchangeable site on the alpha chain","DEG in 2 diets",2,"33; 50","Higher in control","Diet 33; Diet 50: infected vs control",1.36084306129897,0.0010039019327559,2.11906227062111,"1038","Higher than gene average"
406,"LOC126293721","heme binding. It is involved in the biological process described with oxidation-reduction process","DEG in 2 diets",2,"33; 50","Higher in control","Diet 33; Diet 50: infected vs control",3.28848258047423,0.0289616749772732,3.37536076649832,"1041","Higher than gene average"
407,"LOC126297976","FAD binding domain","DEG in 3 diets",3,"33; 50; 83","Higher in control","Diet 33; Diet 50; Diet 83: infected vs control",2.66146325285186,0.00458314945488074,2.16428542147254,"1006","Higher than gene average"
408,"LOC126354460","Belongs to the short-chain dehydrogenases reductases (SDR) family","DEG in 2 diets",2,"33; 50","Higher in control","Diet 33; Diet 50: infected vs control",1.73700590295865,3.22494366147841e-07,2.2520690261625,"1041","Higher than gene average"
409,"LOC126293292","Aldo/keto reductase family","DEG in 1 diet",1,"33","Higher in control","Diet 33: infected vs control",1.32093190954216,0.000761125347940937,2.60407520538031,"1050","Higher than gene average"
410,"LOC126325369","ribosomal protein L18","DEG in 1 diet",1,"83","Higher in control","Diet 83: infected vs control",1.39010473106763,0.0091225314499564,2.40795199505616,"1023","Lower than gene average"
411,"LOC126332793","Belongs to the type-B carboxylesterase lipase family","DEG in 1 diet",1,"83","Higher in control","Diet 83: infected vs control",1.26673818419603,0.0194971211805918,1.87569290788898,"1027","Lower than gene average"
412,"LOC126335428","CRAL/TRIO, N-terminal domain","DEG in 1 diet",1,"33","Higher in control","Diet 33: infected vs control",1.28329918466236,0.00288985817500472,2.01427120957055,"1023","Lower than gene average"
413,"LOC126355346","no description","DEG in 1 diet",1,"50","Higher in control","Diet 50: infected vs control",1.73704267297185,0.0496897594879811,2.06986930691095,"1038","Higher than gene average"
414,"LOC126266828","Pyridine nucleotide-disulphide oxidoreductase","DEG in 1 diet",1,"33","Higher in control","Diet 33: infected vs control",2.15255859169032,0.0068858517496866,1.74909674094342,"1011","Higher than gene average"
415,"LOC126324086","Transferase activity, transferring phosphorus-containing groups","DEG in 2 diets",2,"33; 50","Higher in control","Diet 33; Diet 50: infected vs control",2.49559825672409,0.000108322999132141,2.05303579783331,"1011","Higher than gene average"
416,"LOC126283957","activity. It is involved in the biological process described with oxidation-reduction process","DEG in 2 diets",2,"33; 83","Higher in control","Diet 33; Diet 83: infected vs control",1.93169055833841,0.00537263186547576,2.19878234429515,"1011","Higher than gene average"
417,"LOC126281694","Oxidoreductase activity. It is involved in the biological process described with oxidation-reduction process","DEG in 1 diet",1,"33","Higher in control","Diet 33: infected vs control",1.84211492841245,0.00594000309767901,1.81526347587404,"1016","Lower than gene average"
418,"LOC126273250","no description","DEG in 2 diets",2,"33; 50","Higher in control","Diet 33; Diet 50: infected vs control",2.39387431879817,0.00346499137123935,2.18677102443917,"1057","Lower than gene average"
419,"LOC126281446","oxidoreductase activity, acting on the aldehyde or oxo group of donors, NAD or NADP as acceptor. It is involved in the biological process described with oxidation-reduction process","DEG in 2 diets",2,"33; 50","Higher in control","Diet 33; Diet 50: infected vs control",1.40013941793383,0.00291460901271549,2.04806653956966,"1038","Higher than gene average"
420,"LOC126274965","zinc ion binding","DEG in 1 diet",1,"33","Higher in control","Diet 33: infected vs control",1.24113417385725,0.00415004476284811,2.41148859153375,"1016","Lower than gene average"
421,"LOC126284367","Pacifastin inhibitor (LCMII)","DEG in 1 diet",1,"33","Higher in control","Diet 33: infected vs control",2.04436732707249,0.0149472164030839,1.97378098696843,"1015","Lower than gene average"
422,"LOC126267535","Catalyzes the hydrolysis of N-formyl-L-kynurenine to L- kynurenine, the second step in the kynurenine pathway of tryptophan degradation. Required for elimination of toxic metabolites","DEG in 2 diets",2,"33; 83","Higher in control","Diet 33; Diet 83: infected vs control",2.098755966625,0.00796778278902087,2.69746149438711,"1011","Higher than gene average"
423,"LOC126355184","Belongs to the type-B carboxylesterase lipase family","DEG in 2 diets",2,"33; 50","Higher in control","Diet 33; Diet 50: infected vs control",1.82203346430011,0.0158798680068829,1.95580533978763,"1057","Lower than gene average"
424,"LOC126267970","no description","DEG in 1 diet",1,"33","Higher in control","Diet 33: infected vs control",1.77818186263249,0.0280839597800935,1.93903108138474,"1011","Higher than gene average"
425,"LOC126276533","Occurs in almost all aerobically respiring organisms and serves to protect cells from the toxic effects of hydrogen peroxide","DEG in 2 diets",2,"33; 83","Higher in control","Diet 33; Diet 83: infected vs control",1.24475319587122,0.013770303547873,2.26505929340246,"1016","Lower than gene average"
426,"LOC126335523","Oxidoreductase activity. It is involved in the biological process described with metabolic process","DEG in 1 diet",1,"33","Higher in control","Diet 33: infected vs control",1.27751598631657,0.000198554743561247,3.05919105454256,"1016","Lower than gene average"
427,"LOC126272888","Pyridine nucleotide-disulphide oxidoreductase","DEG in 2 diets",2,"33; 83","Higher in control","Diet 33; Diet 83: infected vs control",2.97856482406777,0.00218361573341542,2.24293690613233,"1038","Higher than gene average"
428,"LOC126291786","no description","DEG in 1 diet",1,"33","Higher in control","Diet 33: infected vs control",1.40587112356745,0.011351678994604,2.046320082441,"1011","Higher than gene average"
429,"LOC126267104","Immunoglobulin C-2 Type","DEG in 1 diet",1,"83","Higher in control","Diet 83: infected vs control",1.81053039244686,0.0238250242339342,2.72024973074345,"1006","Higher than gene average"
430,"LOC126284670","transferase activity, transferring hexosyl groups. It is involved in the biological process described with metabolic process","DEG in 1 diet",1,"83","Higher in control","Diet 83: infected vs control",1.41238569883991,0.0333459550505836,2.08872133413636,"1049","Lower than gene average"
431,"LOC126336960","Alcohol dehydrogenase GroES-like domain","DEG in 2 diets",2,"33; 83","Higher in control","Diet 33; Diet 83: infected vs control",2.15529957889635,0.0139168297043593,2.09942198512114,"1005","Higher than gene average"
432,"LOC126291591","UTP glucose-1-phosphate uridylyltransferase activity. It is involved in the biological process described with UDP-glucose metabolic process","DEG in 1 diet",1,"33","Higher in control","Diet 33: infected vs control",1.54896550898144,0.00833278278133284,2.01065953444282,"1009","Higher than gene average"
433,"LOC126268185","no description","DEG in 1 diet",1,"83","Higher in control","Diet 83: infected vs control",1.00887447061443,0.0345302415865526,2.21826038674098,"1041","Higher than gene average"
434,"LOC126284898","Fructose-bisphosphate aldolase activity. It is involved in the biological process described with glycolytic process","DEG in 2 diets",2,"33; 50","Higher in control","Diet 33; Diet 50: infected vs control",1.6465764880308,0.0120760388794053,1.99965325342843,"1045","Lower than gene average"
435,"LOC126272926","UDP-glucoronosyl and UDP-glucosyl transferase","DEG in 1 diet",1,"33","Higher in control","Diet 33: infected vs control",1.46687016262594,0.0346746968188885,2.0332083628986,"1009","Higher than gene average"
436,"LOC126353777","copper ion binding. It is involved in the biological process described with oxidation-reduction process","DEG in 2 diets",2,"33; 83","Higher in control","Diet 33; Diet 83: infected vs control",1.44206547270173,0.0378344914192597,3.66003584862759,"1011","Higher than gene average"
437,"LOC126295405","Belongs to the D-isomer specific 2-hydroxyacid dehydrogenase family","DEG in 1 diet",1,"50","Higher in control","Diet 50: infected vs control",1.02270579346693,0.00603960848950689,2.09476864536125,"1023","Lower than gene average"
438,"LOC126354907","catalytic activity. It is involved in the biological process described with metabolic process","DEG in 1 diet",1,"83","Higher in control","Diet 83: infected vs control",1.4204697934351,0.0464437745981642,2.98597127110707,"1041","Higher than gene average"
439,"LOC126278185","Conserved hypothetical protein","DEG in 1 diet",1,"50","Higher in control","Diet 50: infected vs control",1.7121241293967,0.0140062538959044,3.01282047971849,"1050","Higher than gene average"
440,"LOC126295156","Belongs to the major facilitator superfamily. Sugar transporter (TC 2.A.1.1) family","DEG in 1 diet",1,"33","Higher in control","Diet 33: infected vs control",1.99230419209732,0.00267685778701446,3.12254207658659,"1011","Higher than gene average"
441,"LOC126293368","O-phospho-L-serine 2-oxoglutarate aminotransferase activity. It is involved in the biological process described with L-serine biosynthetic process","DEG in 2 diets",2,"33; 50","Higher in control","Diet 33; Diet 50: infected vs control",1.49732825682154,1.01866351872448e-05,2.44065849777029,"1038","Higher than gene average"
442,"LOC126293737","IMP cyclohydrolase activity. It is involved in the biological process described with purine nucleotide biosynthetic process","DEG in 1 diet",1,"33","Higher in control","Diet 33: infected vs control",1.59757122885483,6.79971400276905e-05,1.91828576766503,"1050","Higher than gene average"
443,"LOC126325353","Interconversion of serine and glycine","DEG in 1 diet",1,"33","Higher in control","Diet 33: infected vs control",1.42081660562426,0.000474995528532473,2.41806709408498,"1050","Higher than gene average"
444,"LOC126324953","Adenylosuccinate lyase C-terminus","DEG in 3 diets",3,"33; 50; 83","Higher in control","Diet 33; Diet 50; Diet 83: infected vs control",1.73548358090444,0.000473343470518358,3.05845790465948,"1038","Higher than gene average"
445,"LOC126298417","GTP-specific succinyl-CoA synthetase functions in the citric acid cycle (TCA), coupling the hydrolysis of succinyl-CoA to the synthesis of GTP and thus represents the only step of substrate-level phosphorylation in the TCA. The beta subunit provides nucleotide specificity of the enzyme and binds the substrate succinate, while the binding sites for coenzyme A and phosphate are found in the alpha subunit","DEG in 1 diet",1,"83","Higher in control","Diet 83: infected vs control",1.01792266684165,0.0394228754815796,3.08150481819823,"1038","Higher than gene average"
446,"LOC126347864","catalytic activity. It is involved in the biological process described with metabolic process","DEG in 1 diet",1,"33","Higher in control","Diet 33: infected vs control",1.51356051452466,0.0282976770795718,2.87250386978181,"1038","Higher than gene average"
447,"LOC126355949","Mitochondrial enolase superfamily member 1-like","DEG in 1 diet",1,"33","Higher in control","Diet 33: infected vs control",1.14968552799991,0.00372041403718347,2.49536010620835,"1038","Higher than gene average"
448,"LOC126266926","Zinc-binding dehydrogenase","DEG in 1 diet",1,"83","Higher in control","Diet 83: infected vs control",1.45936554825841,0.0063844734968589,2.63189028401426,"1038","Higher than gene average"
449,"LOC126334694","Aldo/keto reductase family","DEG in 1 diet",1,"33","Higher in control","Diet 33: infected vs control",1.39555342776181,0.0196863112134797,2.31911287082232,"1038","Higher than gene average"
450,"LOC126272899","heme binding. It is involved in the biological process described with oxidation-reduction process","DEG in 1 diet",1,"50","Higher in control","Diet 50: infected vs control",1.48090121792762,0.000752160355813584,2.40102335617851,"1011","Higher than gene average"
451,"LOC126336910","It is involved in the biological process described with negative regulation of signal transduction","DEG in 2 diets",2,"50; 83","Higher in control","Diet 50; Diet 83: infected vs control",3.10007333848132,0.00063389528529907,2.83371921274125,"1041","Higher than gene average"
452,"LOC126354594","Hairy Orange","DEG in 2 diets",2,"33; 50","Higher in control","Diet 33; Diet 50: infected vs control",1.29393312253972,0.00347942860144247,2.2201917864438,"1011","Higher than gene average"
453,"LOC126299197","Metal ion binding","DEG in 1 diet",1,"50","Higher in control","Diet 50: infected vs control",1.62216902173653,0.0395725124998448,2.55328203572689,"1011","Higher than gene average"
454,"LOC126334891","Hydroxymethylbilane synthase activity. It is involved in the biological process described with peptidyl-pyrromethane cofactor linkage","DEG in 1 diet",1,"83","Higher in control","Diet 83: infected vs control",1.0361654374447,0.0432555777770106,2.2833631449727,"1011","Higher than gene average"
455,"LOC126323656","Lipase","DEG in 1 diet",1,"83","Higher in control","Diet 83: infected vs control",2.8653969017699,0.0394103289416225,2.21156376387595,"1009","Higher than gene average"
456,"LOC126281398","Major Facilitator Superfamily","DEG in 2 diets",2,"33; 83","Higher in control","Diet 33; Diet 83: infected vs control",2.89023677862587,0.00033114220339989,2.56266784996431,"1041","Higher than gene average"
457,"LOC126285349","Pacifastin inhibitor (LCMII)","DEG in 1 diet",1,"33","Higher in control","Diet 33: infected vs control",1.29758493947065,0.0295339016871712,2.37515137913152,"1011","Higher than gene average"
458,"LOC126285012","Belongs to the short-chain dehydrogenases reductases (SDR) family","DEG in 1 diet",1,"83","Higher in control","Diet 83: infected vs control",3.19504684914653,0.0249245185494272,2.11348953304157,"1025","Higher than gene average"
459,"LOC126277952","Tetratricopeptide repeat","DEG in 1 diet",1,"83","Higher in control","Diet 83: infected vs control",1.66262380341764,0.00600072066876633,2.74280037056641,"1038","Higher than gene average"
460,"LOC126354365","Belongs to the type-B carboxylesterase lipase family","DEG in 1 diet",1,"83","Higher in control","Diet 83: infected vs control",1.79578306255334,0.0285980876110215,2.73455642050728,"1038","Higher than gene average"
461,"LOC126284609","no description","DEG in 1 diet",1,"33","Higher in control","Diet 33: infected vs control",1.36340747961057,0.0189905751172468,3.49877518164924,"1016","Higher than gene average"
462,"LOC126335682","-","DEG in 1 diet",1,"33","Higher in control","Diet 33: infected vs control",1.37742747190808,0.0418864550910582,2.55489365648421,"1016","Higher than gene average"
463,"LOC126267080","Cytochrome P450","DEG in 1 diet",1,"33","Higher in control","Diet 33: infected vs control",1.92402854412091,0.044311748657369,3.82252093273842,"1016","Higher than gene average"
464,"LOC126275296","protein tyrosine kinase collagen receptor activity","DEG in 1 diet",1,"33","Higher in control","Diet 33: infected vs control",2.49015075384181,0.0319618136176086,3.35346079475835,"1016","Higher than gene average"
465,"LOC126355746","Belongs to the peroxisomal membrane protein PXMP2 4 family","DEG in 1 diet",1,"33","Higher in control","Diet 33: infected vs control",2.81710962844766,0.00331827042145917,4.78430172369855,"1016","Higher than gene average"
466,"LOC126267248","ATP binding. It is involved in the biological process described with protein phosphorylation","DEG in 1 diet",1,"50","Higher in control","Diet 50: infected vs control",1.87332505377268,0.0450176610133823,4.39150404277429,"1016","Higher than gene average"
467,"LOC126291838","Leucine-rich repeats, typical (most populated) subfamily","DEG in 1 diet",1,"83","Higher in control","Diet 83: infected vs control",1.68252397330353,0.0153459325541317,3.67772922315959,"1016","Higher than gene average"
468,"LOC126354413","Domain of unknown function (DUF4203)","DEG in 1 diet",1,"50","Higher in control","Diet 50: infected vs control",1.43024435106814,0.0164189050693729,3.79790643051189,"1016","Higher than gene average"
469,"LOC126272636","-","DEG in 1 diet",1,"50","Higher in control","Diet 50: infected vs control",1.36407987474391,6.62776335983516e-05,4.50145777250685,"1016","Higher than gene average"
470,"LOC126281204","activity. It is involved in the biological process described with","DEG in 1 diet",1,"50","Higher in control","Diet 50: infected vs control",2.05497092689634,0.0148894498369699,4.66755668603111,"1016","Higher than gene average"
471,"LOC126355846","Otopetrin","DEG in 2 diets",2,"33; 50","Higher in control","Diet 33; Diet 50: infected vs control",1.33086880222254,0.00121426877981101,3.96925870816756,"1016","Higher than gene average"
472,"LOC126269368","Neurotransmitter-gated ion-channel transmembrane region","DEG in 1 diet",1,"50","Higher in control","Diet 50: infected vs control",1.82997604546476,0.0169565996331592,4.47414032028194,"1016","Higher than gene average"
473,"LOC126278220","It is involved in the biological process described with neuropeptide signaling pathway","DEG in 1 diet",1,"33","Higher in control","Diet 33: infected vs control",2.90138049035526,0.0413653849293159,5.24496501528333,"1016","Higher than gene average"
474,"LOC126273193","carbohydrate binding","DEG in 1 diet",1,"50","Higher in control","Diet 50: infected vs control",3.2992511824827,0.0140658246169577,5.1135391848266,"1016","Higher than gene average"
475,"LOC126273067","May mediate accelerated ATP-independent bidirectional transbilayer migration of phospholipids upon binding calcium ions that results in a loss of phospholipid asymmetry in the plasma membrane","DEG in 1 diet",1,"50","Higher in control","Diet 50: infected vs control",3.03714871417822,0.044345307351357,5.7117786242383,"1016","Higher than gene average"
476,"LOC126293366","Leucine Rich Repeat","DEG in 1 diet",1,"50","Higher in control","Diet 50: infected vs control",1.60962188739959,0.00363381005836389,4.13821542030801,"1016","Higher than gene average"
477,"LOC126344021","Metal ion binding","DEG in 1 diet",1,"33","Higher in control","Diet 33: infected vs control",2.85239582323586,0.0264455664086509,3.59791999113189,"1016","Higher than gene average"
478,"LOC126297443","no description","DEG in 1 diet",1,"33","Higher in control","Diet 33: infected vs control",4.66028284871535,0.0479521137862299,3.99692718309258,"1016","Higher than gene average"
479,"LOC126298176","-","DEG in 1 diet",1,"33","Higher in control","Diet 33: infected vs control",3.96745312183195,0.0328309857859482,4.98536296287292,"1016","Higher than gene average"
480,"LOC126356321","Syntaxin binding. It is involved in the biological process described with neurotransmitter transport","DEG in 1 diet",1,"50","Higher in control","Diet 50: infected vs control",2.15716766360032,0.00964584301408671,4.49833991206994,"1016","Higher than gene average"
481,"LOC126266626","Belongs to the peptidase S8 family","DEG in 1 diet",1,"50","Higher in control","Diet 50: infected vs control",2.72415889234583,0.0213433788353814,4.84885342060486,"1016","Higher than gene average"
482,"LOC126335932","Guanine nucleotide-binding proteins (G proteins) are involved as a modulator or transducer in various transmembrane signaling systems. The beta and gamma chains are required for the GTPase activity, for replacement of GDP by GTP, and for G protein- effector interaction","DEG in 1 diet",1,"50","Higher in control","Diet 50: infected vs control",1.05665619549636,0.0248042738684673,4.18651440510496,"1016","Higher than gene average"
483,"LOC126335894","Homeodomain","DEG in 1 diet",1,"50","Higher in control","Diet 50: infected vs control",1.18587109176125,0.0321517810414534,3.9194716119417,"1016","Higher than gene average"
484,"LOC126341885","Signal transducer activity. It is involved in the biological process described with intracellular signal transduction","DEG in 1 diet",1,"50","Higher in control","Diet 50: infected vs control",1.88130136187191,9.65883640629933e-08,4.14383610810709,"1016","Higher than gene average"
485,"LOC126354570","Nucleoside transmembrane transporter activity. It is involved in the biological process described with","DEG in 1 diet",1,"50","Higher in control","Diet 50: infected vs control",1.71113606328465,0.0371167017026284,5.09725577066553,"1016","Higher than gene average"
486,"LOC126293313","Angiotensin-converting enzyme","DEG in 1 diet",1,"33","Higher in control","Diet 33: infected vs control",1.01556728505124,0.000694224449475099,2.27368977619909,"1006","Higher than gene average"
487,"LOC126336598","-","DEG in 1 diet",1,"50","Higher in control","Diet 50: infected vs control",1.18792059168426,0.0435783761624049,2.38174955177776,"1005","Higher than gene average"
488,"LOC126284235","no description","DEG in 1 diet",1,"33","Higher in control","Diet 33: infected vs control",2.37572944096148,0.0499002211777158,2.46940590906454,"1038","Higher than gene average"
489,"LOC126335667","no description","DEG in 1 diet",1,"33","Higher in control","Diet 33: infected vs control",3.00207082748789,0.00331827042145917,2.30642803341728,"1055","Higher than gene average"
490,"LOC126336465","no description","DEG in 1 diet",1,"33","Higher in control","Diet 33: infected vs control",2.71781983525557,0.0227757248573464,2.90662097670959,"1006","Higher than gene average"
491,"LOC126336463","no description","DEG in 1 diet",1,"33","Higher in control","Diet 33: infected vs control",4.31305048289009,0.00220574630649953,3.37329473682227,"1006","Higher than gene average"
492,"LOC126336460","no description","DEG in 1 diet",1,"33","Higher in control","Diet 33: infected vs control",2.83202794036257,0.0212781798013732,2.88669460586972,"1006","Higher than gene average"
493,"LOC126336468","no description","DEG in 1 diet",1,"33","Higher in control","Diet 33: infected vs control",2.74715293764241,0.0428562857440608,2.31020579830757,"1038","Higher than gene average"
494,"LOC126335665","no description","DEG in 1 diet",1,"33","Higher in control","Diet 33: infected vs control",2.83179539485317,0.0100983533401895,2.73118821171085,"1006","Higher than gene average"
495,"LOC126336464","no description","DEG in 1 diet",1,"33","Higher in control","Diet 33: infected vs control",2.7462275125789,0.0131814625238313,2.91126227612932,"1006","Higher than gene average"
496,"LOC126298183","no description","DEG in 1 diet",1,"33","Higher in control","Diet 33: infected vs control",1.34880467943343,0.0280381817976467,3.20575330609566,"1006","Higher than gene average"
497,"LOC126268132","no description","DEG in 1 diet",1,"33","Higher in control","Diet 33: infected vs control",1.68476825392259,0.00039441633690812,2.90117359650328,"1006","Higher than gene average"
498,"LOC126284799","Endocuticle structural glycoprotein","DEG in 1 diet",1,"33","Higher in control","Diet 33: infected vs control",4.24057646234134,0.0117033614488116,5.06709250721297,"1003","Higher than gene average"
499,"LOC126355457","-","DEG in 1 diet",1,"33","Higher in control","Diet 33: infected vs control",1.85735637306918,0.0143287178972171,2.78351915414679,"1003","Higher than gene average"
500,"LOC126297476","Chitin-binding domain type 2","DEG in 1 diet",1,"33","Higher in control","Diet 33: infected vs control",1.24310668065566,0.010719261035003,2.47291833414628,"1020","Lower than gene average"
501,"LOC126284697","no description","DEG in 1 diet",1,"33","Higher in control","Diet 33: infected vs control",1.66965984055343,0.0275968909570745,2.23713534688522,"1054","Lower than gene average"
502,"LOC126283982","no description","DEG in 1 diet",1,"33","Higher in control","Diet 33: infected vs control",2.16639437033775,0.0278322276282575,2.24174685515558,"1006","Higher than gene average"
503,"LOC126354946","no description","DEG in 1 diet",1,"33","Higher in control","Diet 33: infected vs control",3.17301629313251,0.000143993069013945,2.96739004292184,"1006","Higher than gene average"
504,"LOC126354947","no description","DEG in 1 diet",1,"33","Higher in control","Diet 33: infected vs control",2.10054094063299,0.0440622607546451,2.06679332767426,"1011","Higher than gene average"
505,"LOC126282043","oxidoreductase activity, acting on the aldehyde or oxo group of donors, NAD or NADP as acceptor. It is involved in the biological process described with oxidation-reduction process","DEG in 1 diet",1,"33","Higher in control","Diet 33: infected vs control",2.23820148237315,0.00171950485297096,2.18825473256844,"1037","Higher than gene average"
506,"LOC126297477","Chitin binding Peritrophin-A domain","DEG in 1 diet",1,"33","Higher in control","Diet 33: infected vs control",2.2047224680415,0.00166546711247121,2.43706649433002,"1040","Higher than gene average"
507,"LOC126284086","Insect cuticle protein","DEG in 1 diet",1,"83","Higher in control","Diet 83: infected vs control",3.37599099409187,0.0115093777890829,2.16471191944744,"1006","Higher than gene average"
508,"LOC126284088","Insect cuticle protein","DEG in 2 diets",2,"33; 83","Higher in control","Diet 33; Diet 83: infected vs control",2.32826650529311,0.00039441633690812,2.02395906927702,"1006","Higher than gene average"
509,"LOC126284491","Insect cuticle protein","DEG in 2 diets",2,"33; 83","Higher in control","Diet 33; Diet 83: infected vs control",3.38427732049221,0.00322756082727048,1.84361018437322,"1029","Lower than gene average"
510,"LOC126335593","Conserved hypothetical protein","DEG in 2 diets",2,"33; 50","Higher in control","Diet 33; Diet 50: infected vs control",1.54971052261005,0.0033631124984604,3.40810539884831,"1002","Higher than gene average"
511,"LOC126299034","no description","DEG in 1 diet",1,"50","Higher in control","Diet 50: infected vs control",1.51734425406218,0.0389954985192565,3.42494715216064,"1002","Higher than gene average"
512,"LOC126272753","Domain present in PSD-95, Dlg, and ZO-1/2.","DEG in 2 diets",2,"33; 50","Higher in control","Diet 33; Diet 50: infected vs control",1.24137765630444,5.13605508341129e-06,2.44251265515425,"1002","Higher than gene average"
513,"LOC126267997","Belongs to the TRAFAC class myosin-kinesin ATPase superfamily. Myosin family","DEG in 1 diet",1,"50","Higher in control","Diet 50: infected vs control",1.44544761073845,3.23197036342933e-05,2.58664375449942,"1004","Higher than gene average"
514,"LOC126354218","Domain present in PSD-95, Dlg, and ZO-1/2.","DEG in 1 diet",1,"50","Higher in control","Diet 50: infected vs control",1.01049373235003,0.000314434948343689,2.32160277167506,"1006","Higher than gene average"
515,"LOC126354818","beta-N-acetylhexosaminidase activity. It is involved in the biological process described with carbohydrate metabolic process","DEG in 1 diet",1,"33","Higher in control","Diet 33: infected vs control",1.65865156153546,0.00323897446687869,2.29247612282378,"1040","Higher than gene average"
516,"LOC126295382","meprin and TRAF homology","DEG in 1 diet",1,"50","Higher in control","Diet 50: infected vs control",1.26628319881229,0.0417341097803223,2.43142802773437,"1006","Higher than gene average"
517,"LOC126336124","It is involved in the biological process described with Notch signaling pathway","DEG in 2 diets",2,"33; 50","Higher in control","Diet 33; Diet 50: infected vs control",2.09195949218708,0.0230564563326563,1.99526774913115,"1002","Higher than gene average"
518,"LOC126345346","-","DEG in 2 diets",2,"33; 50","Higher in control","Diet 33; Diet 50: infected vs control",1.49559713637466,2.45856544280088e-06,2.99615042730552,"1006","Higher than gene average"
519,"LOC126355724","UDP-galactosyltransferase activity","DEG in 2 diets",2,"33; 50","Higher in control","Diet 33; Diet 50: infected vs control",2.50888395803313,0.000359458866186856,3.49928097126928,"1006","Higher than gene average"
520,"LOC126330497","G-protein coupled receptor activity. It is involved in the biological process described with G-protein coupled receptor signaling pathway","DEG in 2 diets",2,"33; 50","Higher in control","Diet 33; Diet 50: infected vs control",1.48000469440459,0.0230124202925651,2.13823542501674,"1004","Higher than gene average"
521,"LOC126281296","Rap guanyl-nucleotide exchange factor activity","DEG in 1 diet",1,"33","Higher in control","Diet 33: infected vs control",1.19181591849896,0.000845302241259362,2.1662073915912,"1052","Lower than gene average"
522,"LOC126334943","Ion channel activity. It is involved in the biological process described with ion transport","DEG in 1 diet",1,"33","Higher in control","Diet 33: infected vs control",1.36417920940303,2.5759681280098e-05,2.45106843976474,"1049","Lower than gene average"
523,"LOC126322885","-","DEG in 2 diets",2,"33; 83","Higher in control","Diet 33; Diet 83: infected vs control",1.67138618519286,0.00246449652235159,3.7122465472602,"1006","Higher than gene average"
524,"LOC126266835","-","DEG in 1 diet",1,"33","Higher in control","Diet 33: infected vs control",2.07408398606128,0.000370192189525472,2.12804008520197,"1054","Lower than gene average"
525,"LOC126268161","Sugar (and other) transporter","DEG in 1 diet",1,"33","Higher in control","Diet 33: infected vs control",1.11667761566495,0.0438097134498483,4.66683963044727,"1016","Higher than gene average"
526,"LOC126335854","Immunoglobulin like","DEG in 1 diet",1,"33","Higher in control","Diet 33: infected vs control",2.00121196384023,0.00319145078635729,3.58823429792772,"1016","Higher than gene average"
527,"LOC126282200","Belongs to the TUB family","DEG in 1 diet",1,"33","Higher in control","Diet 33: infected vs control",1.26388699853135,0.0303080380933999,3.15255057787496,"1016","Higher than gene average"
528,"LOC126298052","Nuclear protein MDM1","DEG in 1 diet",1,"33","Higher in control","Diet 33: infected vs control",1.09893247172313,0.0372050505445264,3.30062525913022,"1016","Higher than gene average"
529,"LOC126298214","L-ascorbic acid metabolic process","DEG in 1 diet",1,"50","Higher in control","Diet 50: infected vs control",1.01377923235062,0.032400575987147,2.19525026628084,"1002","Higher than gene average"
530,"LOC126298212","L-ascorbic acid metabolic process","DEG in 1 diet",1,"50","Higher in control","Diet 50: infected vs control",1.35253618654842,0.00978804211373579,2.91977681858346,"1023","Lower than gene average"
531,"LOC126272262","Transferase activity, transferring phosphorus-containing groups","DEG in 1 diet",1,"50","Higher in control","Diet 50: infected vs control",1.40693707775488,0.0347129661164543,2.49963418507472,"1002","Higher than gene average"
532,"LOC126354068","Belongs to the type-B carboxylesterase lipase family","DEG in 2 diets",2,"50; 83","Higher in control","Diet 50; Diet 83: infected vs control",3.10219442842358,0.0116009851092609,1.7313902410364,"1030","Higher than gene average"
533,"LOC126278068","Belongs to the AB hydrolase superfamily. Lipase family","DEG in 1 diet",1,"50","Higher in control","Diet 50: infected vs control",3.89143112324048,8.49292606397043e-05,2.85446499967546,"1034","Higher than gene average"
534,"LOC126299533","nutrient reservoir activity","DEG in 1 diet",1,"50","Higher in control","Diet 50: infected vs control",2.82241252780418,0.00677205992751267,2.88545402575061,"1006","Higher than gene average"
535,"LOC126278066","Belongs to the AB hydrolase superfamily. Lipase family","DEG in 1 diet",1,"50","Higher in control","Diet 50: infected vs control",3.88010943194065,0.0173894752552757,2.08527996327314,"1004","Higher than gene average"
536,"LOC126291782","no description","DEG in 1 diet",1,"50","Higher in control","Diet 50: infected vs control",1.47359881185344,0.00677205992751267,1.8428009868569,"1054","Lower than gene average"
537,"LOC126266922","no description","DEG in 1 diet",1,"50","Higher in control","Diet 50: infected vs control",1.50528495670875,0.031529579316169,1.7576193832679,"1020","Higher than gene average"
538,"LOC126295285","Lipocalin-like domain","DEG in 2 diets",2,"33; 50","Higher in control","Diet 33; Diet 50: infected vs control",2.70585422933224,0.000366761112915744,2.0374058341693,"1006","Higher than gene average"
539,"LOC126278364","Glycosyl hydrolase family 9","DEG in 2 diets",2,"33; 50","Higher in control","Diet 33; Diet 50: infected vs control",2.41436687279077,0.0162445411717122,3.28657196629577,"1042","Lower than gene average"
540,"LOC126278622","Glycosyl hydrolase family 9","DEG in 2 diets",2,"33; 50","Higher in control","Diet 33; Diet 50: infected vs control",2.7398765224303,0.000272008589530337,2.38221283071902,"1023","Lower than gene average"
541,"LOC126278365","Glycosyl hydrolase family 9","DEG in 2 diets",2,"33; 50","Higher in control","Diet 33; Diet 50: infected vs control",2.70676654510303,0.000478668487484463,2.96120668270885,"1042","Lower than gene average"
542,"LOC126346522","no description","DEG in 2 diets",2,"33; 50","Higher in control","Diet 33; Diet 50: infected vs control",1.72594342639787,0.00237672934899202,2.70728356938457,"1023","Lower than gene average"
543,"LOC126354197","no description","DEG in 2 diets",2,"33; 50","Higher in control","Diet 33; Diet 50: infected vs control",2.57000574329604,0.00780780212965537,3.01294455455184,"1042","Lower than gene average"
544,"LOC126291919","Glycosyl hydrolase family 9","DEG in 2 diets",2,"33; 50","Higher in control","Diet 33; Diet 50: infected vs control",2.28072915204044,0.0277151150905539,3.11114859534175,"1042","Lower than gene average"
545,"LOC126332601","activity. It is involved in the biological process described with carbohydrate metabolic process","DEG in 1 diet",1,"33","Higher in control","Diet 33: infected vs control",2.14685607310378,0.00993978885867458,2.72977463089909,"1023","Lower than gene average"
546,"LOC126335320","no description","DEG in 2 diets",2,"33; 50","Higher in control","Diet 33; Diet 50: infected vs control",1.99086518862468,0.0108365630567025,2.86415289696669,"1023","Lower than gene average"
547,"LOC126268128","Glycosyl hydrolase family 9","DEG in 2 diets",2,"33; 50","Higher in control","Diet 33; Diet 50: infected vs control",2.20958844342843,0.0309330959700282,3.04795562765063,"1042","Lower than gene average"
548,"LOC126354890","no description","DEG in 1 diet",1,"50","Higher in control","Diet 50: infected vs control",1.44657123451414,0.0498877829901002,2.84799968340535,"1023","Lower than gene average"
549,"LOC126327105","no description","DEG in 1 diet",1,"50","Higher in control","Diet 50: infected vs control",1.84374974511337,0.00329034691673374,3.06631228712933,"1042","Lower than gene average"
550,"LOC126327121","no description","DEG in 1 diet",1,"50","Higher in control","Diet 50: infected vs control",1.65485364264082,0.0105111718802003,3.28398772828768,"1042","Lower than gene average"
551,"LOC126354065","Belongs to the type-B carboxylesterase lipase family","DEG in 1 diet",1,"50","Higher in control","Diet 50: infected vs control",1.58011838560399,0.00566574741275298,3.29522634046783,"1042","Lower than gene average"
552,"LOC126336923","chitin binding. It is involved in the biological process described with chitin metabolic process","DEG in 2 diets",2,"33; 50","Higher in control","Diet 33; Diet 50: infected vs control",2.01108395479034,0.00201179070778859,2.97876019409131,"1042","Lower than gene average"
553,"LOC126284055","aldehyde oxidase","DEG in 1 diet",1,"50","Higher in control","Diet 50: infected vs control",1.52572849246457,0.0110457391143765,2.71532133507228,"1042","Lower than gene average"
554,"LOC126281280","no description","DEG in 1 diet",1,"33","Higher in control","Diet 33: infected vs control",1.88854535911893,0.0189905751172468,2.71065300527712,"1006","Higher than gene average"
555,"LOC126281276","no description","DEG in 1 diet",1,"33","Higher in control","Diet 33: infected vs control",1.87763094527603,0.0166902783837296,2.59349754329246,"1002","Higher than gene average"
556,"LOC126281275","no description","DEG in 1 diet",1,"33","Higher in control","Diet 33: infected vs control",1.78857249504493,0.0202136266596351,2.4266958738571,"1006","Higher than gene average"
557,"LOC126284778","-","DEG in 2 diets",2,"33; 50","Higher in control","Diet 33; Diet 50: infected vs control",1.44526624347438,0.0167485058042559,2.60177414465632,"1002","Higher than gene average"
558,"LOC126298505","no description","DEG in 1 diet",1,"50","Higher in control","Diet 50: infected vs control",1.82182915797509,0.000221274098746534,2.83042087768883,"1002","Higher than gene average"
559,"LOC126285297","C2 domain","DEG in 1 diet",1,"33","Higher in control","Diet 33: infected vs control",1.61036723500773,0.0221384400782417,2.41363315775164,"1006","Higher than gene average"
560,"LOC126354288","no description","DEG in 1 diet",1,"50","Higher in control","Diet 50: infected vs control",1.03511249245033,0.0379061470518107,2.64209755375561,"1002","Higher than gene average"
561,"LOC126277284","Transferrins are iron binding transport proteins which bind Fe(3 ) ion in association with the binding of an anion, usually bicarbonate","DEG in 1 diet",1,"50","Higher in control","Diet 50: infected vs control",1.06338475670191,0.0395725124998448,2.51339065183321,"1002","Higher than gene average"
562,"LOC126278501","sequence-specific DNA binding. It is involved in the biological process described with regulation of transcription, DNA-templated","DEG in 2 diets",2,"33; 50","Higher in control","Diet 33; Diet 50: infected vs control",1.80831042959995,0.00210924418012232,2.11391895253766,"1002","Higher than gene average"
563,"LOC126267000","Ndr family","DEG in 1 diet",1,"50","Higher in control","Diet 50: infected vs control",1.51733875918782,7.68052296230296e-07,2.35647184062058,"1002","Higher than gene average"
564,"LOC126353821","Belongs to the potassium channel family","DEG in 1 diet",1,"50","Higher in control","Diet 50: infected vs control",1.67105017553121,0.00183991713355065,1.83673894997572,"1002","Higher than gene average"
565,"LOC126335021","Frizzled/Smoothened family membrane region","DEG in 1 diet",1,"50","Higher in control","Diet 50: infected vs control",1.48916520037908,0.00332192972558415,2.2311799918971,"1002","Higher than gene average"
566,"LOC126299078","Uridylyltransferase activity. It is involved in the biological process described with metabolic process","DEG in 1 diet",1,"50","Higher in control","Diet 50: infected vs control",1.2412820541417,0.0033719691028611,2.00775885101448,"1016","Lower than gene average"
567,"LOC126344496","Pigment binding","DEG in 1 diet",1,"50","Higher in control","Diet 50: infected vs control",2.44041496149737,0.00378792396501307,1.73579592020023,"1002","Higher than gene average"
568,"LOC126297701","Fucosyltransferase activity. It is involved in the biological process described with protein glycosylation","DEG in 1 diet",1,"50","Higher in control","Diet 50: infected vs control",1.06889238995189,0.028146196234768,2.3003271910194,"1002","Higher than gene average"
569,"LOC126291748","Gamma interferon inducible lysosomal thiol reductase (GILT)","DEG in 1 diet",1,"50","Higher in control","Diet 50: infected vs control",1.53309321474259,0.00268516745625538,2.61054132294985,"1002","Higher than gene average"
570,"LOC126299195","Sugar (and other) transporter","DEG in 1 diet",1,"50","Higher in control","Diet 50: infected vs control",1.49778763764368,0.0228935574657177,2.19094631329959,"1002","Higher than gene average"
571,"LOC126353181","Protein of unknown function (DUF3105)","DEG in 1 diet",1,"50","Higher in control","Diet 50: infected vs control",1.41099828279416,5.36115929601425e-05,2.23391844269028,"1002","Higher than gene average"
572,"LOC126297692","Rab subfamily of small GTPases","DEG in 2 diets",2,"33; 50","Higher in control","Diet 33; Diet 50: infected vs control",1.54891695206876,0.000969620996740387,1.80415239485496,"1042","Lower than gene average"
573,"LOC126271532","Tetraspanin family","DEG in 2 diets",2,"33; 50","Higher in control","Diet 33; Diet 50: infected vs control",1.70438565456041,0.00155885568662344,1.99115133582675,"1002","Higher than gene average"
574,"LOC126282405","Belongs to the major facilitator superfamily. Sugar transporter (TC 2.A.1.1) family","DEG in 1 diet",1,"50","Higher in control","Diet 50: infected vs control",1.19181840624121,0.00395955437189563,2.19265645805964,"1042","Lower than gene average"
575,"LOC126284821","Major royal jelly protein","DEG in 1 diet",1,"50","Higher in control","Diet 50: infected vs control",1.2019385011464,0.00627207779647242,2.27249960119847,"1023","Lower than gene average"
576,"LOC126354820","Protein tyrosine phosphatase activity. It is involved in the biological process described with protein dephosphorylation","DEG in 1 diet",1,"50","Higher in control","Diet 50: infected vs control",1.24305145916158,0.0415267906543678,2.75647038046522,"1023","Lower than gene average"
577,"LOC126275560","Zinc ion binding","DEG in 1 diet",1,"33","Higher in control","Diet 33: infected vs control",1.46377436170713,0.0108365630567025,2.48554940122283,"1002","Higher than gene average"
578,"LOC126284530","Cobalamin binding. It is involved in the biological process described with cobalamin transport","DEG in 1 diet",1,"50","Higher in control","Diet 50: infected vs control",1.40666098899732,0.00961350864307024,2.66408805041475,"1023","Lower than gene average"
579,"LOC126281737","no description","DEG in 2 diets",2,"33; 50","Higher in control","Diet 33; Diet 50: infected vs control",1.24369225304069,0.00896426171824476,2.36696200413832,"1023","Lower than gene average"
580,"LOC126361620","helix loop helix domain","DEG in 1 diet",1,"50","Higher in control","Diet 50: infected vs control",1.16339707921764,0.0294607738433008,2.27230299355225,"1050","Lower than gene average"
581,"LOC126348146","binding. It is involved in the biological process described with regulation of transcription, DNA-templated","DEG in 1 diet",1,"50","Higher in control","Diet 50: infected vs control",1.01374720871237,0.0333493672120594,2.52731800053645,"1023","Lower than gene average"
582,"LOC126284430","no description","DEG in 2 diets",2,"33; 50","Higher in control","Diet 33; Diet 50: infected vs control",1.76031850212267,0.0212385444850367,2.22924859714658,"1006","Higher than gene average"
583,"LOC126335518","no description","DEG in 2 diets",2,"33; 50","Higher in control","Diet 33; Diet 50: infected vs control",1.88197488926727,0.0045960447157389,2.20920140392458,"1006","Higher than gene average"
584,"LOC126281373","Subtilase family","DEG in 1 diet",1,"50","Higher in control","Diet 50: infected vs control",1.30117737837448,0.0378883406491768,2.25512516335403,"1006","Higher than gene average"
585,"LOC126267472","no description","DEG in 2 diets",2,"33; 50","Higher in control","Diet 33; Diet 50: infected vs control",1.95169813148562,0.0159083497600515,2.27620926052437,"1050","Lower than gene average"
586,"LOC126281421","N-terminal domain in C. elegans NRF-6 (Nose Resistant to Fluoxetine-4) and NDG-4 (resistant to nordihydroguaiaretic acid-4).","DEG in 1 diet",1,"50","Higher in control","Diet 50: infected vs control",1.29730638508634,0.0296291895991825,2.18300028440633,"1006","Higher than gene average"
587,"LOC126297748","-","DEG in 2 diets",2,"33; 50","Higher in control","Diet 33; Diet 50: infected vs control",1.34319523582243,0.00256705236603189,2.45354223032234,"1023","Lower than gene average"
588,"LOC126365988","Belongs to the monovalent cation proton antiporter 1 (CPA1) transporter (TC 2.A.36) family","DEG in 1 diet",1,"50","Higher in control","Diet 50: infected vs control",1.52350278245484,0.00169036778309195,2.26881138726626,"1023","Lower than gene average"
589,"LOC126343702","Catalyzes juvenile hormone hydrolysis","DEG in 2 diets",2,"33; 50","Higher in control","Diet 33; Diet 50: infected vs control",1.71417780433307,0.00929276566852532,2.66072021146245,"1002","Higher than gene average"
590,"LOC126267437","Sodium/calcium exchanger protein","DEG in 2 diets",2,"33; 50","Higher in control","Diet 33; Diet 50: infected vs control",1.33730427899748,0.0138218817338335,2.33294159712456,"1002","Higher than gene average"
591,"LOC126327089","no description","DEG in 2 diets",2,"33; 50","Higher in control","Diet 33; Diet 50: infected vs control",2.21796881436559,0.0219602881068198,2.43091686014994,"1023","Lower than gene average"
592,"LOC126336542","no description","DEG in 1 diet",1,"33","Higher in control","Diet 33: infected vs control",2.26249737926403,0.0110485660231424,3.22453859833395,"1023","Lower than gene average"
593,"LOC126354753","amino acid transporter","DEG in 1 diet",1,"50","Higher in control","Diet 50: infected vs control",1.22963110623773,0.0101885699795222,1.86085736411825,"1002","Higher than gene average"
594,"LOC126284317","-","DEG in 2 diets",2,"33; 50","Higher in control","Diet 33; Diet 50: infected vs control",1.4437966398976,0.0165734273584738,2.44437529111352,"1023","Lower than gene average"
595,"LOC126297907","homeobox protein","DEG in 1 diet",1,"50","Higher in control","Diet 50: infected vs control",1.09339280357211,0.0145113407856588,2.50675797180132,"1002","Higher than gene average"
596,"LOC126281443","no description","DEG in 1 diet",1,"50","Higher in control","Diet 50: infected vs control",2.0264845352304,0.00487702341478187,2.0903452555043,"1006","Higher than gene average"
597,"LOC126336471","positive regulation of protein tyrosine kinase activity","DEG in 1 diet",1,"33","Higher in control","Diet 33: infected vs control",1.08511013068014,0.0312229306561386,3.11284575949727,"1006","Higher than gene average"
598,"LOC126365889","-","DEG in 1 diet",1,"50","Higher in control","Diet 50: infected vs control",1.94375537456614,0.0200282634547044,2.24214872837372,"1007","Higher than gene average"
599,"LOC126277907","coenzyme binding. It is involved in the biological process described with galactose metabolic process","DEG in 1 diet",1,"50","Higher in control","Diet 50: infected vs control",1.22898394728814,0.0111524842798482,1.76829320790035,"1007","Higher than gene average"
600,"LOC126273221","no description","DEG in 1 diet",1,"50","Higher in control","Diet 50: infected vs control",1.54941482841739,0.0368041634652991,1.96719659620292,"1023","Lower than gene average"
601,"LOC126322591","Sodium / potassium ATPase beta chain","DEG in 1 diet",1,"50","Higher in control","Diet 50: infected vs control",1.21715843797473,0.000446038426123137,2.41070898761951,"1023","Lower than gene average"
602,"LOC126334511","Leucine rich repeats (6 copies)","DEG in 1 diet",1,"50","Higher in control","Diet 50: infected vs control",1.12048420592774,0.000585475565354305,2.43495552316634,"1002","Higher than gene average"
603,"LOC126281351","Transporter activity. It is involved in the biological process described with transmembrane transport","DEG in 2 diets",2,"33; 50","Higher in control","Diet 33; Diet 50: infected vs control",1.93854238335277,0.00025656371616492,2.21330888308831,"1023","Lower than gene average"
604,"LOC126283960","activity. It is involved in the biological process described with oxidation-reduction process","DEG in 2 diets",2,"33; 50","Higher in control","Diet 33; Diet 50: infected vs control",1.85058902030796,0.000508874155494492,2.24097044631885,"1006","Higher than gene average"
605,"LOC126281915","no description","DEG in 3 diets",3,"33; 50; 83","Higher in control","Diet 33; Diet 50; Diet 83: infected vs control",3.68463519204428,0.000206364058442393,2.26183074993938,"1006","Higher than gene average"
606,"LOC126284383","no description","DEG in 2 diets",2,"33; 50","Higher in control","Diet 33; Diet 50: infected vs control",2.14485999584051,0.00631390909943038,2.33837063657005,"1023","Lower than gene average"
607,"LOC126268175","Immunoglobulin C-2 Type","DEG in 1 diet",1,"50","Higher in control","Diet 50: infected vs control",1.61143367159642,0.0152601734929638,2.04842539240706,"1006","Higher than gene average"
608,"LOC126354459","Belongs to the type-B carboxylesterase lipase family","DEG in 1 diet",1,"50","Higher in control","Diet 50: infected vs control",2.27078411301672,0.0401753012711496,2.33054460152268,"1021","Higher than gene average"
609,"LOC126282020","no description","DEG in 1 diet",1,"50","Higher in control","Diet 50: infected vs control",1.38659804717208,0.0204014509334233,3.17648204854102,"1006","Higher than gene average"
610,"LOC126282017","no description","DEG in 1 diet",1,"83","Higher in control","Diet 83: infected vs control",2.21906519308871,0.0416196706108883,4.14856276866202,"1006","Higher than gene average"
611,"LOC126355138","-","DEG in 1 diet",1,"50","Higher in control","Diet 50: infected vs control",1.00387447016872,0.00175489970403322,3.8217312172575,"1023","Lower than gene average"
612,"LOC126335080","no description","DEG in 1 diet",1,"50","Higher in control","Diet 50: infected vs control",2.07338535496003,0.00607313024721978,1.93182873410655,"1002","Higher than gene average"
613,"LOC126292034","Hydrolase activity, hydrolyzing O-glycosyl compounds. It is involved in the biological process described with carbohydrate metabolic process","DEG in 1 diet",1,"50","Higher in control","Diet 50: infected vs control",1.43507568595952,0.0057251246961223,2.69698199817974,"1023","Lower than gene average"
614,"LOC126334969","cAMP-dependent protein kinase inhibitor","DEG in 2 diets",2,"33; 50","Higher in control","Diet 33; Diet 50: infected vs control",1.2393020404331,0.000114639789999956,2.74877033555547,"1006","Higher than gene average"
615,"LOC126299171","It is involved in the biological process described with protein phosphorylation","DEG in 2 diets",2,"33; 50","Higher in control","Diet 33; Diet 50: infected vs control",1.46876583662271,0.0020454954522525,2.30537626945298,"1023","Lower than gene average"
616,"LOC126272193","Belongs to the FPP GGPP synthase family","DEG in 1 diet",1,"50","Higher in control","Diet 50: infected vs control",1.05890872043285,0.00314945127410041,2.22473599365619,"1057","Lower than gene average"
617,"LOC126284812","Belongs to the GMC oxidoreductase family","DEG in 3 diets",3,"33; 50; 83","Higher in control","Diet 33; Diet 50; Diet 83: infected vs control",3.27456217571256,3.84604529746167e-06,1.83243330554479,"1023","Lower than gene average"
618,"LOC126277383","no description","DEG in 3 diets",3,"33; 50; 83","Higher in control","Diet 33; Diet 50; Diet 83: infected vs control",3.11964685600064,0.000188539391167875,2.38373531331269,"1023","Lower than gene average"
619,"LOC126281914","no description","DEG in 3 diets",3,"33; 50; 83","Higher in control","Diet 33; Diet 50; Diet 83: infected vs control",2.93060558579563,0.00376556705186562,2.23360592851428,"1042","Lower than gene average"
620,"LOC126354198","no description","DEG in 2 diets",2,"33; 50","Higher in control","Diet 33; Diet 50: infected vs control",2.40334446871396,0.00813041716443634,2.71598648795161,"1023","Lower than gene average"
621,"LOC126266938","no description","DEG in 2 diets",2,"33; 50","Higher in control","Diet 33; Diet 50: infected vs control",2.0170218516535,0.00140047086932325,2.80401048836297,"1023","Lower than gene average"
622,"LOC126272691","no description","DEG in 2 diets",2,"33; 50","Higher in control","Diet 33; Diet 50: infected vs control",2.48151616793505,0.00929276566852532,2.60450498104845,"1042","Lower than gene average"
623,"LOC126284914","no description","DEG in 3 diets",3,"33; 50; 83","Higher in control","Diet 33; Diet 50; Diet 83: infected vs control",2.46272115161513,0.00276585150133848,2.65501099917024,"1023","Lower than gene average"
624,"LOC126336543","no description","DEG in 2 diets",2,"33; 50","Higher in control","Diet 33; Diet 50: infected vs control",2.03103657533584,0.00288460911169961,3.27806626034408,"1023","Lower than gene average"
625,"LOC126354199","no description","DEG in 1 diet",1,"50","Higher in control","Diet 50: infected vs control",1.55257564226172,0.0400654685395197,2.93009101629486,"1023","Lower than gene average"
626,"LOC126337022","Cadherin repeats.","DEG in 2 diets",2,"33; 50","Higher in control","Diet 33; Diet 50: infected vs control",2.00903728744285,0.00221019545298975,2.29817844125146,"1034","Higher than gene average"
627,"LOC126283962","Major intrinsic protein","DEG in 3 diets",3,"33; 50; 83","Higher in control","Diet 33; Diet 50; Diet 83: infected vs control",1.88406390169388,0.00079345614276679,1.91869358709858,"1002","Higher than gene average"
628,"LOC126279221","no description","DEG in 1 diet",1,"50","Higher in control","Diet 50: infected vs control",1.35017071585938,0.00255071420851749,1.99965099626871,"1006","Higher than gene average"
629,"LOC126281455","-","DEG in 1 diet",1,"33","Higher in control","Diet 33: infected vs control",1.24644228308559,0.000718871657990769,2.65554730336754,"1002","Higher than gene average"
630,"LOC126331446","Alkaline phosphatase","DEG in 2 diets",2,"33; 50","Higher in control","Diet 33; Diet 50: infected vs control",1.567732708534,0.00172462215189523,1.88532818371952,"1049","Lower than gene average"
631,"LOC126306122","no description","DEG in 2 diets",2,"33; 50","Higher in control","Diet 33; Diet 50: infected vs control",2.3885639882246,0.00351007849014265,2.1783003060123,"1006","Higher than gene average"
632,"LOC126281581","serine-type endopeptidase activity. It is involved in the biological process described with proteolysis","DEG in 2 diets",2,"33; 50","Higher in control","Diet 33; Diet 50: infected vs control",1.71466551998801,2.77537475689632e-05,2.02249567645232,"1042","Lower than gene average"
633,"LOC126355040","Hydrolase activity, hydrolyzing O-glycosyl compounds. It is involved in the biological process described with carbohydrate metabolic process","DEG in 2 diets",2,"33; 50","Higher in control","Diet 33; Diet 50: infected vs control",1.76128300978857,0.00127989292642884,1.98826986247263,"1042","Lower than gene average"
634,"LOC126295342","actin filament network formation","DEG in 1 diet",1,"50","Higher in control","Diet 50: infected vs control",1.0450075392329,0.00634676982716548,2.38174743169401,"1006","Higher than gene average"
635,"LOC126272556","-","DEG in 2 diets",2,"33; 50","Higher in control","Diet 33; Diet 50: infected vs control",1.8200418572825,0.000191184598302633,2.4501426739923,"1002","Higher than gene average"
636,"LOC126268728","Belongs to the peptidase S1 family","DEG in 2 diets",2,"33; 50","Higher in control","Diet 33; Diet 50: infected vs control",2.3207274312904,0.00114645410852206,2.20148977565234,"1050","Lower than gene average"
637,"LOC126277966","It is involved in the biological process described with signal transduction","DEG in 1 diet",1,"33","Higher in control","Diet 33: infected vs control",1.22617293451069,0.00939404578939875,2.85030752601032,"1002","Higher than gene average"
638,"LOC126267042","7 transmembrane receptor (rhodopsin family)","DEG in 1 diet",1,"50","Higher in control","Diet 50: infected vs control",1.62548072543485,0.00375475233038452,2.46566367256122,"1006","Higher than gene average"
639,"LOC126299004","activity. It is involved in the biological process described with regulation of transcription, DNA-templated","DEG in 1 diet",1,"50","Higher in control","Diet 50: infected vs control",1.32095346734325,0.0149414649927064,2.77930664073184,"1006","Higher than gene average"
640,"LOC126272678","ZIP Zinc transporter","DEG in 2 diets",2,"33; 50","Higher in control","Diet 33; Diet 50: infected vs control",2.30696744385114,0.000127166015955869,2.96723820506262,"1006","Higher than gene average"
641,"LOC126291785","It is involved in the biological process described with","DEG in 1 diet",1,"50","Higher in control","Diet 50: infected vs control",1.59413820135502,0.00583838057934433,3.00045468763761,"1006","Higher than gene average"
642,"LOC126266913","-","DEG in 2 diets",2,"33; 50","Higher in control","Diet 33; Diet 50: infected vs control",1.70714413943861,2.55033455307448e-05,2.29470376895671,"1006","Higher than gene average"
643,"LOC126292020","Belongs to the two pore domain potassium channel (TC 1.A.1.8) family","DEG in 2 diets",2,"33; 50","Higher in control","Diet 33; Diet 50: infected vs control",1.87609953744199,0.000361131438881546,2.36357967315983,"1006","Higher than gene average"
644,"LOC126278289","Transmembrane transporter activity. It is involved in the biological process described with transmembrane transport","DEG in 2 diets",2,"33; 50","Higher in control","Diet 33; Diet 50: infected vs control",1.86460301825421,2.50208933825201e-05,2.64910302987884,"1002","Higher than gene average"
645,"LOC126297379","no description","DEG in 2 diets",2,"33; 50","Higher in control","Diet 33; Diet 50: infected vs control",1.9648261323762,0.000111177768560445,2.34646739253157,"1002","Higher than gene average"
646,"LOC126354407","Belongs to the type-B carboxylesterase lipase family","DEG in 2 diets",2,"33; 50","Higher in control","Diet 33; Diet 50: infected vs control",3.22533235799266,0.000314936657878075,1.81680779595272,"1006","Higher than gene average"
647,"LOC126278456","-","DEG in 2 diets",2,"33; 50","Higher in control","Diet 33; Diet 50: infected vs control",2.87279827952823,0.000318385455709431,2.78379848933443,"1006","Higher than gene average"
648,"LOC126273784","Phospholipase A2","DEG in 2 diets",2,"33; 50","Higher in control","Diet 33; Diet 50: infected vs control",2.22504628658558,0.0157373269936466,1.85229665174091,"1006","Higher than gene average"
649,"LOC126281516","Acyltransferase family","DEG in 1 diet",1,"33","Higher in control","Diet 33: infected vs control",2.49008557204594,0.00637641823027477,2.39138266119925,"1002","Higher than gene average"
650,"LOC126336858","helix loop helix domain","DEG in 1 diet",1,"50","Higher in control","Diet 50: infected vs control",2.15038602234267,0.0409749663365227,2.69443270117221,"1002","Higher than gene average"
651,"LOC126334929","Eukaryotic translation Initiation Factor","DEG in 2 diets",2,"33; 50","Higher in control","Diet 33; Diet 50: infected vs control",1.17194422591992,0.0019999215641091,2.33065503172114,"1002","Higher than gene average"
652,"LOC126281949","Belongs to the ALG6 ALG8 glucosyltransferase family","DEG in 1 diet",1,"50","Higher in control","Diet 50: infected vs control",1.12976755939184,3.87680981077801e-06,2.30404545288974,"1002","Higher than gene average"
653,"LOC126267554","Four-disulfide core domains","DEG in 2 diets",2,"33; 50","Higher in control","Diet 33; Diet 50: infected vs control",2.25724398555296,0.00378326414213921,2.83155518365088,"1006","Higher than gene average"
654,"LOC126336425","no description","DEG in 2 diets",2,"33; 50","Higher in control","Diet 33; Diet 50: infected vs control",1.79273289230435,0.00572197618976042,3.77718309352046,"1006","Higher than gene average"
655,"LOC126334780","Knottins","DEG in 1 diet",1,"50","Higher in control","Diet 50: infected vs control",2.55833781894028,0.0036862113664703,1.70858599804279,"1033","Higher than gene average"
656,"LOC126334779","Defensin anti-microbial peptide","DEG in 1 diet",1,"50","Higher in control","Diet 50: infected vs control",2.46320850490736,0.0220154709649927,1.89497319603036,"1002","Higher than gene average"
657,"LOC126272931","Beta-hexosaminidase","DEG in 2 diets",2,"33; 50","Higher in control","Diet 33; Diet 50: infected vs control",1.40481270999767,0.00995637810215292,2.62792357130811,"1002","Higher than gene average"
658,"LOC126334657","It is involved in the biological process described with regulation of apoptotic process","DEG in 1 diet",1,"33","Higher in control","Diet 33: infected vs control",1.64183255568916,0.00621325594797042,2.93550398591256,"1002","Higher than gene average"
659,"LOC126334706","Belongs to the sodium neurotransmitter symporter (SNF) (TC 2.A.22) family","DEG in 1 diet",1,"50","Higher in control","Diet 50: infected vs control",1.52831159915249,0.00723287662929566,2.3959438145082,"1002","Higher than gene average"
660,"LOC126361652","ML domain","DEG in 1 diet",1,"50","Higher in control","Diet 50: infected vs control",1.49541784611288,0.0389933753812678,2.24673627154123,"1002","Higher than gene average"
661,"LOC126272589","Laminin G domain","DEG in 2 diets",2,"33; 50","Higher in control","Diet 33; Diet 50: infected vs control",1.50778260711121,0.0211850771240287,2.93912478112492,"1002","Higher than gene average"
662,"LOC126299093","Engrailed homeobox C-terminal signature domain","DEG in 2 diets",2,"33; 50","Higher in control","Diet 33; Diet 50: infected vs control",1.50516000758656,0.00150150587532199,2.90440760594217,"1002","Higher than gene average"
663,"LOC126279122","It is involved in the biological process described with one-carbon metabolic process","DEG in 1 diet",1,"33","Higher in control","Diet 33: infected vs control",1.5206205926764,0.000880248348173667,3.14022944550879,"1002","Higher than gene average"
664,"LOC126291476","OAR domain","DEG in 1 diet",1,"50","Higher in control","Diet 50: infected vs control",2.07191843769548,0.00474024560616238,2.3920222245225,"1020","Higher than gene average"
665,"LOC126266751","no description","DEG in 1 diet",1,"50","Higher in control","Diet 50: infected vs control",2.13345777169048,0.0152861800285839,2.41771370868654,"1020","Higher than gene average"
666,"LOC126273293","ARID/BRIGHT DNA binding domain","DEG in 2 diets",2,"33; 50","Higher in control","Diet 33; Diet 50: infected vs control",1.2589109936955,0.0115856941234329,2.36268286301723,"1002","Higher than gene average"
667,"LOC126281608","Phorbol esters/diacylglycerol binding domain (C1 domain)","DEG in 1 diet",1,"50","Higher in control","Diet 50: infected vs control",1.01889113100246,0.0110770325175295,2.08424570280927,"1023","Lower than gene average"
668,"LOC126363166","EF hand","DEG in 1 diet",1,"50","Higher in control","Diet 50: infected vs control",1.02767398384398,0.022412320584028,2.13384210909718,"1058","Lower than gene average"
669,"LOC126322757","positive regulation of pathway-restricted SMAD protein phosphorylation","DEG in 1 diet",1,"50","Higher in control","Diet 50: infected vs control",1.0669364201613,0.00310441680676952,2.74713101506441,"1002","Higher than gene average"
670,"LOC126324491","Neurotransmitter-gated ion-channel transmembrane region","DEG in 1 diet",1,"50","Higher in control","Diet 50: infected vs control",1.59071715332815,0.000352919937529823,2.59765007641995,"1002","Higher than gene average"
671,"LOC126282233","Cation chloride symporter activity. It is involved in the biological process described with ion transport","DEG in 1 diet",1,"50","Higher in control","Diet 50: infected vs control",1.06337414674729,0.00100369712511606,2.41701334379572,"1002","Higher than gene average"
672,"LOC126333672","Myotubularin protein","DEG in 1 diet",1,"50","Higher in control","Diet 50: infected vs control",1.32939460757243,0.00457312401008524,2.33112897663626,"1002","Higher than gene average"
673,"LOC126298278","Rab subfamily of small GTPases","DEG in 1 diet",1,"50","Higher in control","Diet 50: infected vs control",1.28495904986243,0.00500784007541987,2.11994615100931,"1002","Higher than gene average"
674,"LOC126355443","Carboxylesterase family","DEG in 1 diet",1,"50","Higher in control","Diet 50: infected vs control",1.2459687371444,0.0126643608440063,2.21457706532901,"1002","Higher than gene average"
675,"LOC126354260","receptor activity. It is involved in the biological process described with G-protein coupled receptor signaling pathway","DEG in 1 diet",1,"50","Higher in control","Diet 50: infected vs control",1.2378339336908,0.0333564151919699,2.82951052956504,"1002","Higher than gene average"
676,"LOC126336646","Belongs to the short-chain dehydrogenases reductases (SDR) family","DEG in 1 diet",1,"50","Higher in control","Diet 50: infected vs control",2.9859877802189,0.00497980524710611,2.81542187079621,"1007","Higher than gene average"
677,"LOC126354448","Domain of unknown function (DUF389)","DEG in 1 diet",1,"50","Higher in control","Diet 50: infected vs control",2.37106215209064,0.0216683046180552,2.86182690515214,"1007","Higher than gene average"
678,"LOC126356248","Sugar (and other) transporter","DEG in 2 diets",2,"33; 50","Higher in control","Diet 33; Diet 50: infected vs control",1.27381642649139,0.0063448465310822,2.88089321839046,"1002","Higher than gene average"
679,"LOC126327822","Insect cuticle protein","DEG in 1 diet",1,"50","Higher in control","Diet 50: infected vs control",2.57981192152461,0.00243253663590545,3.13808897405125,"1002","Higher than gene average"
680,"LOC126336041","Carboxylesterase family","DEG in 1 diet",1,"33","Higher in control","Diet 33: infected vs control",1.14428851371988,0.00356581584598398,2.68672102844788,"1029","Lower than gene average"
681,"LOC126281906","Prostaglandin reductase 1-like","DEG in 1 diet",1,"33","Higher in control","Diet 33: infected vs control",1.84619129035559,0.0227431267578794,2.65563287206396,"1006","Higher than gene average"
682,"LOC126353919","Lipase","DEG in 1 diet",1,"33","Higher in control","Diet 33: infected vs control",1.67413601536305,0.0498038336653779,2.25600574558785,"1003","Higher than gene average"
683,"LOC126329483","GMC oxidoreductase","DEG in 1 diet",1,"33","Higher in control","Diet 33: infected vs control",1.75232521413214,0.00452714068663729,2.29211003663617,"1002","Higher than gene average"
684,"LOC126283987","serine-type endopeptidase activity. It is involved in the biological process described with proteolysis","DEG in 2 diets",2,"33; 83","Higher in control","Diet 33; Diet 83: infected vs control",1.65212136711221,0.000253035544771942,1.99625367894644,"1003","Higher than gene average"
685,"LOC126335258","Belongs to the glycosyltransferase 11 family","DEG in 3 diets",3,"33; 50; 83","Higher in control","Diet 33; Diet 50; Diet 83: infected vs control",1.50456986360373,0.00106367756305399,2.53094166352706,"1016","Lower than gene average"
686,"LOC126276951","Kazal-type serine protease inhibitor domain","DEG in 2 diets",2,"33; 83","Higher in control","Diet 33; Diet 83: infected vs control",2.73326260037837,0.00200131550840231,2.70988795691766,"1006","Higher than gene average"
687,"LOC126272690","glycine rich nucleic binding domain","DEG in 1 diet",1,"83","Higher in control","Diet 83: infected vs control",1.82118121584714,0.0405861609598715,1.86971529925333,"1034","Higher than gene average"
688,"LOC126267253","Belongs to the heat shock protein 70 family","DEG in 1 diet",1,"50","Higher in control","Diet 50: infected vs control",1.42829596170661,0.0138916023021025,2.30698696528431,"1006","Higher than gene average"
689,"LOC126324835","UDP-sugar transporter","DEG in 1 diet",1,"83","Higher in control","Diet 83: infected vs control",1.09946075569364,0.00748305156518962,2.72386333478795,"1030","Higher than gene average"
690,"LOC126335678","no description","DEG in 1 diet",1,"33","Higher in control","Diet 33: infected vs control",4.99841234704623,0.0221384400782417,4.83560596733885,"1030","Higher than gene average"
691,"LOC126276967","Structural component of the gap junctions","DEG in 1 diet",1,"33","Higher in control","Diet 33: infected vs control",1.938606064114,0.0495389793527608,2.7756000821366,"1007","Higher than gene average"
692,"LOC126278530","no description","DEG in 1 diet",1,"33","Higher in control","Diet 33: infected vs control",1.02580359286443,0.0106330712200878,2.38108021937963,"1037","Higher than gene average"
693,"LOC126324735","Tubulin is the major constituent of microtubules. It binds two moles of GTP, one at an exchangeable site on the beta chain and one at a non-exchangeable site on the alpha chain","DEG in 3 diets",3,"33; 50; 83","Higher in control","Diet 33; Diet 50; Diet 83: infected vs control",1.72715261163629,1.35583035960038e-07,2.78884665498289,"1037","Higher than gene average"
694,"LOC126335182","Belongs to the 5'-nucleotidase family","DEG in 3 diets",3,"33; 50; 83","Higher in control","Diet 33; Diet 50; Diet 83: infected vs control",1.73110268110958,3.05380657505451e-06,2.23674931185727,"1037","Higher than gene average"
695,"LOC126335184","5NUC-like","DEG in 1 diet",1,"83","Higher in control","Diet 83: infected vs control",1.19021380587523,0.0213330086755862,2.58715636194183,"1037","Higher than gene average"
696,"LOC126335600","Enoyl-(Acyl carrier protein) reductase","DEG in 2 diets",2,"33; 50","Higher in control","Diet 33; Diet 50: infected vs control",2.9458454576754,0.00172167578866167,3.70516595358812,"1037","Higher than gene average"
697,"LOC126282115","no description","DEG in 2 diets",2,"33; 50","Higher in control","Diet 33; Diet 50: infected vs control",1.87952711841282,0.00467299673231712,3.25221345122788,"1037","Higher than gene average"
698,"LOC126267543","no description","DEG in 1 diet",1,"83","Higher in control","Diet 83: infected vs control",3.64147650486696,0.0111000553412434,3.1968264998751,"1037","Higher than gene average"
699,"LOC126334751","no description","DEG in 1 diet",1,"83","Higher in control","Diet 83: infected vs control",1.96062665003684,0.039720857710014,2.37096388635984,"1041","Higher than gene average"
700,"LOC126273136","Insect pheromone-binding family, A10/OS-D","DEG in 1 diet",1,"50","Higher in control","Diet 50: infected vs control",3.24622730416542,0.0179421078895446,4.13508787183976,"1028","Higher than gene average"
701,"LOC126280462","no description","DEG in 1 diet",1,"83","Higher in control","Diet 83: infected vs control",2.78509577348355,0.0393405473621294,3.14308956407519,"1028","Higher than gene average"
702,"LOC126284845","Insect cuticle protein","DEG in 1 diet",1,"50","Higher in control","Diet 50: infected vs control",4.9811462571473,0.00255568004274631,3.22442234451392,"1037","Higher than gene average"
703,"LOC126284417","Insect cuticle protein","DEG in 1 diet",1,"83","Higher in control","Diet 83: infected vs control",3.55822687155798,0.0265160837608574,3.26789779706524,"1028","Higher than gene average"
704,"LOC126291949","no description","DEG in 1 diet",1,"33","Higher in control","Diet 33: infected vs control",2.06854691963072,0.0100616372126057,3.43216344053057,"1041","Higher than gene average"
705,"LOC126291954","no description","DEG in 2 diets",2,"33; 83","Higher in control","Diet 33; Diet 83: infected vs control",3.55228097957479,8.21890341135224e-05,2.53302530160759,"1011","Higher than gene average"
706,"LOC126291950","no description","DEG in 1 diet",1,"33","Higher in control","Diet 33: infected vs control",1.86014759759376,0.0295339016871712,2.1703360559598,"1006","Higher than gene average"
707,"LOC126346336","no description","DEG in 1 diet",1,"83","Higher in control","Diet 83: infected vs control",4.38919133276829,7.16893398394616e-05,2.32387894013441,"1041","Higher than gene average"
708,"LOC126284426","Insect cuticle protein","DEG in 1 diet",1,"33","Higher in control","Diet 33: infected vs control",2.9818043323459,0.0404719704105954,3.20492516719924,"1003","Higher than gene average"
709,"LOC126282270","Zona pellucida (ZP) domain","DEG in 1 diet",1,"83","Higher in control","Diet 83: infected vs control",4.83845734200408,0.00195961699476762,3.2691851511849,"1003","Higher than gene average"
710,"LOC126284577","Insect cuticle protein","DEG in 2 diets",2,"33; 83","Higher in control","Diet 33; Diet 83: infected vs control",4.32468356899537,2.24552416790857e-06,3.1658112150584,"1003","Higher than gene average"
711,"LOC126284694","Structural constituent of cuticle","DEG in 1 diet",1,"83","Higher in control","Diet 83: infected vs control",3.22643060987257,0.00534721191682701,2.38521683125026,"1003","Higher than gene average"
712,"LOC126291956","no description","DEG in 1 diet",1,"33","Higher in control","Diet 33: infected vs control",4.74878109978863,0.00429999498318897,2.70349125573222,"1033","Higher than gene average"
713,"LOC126284626","no description","DEG in 1 diet",1,"33","Higher in control","Diet 33: infected vs control",4.0118822475852,0.00533147409895528,3.86742488505965,"1039","Higher than gene average"
714,"LOC126284105","no description","DEG in 2 diets",2,"50; 83","Higher in control","Diet 50; Diet 83: infected vs control",5.36840355887021,0.000173007289456938,3.00488919313651,"1033","Higher than gene average"
715,"LOC126284106","no description","DEG in 1 diet",1,"50","Higher in control","Diet 50: infected vs control",3.5532530484412,0.00464526454071179,2.68387924975176,"1033","Higher than gene average"
716,"LOC126335450","no description","DEG in 1 diet",1,"50","Higher in control","Diet 50: infected vs control",1.46561581768621,0.00633238756620308,2.2300414232526,"1005","Higher than gene average"
717,"LOC126291912","no description","DEG in 1 diet",1,"50","Higher in control","Diet 50: infected vs control",2.86471677676077,0.00297269954531598,2.82734840574788,"1011","Higher than gene average"
718,"LOC126355446","Structural constituent of cuticle","DEG in 1 diet",1,"50","Higher in control","Diet 50: infected vs control",1.9411782230745,0.0479059510973724,3.14625181135882,"1037","Higher than gene average"
719,"LOC126284811","Belongs to the GMC oxidoreductase family","DEG in 2 diets",2,"33; 83","Higher in control","Diet 33; Diet 83: infected vs control",2.37522103964308,0.000255318339715646,1.86805393327455,"1042","Lower than gene average"
720,"LOC126268199","no description","DEG in 3 diets",3,"33; 50; 83","Higher in control","Diet 33; Diet 50; Diet 83: infected vs control",3.67184418086015,5.62742062483809e-05,1.94562321291106,"1036","Higher than gene average"
721,"LOC126292163","-","DEG in 1 diet",1,"50","Higher in control","Diet 50: infected vs control",2.430798842237,0.00113515453478972,2.27010547487975,"1004","Higher than gene average"
722,"LOC126267190","Immunoglobulin","DEG in 2 diets",2,"33; 83","Higher in control","Diet 33; Diet 83: infected vs control",2.92238623893919,8.7222299054929e-06,2.98985321189035,"1006","Higher than gene average"
723,"LOC126281750","Leucine rich repeat C-terminal domain","DEG in 2 diets",2,"33; 50","Higher in control","Diet 33; Diet 50: infected vs control",1.64443092579263,0.0174601879399487,1.88212777068804,"1015","Lower than gene average"
724,"LOC126336752","Cell surface proteoglycan that bears heparan sulfate","DEG in 1 diet",1,"83","Higher in control","Diet 83: infected vs control",1.05139370619714,0.000736165717720068,2.34722831396815,"1006","Higher than gene average"
725,"LOC126282005","ABC-2 type transporter","DEG in 1 diet",1,"83","Higher in control","Diet 83: infected vs control",1.22799300765999,0.0164647214856616,2.60954525724206,"1058","Lower than gene average"
726,"LOC126281520","DM4/DM12 family","DEG in 1 diet",1,"83","Higher in control","Diet 83: infected vs control",2.41263968230687,0.0367705478129684,2.32883934979108,"1031","Higher than gene average"
727,"LOC126352026","no description","DEG in 2 diets",2,"50; 83","Higher in control","Diet 50; Diet 83: infected vs control",2.34044505300055,0.0122358767777036,2.35875899852068,"1004","Higher than gene average"
728,"LOC126335106","Belongs to the sodium solute symporter (SSF) (TC 2.A.21) family","DEG in 1 diet",1,"83","Higher in control","Diet 83: infected vs control",2.40427814542534,0.0416937479797621,2.45500428145135,"1023","Lower than gene average"
729,"LOC126336695","Glutathione S-transferase, C-terminal domain","DEG in 2 diets",2,"33; 50","Higher in control","Diet 33; Diet 50: infected vs control",1.55821493512206,3.80666054506275e-05,2.53627344433723,"1038","Higher than gene average"
730,"LOC126299062","-","DEG in 1 diet",1,"50","Higher in control","Diet 50: infected vs control",1.66600628434081,0.0021233971719225,2.81133219325378,"1023","Lower than gene average"
731,"LOC126272126","activity. It is involved in the biological process described with oxidation-reduction process","DEG in 2 diets",2,"33; 50","Higher in control","Diet 33; Diet 50: infected vs control",1.74683605568942,0.00049061639306863,2.14097259398054,"1002","Higher than gene average"
732,"LOC126278567","FGGY family of carbohydrate kinases, C-terminal domain","DEG in 2 diets",2,"33; 50","Higher in control","Diet 33; Diet 50: infected vs control",1.17538878044266,0.00160792991464566,2.44350132761174,"1002","Higher than gene average"
733,"LOC126335352","Belongs to the TPP enzyme family","DEG in 1 diet",1,"33","Higher in control","Diet 33: infected vs control",1.34030885517221,9.35567688818019e-07,3.266827716111,"1002","Higher than gene average"
734,"LOC126281399","Oxidoreductase activity. It is involved in the biological process described with oxidation-reduction process","DEG in 2 diets",2,"33; 50","Higher in control","Diet 33; Diet 50: infected vs control",1.45241711272067,0.0126587908706366,1.9908854175913,"1057","Lower than gene average"
735,"LOC126353822","-","DEG in 2 diets",2,"33; 50","Higher in control","Diet 33; Diet 50: infected vs control",2.18655091689526,4.47750683615813e-06,2.55352814968548,"1002","Higher than gene average"
736,"LOC126334991","Sulfate permease family","DEG in 2 diets",2,"33; 50","Higher in control","Diet 33; Diet 50: infected vs control",1.42240804566252,0.000362964198238512,1.98324752568931,"1002","Higher than gene average"
737,"LOC126356215","Belongs to the type-B carboxylesterase lipase family","DEG in 2 diets",2,"33; 50","Higher in control","Diet 33; Diet 50: infected vs control",1.87842019960586,0.000213215938533826,1.83684456358401,"1016","Lower than gene average"
738,"LOC126282209","Prostaglandin reductase","DEG in 1 diet",1,"83","Higher in control","Diet 83: infected vs control",1.14543095762551,0.00273520850858445,2.32814076778816,"1006","Higher than gene average"
739,"LOC126298572","aspartic-type endopeptidase activity. It is involved in the biological process described with proteolysis","DEG in 1 diet",1,"83","Higher in control","Diet 83: infected vs control",1.35587460737522,0.00075908674828991,2.10817522273977,"1002","Higher than gene average"
740,"LOC126281302","no description","DEG in 2 diets",2,"50; 83","Higher in control","Diet 50; Diet 83: infected vs control",4.81333841429642,9.13820730145023e-08,2.3729458377032,"1004","Higher than gene average"
741,"LOC126297494","Catalyzes the rate-limiting step of the oxidative pentose-phosphate pathway, which represents a route for the dissimilation of carbohydrates besides glycolysis","DEG in 2 diets",2,"50; 83","Higher in control","Diet 50; Diet 83: infected vs control",1.38420501781223,0.000588517637965641,1.72051685006027,"1058","Lower than gene average"
742,"LOC126365941","Belongs to the aconitase IPM isomerase family","DEG in 3 diets",3,"33; 50; 83","Higher in control","Diet 33; Diet 50; Diet 83: infected vs control",1.44320387498232,5.87623403176663e-05,2.30302738374623,"1034","Higher than gene average"
743,"LOC126335505","Belongs to the isocitrate and isopropylmalate dehydrogenases family","DEG in 3 diets",3,"33; 50; 83","Higher in control","Diet 33; Diet 50; Diet 83: infected vs control",1.35924880625616,0.000879069403333992,2.39766366364482,"1002","Higher than gene average"
744,"LOC126297447","Hemimethylated DNA-binding protein YccV like","DEG in 1 diet",1,"83","Higher in control","Diet 83: infected vs control",1.04392119085833,0.00166431530171478,2.63509854139855,"1027","Lower than gene average"
745,"LOC126293404","The glycine cleavage system catalyzes the degradation of glycine","DEG in 1 diet",1,"83","Higher in control","Diet 83: infected vs control",1.29228216508237,0.0263593772256591,2.19084049395061,"1023","Lower than gene average"
746,"LOC126281562","Belongs to the UDP-glycosyltransferase family","DEG in 2 diets",2,"33; 50","Higher in control","Diet 33; Diet 50: infected vs control",1.39638895931157,5.36878455862951e-05,2.21629568839682,"1023","Lower than gene average"
747,"LOC126283961","Belongs to the MIP aquaporin (TC 1.A.8) family","DEG in 1 diet",1,"83","Higher in control","Diet 83: infected vs control",1.36793119500012,0.0444409041256527,2.51189047269088,"1058","Lower than gene average"
748,"LOC126349273","-","DEG in 2 diets",2,"50; 83","Higher in control","Diet 50; Diet 83: infected vs control",1.27848134437572,6.78851718279992e-07,2.40017559646747,"1027","Lower than gene average"
749,"LOC126356132","Small ubiquitin-related","DEG in 1 diet",1,"83","Higher in control","Diet 83: infected vs control",1.02379359854009,0.0326013527432432,2.18629216987698,"1038","Higher than gene average"
750,"LOC126272450","Oxidoreductase activity. It is involved in the biological process described with oxidation-reduction process","DEG in 2 diets",2,"33; 50","Higher in control","Diet 33; Diet 50: infected vs control",1.45989567353396,0.0027140231176952,2.15507230998539,"1023","Lower than gene average"
751,"LOC126281958","Fructose 1,6-bisphosphate 1-phosphatase activity. It is involved in the biological process described with carbohydrate metabolic process","DEG in 3 diets",3,"33; 50; 83","Higher in control","Diet 33; Diet 50; Diet 83: infected vs control",1.35805172868038,0.000608032366788117,2.29534256840554,"1016","Lower than gene average"
752,"LOC126363354","Transmembrane amino acid transporter protein","DEG in 1 diet",1,"33","Higher in control","Diet 33: infected vs control",1.13640986018528,0.00126064039543887,2.50458307735856,"1023","Lower than gene average"
753,"LOC126299542","activity. It is involved in the biological process described with metabolic process","DEG in 1 diet",1,"33","Higher in control","Diet 33: infected vs control",1.0141633656829,0.000198554743561247,1.8136316248085,"1016","Lower than gene average"
754,"LOC126281532","Transaldolase is important for the balance of metabolites in the pentose-phosphate pathway","DEG in 3 diets",3,"33; 50; 83","Higher in control","Diet 33; Diet 50; Diet 83: infected vs control",1.78073232586834,8.09223345985959e-06,2.37986827663839,"1038","Higher than gene average"
755,"LOC126281954","Belongs to the zinc-containing alcohol dehydrogenase family. Class-III subfamily","DEG in 2 diets",2,"33; 83","Higher in control","Diet 33; Diet 83: infected vs control",1.37877629758721,0.00323025761609319,2.17841895742995,"1038","Higher than gene average"
756,"LOC126354081","Endoribonuclease L-PSP","DEG in 3 diets",3,"33; 50; 83","Higher in control","Diet 33; Diet 50; Diet 83: infected vs control",3.83164927107744,0.00112761151194381,2.06604884150245,"1041","Higher than gene average"
757,"LOC126328249","Haloacid dehalogenase-like hydrolase","DEG in 2 diets",2,"33; 83","Higher in control","Diet 33; Diet 83: infected vs control",2.0768789318632,0.000266583044687675,2.58442116692195,"1041","Higher than gene average"
758,"LOC126299549","Key enzyme for ketone body catabolism. Transfers the CoA moiety from succinate to acetoacetate. Formation of the enzyme-CoA intermediate proceeds via an unstable anhydride species formed between the carboxylate groups of the enzyme and substrate","DEG in 1 diet",1,"83","Higher in control","Diet 83: infected vs control",1.40138715171825,0.000412421850188142,2.30682296138771,"1038","Higher than gene average"
759,"LOC126336244","Thiolase, N-terminal domain","DEG in 3 diets",3,"33; 50; 83","Higher in control","Diet 33; Diet 50; Diet 83: infected vs control",1.71193000683821,7.47618326633084e-09,1.70573429646049,"1038","Higher than gene average"
760,"LOC126335256","Methylmalonate-semialdehyde dehydrogenase (acylating) activity. It is involved in the biological process described with oxidation-reduction process","DEG in 3 diets",3,"33; 50; 83","Higher in control","Diet 33; Diet 50; Diet 83: infected vs control",1.8876187164332,2.06059270094053e-06,1.83757076912177,"1023","Lower than gene average"
761,"LOC126282123","cytochrome p450","DEG in 1 diet",1,"33","Higher in control","Diet 33: infected vs control",2.4472990169037,0.00287253516860126,2.52399589233051,"1033","Higher than gene average"
762,"LOC126282257","-","DEG in 1 diet",1,"33","Higher in control","Diet 33: infected vs control",1.76466769629317,0.000560963670770475,2.53867289606389,"1014","Higher than gene average"
763,"LOC126336409","Hemocyanin, all-alpha domain","DEG in 1 diet",1,"33","Higher in control","Diet 33: infected vs control",2.21365859844968,0.00377699409706012,2.29082650993568,"1014","Higher than gene average"
764,"LOC126335406","-","DEG in 1 diet",1,"50","Higher in control","Diet 50: infected vs control",1.55396435981407,0.0471470402583132,2.68146320070338,"1006","Higher than gene average"
765,"LOC126284556","no description","DEG in 1 diet",1,"33","Higher in control","Diet 33: infected vs control",2.34396972118561,0.0126587908706366,3.05037867761926,"1006","Higher than gene average"
766,"LOC126281387","Odorant receptor","DEG in 1 diet",1,"33","Higher in control","Diet 33: infected vs control",2.22647437479646,0.0441842261237031,1.84150508301744,"1006","Higher than gene average"
767,"LOC126363250","no description","DEG in 1 diet",1,"50","Higher in control","Diet 50: infected vs control",1.04761257372231,0.00196991911826355,2.1715919989421,"1023","Lower than gene average"
768,"LOC126281835","no description","DEG in 2 diets",2,"33; 50","Higher in control","Diet 33; Diet 50: infected vs control",2.81083704556105,0.00733089884910234,2.79664647021808,"1006","Higher than gene average"
769,"LOC126281299","no description","DEG in 2 diets",2,"50; 83","Higher in control","Diet 50; Diet 83: infected vs control",3.87601988405911,0.000180420337353989,2.82781423343184,"1036","Higher than gene average"
770,"LOC126281300","no description","DEG in 2 diets",2,"50; 83","Higher in control","Diet 50; Diet 83: infected vs control",5.44741121898488,3.69041690101679e-05,2.70205972720877,"1036","Higher than gene average"
771,"LOC126281298","no description","DEG in 2 diets",2,"50; 83","Higher in control","Diet 50; Diet 83: infected vs control",5.11297202595309,0.000730999984033946,2.46049745337752,"1030","Higher than gene average"
772,"LOC126354016","It is involved in the biological process described with transmembrane transport","DEG in 1 diet",1,"83","Higher in infected","Diet 83: infected vs control",1.49847927798741,0.0165886651574583,2.04979590338535,"1037","Higher than gene average"
773,"LOC126278410","-","DEG in 1 diet",1,"83","Higher in infected","Diet 83: infected vs control",3.14862136343806,0.00112761151194381,2.5650185599124,"1058","Higher than gene average"
774,"LOC126354186","Belongs to the monovalent cation proton antiporter 1 (CPA1) transporter (TC 2.A.36) family","DEG in 1 diet",1,"83","Higher in infected","Diet 83: infected vs control",2.33565945958047,0.00647435812767082,2.42210298536788,"1007","Higher than gene average"
775,"LOC126336724","Glutathione S-transferase, C-terminal domain","DEG in 1 diet",1,"50","Higher in control","Diet 50: infected vs control",2.47577542749777,0.0335762655245543,3.91416280478648,"1037","Higher than gene average"
776,"LOC126267290","oxidoreductase activity, acting on the aldehyde or oxo group of donors, NAD or NADP as acceptor. It is involved in the biological process described with oxidation-reduction process","DEG in 1 diet",1,"50","Higher in control","Diet 50: infected vs control",1.95040968248163,0.0418705267423358,4.57404873871799,"1007","Higher than gene average"
777,"LOC126327203","no description","DEG in 1 diet",1,"33","Higher in control","Diet 33: infected vs control",4.38644667930762,0.0262677106721248,3.83389075439922,"1037","Higher than gene average"
778,"LOC126325909","no description","DEG in 1 diet",1,"33","Higher in control","Diet 33: infected vs control",4.99189998910615,0.0447497027698012,3.05404560544206,"1037","Higher than gene average"
779,"LOC126320362","CPSF A subunit region","DEG in 1 diet",1,"33","Higher in control","Diet 33: infected vs control",5.59132366244137,0.0420197459733125,3.07544520197016,"1037","Higher than gene average"
780,"LOC126324029","no description","DEG in 1 diet",1,"33","Higher in control","Diet 33: infected vs control",5.50459521327618,0.0389456786019189,2.74338615700786,"1037","Higher than gene average"
781,"LOC126319885","no description","DEG in 1 diet",1,"33","Higher in control","Diet 33: infected vs control",5.11395980155526,0.0404802714500173,2.84659300568652,"1037","Higher than gene average"
782,"LOC126315292","no description","DEG in 1 diet",1,"33","Higher in control","Diet 33: infected vs control",22.8646861306594,2.24431212355018e-11,3.50389922114706,"1037","Higher than gene average"
783,"LOC126304978","no description","DEG in 1 diet",1,"33","Higher in control","Diet 33: infected vs control",22.2814363148393,6.63902143293013e-11,3.36526389055988,"1037","Higher than gene average"
784,"LOC126329919","no description","DEG in 1 diet",1,"33","Higher in control","Diet 33: infected vs control",5.62048743532521,0.02427390595794,3.21383387600242,"1037","Higher than gene average"
785,"LOC126322427","no description","DEG in 1 diet",1,"33","Higher in control","Diet 33: infected vs control",6.13373428227963,0.0272070530058671,3.190782172953,"1037","Higher than gene average"
786,"LOC126323742","no description","DEG in 1 diet",1,"33","Higher in control","Diet 33: infected vs control",7.0345917440281,0.0211814428537146,2.84802036274055,"1037","Higher than gene average"
787,"LOC126315341","no description","DEG in 1 diet",1,"33","Higher in control","Diet 33: infected vs control",6.3099744885098,0.0169931590790494,3.24950824891835,"1037","Higher than gene average"
788,"LOC126318308","no description","DEG in 1 diet",1,"33","Higher in control","Diet 33: infected vs control",5.57187374627482,0.0232601049568845,3.00731691595152,"1037","Higher than gene average"
789,"LOC126315212","no description","DEG in 1 diet",1,"33","Higher in control","Diet 33: infected vs control",5.59895576403106,0.044389773644171,3.77560002535614,"1037","Higher than gene average"
790,"LOC126318362","no description","DEG in 1 diet",1,"33","Higher in control","Diet 33: infected vs control",6.32171200753723,0.0282526144230826,3.49665937804695,"1037","Higher than gene average"
791,"LOC126304746","no description","DEG in 1 diet",1,"33","Higher in control","Diet 33: infected vs control",6.11832748944342,0.0332674552724518,3.40915039576066,"1037","Higher than gene average"
792,"LOC126323922","no description","DEG in 1 diet",1,"33","Higher in control","Diet 33: infected vs control",6.2296501738593,0.0407642458102225,3.7102753072973,"1037","Higher than gene average"
793,"LOC126323894","no description","DEG in 1 diet",1,"33","Higher in control","Diet 33: infected vs control",23.0917335948201,1.35551864830825e-11,3.71327546647193,"1037","Higher than gene average"
794,"LOC126322604","no description","DEG in 1 diet",1,"33","Higher in control","Diet 33: infected vs control",22.3616618864723,6.09135211297038e-11,3.88433647867015,"1037","Higher than gene average"
795,"LOC126316751","no description","DEG in 1 diet",1,"33","Higher in control","Diet 33: infected vs control",22.338338344506,6.09135211297038e-11,3.71583379419938,"1037","Higher than gene average"
796,"LOC126325840","no description","DEG in 1 diet",1,"33","Higher in control","Diet 33: infected vs control",6.72035985660377,0.0268274346347901,3.11568867694704,"1037","Higher than gene average"
797,"LOC126322422","no description","DEG in 1 diet",1,"33","Higher in control","Diet 33: infected vs control",5.98735181978445,0.0495389793527608,3.23969132392726,"1037","Higher than gene average"
798,"LOC126313336","no description","DEG in 1 diet",1,"33","Higher in control","Diet 33: infected vs control",6.17348441063094,0.0425697248326046,3.25510262781212,"1037","Higher than gene average"
799,"LOC126332763","no description","DEG in 1 diet",1,"33","Higher in control","Diet 33: infected vs control",5.45417597161237,0.0447497027698012,3.14515358334374,"1037","Higher than gene average"
800,"LOC126319968","no description","DEG in 1 diet",1,"33","Higher in control","Diet 33: infected vs control",22.4566105769875,5.13008978628393e-11,3.45994903998444,"1037","Higher than gene average"
801,"LOC126322562","no description","DEG in 1 diet",1,"33","Higher in control","Diet 33: infected vs control",23.2251686444326,1.18719989640931e-11,3.27030703545305,"1037","Higher than gene average"
802,"LOC126323895","no description","DEG in 1 diet",1,"33","Higher in control","Diet 33: infected vs control",5.9537577324463,0.047331996144241,3.18126741376355,"1037","Higher than gene average"
803,"LOC126317118","no description","DEG in 1 diet",1,"33","Higher in control","Diet 33: infected vs control",23.1064568055808,1.35551864830825e-11,3.24548177713598,"1037","Higher than gene average"
804,"LOC126315417","no description","DEG in 1 diet",1,"33","Higher in control","Diet 33: infected vs control",6.95210263074013,0.0463693967906014,3.23942429159388,"1037","Higher than gene average"
805,"LOC126326206","no description","DEG in 1 diet",1,"33","Higher in control","Diet 33: infected vs control",6.96398948768687,0.0242922554546216,3.62746883157628,"1037","Higher than gene average"
806,"LOC126304976","no description","DEG in 1 diet",1,"33","Higher in control","Diet 33: infected vs control",5.82882807259282,0.0325401636329995,3.17157391482558,"1037","Higher than gene average"
807,"LOC126311246","no description","DEG in 1 diet",1,"33","Higher in control","Diet 33: infected vs control",6.96727170291322,0.0167609378029817,3.12320224035255,"1037","Higher than gene average"
808,"LOC126319912","no description","DEG in 1 diet",1,"33","Higher in control","Diet 33: infected vs control",5.95478528031469,0.0221384400782417,3.30820073186101,"1037","Higher than gene average"
809,"LOC126315224","no description","DEG in 1 diet",1,"33","Higher in control","Diet 33: infected vs control",5.61369098762456,0.047331996144241,3.00927058280346,"1007","Higher than gene average"
810,"LOC126268173","Belongs to the sodium solute symporter (SSF) (TC 2.A.21) family","DEG in 1 diet",1,"33","Higher in control","Diet 33: infected vs control",4.40654605504935,0.0087563086157399,3.02662538097014,"1007","Higher than gene average"
811,"LOC126268172","Belongs to the sodium solute symporter (SSF) (TC 2.A.21) family","DEG in 1 diet",1,"33","Higher in control","Diet 33: infected vs control",3.81540423615606,0.0250938714461253,3.8571696821647,"1007","Higher than gene average"
812,"LOC126298104","aminoacylase activity. It is involved in the biological process described with","DEG in 1 diet",1,"33","Higher in control","Diet 33: infected vs control",1.4194917290453,0.0420507077892961,3.36617873862613,"1037","Higher than gene average"
813,"LOC126273233","Belongs to the type-B carboxylesterase lipase family","DEG in 1 diet",1,"33","Higher in control","Diet 33: infected vs control",2.5356156354118,0.00215754796233203,3.46085791554225,"1037","Higher than gene average"
814,"LOC126266862","Ion channel regulatory protein UNC-93","DEG in 1 diet",1,"33","Higher in control","Diet 33: infected vs control",2.2396648097417,0.000637239449286188,3.46232243141671,"1037","Higher than gene average"
815,"LOC126266840","Aldehyde dehydrogenase family","DEG in 1 diet",1,"33","Higher in control","Diet 33: infected vs control",3.84904288947512,0.00856087023050782,3.3407775268162,"1007","Higher than gene average"
816,"LOC126272232","It is involved in the biological process described with transmembrane transport","DEG in 1 diet",1,"33","Higher in control","Diet 33: infected vs control",3.46417023706293,0.0407341104692587,3.41787154631098,"1007","Higher than gene average"
817,"LOC126322933","-","DEG in 1 diet",1,"33","Higher in control","Diet 33: infected vs control",1.61692927099121,0.0441555971571308,3.56482688013924,"1037","Higher than gene average"
818,"LOC126267127","Acyl-coenzyme A:6-aminopenicillanic acid acyl-transferase","DEG in 1 diet",1,"33","Higher in control","Diet 33: infected vs control",1.8403074013873,0.0187483855288948,3.75687970756098,"1007","Higher than gene average"
819,"LOC126334992","Sulfate permease family","DEG in 2 diets",2,"33; 50","Higher in control","Diet 33; Diet 50: infected vs control",4.06195561632651,0.0207043330353785,4.28016378620226,"1007","Higher than gene average"
820,"LOC126355944","Belongs to the type-B carboxylesterase lipase family","DEG in 1 diet",1,"33","Higher in control","Diet 33: infected vs control",4.97677115213792,0.00968242573318816,3.6916786809021,"1037","Higher than gene average"
821,"LOC126272928","UDP-glucoronosyl and UDP-glucosyl transferase","DEG in 1 diet",1,"50","Higher in control","Diet 50: infected vs control",2.28858357316653,0.0485934620597423,3.82270534083072,"1037","Higher than gene average"
822,"LOC126324229","Transferase activity, transferring phosphorus-containing groups","DEG in 1 diet",1,"33","Higher in control","Diet 33: infected vs control",1.79750772778539,0.0216457162326353,3.39201898072682,"1007","Higher than gene average"
823,"LOC126278041","alpha/beta hydrolase fold","DEG in 1 diet",1,"33","Higher in control","Diet 33: infected vs control",1.81820850869128,0.0455714565747308,4.74915048164951,"1037","Higher than gene average"
824,"LOC126278545","-","DEG in 1 diet",1,"83","Higher in infected","Diet 83: infected vs control",3.43964938049321,2.32190111887108e-05,3.21554437816705,"1007","Higher than gene average"
825,"LOC126279690","DNA- binding","DEG in 1 diet",1,"83","Higher in infected","Diet 83: infected vs control",2.39244283821601,0.0214908491801157,2.08011457091825,"1003","Higher than gene average"
826,"LOC126354710","cAMP-dependent protein kinase regulator activity. It is involved in the biological process described with","DEG in 1 diet",1,"33","Higher in control","Diet 33: infected vs control",1.76733693096171,0.0074245803873812,2.41465778225586,"1002","Higher than gene average"
827,"LOC126278809","Cadherins are calcium-dependent cell adhesion proteins","DEG in 1 diet",1,"50","Higher in infected","Diet 50: infected vs control",3.29418340015415,0.0457966877952621,2.75433876479717,"1024","Higher than gene average"
828,"LOC126298626","B-box zinc finger","DEG in 1 diet",1,"50","Higher in infected","Diet 50: infected vs control",1.04781973311954,0.0418678578655582,2.84787973036818,"1024","Higher than gene average"
829,"LOC126335901","Chitin-binding domain type 2","DEG in 1 diet",1,"50","Higher in infected","Diet 50: infected vs control",1.98069277695079,0.00826856037346189,3.22036333783558,"1016","Higher than gene average"
830,"LOC126298549","no description","DEG in 1 diet",1,"50","Higher in infected","Diet 50: infected vs control",1.25224890795822,0.0178425889205505,3.12470691817197,"1024","Higher than gene average"
831,"LOC126276001","Fibroblast growth factor","DEG in 1 diet",1,"33","Higher in infected","Diet 33: infected vs control",1.44887950015604,0.00942426292484335,3.41783569996535,"1016","Higher than gene average"
832,"LOC126272875","G-protein coupled GABA receptor activity. It is involved in the biological process described with G-protein coupled receptor signaling pathway","DEG in 1 diet",1,"50","Higher in infected","Diet 50: infected vs control",3.53730077145177,0.0385168069450723,2.82646461143996,"1016","Higher than gene average"
833,"LOC126272884","Organic cation transporter 1-like","DEG in 1 diet",1,"50","Higher in infected","Diet 50: infected vs control",1.36028590043922,0.036311322732473,2.60423108760995,"1024","Higher than gene average"
834,"LOC126297696","no description","DEG in 1 diet",1,"50","Higher in infected","Diet 50: infected vs control",2.59850491272867,0.0494125617929534,3.06526891553205,"1025","Higher than gene average"
835,"LOC126267477","cysteine-type endopeptidase inhibitor activity. It is involved in the biological process described with proteolysis","DEG in 1 diet",1,"50","Higher in infected","Diet 50: infected vs control",1.10069509506705,0.0135775659922472,2.29464694100642,"1049","Higher than gene average"
836,"LOC126293305","Peptidase family M1 domain","DEG in 1 diet",1,"50","Higher in infected","Diet 50: infected vs control",1.34644684943912,0.013664991418727,3.47153738137692,"1020","Higher than gene average"
837,"LOC126335041","no description","DEG in 1 diet",1,"50","Higher in infected","Diet 50: infected vs control",2.94525257338987,0.0228935574657177,3.95590524181326,"1058","Higher than gene average"
838,"LOC126354813","The purine nucleoside phosphorylases catalyze the phosphorolytic breakdown of the N-glycosidic bond in the beta- (deoxy)ribonucleoside molecules, with the formation of the corresponding free purine bases and pentose-1-phosphate","DEG in 1 diet",1,"50","Higher in infected","Diet 50: infected vs control",1.24029614338672,0.00637609464673185,2.10067494465545,"1021","Lower than gene average"
839,"LOC126272386","Plays an important role in the degradation of dermatan and keratan sulfates","DEG in 2 diets",2,"50; 83","Higher in infected","Diet 50; Diet 83: infected vs control",1.86317418092175,0.0224197999397037,3.00794075743336,"1049","Higher than gene average"
840,"LOC126281263","Belongs to the major facilitator superfamily. Sugar transporter (TC 2.A.1.1) family","DEG in 1 diet",1,"83","Higher in infected","Diet 83: infected vs control",1.9177822625027,0.0212632640275867,2.9328123187496,"1029","Higher than gene average"
841,"LOC126277896","Myo-inositol oxygenase","DEG in 2 diets",2,"50; 83","Higher in infected","Diet 50; Diet 83: infected vs control",7.03493344943954,0.00540392515890279,4.00107453824903,"1024","Higher than gene average"
842,"LOC126277895","Myo-inositol oxygenase","DEG in 1 diet",1,"83","Higher in infected","Diet 83: infected vs control",5.05973535869902,0.0454730642036068,4.15936022438123,"1020","Higher than gene average"
843,"LOC126266665","Defective proboscis extension response","DEG in 1 diet",1,"50","Higher in infected","Diet 50: infected vs control",1.68994862269519,0.00163612149650819,2.35696286446056,"1020","Lower than gene average"
844,"LOC126311686","7 transmembrane receptor (Secretin family)","DEG in 1 diet",1,"50","Higher in infected","Diet 50: infected vs control",3.22290867913852,0.026385773642396,1.74672068279939,"1011","Higher than gene average"
845,"LOC126355669","Frizzled","DEG in 1 diet",1,"50","Higher in infected","Diet 50: infected vs control",1.00786132787957,0.0350183863097386,2.97886396856338,"1014","Higher than gene average"
846,"LOC126282460","arginase","DEG in 1 diet",1,"50","Higher in infected","Diet 50: infected vs control",1.34935648706646,0.0358682704445089,2.92914133529833,"1050","Higher than gene average"
847,"LOC126281565","no description","DEG in 1 diet",1,"33","Higher in control","Diet 33: infected vs control",1.27586875265018,0.0292040739641202,3.13504122983399,"1011","Higher than gene average"
848,"LOC126365627","Protein kinase C conserved region 2 (CalB)","DEG in 1 diet",1,"83","Higher in control","Diet 83: infected vs control",1.4395232289577,0.0319976105002428,3.3203132634199,"1011","Higher than gene average"
849,"LOC126335707","Down syndrome cell adhesion","DEG in 1 diet",1,"50","Higher in infected","Diet 50: infected vs control",3.43322255447246,0.031520570400409,2.68238630748389,"1016","Higher than gene average"
850,"LOC126353839","no description","DEG in 1 diet",1,"50","Higher in infected","Diet 50: infected vs control",3.70655103274568,0.0155287772030334,4.85799879665108,"1043","Higher than gene average"
851,"LOC126272933","Solute carrier (proton/amino acid symporter), TRAMD3 or PAT1","DEG in 1 diet",1,"50","Higher in infected","Diet 50: infected vs control",1.64592274081692,0.0417001095016187,2.98959945932091,"1016","Higher than gene average"
852,"LOC126287492","Ionotropic glutamate receptor-invertebrate","DEG in 1 diet",1,"50","Higher in infected","Diet 50: infected vs control",3.32956462385834,0.028354428175657,2.95239463200545,"1014","Higher than gene average"
853,"LOC126336878","Tetratricopeptide repeat","DEG in 1 diet",1,"50","Higher in infected","Diet 50: infected vs control",1.32196621553779,0.0448871685486336,2.68029945463179,"1021","Lower than gene average"
854,"LOC126284462","N-acetylmuramoyl-L-alanine amidase activity. It is involved in the biological process described with peptidoglycan catabolic process","DEG in 1 diet",1,"50","Higher in infected","Diet 50: infected vs control",1.79048335132821,0.006244739948814,3.02325345903112,"1057","Higher than gene average"
855,"LOC126356149","Metal ion binding","DEG in 1 diet",1,"50","Higher in infected","Diet 50: infected vs control",1.71009437901804,0.0142687090678822,3.08899811016651,"1058","Higher than gene average"
856,"LOC126295438","no description","DEG in 1 diet",1,"50","Higher in infected","Diet 50: infected vs control",1.1252528430748,0.00465775853970845,2.36001198459832,"1057","Higher than gene average"
857,"LOC126278867","cytochrome p450","DEG in 1 diet",1,"50","Higher in infected","Diet 50: infected vs control",3.65766665776278,0.032047360014857,2.22897752037773,"1025","Higher than gene average"
858,"LOC126355085","Uncharacterised conserved protein (DUF2373)","DEG in 1 diet",1,"50","Higher in infected","Diet 50: infected vs control",1.03581958447496,0.00622735780478299,2.55292016685803,"1057","Higher than gene average"
859,"LOC126336760","Kazal type serine protease inhibitors","DEG in 1 diet",1,"50","Higher in infected","Diet 50: infected vs control",3.46633687427344,0.00605196265726518,4.06754034072337,"1018","Higher than gene average"
860,"LOC126282012","Belongs to the glycosyl hydrolase 1 family","DEG in 1 diet",1,"50","Higher in infected","Diet 50: infected vs control",2.2815407616905,0.0410411193771064,2.16655155406178,"1018","Higher than gene average"
861,"LOC126344538","Pigment binding","DEG in 1 diet",1,"50","Higher in infected","Diet 50: infected vs control",3.76929041994712,0.0498877829901002,3.61559686373951,"1018","Higher than gene average"
862,"LOC126292129","heme binding. It is involved in the biological process described with oxidation-reduction process","DEG in 1 diet",1,"50","Higher in infected","Diet 50: infected vs control",4.11791852292848,0.00824018575927583,2.78924145516065,"1009","Higher than gene average"
863,"LOC126272096","Acyl transferase domain","DEG in 1 diet",1,"50","Higher in infected","Diet 50: infected vs control",3.40606823744455,0.00132083485369344,2.96154039207318,"1018","Higher than gene average"
864,"LOC126284872","Enoylreductase","DEG in 1 diet",1,"50","Higher in infected","Diet 50: infected vs control",3.5906434351191,0.00227726028997345,2.9655180902255,"1018","Higher than gene average"
865,"LOC126298220","activity. It is involved in the biological process described with metabolic process","DEG in 1 diet",1,"50","Higher in infected","Diet 50: infected vs control",4.27973315179297,0.00204507095793615,3.5810915263134,"1009","Higher than gene average"
866,"LOC126299118","GNS1/SUR4 family","DEG in 1 diet",1,"50","Higher in infected","Diet 50: infected vs control",2.75230560898274,0.0404709922672232,3.20836566144706,"1018","Higher than gene average"
867,"LOC126284662","Catalyzes the reduction of fatty acyl-CoA to fatty alcohols","DEG in 1 diet",1,"50","Higher in infected","Diet 50: infected vs control",4.39628182572025,0.00965945618169174,2.49404105775112,"1018","Higher than gene average"
868,"LOC126354206","Cytochrome P450","DEG in 1 diet",1,"50","Higher in infected","Diet 50: infected vs control",2.12766543543459,0.00527252235431331,2.28963533844535,"1018","Higher than gene average"
869,"LOC126354378","cytochrome P450","DEG in 1 diet",1,"50","Higher in infected","Diet 50: infected vs control",2.89971252257048,0.00836881133907631,2.68301089290498,"1018","Higher than gene average"
870,"LOC126334938","Oxidoreductase activity, acting on paired donors, with oxidation of a pair of donors resulting in the reduction of molecular oxygen to two molecules of water. It is involved in the biological process described with oxidation-reduction process","DEG in 1 diet",1,"50","Higher in infected","Diet 50: infected vs control",2.69850622817811,0.0155383298606007,2.46583403680044,"1018","Higher than gene average"
871,"LOC126299001","no description","DEG in 1 diet",1,"50","Higher in infected","Diet 50: infected vs control",2.08382345951898,0.0131964487312015,2.81346822912836,"1024","Higher than gene average"
872,"LOC126301432","cuticle protein","DEG in 1 diet",1,"50","Higher in infected","Diet 50: infected vs control",2.33695016809009,0.0247823626556668,2.96051324144116,"1015","Higher than gene average"
873,"LOC126355522","no description","DEG in 1 diet",1,"50","Higher in infected","Diet 50: infected vs control",2.55541287409688,0.035397070503921,2.97275600415771,"1015","Higher than gene average"
874,"LOC126273044","Haemolymph juvenile hormone binding protein (JHBP)","DEG in 1 diet",1,"33","Higher in infected","Diet 33: infected vs control",1.97263172055598,0.0475770480616356,3.01204759316568,"1024","Higher than gene average"
875,"LOC126336678","no description","DEG in 1 diet",1,"50","Higher in infected","Diet 50: infected vs control",3.34455166908078,0.0199075617669296,2.86889136678788,"1015","Higher than gene average"
876,"LOC126299240","Insect cuticle protein","DEG in 1 diet",1,"50","Higher in infected","Diet 50: infected vs control",3.87726023001806,0.0274664004036075,3.21109822806532,"1015","Higher than gene average"
877,"LOC126267588","Belongs to the AB hydrolase superfamily. Lipase family","DEG in 1 diet",1,"50","Higher in infected","Diet 50: infected vs control",1.77306448867797,0.0135647721826375,2.61510406324119,"1028","Higher than gene average"
878,"LOC126272040","Insect pheromone-binding family, A10/OS-D","DEG in 1 diet",1,"50","Higher in infected","Diet 50: infected vs control",1.37547184176397,0.039445265486749,2.81622771117336,"1055","Higher than gene average"
879,"LOC126285464","Catalyzes the reduction of fatty acyl-CoA to fatty alcohols","DEG in 1 diet",1,"50","Higher in infected","Diet 50: infected vs control",1.57486795062222,0.00392753231277322,2.39652913922843,"1057","Higher than gene average"
880,"LOC126298001","Elongation of very long chain fatty acids protein","DEG in 1 diet",1,"50","Higher in infected","Diet 50: infected vs control",1.9170147008296,7.94195429456726e-08,2.28706509017243,"1020","Lower than gene average"
881,"LOC126356304","ATP- binding","DEG in 1 diet",1,"50","Higher in infected","Diet 50: infected vs control",1.25161446647425,0.00329034691673374,2.54472906639156,"1002","Lower than gene average"
882,"LOC126314467","Protein present in Fab1, YOTB, Vac1, and EEA1","DEG in 1 diet",1,"33","Higher in infected","Diet 33: infected vs control",1.20711734421157,0.0135462307865191,1.96757931458281,"1016","Lower than gene average"
883,"LOC126278559","Prostaglandin reductase","DEG in 1 diet",1,"33","Higher in infected","Diet 33: infected vs control",1.78259403957604,0.0360831677739044,3.00018179191995,"1054","Higher than gene average"
884,"LOC126298297","It is involved in the biological process described with DNA recombination","DEG in 1 diet",1,"33","Higher in infected","Diet 33: infected vs control",1.91825051945418,0.0406244624946946,2.72451014624395,"1045","Higher than gene average"
885,"LOC126334860","Zinc finger with UFM1-specific peptidase domain protein-like","DEG in 1 diet",1,"83","Higher in control","Diet 83: infected vs control",1.02978710545092,0.0420633656684314,3.40457285282151,"1045","Higher than gene average"
886,"LOC126299386","Ankyrin repeats (many copies)","DEG in 1 diet",1,"33","Higher in infected","Diet 33: infected vs control",2.55273842468469,0.0418027041389026,2.33155985425567,"1016","Higher than gene average"
887,"LOC126272339","It is involved in the biological process described with proteolysis","DEG in 1 diet",1,"50","Higher in infected","Diet 50: infected vs control",1.30369081352824,0.0383553019209379,2.92559848361971,"1016","Higher than gene average"
888,"LOC126335805","-","DEG in 1 diet",1,"50","Higher in infected","Diet 50: infected vs control",2.24665003231409,0.00831259324512232,3.47583780727144,"1016","Higher than gene average"
889,"LOC126298466","GTPase-activator protein for Rho-like GTPases","DEG in 1 diet",1,"50","Higher in infected","Diet 50: infected vs control",1.88815769179593,0.0335679507772152,4.06311561698094,"1016","Higher than gene average"
890,"LOC126302198","no description","DEG in 1 diet",1,"50","Higher in infected","Diet 50: infected vs control",4.04689593199996,0.00109215195808747,3.32101749632406,"1051","Higher than gene average"
891,"LOC126299489","Forms chloride channels","DEG in 1 diet",1,"33","Higher in infected","Diet 33: infected vs control",1.05492146788117,0.0484431291890965,2.23090405219723,"1024","Higher than gene average"
892,"LOC126281818","-","DEG in 2 diets",2,"33; 50","Higher in infected","Diet 33; Diet 50: infected vs control",3.18578475962622,1.1947513452965e-08,3.0063196302408,"1058","Higher than gene average"
893,"LOC126281097","no description","DEG in 2 diets",2,"33; 50","Higher in infected","Diet 33; Diet 50: infected vs control",1.64617487944066,0.000251119468773306,2.89999470563778,"1057","Higher than gene average"
894,"LOC126281065","no description","DEG in 1 diet",1,"50","Higher in infected","Diet 50: infected vs control",2.45221792885056,0.000466056168554865,3.63538860900392,"1049","Higher than gene average"
895,"LOC126365909","It is involved in the biological process described with developmental process","DEG in 1 diet",1,"50","Higher in infected","Diet 50: infected vs control",1.53547096238275,0.00566212428764262,2.95458873332164,"1058","Higher than gene average"
896,"LOC126334737","Chaperone binding","DEG in 1 diet",1,"50","Higher in infected","Diet 50: infected vs control",1.48665442029023,0.0368020712066395,3.13280695107095,"1058","Higher than gene average"
897,"LOC126297738","Leucine rich repeat","DEG in 2 diets",2,"33; 50","Higher in infected","Diet 33; Diet 50: infected vs control",3.55342078319751,6.99801391776903e-06,2.53924283296489,"1058","Higher than gene average"
898,"LOC126284375","SOCS_box","DEG in 2 diets",2,"33; 50","Higher in infected","Diet 33; Diet 50: infected vs control",3.74662382099047,3.23197036342933e-05,3.10270610906641,"1049","Higher than gene average"
899,"LOC126336038","Voltage-dependent T-type calcium channel subunit","DEG in 1 diet",1,"50","Higher in infected","Diet 50: infected vs control",2.13212593831267,0.0341803306916368,2.88192188579309,"1058","Higher than gene average"
900,"LOC126335329","low voltage-gated calcium channel activity","DEG in 1 diet",1,"50","Higher in infected","Diet 50: infected vs control",1.62919370509478,0.0447197336294336,2.39632922109699,"1045","Higher than gene average"
901,"LOC126266641","Trypsin-like serine protease","DEG in 1 diet",1,"50","Higher in infected","Diet 50: infected vs control",4.29080721016363,0.0105995308784357,3.46949872306102,"1058","Higher than gene average"
902,"LOC126272383","no description","DEG in 1 diet",1,"50","Higher in infected","Diet 50: infected vs control",3.61832645542578,0.0497468381980864,2.80089596228071,"1058","Higher than gene average"
903,"LOC126353984","no description","DEG in 1 diet",1,"50","Higher in infected","Diet 50: infected vs control",3.20123837082626,0.0394965404436241,2.8245621851023,"1058","Higher than gene average"
904,"LOC126286498","no description","DEG in 1 diet",1,"50","Higher in infected","Diet 50: infected vs control",3.4886134969365,0.0431644108542242,2.96831449312846,"1046","Higher than gene average"
905,"LOC126284649","phosphatase activity. It is involved in the biological process described with protein dephosphorylation","DEG in 1 diet",1,"50","Higher in infected","Diet 50: infected vs control",1.11310598855068,0.018132320386045,2.33508058486321,"1018","Higher than gene average"
906,"LOC126267351","Ring finger domain","DEG in 2 diets",2,"33; 50","Higher in infected","Diet 33; Diet 50: infected vs control",1.65842952396497,0.013706442133433,2.51475914686171,"1057","Higher than gene average"
907,"LOC126272081","Cartilage oligomeric matrix protein","DEG in 1 diet",1,"50","Higher in infected","Diet 50: infected vs control",1.68526379287701,0.017740912401627,4.05668053719999,"1046","Higher than gene average"
908,"LOC126270012","no description","DEG in 2 diets",2,"33; 50","Higher in infected","Diet 33; Diet 50: infected vs control",1.20373273367265,0.0083394412974611,2.82007823281619,"1049","Higher than gene average"
909,"LOC126268194","amino acid transporter","DEG in 2 diets",2,"33; 50","Higher in infected","Diet 33; Diet 50: infected vs control",2.06502501694734,0.00155066326898119,2.92399792641895,"1049","Higher than gene average"
910,"LOC126354272","-","DEG in 1 diet",1,"50","Higher in infected","Diet 50: infected vs control",3.21942648618278,0.0085653969737431,1.97017168325321,"1045","Higher than gene average"
911,"LOC126295351","no description","DEG in 1 diet",1,"50","Higher in infected","Diet 50: infected vs control",1.05186130346419,0.0169713634428082,2.08792212209067,"1006","Higher than gene average"
912,"LOC126299265","no description","DEG in 1 diet",1,"50","Higher in infected","Diet 50: infected vs control",3.0664073027115,0.033906567720404,2.86574459306807,"1006","Higher than gene average"
913,"LOC126324495","Defective proboscis extension response","DEG in 2 diets",2,"33; 50","Higher in infected","Diet 33; Diet 50: infected vs control",3.17010479105318,4.68604667379612e-05,2.33236120519367,"1054","Higher than gene average"
914,"LOC126323780","no description","DEG in 2 diets",2,"33; 50","Higher in infected","Diet 33; Diet 50: infected vs control",2.4787636211277,8.10077805900679e-07,2.49847455639856,"1054","Higher than gene average"
915,"LOC126267936","no description","DEG in 2 diets",2,"50; 83","Higher in infected","Diet 50; Diet 83: infected vs control",2.05819413203196,5.91659069889242e-06,2.15475122964718,"1054","Higher than gene average"
916,"LOC126278946","ATP binding","DEG in 2 diets",2,"33; 50","Higher in infected","Diet 33; Diet 50: infected vs control",2.38339914083826,2.79020144233873e-06,2.97627107737042,"1055","Higher than gene average"
917,"LOC126353793","no description","DEG in 2 diets",2,"33; 50","Higher in infected","Diet 33; Diet 50: infected vs control",2.12275418973415,4.57648682999007e-05,2.39487063115208,"1055","Higher than gene average"
918,"LOC126365918","Animal peptidoglycan recognition proteins homologous to Bacteriophage T3 lysozyme.","DEG in 1 diet",1,"50","Higher in infected","Diet 50: infected vs control",1.69937999848552,1.74972106295359e-09,2.68706339298954,"1054","Higher than gene average"
919,"LOC126292045","no description","DEG in 3 diets",3,"33; 50; 83","Higher in infected","Diet 33; Diet 50; Diet 83: infected vs control",2.8556629350682,3.57233344630426e-07,2.43124764894979,"1055","Higher than gene average"
920,"LOC126278442","Transforming growth  factor-beta (TGF-beta) family","DEG in 1 diet",1,"50","Higher in infected","Diet 50: infected vs control",2.26293602178963,2.20666908991789e-07,2.73944447175332,"1055","Higher than gene average"
921,"LOC126297821","Involved in pyrimidine base degradation. Catalyzes the reduction of uracil and thymine","DEG in 1 diet",1,"50","Higher in infected","Diet 50: infected vs control",1.62508400688693,4.17139091320929e-05,1.84039185027665,"1039","Lower than gene average"
922,"LOC126355083","no description","DEG in 2 diets",2,"33; 50","Higher in infected","Diet 33; Diet 50: infected vs control",2.10681378539411,0.000173007289456938,2.31261478333799,"1054","Higher than gene average"
923,"LOC126354476","no description","DEG in 1 diet",1,"50","Higher in infected","Diet 50: infected vs control",1.76872465795677,0.00309442048838335,1.94542967993124,"1054","Higher than gene average"
924,"LOC126354323","no description","DEG in 1 diet",1,"50","Higher in infected","Diet 50: infected vs control",2.29902465853063,6.99801391776903e-06,2.29499317304117,"1040","Lower than gene average"
925,"LOC126282099","Protein tyrosine phosphatase activity. It is involved in the biological process described with protein dephosphorylation","DEG in 1 diet",1,"50","Higher in infected","Diet 50: infected vs control",1.00032000313472,0.0133066442124853,2.04623456847477,"1007","Lower than gene average"
926,"LOC126343351","no description","DEG in 1 diet",1,"50","Higher in infected","Diet 50: infected vs control",1.02155079025298,0.0350696946513687,1.98181991028495,"1014","Higher than gene average"
927,"LOC126346622","Chitinase activity. It is involved in the biological process described with carbohydrate metabolic process","DEG in 1 diet",1,"50","Higher in infected","Diet 50: infected vs control",1.56989228864419,0.0004040428797256,1.83031684667289,"1040","Lower than gene average"
928,"LOC126291749","ML domain","DEG in 1 diet",1,"50","Higher in infected","Diet 50: infected vs control",1.24813981962438,0.00180699736924655,2.44459934285797,"1050","Higher than gene average"
929,"LOC126355789","Belongs to the glycosyltransferase 11 family","DEG in 1 diet",1,"50","Higher in infected","Diet 50: infected vs control",1.50826158035762,0.0221659400374155,3.98405493099844,"1020","Higher than gene average"
930,"LOC126334704","no description","DEG in 1 diet",1,"50","Higher in infected","Diet 50: infected vs control",1.53971638116131,0.0374182926053614,2.68712564691268,"1027","Higher than gene average"
931,"LOC126282167","It is involved in the biological process described with lipid metabolic process","DEG in 2 diets",2,"33; 50","Higher in infected","Diet 33; Diet 50: infected vs control",1.61142293603213,0.00602530879768556,2.56911198155335,"1020","Higher than gene average"
932,"LOC126294953","no description","DEG in 1 diet",1,"50","Higher in infected","Diet 50: infected vs control",3.62439901386586,0.0097899020754367,2.94339295452991,"1014","Higher than gene average"
933,"LOC126292145","meprin and TRAF homology","DEG in 2 diets",2,"33; 50","Higher in infected","Diet 33; Diet 50: infected vs control",2.85862450790455,0.00376556705186562,3.10503306542413,"1055","Higher than gene average"
934,"LOC126270657","heme binding. It is involved in the biological process described with oxidation-reduction process","DEG in 1 diet",1,"50","Higher in infected","Diet 50: infected vs control",2.83965173478104,0.000373506635347711,2.96107072960635,"1055","Higher than gene average"
935,"LOC126276175","no description","DEG in 1 diet",1,"50","Higher in infected","Diet 50: infected vs control",1.35055391699908,8.36679101707231e-05,2.29838865235652,"1006","Higher than gene average"
936,"LOC126272321","Olfactomedin-like domains","DEG in 2 diets",2,"33; 50","Higher in infected","Diet 33; Diet 50: infected vs control",2.11404250689668,2.96427709764149e-08,1.72845806473134,"1054","Higher than gene average"
937,"LOC126276148","belongs to the gamma- glutamyl phosphate reductase family","DEG in 1 diet",1,"50","Higher in infected","Diet 50: infected vs control",2.11829613119668,1.46338284860087e-16,2.3675060335493,"1027","Higher than gene average"
938,"LOC126284502","Sidestep protein","DEG in 2 diets",2,"50; 83","Higher in infected","Diet 50; Diet 83: infected vs control",1.49516219567467,0.000697341295873909,1.94318616258784,"1002","Lower than gene average"
939,"LOC126282077","Belongs to the AB hydrolase superfamily. Lipase family","DEG in 1 diet",1,"50","Higher in infected","Diet 50: infected vs control",2.06905411639209,2.2341995819009e-11,2.21261940300606,"1005","Higher than gene average"
940,"LOC126339239","-","DEG in 3 diets",3,"33; 50; 83","Higher in infected","Diet 33; Diet 50; Diet 83: infected vs control",1.22603760947235,0.0149036035446533,1.71148882834311,"1014","Higher than gene average"
941,"LOC126295146","Metal dependent phosphohydrolases with conserved 'HD' motif.","DEG in 1 diet",1,"50","Higher in infected","Diet 50: infected vs control",1.23914580007363,9.39202923569946e-05,2.22587839884313,"1016","Higher than gene average"
942,"LOC126295147","no description","DEG in 1 diet",1,"50","Higher in infected","Diet 50: infected vs control",1.42294892630062,0.0221518519522216,2.25669025315786,"1055","Higher than gene average"
943,"LOC126272139","Calcium channel","DEG in 1 diet",1,"50","Higher in infected","Diet 50: infected vs control",1.84163130413835,0.000924337779286297,3.32323801451684,"1016","Higher than gene average"
944,"LOC126272322","no description","DEG in 1 diet",1,"50","Higher in infected","Diet 50: infected vs control",1.61267484996351,0.0135775659922472,2.58721178175354,"1027","Higher than gene average"
945,"LOC126267462","Belongs to the CRISP family","DEG in 1 diet",1,"50","Higher in infected","Diet 50: infected vs control",3.59717911395707,0.0305964061103552,3.51109698767586,"1021","Higher than gene average"
946,"LOC126354766","no description","DEG in 1 diet",1,"50","Higher in infected","Diet 50: infected vs control",1.01096646145952,0.00915632458874063,2.20027890090541,"1020","Lower than gene average"
947,"LOC126278447","Catalyzes the formation of S-adenosylmethionine from methionine and ATP","DEG in 2 diets",2,"33; 50","Higher in infected","Diet 33; Diet 50: infected vs control",1.51000951229724,9.7188354658601e-07,2.18802909345164,"1037","Lower than gene average"
948,"LOC126335467","Belongs to the serpin family","DEG in 1 diet",1,"50","Higher in infected","Diet 50: infected vs control",2.46485905064373,2.85161569225132e-09,1.8230903208813,"1055","Higher than gene average"
949,"LOC126292244","no description","DEG in 1 diet",1,"50","Higher in infected","Diet 50: infected vs control",1.00175681514086,0.000437043061138276,2.26524063934356,"1055","Higher than gene average"
950,"LOC126339036","Belongs to the short-chain dehydrogenases reductases (SDR) family","DEG in 1 diet",1,"50","Higher in infected","Diet 50: infected vs control",1.20820104506342,0.0192982767142075,2.18614262513396,"1003","Lower than gene average"
951,"LOC126346021","Belongs to the peptidase C1 family","DEG in 2 diets",2,"33; 50","Higher in infected","Diet 33; Diet 50: infected vs control",1.68500636703264,4.97177529598833e-08,2.22277123866206,"1027","Higher than gene average"
952,"LOC126299011","Belongs to the histidine acid phosphatase family","DEG in 1 diet",1,"50","Higher in infected","Diet 50: infected vs control",1.32785870494299,5.3214835893889e-05,1.96654152253278,"1029","Higher than gene average"
953,"LOC126293502","no description","DEG in 1 diet",1,"33","Higher in infected","Diet 33: infected vs control",2.09023494495677,0.0418809387377548,2.37949496934518,"1023","Higher than gene average"
954,"LOC126332062","no description","DEG in 2 diets",2,"33; 83","Higher in infected","Diet 33; Diet 83: infected vs control",13.1499727039728,5.15170601950621e-10,2.80490189235057,"1046","Higher than gene average"
955,"LOC126332151","no description","DEG in 1 diet",1,"33","Higher in infected","Diet 33: infected vs control",7.69237485841129,0.000735824789362553,3.14660551059218,"1028","Higher than gene average"
956,"LOC126298241","calcium ion binding. It is involved in the biological process described with proteolysis","DEG in 1 diet",1,"50","Higher in infected","Diet 50: infected vs control",1.05144006938156,0.000585475565354305,2.47407639529787,"1002","Lower than gene average"
957,"LOC126282035","Tyrosine kinase, catalytic domain","DEG in 2 diets",2,"33; 50","Higher in infected","Diet 33; Diet 50: infected vs control",1.85001789111807,1.7203457132318e-09,2.06914899255313,"1006","Lower than gene average"
958,"LOC126272513","Dipeptidyl peptidase IV (DPP IV) N-terminal region","DEG in 2 diets",2,"33; 50","Higher in infected","Diet 33; Diet 50: infected vs control",2.09410826391177,5.18668934317096e-07,1.98525959933699,"1040","Lower than gene average"
959,"LOC126278009","Immunoglobulin","DEG in 2 diets",2,"33; 50","Higher in infected","Diet 33; Diet 50: infected vs control",1.94924089627012,6.30060346114654e-06,1.89541176965143,"1040","Lower than gene average"
960,"LOC126277750","7 transmembrane receptor (Secretin family)","DEG in 2 diets",2,"33; 50","Higher in infected","Diet 33; Diet 50: infected vs control",2.1373085902659,5.51767444959416e-07,1.87844110185964,"1055","Higher than gene average"
961,"LOC126272055","Domain of unknown function (DUF4781)","DEG in 2 diets",2,"33; 50","Higher in infected","Diet 33; Diet 50: infected vs control",1.33777800074595,0.000129909987168913,2.06708268571502,"1054","Higher than gene average"
962,"LOC126355038","no description","DEG in 2 diets",2,"33; 50","Higher in infected","Diet 33; Diet 50: infected vs control",1.57677161638782,0.00310700454431361,2.43148854800615,"1055","Higher than gene average"
963,"LOC126278521","Immunoglobulin","DEG in 1 diet",1,"33","Higher in infected","Diet 33: infected vs control",1.2244546559978,0.015761990457023,2.08006509629473,"1002","Lower than gene average"
964,"LOC126343256","no description","DEG in 2 diets",2,"33; 50","Higher in infected","Diet 33; Diet 50: infected vs control",1.74849535423747,0.00190155509281934,2.69272237794316,"1054","Higher than gene average"
965,"LOC126354702","Belongs to the type-B carboxylesterase lipase family","DEG in 1 diet",1,"33","Higher in infected","Diet 33: infected vs control",1.46475866088007,0.0123665564686622,2.37582281338251,"1028","Higher than gene average"
966,"LOC126354416","no description","DEG in 2 diets",2,"33; 50","Higher in infected","Diet 33; Diet 50: infected vs control",2.5506458404178,0.00155066326898119,1.96901344268962,"1009","Lower than gene average"
967,"LOC126267519","cysteine-type endopeptidase inhibitor activity. It is involved in the biological process described with proteolysis","DEG in 1 diet",1,"50","Higher in infected","Diet 50: infected vs control",1.48091246045094,0.0200282634547044,2.23762732549661,"1027","Higher than gene average"
968,"LOC126294945","Speckle-type poz protein","DEG in 2 diets",2,"33; 50","Higher in infected","Diet 33; Diet 50: infected vs control",2.50155102529984,0.00230586713639466,2.25591419658563,"1036","Lower than gene average"
969,"LOC126295087","Speckle-type poz protein","DEG in 1 diet",1,"50","Higher in infected","Diet 50: infected vs control",2.33336305388455,0.00155885568662344,2.06678697358418,"1032","Lower than gene average"
970,"LOC126354299","no description","DEG in 2 diets",2,"33; 50","Higher in infected","Diet 33; Diet 50: infected vs control",3.79467347997442,0.000260478749795497,1.79999487393399,"1042","Higher than gene average"
971,"LOC126354298","no description","DEG in 1 diet",1,"50","Higher in infected","Diet 50: infected vs control",3.52485314964889,0.000294574400628505,1.78303694162287,"1042","Higher than gene average"
972,"LOC126291948","no description","DEG in 2 diets",2,"33; 50","Higher in infected","Diet 33; Diet 50: infected vs control",3.84668396129193,2.40107847555836e-05,1.79796582338665,"1032","Lower than gene average"
973,"LOC126332098","no description","DEG in 2 diets",2,"33; 50","Higher in infected","Diet 33; Diet 50: infected vs control",2.23783501294247,0.0100054854187388,2.20961175103354,"1005","Lower than gene average"
974,"LOC126332220","no description","DEG in 2 diets",2,"33; 50","Higher in infected","Diet 33; Diet 50: infected vs control",2.63888225908711,8.33461349312985e-05,2.31841636312914,"1032","Lower than gene average"
975,"LOC126332162","no description","DEG in 2 diets",2,"33; 50","Higher in infected","Diet 33; Diet 50: infected vs control",3.69165081608749,6.1707612484695e-10,2.22019968614854,"1032","Lower than gene average"
976,"LOC126332261","no description","DEG in 2 diets",2,"33; 50","Higher in infected","Diet 33; Diet 50: infected vs control",5.41032698096786,4.630102337887e-09,1.6739605571398,"1032","Lower than gene average"
977,"LOC126267478","cysteine-type endopeptidase inhibitor activity. It is involved in the biological process described with proteolysis","DEG in 1 diet",1,"33","Higher in infected","Diet 33: infected vs control",1.99428858785503,0.0132734617939986,1.78019370883523,"1032","Lower than gene average"
978,"LOC126335606","no description","DEG in 2 diets",2,"33; 50","Higher in infected","Diet 33; Diet 50: infected vs control",2.28562594228876,0.00293955330845959,2.14239469062995,"1055","Higher than gene average"
979,"LOC126335605","Required for homeostatic regulation of sleep under normal conditions and after sleep deprivation. Important regulator of the Sh K( ) channel, acting as a signaling molecule that connects sleep drive to lowered membrane excitability, possibly by enhancing K( ) channel activity and thus reducing neuronal excitability","DEG in 2 diets",2,"33; 50","Higher in infected","Diet 33; Diet 50: infected vs control",1.64424026162894,0.00469610885644416,2.3505001628226,"1055","Higher than gene average"
980,"LOC126335291","Ricin-type beta-trefoil","DEG in 1 diet",1,"33","Higher in infected","Diet 33: infected vs control",1.09312347424951,0.000889833873970641,2.21353144619074,"1027","Higher than gene average"
981,"LOC126266748","It is involved in the biological process described with cellular amino acid metabolic process","DEG in 2 diets",2,"33; 50","Higher in infected","Diet 33; Diet 50: infected vs control",1.81326771740754,0.000298955221417935,2.47026908166766,"1027","Higher than gene average"
982,"LOC126330284","catalytic activity. It is involved in the biological process described with metabolic process","DEG in 2 diets",2,"33; 50","Higher in infected","Diet 33; Diet 50: infected vs control",1.50659609993164,0.000221274098746534,2.31953958458452,"1054","Higher than gene average"
983,"LOC126361845","no description","DEG in 2 diets",2,"33; 50","Higher in infected","Diet 33; Diet 50: infected vs control",3.66868395714375,3.04075766779871e-09,2.02594872290706,"1027","Higher than gene average"
984,"LOC126343303","Domain of unknown function (DUF4728)","DEG in 2 diets",2,"33; 50","Higher in infected","Diet 33; Diet 50: infected vs control",3.38754879375659,1.67300053192525e-07,1.99654426443619,"1055","Higher than gene average"
985,"LOC126281729","Belongs to the peptidase C14A family","DEG in 3 diets",3,"33; 50; 83","Higher in infected","Diet 33; Diet 50; Diet 83: infected vs control",1.93086721924854,0.000702549996913459,2.87510216870205,"1023","Higher than gene average"
986,"LOC126292201","NACHT domain","DEG in 3 diets",3,"33; 50; 83","Higher in infected","Diet 33; Diet 50; Diet 83: infected vs control",1.73521292952309,0.00177118348706613,2.702317926149,"1023","Higher than gene average"
987,"LOC126336738","C-type lectin (CTL) or carbohydrate-recognition domain (CRD)","DEG in 3 diets",3,"33; 50; 83","Higher in infected","Diet 33; Diet 50; Diet 83: infected vs control",5.19182437557411,1.61668412159005e-06,3.34084020907214,"1014","Higher than gene average"
988,"LOC126295191","Speckle-type poz protein","DEG in 2 diets",2,"50; 83","Higher in infected","Diet 50; Diet 83: infected vs control",1.69934169304835,3.907819918202e-20,2.03568376411208,"1027","Higher than gene average"
989,"LOC126321085","Immunoglobulin domain","DEG in 2 diets",2,"33; 50","Higher in infected","Diet 33; Diet 50: infected vs control",1.90034526548619,0.000158677972337376,2.69815041724103,"1016","Higher than gene average"
990,"LOC126356176","BadF/BadG/BcrA/BcrD ATPase family","DEG in 1 diet",1,"83","Higher in infected","Diet 83: infected vs control",1.87573446399489,0.0482168538955042,4.50607976662491,"1050","Higher than gene average"
991,"LOC126270553","Putative peptidase family","DEG in 1 diet",1,"50","Higher in infected","Diet 50: infected vs control",1.12918010287146,0.00581759805621046,3.26849040492029,"1055","Higher than gene average"
992,"LOC126322901","-","DEG in 2 diets",2,"33; 50","Higher in infected","Diet 33; Diet 50: infected vs control",2.0455357757069,0.00656080126290814,2.0083596608081,"1055","Higher than gene average"
993,"LOC126336737","G-protein coupled receptor activity. It is involved in the biological process described with G-protein coupled receptor signaling pathway","DEG in 1 diet",1,"50","Higher in infected","Diet 50: infected vs control",1.3481471731607,0.0112947014956109,2.05097663448811,"1050","Higher than gene average"
994,"LOC126335043","von Willebrand factor (vWF) type C domain","DEG in 1 diet",1,"33","Higher in infected","Diet 33: infected vs control",1.71187962215472,0.0363641587292047,3.05252790469887,"1050","Higher than gene average"
995,"LOC126354210","no description","DEG in 1 diet",1,"50","Higher in infected","Diet 50: infected vs control",1.28244658980999,0.0297106471123176,2.09799794456549,"1050","Higher than gene average"
996,"LOC126273243","Serine-type peptidase activity. It is involved in the biological process described with proteolysis","DEG in 2 diets",2,"33; 83","Higher in infected","Diet 33; Diet 83: infected vs control",1.9343998675054,0.010719261035003,2.73183122991886,"1050","Higher than gene average"
997,"LOC126272864","Serine-type peptidase activity. It is involved in the biological process described with proteolysis","DEG in 1 diet",1,"33","Higher in infected","Diet 33: infected vs control",1.34980570402718,0.00381323894527438,2.73314296530726,"1050","Higher than gene average"
998,"LOC126334613","It is involved in the biological process described with cellular amino acid metabolic process","DEG in 1 diet",1,"33","Higher in infected","Diet 33: infected vs control",1.1508608252373,0.000225141995450966,2.31564191941714,"1050","Higher than gene average"
999,"LOC126272274","Thrombospondin type 1 repeats","DEG in 1 diet",1,"33","Higher in infected","Diet 33: infected vs control",1.10675512880417,0.0270708752962477,2.43598388755446,"1050","Higher than gene average"
1000,"LOC126291917","no description","DEG in 1 diet",1,"50","Higher in infected","Diet 50: infected vs control",1.03898321677796,4.35416377523085e-05,3.45157206218941,"1027","Higher than gene average"
1001,"LOC126291872","no description","DEG in 1 diet",1,"50","Higher in infected","Diet 50: infected vs control",1.08855400949599,0.000610384337597677,2.70590849328661,"1027","Higher than gene average"
1002,"LOC126354418","no description","DEG in 3 diets",3,"33; 50; 83","Higher in infected","Diet 33; Diet 50; Diet 83: infected vs control",2.83001981833212,5.70972325307012e-06,2.38845500530159,"1014","Higher than gene average"
1003,"LOC126295295","no description","DEG in 1 diet",1,"50","Higher in infected","Diet 50: infected vs control",1.41122239805974,0.0027162137679927,3.10274943707718,"1027","Higher than gene average"
1004,"LOC126320083","no description","DEG in 1 diet",1,"33","Higher in infected","Diet 33: infected vs control",1.91595129353142,0.0480557701597159,2.23584150529643,"1021","Higher than gene average"
1005,"LOC126329331","serine-type endopeptidase activity. It is involved in the biological process described with proteolysis","DEG in 1 diet",1,"50","Higher in infected","Diet 50: infected vs control",3.6382095412126,0.00553206923584454,2.25704041008638,"1027","Higher than gene average"
1006,"LOC126284902","no description","DEG in 1 diet",1,"33","Higher in infected","Diet 33: infected vs control",4.50074188915417,0.00702257010720961,5.52155246609779,"1054","Higher than gene average"
1007,"LOC126355691","Vault protein inter-alpha-trypsin domain","DEG in 1 diet",1,"33","Higher in infected","Diet 33: infected vs control",6.72600399964635,3.91955265291051e-06,3.29544787108581,"1027","Higher than gene average"
1008,"LOC126355590","Vault protein inter-alpha-trypsin domain","DEG in 1 diet",1,"33","Higher in infected","Diet 33: infected vs control",5.80312666040092,0.000119846555654979,2.82922825157248,"1027","Higher than gene average"
1009,"LOC126343319","Domain of unknown function (DUF4728)","DEG in 1 diet",1,"33","Higher in infected","Diet 33: infected vs control",1.05069673443631,0.00633700268461682,2.36302156404156,"1050","Higher than gene average"
1010,"LOC126267414","Spondin_N","DEG in 2 diets",2,"33; 50","Higher in infected","Diet 33; Diet 50: infected vs control",1.06485311067307,0.0213304267070405,2.81160992841023,"1002","Lower than gene average"
1011,"LOC126365747","7 transmembrane receptor (rhodopsin family)","DEG in 1 diet",1,"50","Higher in infected","Diet 50: infected vs control",1.25108607669395,0.0305699212467382,2.81823162541179,"1027","Higher than gene average"
1012,"LOC126354934","no description","DEG in 2 diets",2,"33; 50","Higher in infected","Diet 33; Diet 50: infected vs control",3.55534350717999,0.0282295047380567,3.57103235295291,"1042","Higher than gene average"
1013,"LOC126294994","no description","DEG in 1 diet",1,"33","Higher in infected","Diet 33: infected vs control",1.27401779202517,0.0407642458102225,2.04708814289689,"1021","Higher than gene average"
1014,"LOC126273343","no description","DEG in 1 diet",1,"50","Higher in infected","Diet 50: infected vs control",2.02796131084401,0.0154081318635168,2.46811591460765,"1027","Higher than gene average"
1015,"LOC126355597","-","DEG in 1 diet",1,"83","Higher in infected","Diet 83: infected vs control",1.63642246895099,0.00195961699476762,3.10260704808982,"1027","Higher than gene average"
1016,"LOC126272090","Receptor binding. It is involved in the biological process described with regulation of cell migration","DEG in 1 diet",1,"33","Higher in infected","Diet 33: infected vs control",1.53385484925459,0.000306541697459769,3.72212482642856,"1023","Higher than gene average"
1017,"LOC126278964","Spectrin repeats","DEG in 1 diet",1,"33","Higher in infected","Diet 33: infected vs control",1.02404954875201,0.00055982404430388,2.80675745398058,"1023","Higher than gene average"
1018,"LOC126271480","no description","DEG in 2 diets",2,"33; 50","Higher in infected","Diet 33; Diet 50: infected vs control",3.81589130084383,9.65670979429194e-09,3.44753631544515,"1023","Higher than gene average"
1019,"LOC126298757","Four repeated domains in the Fasciclin I family of proteins, present in many other contexts.","DEG in 2 diets",2,"33; 50","Higher in infected","Diet 33; Diet 50: infected vs control",1.46919120520184,0.000550919713718341,3.61697149776065,"1023","Higher than gene average"
1020,"LOC126356133","It is involved in the biological process described with cell adhesion","DEG in 1 diet",1,"83","Higher in infected","Diet 83: infected vs control",1.04745599440898,0.00210751590537833,3.55932308015027,"1027","Higher than gene average"
1021,"LOC126297567","Calcium ion binding","DEG in 3 diets",3,"33; 50; 83","Higher in infected","Diet 33; Diet 50; Diet 83: infected vs control",1.48464792203247,1.74596624622157e-09,2.78506183055449,"1027","Higher than gene average"
1022,"LOC126336500","Oxidoreductase activity, acting on single donors with incorporation of molecular oxygen, incorporation of two atoms of oxygen","DEG in 2 diets",2,"50; 83","Higher in infected","Diet 50; Diet 83: infected vs control",1.32890719643304,1.24489280350623e-09,2.73934137842858,"1027","Higher than gene average"
1023,"LOC126335656","activity. It is involved in the biological process described with oxidation-reduction process","DEG in 2 diets",2,"33; 50","Higher in infected","Diet 33; Diet 50: infected vs control",1.83999650647586,0.00352226190688514,2.943832017918,"1015","Higher than gene average"
1024,"LOC126282181","Belongs to the type-B carboxylesterase lipase family","DEG in 3 diets",3,"33; 50; 83","Higher in infected","Diet 33; Diet 50; Diet 83: infected vs control",6.92708722735972,5.03449253884449e-09,3.02519626621573,"1027","Higher than gene average"
1025,"LOC126335517","Domain of unknown function (DUF4728)","DEG in 2 diets",2,"33; 50","Higher in infected","Diet 33; Diet 50: infected vs control",1.40460903439628,7.76865766861965e-05,2.34432130903835,"1027","Higher than gene average"
1026,"LOC126334532","Sulfotransferase activity","DEG in 2 diets",2,"33; 83","Higher in infected","Diet 33; Diet 83: infected vs control",1.51500891268744,0.0345302415865526,2.84065508085569,"1027","Higher than gene average"
1027,"LOC126334632","Common central domain of tyrosinase","DEG in 3 diets",3,"33; 50; 83","Higher in infected","Diet 33; Diet 50; Diet 83: infected vs control",2.85899152966878,0.00115305217913911,2.69706435180316,"1023","Higher than gene average"
1028,"LOC126299466","Transmembrane amino acid transporter protein","DEG in 3 diets",3,"33; 50; 83","Higher in infected","Diet 33; Diet 50; Diet 83: infected vs control",2.18538323921485,0.000957777852110577,2.27286880124399,"1023","Higher than gene average"
1029,"LOC126330961","TMC domain","DEG in 1 diet",1,"33","Higher in infected","Diet 33: infected vs control",1.12496488200266,0.00144203817962787,2.83358171633233,"1027","Higher than gene average"
1030,"LOC126272144","cytochrome p450","DEG in 1 diet",1,"33","Higher in infected","Diet 33: infected vs control",2.82766121328176,5.70972325307012e-06,3.09849010261817,"1015","Higher than gene average"
1031,"LOC126273335","no description","DEG in 1 diet",1,"50","Higher in infected","Diet 50: infected vs control",1.02450988130609,0.0433811124039551,2.88849444298251,"1002","Lower than gene average"
1032,"LOC126354626","Vault protein inter-alpha-trypsin domain","DEG in 1 diet",1,"50","Higher in infected","Diet 50: infected vs control",2.73596608914619,0.00936588134286118,3.00904029362955,"1023","Higher than gene average"
1033,"LOC126298043","no description","DEG in 1 diet",1,"50","Higher in infected","Diet 50: infected vs control",2.06475395142341,0.00390596925927734,3.82221731696097,"1058","Higher than gene average"
1034,"LOC126271934","no description","DEG in 1 diet",1,"50","Higher in infected","Diet 50: infected vs control",3.60755457606464,0.00527911521408006,4.46033515897014,"1023","Higher than gene average"
1035,"LOC126335514","melanin biosynthetic process","DEG in 2 diets",2,"50; 83","Higher in infected","Diet 50; Diet 83: infected vs control",2.28261602850065,0.0165354307946123,3.16498561748571,"1023","Higher than gene average"
1036,"LOC126363586","Venom protease-like","DEG in 1 diet",1,"50","Higher in infected","Diet 50: infected vs control",1.5693459026981,0.000121270259906869,3.56841333086708,"1014","Higher than gene average"
1037,"LOC126335013","no description","DEG in 1 diet",1,"50","Higher in infected","Diet 50: infected vs control",1.34030361538789,0.0137079571175545,2.10361619643402,"1020","Lower than gene average"
1038,"LOC126279835","Organic Anion Transporter Polypeptide (OATP) family","DEG in 1 diet",1,"50","Higher in infected","Diet 50: infected vs control",1.40783991921891,0.0151640110848227,2.44448294034082,"1023","Higher than gene average"
1039,"LOC126335585","-","DEG in 1 diet",1,"50","Higher in infected","Diet 50: infected vs control",1.50964042527498,0.0472330357779542,2.15613581978839,"1046","Lower than gene average"
1040,"LOC126291606","no description","DEG in 1 diet",1,"50","Higher in infected","Diet 50: infected vs control",1.98777455149081,9.18682186241803e-09,2.45050444726015,"1029","Higher than gene average"
1041,"LOC126334701","no description","DEG in 1 diet",1,"50","Higher in infected","Diet 50: infected vs control",1.20007737181269,0.00127262170915419,2.36899276362481,"1024","Lower than gene average"
1042,"LOC126281897","-","DEG in 1 diet",1,"50","Higher in infected","Diet 50: infected vs control",2.6528137637668,0.000188666651284473,2.08954078819858,"1023","Higher than gene average"
1043,"LOC126284648","no description","DEG in 1 diet",1,"50","Higher in infected","Diet 50: infected vs control",1.69691659381415,0.00328442935851343,2.14785002668448,"1014","Higher than gene average"
1044,"LOC126335544","Belongs to the serpin family","DEG in 1 diet",1,"50","Higher in infected","Diet 50: infected vs control",1.89969154409149,0.000961137771283135,2.40977736642165,"1024","Lower than gene average"
1045,"LOC126267985","no description","DEG in 1 diet",1,"50","Higher in infected","Diet 50: infected vs control",2.14270575967677,0.00954382157141478,2.84030070530493,"1027","Higher than gene average"
1046,"LOC126299138","Belongs to the sodium solute symporter (SSF) (TC 2.A.21) family","DEG in 2 diets",2,"33; 50","Higher in infected","Diet 33; Diet 50: infected vs control",5.78621945343161,0.00856087023050782,3.95631702176798,"1027","Higher than gene average"
1047,"LOC126267259","CRAL/TRIO domain","DEG in 1 diet",1,"50","Higher in infected","Diet 50: infected vs control",3.64815173251636,0.0317491675179605,5.08651556225233,"1027","Higher than gene average"
1048,"LOC126292134","no description","DEG in 2 diets",2,"33; 50","Higher in infected","Diet 33; Diet 50: infected vs control",4.88351038591503,1.3696310603051e-06,2.76162850291392,"1027","Higher than gene average"
1049,"LOC126334994","Sulfate permease family","DEG in 3 diets",3,"33; 50; 83","Higher in infected","Diet 33; Diet 50; Diet 83: infected vs control",3.83901883145702,7.95511036496649e-05,3.25389142531112,"1055","Higher than gene average"
1050,"LOC126336549","no description","DEG in 2 diets",2,"33; 50","Higher in infected","Diet 33; Diet 50: infected vs control",4.56259969019367,0.00309055455609866,2.81146895327604,"1055","Higher than gene average"
1051,"LOC126335446","no description","DEG in 2 diets",2,"50; 83","Higher in infected","Diet 50; Diet 83: infected vs control",1.70987165970095,0.000274807225330837,2.88192015348872,"1055","Higher than gene average"
1052,"LOC126336076","Belongs to the serpin family","DEG in 1 diet",1,"50","Higher in infected","Diet 50: infected vs control",3.85285585791812,0.000638097187145965,3.38337303129875,"1055","Higher than gene average"
1053,"LOC126280573","no description","DEG in 1 diet",1,"50","Higher in infected","Diet 50: infected vs control",4.93157066453721,0.00874063700903512,2.57641184718012,"1055","Higher than gene average"
1054,"LOC126346425","no description","DEG in 3 diets",3,"33; 50; 83","Higher in infected","Diet 33; Diet 50; Diet 83: infected vs control",4.88462496294488,9.35567688818019e-07,2.96484148164962,"1052","Higher than gene average"
1055,"LOC126293326","heme binding. It is involved in the biological process described with response to oxidative stress","DEG in 1 diet",1,"50","Higher in infected","Diet 50: infected vs control",5.71562072637192,0.00128727427580145,3.708375791414,"1058","Higher than gene average"
1056,"LOC126283959","Aldo/keto reductase family","DEG in 1 diet",1,"50","Higher in infected","Diet 50: infected vs control",4.32457755796046,0.0209140984233823,2.98129640442523,"1046","Higher than gene average"
1057,"LOC126281537","It is involved in the biological process described with cation transport","DEG in 1 diet",1,"50","Higher in infected","Diet 50: infected vs control",1.7625795034005,0.000243260172578952,3.0352765579574,"1027","Higher than gene average"
1058,"LOC126354677","Vault protein inter-alpha-trypsin domain","DEG in 1 diet",1,"50","Higher in infected","Diet 50: infected vs control",2.05250035263712,0.025883881500761,2.89951028543822,"1027","Higher than gene average"
1059,"LOC126291959","no description","DEG in 1 diet",1,"50","Higher in infected","Diet 50: infected vs control",1.63387030233648,0.030114201750708,2.28439477784706,"1006","Lower than gene average"
1060,"LOC126272535","The RING-variant domain is a C4HC3 zinc-finger like motif found in a number of cellular and viral proteins. Some of these proteins have been shown both in vivo and in vitro to have ubiquitin E3 ligase activity.","DEG in 2 diets",2,"33; 83","Higher in infected","Diet 33; Diet 83: infected vs control",1.15193873008592,0.00211310322695417,3.68210640107416,"1006","Lower than gene average"
1061,"LOC126266675","Uncharacterised conserved protein (DUF2368)","DEG in 1 diet",1,"33","Higher in infected","Diet 33: infected vs control",1.25995640383913,0.000254651954808257,2.81448873159576,"1006","Lower than gene average"
1062,"LOC126299193","no description","DEG in 1 diet",1,"50","Higher in infected","Diet 50: infected vs control",2.38670249267544,0.0210095059962305,2.70782039472619,"1049","Higher than gene average"
1063,"LOC126280853","catalytic activity. It is involved in the biological process described with metabolic process","DEG in 1 diet",1,"50","Higher in infected","Diet 50: infected vs control",1.96670464568892,0.000108505580519475,3.1462430148678,"1016","Higher than gene average"
1064,"LOC126298554","Chitin-binding domain type 2","DEG in 1 diet",1,"50","Higher in infected","Diet 50: infected vs control",3.17157344139842,0.00488813936572578,2.65339677259555,"1025","Higher than gene average"
1065,"LOC126284038","ABC-2 family transporter protein","DEG in 2 diets",2,"33; 50","Higher in infected","Diet 33; Diet 50: infected vs control",1.61364380980224,3.22676567380012e-08,2.17607451302704,"1016","Higher than gene average"
1066,"LOC126282434","SH3/SH2 adaptor activity","DEG in 3 diets",3,"33; 50; 83","Higher in infected","Diet 33; Diet 50; Diet 83: infected vs control",2.00084757684385,0.000192562004703255,3.05891803868318,"1016","Higher than gene average"
1067,"LOC126273033","Insect pheromone-binding family, A10/OS-D","DEG in 1 diet",1,"50","Higher in infected","Diet 50: infected vs control",3.29409482643691,0.00210936061023502,2.69872092439121,"1046","Higher than gene average"
1068,"LOC126292098","Domain of unknown function (DUF4780)","DEG in 1 diet",1,"50","Higher in infected","Diet 50: infected vs control",3.97897706108078,0.0151887841092053,3.41149280554515,"1016","Higher than gene average"
1069,"LOC126291637","Belongs to the type-B carboxylesterase lipase family","DEG in 1 diet",1,"50","Higher in infected","Diet 50: infected vs control",1.03606114505797,0.0495180961292962,3.1714574525753,"1016","Higher than gene average"
1070,"LOC126293478","Farnesoic acid 0-methyl transferase","DEG in 3 diets",3,"33; 50; 83","Higher in infected","Diet 33; Diet 50; Diet 83: infected vs control",2.09553148929264,0.00195961699476762,2.83556676874521,"1027","Higher than gene average"
1071,"LOC126293297","no description","DEG in 3 diets",3,"33; 50; 83","Higher in infected","Diet 33; Diet 50; Diet 83: infected vs control",1.69659045963228,9.24350137017293e-10,2.43530567485482,"1027","Higher than gene average"
1072,"LOC126271634","zinc metalloproteinase","DEG in 3 diets",3,"33; 50; 83","Higher in infected","Diet 33; Diet 50; Diet 83: infected vs control",8.9383083920093,2.67824722216981e-09,2.79141658466505,"1027","Higher than gene average"
1073,"LOC126273028","Insect pheromone-binding family, A10/OS-D","DEG in 2 diets",2,"33; 50","Higher in infected","Diet 33; Diet 50: infected vs control",5.46842629513459,0.000361131438881546,2.90509811600734,"1046","Higher than gene average"
1074,"LOC126273032","Insect pheromone-binding family, A10/OS-D","DEG in 1 diet",1,"50","Higher in infected","Diet 50: infected vs control",5.25552576670618,0.00064191602973365,3.85059044077117,"1027","Higher than gene average"
1075,"LOC126271618","zinc metalloproteinase","DEG in 1 diet",1,"50","Higher in infected","Diet 50: infected vs control",3.95617533305859,0.00204844731059798,2.34725272599158,"1025","Higher than gene average"
1076,"LOC126298233","ionotropic glutamate receptor activity","DEG in 3 diets",3,"33; 50; 83","Higher in infected","Diet 33; Diet 50; Diet 83: infected vs control",7.76694447139593,3.45344483542158e-09,2.14434906465188,"1046","Higher than gene average"
1077,"LOC126299559","Transmembrane transporter activity. It is involved in the biological process described with transmembrane transport","DEG in 3 diets",3,"33; 50; 83","Higher in infected","Diet 33; Diet 50; Diet 83: infected vs control",3.13514168383545,8.76372956149559e-17,2.61700045402374,"1023","Higher than gene average"
1078,"LOC126337850","Oxidoreductase activity. It is involved in the biological process described with oxidation-reduction process","DEG in 3 diets",3,"33; 50; 83","Higher in infected","Diet 33; Diet 50; Diet 83: infected vs control",3.50082566166168,1.23571222423576e-16,2.01450935170304,"1023","Higher than gene average"
1079,"LOC126293579","Domain abundant in complement control proteins; SUSHI repeat; short complement-like repeat (SCR)","DEG in 2 diets",2,"33; 50","Higher in infected","Diet 33; Diet 50: infected vs control",4.44620150103155,1.59837546849853e-06,2.86673144018928,"1023","Higher than gene average"
1080,"LOC126293578","serine-type endopeptidase activity. It is involved in the biological process described with proteolysis","DEG in 2 diets",2,"33; 50","Higher in infected","Diet 33; Diet 50: infected vs control",3.62677487146662,0.00146667485836075,3.21284795752525,"1023","Higher than gene average"
1081,"LOC126273030","Insect pheromone-binding family, A10/OS-D","DEG in 2 diets",2,"33; 50","Higher in infected","Diet 33; Diet 50: infected vs control",6.50255925058151,1.17323130104608e-05,2.88927134982432,"1046","Higher than gene average"
1082,"LOC126273029","Insect pheromone-binding family, A10/OS-D","DEG in 1 diet",1,"50","Higher in infected","Diet 50: infected vs control",4.48702076474349,0.000396824367959799,2.41338267769215,"1046","Higher than gene average"
1083,"LOC126298520","DDB1-and CUL4-substrate receptor 15, WD repeat","DEG in 1 diet",1,"33","Higher in infected","Diet 33: infected vs control",1.02180840624079,0.0175863630142883,3.22280516550229,"1057","Higher than gene average"
1084,"LOC126299002","procollagen-proline 3-dioxygenase activity","DEG in 1 diet",1,"50","Higher in infected","Diet 50: infected vs control",1.27180332184585,2.45809451277916e-06,2.95886452781685,"1029","Higher than gene average"
1085,"LOC126281635","-","DEG in 2 diets",2,"33; 50","Higher in infected","Diet 33; Diet 50: infected vs control",2.22463309086179,4.21873531660901e-06,2.44133512339234,"1015","Higher than gene average"
1086,"LOC126284041","heparan sulfate-N-deacetylase","DEG in 1 diet",1,"33","Higher in infected","Diet 33: infected vs control",1.06233975385188,0.000735824789362553,3.33108983551367,"1029","Higher than gene average"
1087,"LOC126273757","no description","DEG in 2 diets",2,"33; 50","Higher in infected","Diet 33; Diet 50: infected vs control",1.53907778759092,8.05012216570262e-05,2.0250522213454,"1057","Higher than gene average"
1088,"LOC126302565","no description","DEG in 2 diets",2,"50; 83","Higher in infected","Diet 50; Diet 83: infected vs control",3.03473698036667,2.55033455307448e-05,3.19432129325151,"1023","Higher than gene average"
1089,"LOC126282165","Leucine rich repeat C-terminal domain","DEG in 1 diet",1,"50","Higher in infected","Diet 50: infected vs control",1.08341551969743,4.00446636498214e-06,2.20085810849918,"1057","Higher than gene average"
1090,"LOC126297487","-","DEG in 2 diets",2,"33; 50","Higher in infected","Diet 33; Diet 50: infected vs control",4.06960115546048,0.00651641468546611,3.08726668359839,"1027","Higher than gene average"
1091,"LOC126356154","Integrin alpha","DEG in 3 diets",3,"33; 50; 83","Higher in infected","Diet 33; Diet 50; Diet 83: infected vs control",1.93151230302341,0.000323604125441141,2.12570935343703,"1023","Higher than gene average"
1092,"LOC126284747","transporter activity. It is involved in the biological process described with transport","DEG in 1 diet",1,"50","Higher in infected","Diet 50: infected vs control",4.3927427520366,0.00149499298493988,2.62133002734892,"1049","Higher than gene average"
1093,"LOC126335545","Belongs to the serpin family","DEG in 3 diets",3,"33; 50; 83","Higher in infected","Diet 33; Diet 50; Diet 83: infected vs control",3.75902806575993,7.43812672642909e-07,3.12580098086064,"1029","Higher than gene average"
1094,"LOC126298804","phosphatidylinositol phospholipase C activity","DEG in 3 diets",3,"33; 50; 83","Higher in infected","Diet 33; Diet 50; Diet 83: infected vs control",1.98182080402046,3.86907708020992e-08,2.49495895307843,"1029","Higher than gene average"
1095,"LOC126281994","Chondroitin N-acetylgalactosaminyltransferase","DEG in 3 diets",3,"33; 50; 83","Higher in infected","Diet 33; Diet 50; Diet 83: infected vs control",2.14869845126657,6.25412560655568e-06,2.77793115835463,"1027","Higher than gene average"
1096,"LOC126335382","Four repeated domains in the Fasciclin I family of proteins, present in many other contexts.","DEG in 3 diets",3,"33; 50; 83","Higher in infected","Diet 33; Diet 50; Diet 83: infected vs control",2.51567750297519,9.06922526488888e-11,2.57746576894656,"1023","Higher than gene average"
1097,"LOC126341418","Membrane-associating domain","DEG in 2 diets",2,"33; 83","Higher in infected","Diet 33; Diet 83: infected vs control",1.11993812275531,0.00867979869762028,2.59744676579591,"1029","Higher than gene average"
1098,"LOC126273412","no description","DEG in 1 diet",1,"50","Higher in infected","Diet 50: infected vs control",4.36348659436976,0.000247967124668589,3.5989950457669,"1023","Higher than gene average"
1099,"LOC126354018","It is involved in the biological process described with transmembrane transport","DEG in 3 diets",3,"33; 50; 83","Higher in infected","Diet 33; Diet 50; Diet 83: infected vs control",4.06790462162711,2.20067910354856e-08,3.70779438789574,"1023","Higher than gene average"
1100,"LOC126356236","transmembrane receptor protein tyrosine kinase adaptor activity","DEG in 2 diets",2,"33; 83","Higher in infected","Diet 33; Diet 83: infected vs control",1.47078345249235,0.000770527825876105,3.79790508720597,"1023","Higher than gene average"
1101,"LOC126282173","-","DEG in 3 diets",3,"33; 50; 83","Higher in infected","Diet 33; Diet 50; Diet 83: infected vs control",2.52556607840811,5.86851398523645e-07,4.05359358823793,"1023","Higher than gene average"
1102,"LOC126282100","Catalyzes the reversible phosphorolysis of thymidine. The produced molecules are then utilized as carbon and energy sources or in the rescue of pyrimidine bases for nucleotide synthesis","DEG in 3 diets",3,"33; 50; 83","Higher in infected","Diet 33; Diet 50; Diet 83: infected vs control",1.96116243583414,4.25512606496695e-05,2.81376884655315,"1023","Higher than gene average"
1103,"LOC126292011","XK-related protein","DEG in 3 diets",3,"33; 50; 83","Higher in infected","Diet 33; Diet 50; Diet 83: infected vs control",4.8622703930737,1.05586010212796e-14,3.35231555755846,"1023","Higher than gene average"
1104,"LOC126349825","7 transmembrane receptor (Secretin family)","DEG in 3 diets",3,"33; 50; 83","Higher in infected","Diet 33; Diet 50; Diet 83: infected vs control",2.96225913849327,1.66690935578355e-13,2.66074602700478,"1023","Higher than gene average"
1105,"LOC126334976","no description","DEG in 2 diets",2,"33; 50","Higher in infected","Diet 33; Diet 50: infected vs control",3.78160865248222,2.1640420983687e-10,2.76235206539958,"1023","Higher than gene average"
1106,"LOC126266982","It is involved in the biological process described with carbohydrate metabolic process","DEG in 3 diets",3,"33; 50; 83","Higher in infected","Diet 33; Diet 50; Diet 83: infected vs control",2.85174216609301,8.03602710240458e-10,3.43598889303674,"1023","Higher than gene average"
1107,"LOC126293178","Epidermal growth factor-like domain.","DEG in 2 diets",2,"33; 50","Higher in infected","Diet 33; Diet 50: infected vs control",3.75999375902295,1.7304194309595e-12,3.40398791964942,"1023","Higher than gene average"
1108,"LOC126355055","Noggin","DEG in 3 diets",3,"33; 50; 83","Higher in infected","Diet 33; Diet 50; Diet 83: infected vs control",2.27610503116605,2.09155206301934e-07,2.52349997872328,"1027","Higher than gene average"
1109,"LOC126365865","Calcium ion binding. It is involved in the biological process described with signal transduction","DEG in 2 diets",2,"33; 50","Higher in infected","Diet 33; Diet 50: infected vs control",2.05776064808726,7.04710080802344e-05,2.86334204775738,"1027","Higher than gene average"
1110,"LOC126329703","Belongs to the cation transport ATPase (P-type) (TC 3.A.3) family. Type IV subfamily","DEG in 2 diets",2,"33; 50","Higher in infected","Diet 33; Diet 50: infected vs control",2.1561519410512,0.000577587467977631,2.18287569546663,"1023","Higher than gene average"
1111,"LOC126336000","no description","DEG in 2 diets",2,"50; 83","Higher in infected","Diet 50; Diet 83: infected vs control",2.5652692334053,2.50208933825201e-05,3.8953718054922,"1027","Higher than gene average"
1112,"LOC126365754","no description","DEG in 1 diet",1,"83","Higher in infected","Diet 83: infected vs control",1.05564409876748,0.00638326139029542,2.19525759083795,"1029","Higher than gene average"
1113,"LOC126354485","Cytochrome P-450","DEG in 2 diets",2,"33; 50","Higher in infected","Diet 33; Diet 50: infected vs control",5.83567144746308,0.00139417532057307,4.08350683261858,"1016","Higher than gene average"
1114,"LOC126272850","-","DEG in 2 diets",2,"33; 50","Higher in infected","Diet 33; Diet 50: infected vs control",4.27438186301353,4.05585861354174e-05,2.48755777707285,"1016","Higher than gene average"
1115,"LOC126355644","no description","DEG in 1 diet",1,"50","Higher in infected","Diet 50: infected vs control",5.59735470557894,1.18249804694147e-05,2.68525461765483,"1016","Higher than gene average"
1116,"LOC126365778","no description","DEG in 2 diets",2,"50; 83","Higher in infected","Diet 50; Diet 83: infected vs control",5.35714666756131,3.27898729813561e-08,2.88627660273768,"1023","Higher than gene average"
1117,"LOC126284350","EF-hand domain","DEG in 1 diet",1,"50","Higher in infected","Diet 50: infected vs control",2.92358887617668,1.29045918708261e-07,4.02367296921655,"1023","Higher than gene average"
1118,"LOC126354656","Vault protein inter-alpha-trypsin domain","DEG in 3 diets",3,"33; 50; 83","Higher in infected","Diet 33; Diet 50; Diet 83: infected vs control",7.05702921202027,5.159557636965e-08,3.03462135834395,"1049","Higher than gene average"
1119,"LOC126281781","Belongs to the type-B carboxylesterase lipase family","DEG in 2 diets",2,"50; 83","Higher in infected","Diet 50; Diet 83: infected vs control",5.71809150061541,0.000147595120091152,3.32301605720588,"1023","Higher than gene average"
1120,"LOC126278382","Ras of Complex, Roc, domain of DAPkinase","DEG in 3 diets",3,"33; 50; 83","Higher in infected","Diet 33; Diet 50; Diet 83: infected vs control",5.44075419475184,6.33428083818598e-07,3.59046331990705,"1016","Higher than gene average"
1121,"LOC126353933","carboxy-lyase activity. It is involved in the biological process described with cellular amino acid metabolic process","DEG in 3 diets",3,"33; 50; 83","Higher in infected","Diet 33; Diet 50; Diet 83: infected vs control",2.64683843948802,1.21506667161935e-05,2.80922747831872,"1016","Higher than gene average"
1122,"LOC126354254","phosphatase activity. It is involved in the biological process described with metabolic process","DEG in 3 diets",3,"33; 50; 83","Higher in infected","Diet 33; Diet 50; Diet 83: infected vs control",5.2035963156933,0.0013419102193981,3.58444410413028,"1023","Higher than gene average"
1123,"LOC126365743","Forms chloride channels","DEG in 1 diet",1,"83","Higher in infected","Diet 83: infected vs control",1.24065818130848,0.0309536630251173,2.55882473638644,"1016","Higher than gene average"
1124,"LOC126356204","catalytic activity. It is involved in the biological process described with metabolic process","DEG in 2 diets",2,"50; 83","Higher in infected","Diet 50; Diet 83: infected vs control",3.98480948879339,9.46017400717844e-13,3.10167977158529,"1029","Higher than gene average"
1125,"LOC126266957","-","DEG in 2 diets",2,"33; 50","Higher in infected","Diet 33; Diet 50: infected vs control",1.28775660863175,0.000489732665273856,2.80704242061097,"1029","Higher than gene average"
1126,"LOC126297857","positive regulation of invadopodium disassembly","DEG in 2 diets",2,"33; 50","Higher in infected","Diet 33; Diet 50: infected vs control",1.21628166832718,0.000939171925884127,2.35080447187282,"1057","Higher than gene average"
1127,"LOC126354835","binding. It is involved in the biological process described with actin","DEG in 1 diet",1,"83","Higher in infected","Diet 83: infected vs control",1.06307448879026,0.00619644574258007,2.37352841572724,"1029","Higher than gene average"
1128,"LOC126362397","Ring finger domain","DEG in 1 diet",1,"50","Higher in infected","Diet 50: infected vs control",1.15117730720882,2.50466768024732e-11,1.93402843788536,"1049","Higher than gene average"
1129,"LOC126335541","SNF2 family N-terminal domain","DEG in 1 diet",1,"50","Higher in infected","Diet 50: infected vs control",1.02918049707889,7.14663717443136e-10,1.83420727059566,"1016","Higher than gene average"
1130,"LOC126298173","-","DEG in 1 diet",1,"50","Higher in infected","Diet 50: infected vs control",1.74380207163331,4.35289790102063e-06,2.30059636477485,"1020","Lower than gene average"
1131,"LOC126273334","Belongs to the FOG (Friend of GATA) family","DEG in 2 diets",2,"33; 50","Higher in infected","Diet 33; Diet 50: infected vs control",1.20057666185698,0.00281262117126254,2.30254286148738,"1029","Higher than gene average"
1132,"LOC126272746","zinc ion binding. It is involved in the biological process described with steroid hormone mediated signaling pathway","DEG in 1 diet",1,"50","Higher in infected","Diet 50: infected vs control",1.09141724268216,2.11823784188058e-08,2.16770396162654,"1029","Higher than gene average"
1133,"LOC126278176","It is involved in the biological process described with actin nucleation","DEG in 3 diets",3,"33; 50; 83","Higher in infected","Diet 33; Diet 50; Diet 83: infected vs control",2.6843019836958,6.10481958526402e-24,2.57528258727841,"1027","Higher than gene average"
1134,"LOC126335579","It is involved in the biological process described with transmembrane transport","DEG in 3 diets",3,"33; 50; 83","Higher in infected","Diet 33; Diet 50; Diet 83: infected vs control",2.27637398420282,1.46118459323763e-11,2.43828110741796,"1027","Higher than gene average"
1135,"LOC126278849","no description","DEG in 3 diets",3,"33; 50; 83","Higher in infected","Diet 33; Diet 50; Diet 83: infected vs control",1.94145718372255,2.50466768024732e-11,3.0219576253427,"1023","Higher than gene average"
1136,"LOC126359091","MTH538 TIR-like domain (DUF1863)","DEG in 3 diets",3,"33; 50; 83","Higher in infected","Diet 33; Diet 50; Diet 83: infected vs control",2.59151550227286,0.000178177087802095,3.43098941699271,"1023","Higher than gene average"
1137,"LOC126336656","3',5'-cyclic-nucleotide phosphodiesterase activity. It is involved in the biological process described with signal transduction","DEG in 3 diets",3,"33; 50; 83","Higher in infected","Diet 33; Diet 50; Diet 83: infected vs control",1.11080480579419,0.000941458063272889,2.56720390488317,"1023","Higher than gene average"
1138,"LOC126298727","Coiled-coil domain-containing protein","DEG in 1 diet",1,"83","Higher in infected","Diet 83: infected vs control",1.04275639088201,0.0331362261245237,2.85660981902926,"1023","Higher than gene average"
1139,"LOC126268205","C-terminal to LisH motif.","DEG in 2 diets",2,"50; 83","Higher in infected","Diet 50; Diet 83: infected vs control",1.5499140739251,6.91275021227075e-06,2.89910960799124,"1027","Higher than gene average"
1140,"LOC126335472","Belongs to the serpin family","DEG in 2 diets",2,"33; 50","Higher in infected","Diet 33; Diet 50: infected vs control",2.2578623317455,1.14623277362143e-05,3.21746525757379,"1023","Higher than gene average"
1141,"LOC126331691","MTH538 TIR-like domain (DUF1863)","DEG in 3 diets",3,"33; 50; 83","Higher in infected","Diet 33; Diet 50; Diet 83: infected vs control",3.47853652774161,2.15397067562607e-08,2.38923278014578,"1027","Higher than gene average"
1142,"LOC126335557","Mannosyl-glycoprotein endo-beta-N-acetylglucosaminidase activity","DEG in 2 diets",2,"33; 50","Higher in infected","Diet 33; Diet 50: infected vs control",1.41123798189998,8.69931973447392e-07,2.33015262870458,"1027","Higher than gene average"
1143,"LOC126335547","Belongs to the serpin family","DEG in 3 diets",3,"33; 50; 83","Higher in infected","Diet 33; Diet 50; Diet 83: infected vs control",2.97769414431241,2.50680880651974e-13,2.7412768050974,"1029","Higher than gene average"
1144,"LOC126334771","multidrug resistance-associated protein lethal(2)03659-like","DEG in 3 diets",3,"33; 50; 83","Higher in infected","Diet 33; Diet 50; Diet 83: infected vs control",1.95097419460359,2.14841737486964e-08,2.03957172732054,"1058","Higher than gene average"
1145,"LOC126354017","It is involved in the biological process described with transmembrane transport","DEG in 3 diets",3,"33; 50; 83","Higher in infected","Diet 33; Diet 50; Diet 83: infected vs control",3.96910473264272,6.73026455396848e-10,2.64423933796398,"1023","Higher than gene average"
1146,"LOC126356050","The purine nucleoside phosphorylases catalyze the phosphorolytic breakdown of the N-glycosidic bond in the beta- (deoxy)ribonucleoside molecules, with the formation of the corresponding free purine bases and pentose-1-phosphate","DEG in 3 diets",3,"33; 50; 83","Higher in infected","Diet 33; Diet 50; Diet 83: infected vs control",5.36090334015469,3.89635940089169e-08,2.74748298220919,"1023","Higher than gene average"
1147,"LOC126267154","-","DEG in 3 diets",3,"33; 50; 83","Higher in infected","Diet 33; Diet 50; Diet 83: infected vs control",1.81495189065955,1.39642750427877e-10,2.6372601249562,"1023","Higher than gene average"
1148,"LOC126334787","Prominin","DEG in 1 diet",1,"83","Higher in infected","Diet 83: infected vs control",1.07835279185754,0.00273520850858445,2.84705077443867,"1023","Higher than gene average"
1149,"LOC126267869","Fibronectin type 3 domain","DEG in 1 diet",1,"83","Higher in infected","Diet 83: infected vs control",1.09732092596671,3.2802345407348e-07,2.84351142611407,"1027","Higher than gene average"
1150,"LOC126295335","It is involved in the biological process described with protein ubiquitination","DEG in 2 diets",2,"50; 83","Higher in infected","Diet 50; Diet 83: infected vs control",1.4760173151672,2.03237765925625e-07,2.88605482344775,"1023","Higher than gene average"
1151,"LOC126272399","Belongs to the OSBP family","DEG in 2 diets",2,"50; 83","Higher in infected","Diet 50; Diet 83: infected vs control",1.29425248174723,0.00113429199220289,3.53171858519867,"1023","Higher than gene average"
1152,"LOC126267226","Forkhead associated domain","DEG in 3 diets",3,"33; 50; 83","Higher in infected","Diet 33; Diet 50; Diet 83: infected vs control",4.35557285338636,2.30034597171128e-09,2.67209179354637,"1027","Higher than gene average"
1153,"LOC126335490","Transcription coactivator activity","DEG in 3 diets",3,"33; 50; 83","Higher in infected","Diet 33; Diet 50; Diet 83: infected vs control",3.57066301013896,1.0926186809039e-09,3.08799464719665,"1027","Higher than gene average"
1154,"LOC126295041","no description","DEG in 3 diets",3,"33; 50; 83","Higher in infected","Diet 33; Diet 50; Diet 83: infected vs control",2.16397999967608,6.77148550319001e-07,2.99920369160167,"1027","Higher than gene average"
1155,"LOC126267652","N-acetylmuramoyl-L-alanine amidase activity. It is involved in the biological process described with peptidoglycan catabolic process","DEG in 1 diet",1,"50","Higher in infected","Diet 50: infected vs control",2.90971920106126,2.67925398420987e-07,3.07392858690813,"1027","Higher than gene average"
1156,"LOC126271955","carboxy-lyase activity. It is involved in the biological process described with cellular amino acid metabolic process","DEG in 1 diet",1,"50","Higher in infected","Diet 50: infected vs control",1.92344367151785,2.49178789906502e-06,2.80795092457475,"1029","Higher than gene average"
1157,"LOC126284336","Pacifastin inhibitor (LCMII)","DEG in 1 diet",1,"50","Higher in infected","Diet 50: infected vs control",4.06542390440524,4.22796790347693e-06,3.07908074730717,"1058","Higher than gene average"
1158,"LOC126339265","Produces nitric oxide (NO)","DEG in 1 diet",1,"50","Higher in infected","Diet 50: infected vs control",2.1937851564794,8.05012216570262e-05,2.88930405309578,"1052","Higher than gene average"
1159,"LOC126271954","Pyridoxal-dependent decarboxylase conserved domain","DEG in 1 diet",1,"50","Higher in infected","Diet 50: infected vs control",4.39709080083405,0.00545019591630474,4.56331474990642,"1052","Higher than gene average"
1160,"LOC126272352","no description","DEG in 1 diet",1,"50","Higher in infected","Diet 50: infected vs control",2.81715160446868,0.00512943815840021,2.60753903026513,"1023","Higher than gene average"
1161,"LOC126359055","MTH538 TIR-like domain (DUF1863)","DEG in 3 diets",3,"33; 50; 83","Higher in infected","Diet 33; Diet 50; Diet 83: infected vs control",3.50799211026377,2.74308527043616e-06,3.17813728547585,"1023","Higher than gene average"
1162,"LOC126284651","Phosphoric diester hydrolase activity. It is involved in the biological process described with lipid metabolic process","DEG in 3 diets",3,"33; 50; 83","Higher in infected","Diet 33; Diet 50; Diet 83: infected vs control",4.74791188522129,2.72172874882101e-15,2.66413247354756,"1052","Higher than gene average"
1163,"LOC126267442","Belongs to the peptidase S1 family","DEG in 3 diets",3,"33; 50; 83","Higher in infected","Diet 33; Diet 50; Diet 83: infected vs control",6.91072685756616,2.04192660816477e-06,3.01743571516343,"1023","Higher than gene average"
1164,"LOC126267629","no description","DEG in 3 diets",3,"33; 50; 83","Higher in infected","Diet 33; Diet 50; Diet 83: infected vs control",5.41050010375311,2.93980830445843e-08,2.37174222033329,"1023","Higher than gene average"
1165,"LOC126278225","Innexin","DEG in 3 diets",3,"33; 50; 83","Higher in infected","Diet 33; Diet 50; Diet 83: infected vs control",3.17341788226898,4.42806600513003e-07,3.26753292077272,"1023","Higher than gene average"
1166,"LOC126294948","no description","DEG in 2 diets",2,"33; 50","Higher in infected","Diet 33; Diet 50: infected vs control",3.21434663184985,5.47304683372713e-08,2.44066173841087,"1023","Higher than gene average"
1167,"LOC126284043","MTH538 TIR-like domain (DUF1863)","DEG in 2 diets",2,"33; 50","Higher in infected","Diet 33; Diet 50: infected vs control",2.92445479906357,2.75686960163208e-10,3.22882974874604,"1023","Higher than gene average"
1168,"LOC126335350","Runt domain","DEG in 2 diets",2,"33; 50","Higher in infected","Diet 33; Diet 50: infected vs control",2.28172336338018,8.05012216570262e-05,3.4309016715337,"1023","Higher than gene average"
1169,"LOC126285008","no description","DEG in 1 diet",1,"50","Higher in infected","Diet 50: infected vs control",3.36904265071074,0.00513426279884453,3.03872508460299,"1023","Higher than gene average"
1170,"LOC126278800","It is involved in the biological process described with actin nucleation","DEG in 1 diet",1,"50","Higher in infected","Diet 50: infected vs control",3.86053493112318,0.00433451058535663,3.76768429683867,"1023","Higher than gene average"
1171,"LOC126336969","Transglutaminase/protease-like homologues","DEG in 3 diets",3,"33; 50; 83","Higher in infected","Diet 33; Diet 50; Diet 83: infected vs control",3.28257152236218,0.000791005818460698,3.32856607755501,"1023","Higher than gene average"
1172,"LOC126352796","serine-type endopeptidase activity. It is involved in the biological process described with proteolysis","DEG in 3 diets",3,"33; 50; 83","Higher in infected","Diet 33; Diet 50; Diet 83: infected vs control",3.95364621825716,2.04597125364595e-06,3.63030626733193,"1046","Higher than gene average"
1173,"LOC126272419","Plays an important role in the degradation of dermatan and keratan sulfates","DEG in 2 diets",2,"33; 50","Higher in infected","Diet 33; Diet 50: infected vs control",3.3545887589652,8.1067713334741e-05,2.88909022188974,"1023","Higher than gene average"
1174,"LOC126284570","heparan-alpha-glucosaminide N-acetyltransferase activity","DEG in 2 diets",2,"33; 50","Higher in infected","Diet 33; Diet 50: infected vs control",1.69794570739968,0.0147091549578982,4.7282496157714,"1023","Higher than gene average"
1175,"LOC126298476","occurring C-terminal to leucine-rich repeats","DEG in 1 diet",1,"33","Higher in infected","Diet 33: infected vs control",1.04071133704667,0.0458061856907131,3.42021592057515,"1006","Lower than gene average"
1176,"LOC126285026","no description","DEG in 1 diet",1,"83","Higher in infected","Diet 83: infected vs control",2.60616492310196,0.00183712150748713,2.57487989520668,"1016","Higher than gene average"
1177,"LOC126335679","activity. It is involved in the biological process described with oxidation-reduction process","DEG in 1 diet",1,"50","Higher in infected","Diet 50: infected vs control",5.01755541064877,0.0060276715401237,4.02765132805982,"1016","Higher than gene average"
1178,"LOC126284221","Mediator of CRAC channel activity","DEG in 1 diet",1,"50","Higher in infected","Diet 50: infected vs control",1.20545548087215,0.00085363978023078,3.75704101277406,"1023","Higher than gene average"
1179,"LOC126267876","C-Type Lysozyme (multi-lysozyme domain protein)","DEG in 1 diet",1,"50","Higher in infected","Diet 50: infected vs control",2.11191859945877,0.00113625637136769,3.54817602303333,"1023","Higher than gene average"
1180,"LOC126346362","Metal ion binding","DEG in 2 diets",2,"33; 50","Higher in infected","Diet 33; Diet 50: infected vs control",5.01293467197154,1.12462138987051e-08,3.70926247318952,"1023","Higher than gene average"
1181,"LOC126334998","no description","DEG in 1 diet",1,"50","Higher in infected","Diet 50: infected vs control",2.5108971697991,1.13252757030789e-06,4.18428082157257,"1023","Higher than gene average"
1182,"LOC126293472","no description","DEG in 1 diet",1,"50","Higher in infected","Diet 50: infected vs control",2.97054718818623,0.00169790641814755,4.13918868798038,"1023","Higher than gene average"
1183,"LOC126299253","Phosphorylates Ins(1,3,4,5,6)P5 at position 2 to form Ins(1,2,3,4,5,6)P6 (InsP6 or phytate)","DEG in 1 diet",1,"50","Higher in infected","Diet 50: infected vs control",1.4810013271844,0.00076284800508531,2.9439367774397,"1023","Higher than gene average"
1184,"LOC126278109","no description","DEG in 1 diet",1,"33","Higher in infected","Diet 33: infected vs control",2.09500775990347,0.0199670658030061,2.38761028416531,"1023","Higher than gene average"
1185,"LOC126272363","no description","DEG in 1 diet",1,"33","Higher in infected","Diet 33: infected vs control",1.55204845138894,0.00152402814636079,2.79726346511207,"1023","Higher than gene average"
1186,"LOC126355826","no description","DEG in 2 diets",2,"33; 50","Higher in infected","Diet 33; Diet 50: infected vs control",1.70327313800749,4.57648682999007e-05,2.85362488377,"1015","Higher than gene average"
1187,"LOC126273297","WD40 repeats","DEG in 2 diets",2,"33; 50","Higher in infected","Diet 33; Diet 50: infected vs control",3.41697231385091,0.0012953939502095,3.31282171021635,"1023","Higher than gene average"
1188,"LOC126298578","Neurotransmitter-gated ion-channel transmembrane region","DEG in 1 diet",1,"50","Higher in infected","Diet 50: infected vs control",3.2912837548879,0.0381862860811453,3.33505352739064,"1023","Higher than gene average"
1189,"LOC126349587","WD domain, G-beta repeat","DEG in 1 diet",1,"50","Higher in infected","Diet 50: infected vs control",3.81424834837183,0.00739840030639719,2.68631686424862,"1058","Higher than gene average"
1190,"LOC126336376","no description","DEG in 1 diet",1,"33","Higher in infected","Diet 33: infected vs control",2.63284432868511,0.0497018395867544,2.61191645890328,"1023","Higher than gene average"
1191,"LOC126315922","no description","DEG in 1 diet",1,"33","Higher in infected","Diet 33: infected vs control",1.73496369404505,0.0481813642010843,2.25999106242321,"1023","Higher than gene average"
1192,"LOC126335786","Hydrolase activity. It is involved in the biological process described with metabolic process","DEG in 2 diets",2,"33; 83","Higher in infected","Diet 33; Diet 83: infected vs control",2.5709103043103,0.00673042057903888,3.40179946918609,"1023","Higher than gene average"
1193,"LOC126278191","ATP- binding","DEG in 1 diet",1,"33","Higher in infected","Diet 33: infected vs control",1.54250575241375,0.00958434314717292,3.04077615678511,"1023","Higher than gene average"
1194,"LOC126302199","no description","DEG in 1 diet",1,"33","Higher in infected","Diet 33: infected vs control",2.22556867714394,0.0192251368700326,3.49280608306888,"1016","Higher than gene average"
1195,"LOC126317525","It is involved in the biological process described with TOR signaling","DEG in 1 diet",1,"33","Higher in infected","Diet 33: infected vs control",1.37344834435366,0.0224559982483633,3.048710730423,"1006","Lower than gene average"
1196,"LOC126293296","no description","DEG in 2 diets",2,"33; 83","Higher in infected","Diet 33; Diet 83: infected vs control",1.32918066062182,0.00437135424789835,2.56613578218122,"1033","Lower than gene average"
1197,"LOC126335546","Belongs to the serpin family","DEG in 1 diet",1,"50","Higher in infected","Diet 50: infected vs control",1.45621460390554,0.0247823626556668,3.48834291655169,"1027","Higher than gene average"
1198,"LOC126294955","meprin and TRAF homology","DEG in 2 diets",2,"33; 50","Higher in infected","Diet 33; Diet 50: infected vs control",2.02593916201193,0.0006871062655161,3.14387884057144,"1027","Higher than gene average"
1199,"LOC126295425","Speckle-type poz protein","DEG in 2 diets",2,"33; 50","Higher in infected","Diet 33; Diet 50: infected vs control",1.4641094601276,4.2066716817926e-06,3.25531582693331,"1027","Higher than gene average"
1200,"LOC126284857","transferase activity, transferring hexosyl groups. It is involved in the biological process described with metabolic process","DEG in 2 diets",2,"50; 83","Higher in infected","Diet 50; Diet 83: infected vs control",1.77894470971327,0.0285355751337055,2.95311264700761,"1027","Higher than gene average"
1201,"LOC126293587","no description","DEG in 3 diets",3,"33; 50; 83","Higher in infected","Diet 33; Diet 50; Diet 83: infected vs control",1.88315433125958,0.000167308332893978,3.88208698304514,"1027","Higher than gene average"
1202,"LOC126299381","zinc ion binding. It is involved in the biological process described with intracellular signal transduction","DEG in 1 diet",1,"50","Higher in infected","Diet 50: infected vs control",1.08505766556316,6.24179240604885e-06,2.4861381767833,"1027","Higher than gene average"
1203,"LOC126272997","Sequence-specific DNA binding transcription factor activity. It is involved in the biological process described with regulation of","DEG in 1 diet",1,"83","Higher in infected","Diet 83: infected vs control",1.57813522600505,0.0012832217642298,2.31497053711877,"1027","Higher than gene average"
1204,"LOC126293520","no description","DEG in 1 diet",1,"83","Higher in infected","Diet 83: infected vs control",1.36056949615287,0.00785339802033384,2.98272721738215,"1027","Higher than gene average"
1205,"LOC126284771","no description","DEG in 1 diet",1,"50","Higher in infected","Diet 50: infected vs control",1.64368417835979,0.00128514275771813,2.70645279361109,"1027","Higher than gene average"
1206,"LOC126267165","Growth factor activity. It is involved in the biological process described with growth","DEG in 1 diet",1,"50","Higher in infected","Diet 50: infected vs control",1.07293461953988,0.00103849160514689,3.01863618757068,"1027","Higher than gene average"
1207,"LOC126278735","Domain first found in C1r, C1s, uEGF, and bone morphogenetic protein.","DEG in 2 diets",2,"33; 50","Higher in infected","Diet 33; Diet 50: infected vs control",1.70574639314841,0.0018970553735292,2.76028848658768,"1027","Higher than gene average"
1208,"LOC126336801","Protein of unknown function (DUF229)","DEG in 3 diets",3,"33; 50; 83","Higher in infected","Diet 33; Diet 50; Diet 83: infected vs control",2.61007696916905,1.72908730703525e-07,2.63975665302525,"1027","Higher than gene average"
1209,"LOC126278010","no description","DEG in 2 diets",2,"33; 50","Higher in infected","Diet 33; Diet 50: infected vs control",2.61507071838416,4.11748669283111e-09,2.79744744480513,"1023","Higher than gene average"
1210,"LOC126336764","AAA domain (dynein-related subfamily)","DEG in 3 diets",3,"33; 50; 83","Higher in infected","Diet 33; Diet 50; Diet 83: infected vs control",1.92692882269614,0.0108087923274764,2.93826195096321,"1016","Higher than gene average"
1211,"LOC126335288","polypeptide N-acetylgalactosaminyltransferase","DEG in 3 diets",3,"33; 50; 83","Higher in infected","Diet 33; Diet 50; Diet 83: infected vs control",1.92041623477605,0.000431618394935372,3.35501079470687,"1027","Higher than gene average"
1212,"LOC126358740","ionotropic glutamate receptor activity","DEG in 3 diets",3,"33; 50; 83","Higher in infected","Diet 33; Diet 50; Diet 83: infected vs control",6.01056204846932,1.03073983540662e-08,3.03742024112806,"1023","Higher than gene average"
1213,"LOC126295063","FORKHEAD","DEG in 3 diets",3,"33; 50; 83","Higher in infected","Diet 33; Diet 50; Diet 83: infected vs control",2.03951855750363,2.49178789906502e-06,2.43162233181204,"1027","Higher than gene average"
1214,"LOC126322939","Belongs to the G-protein coupled receptor 1 family","DEG in 1 diet",1,"50","Higher in infected","Diet 50: infected vs control",1.65512118613376,0.0319603332326386,2.89842996862514,"1052","Higher than gene average"
1215,"LOC126298679","amino acid transmembrane transporter activity. It is involved in the biological process described with amino acid transmembrane transport","DEG in 1 diet",1,"50","Higher in infected","Diet 50: infected vs control",1.40067891512878,0.00584867934143457,2.82387203425199,"1023","Higher than gene average"
1216,"LOC126334955","Sugar (and other) transporter","DEG in 1 diet",1,"50","Higher in infected","Diet 50: infected vs control",2.48106178700072,0.0081268300022246,2.56840666148107,"1052","Higher than gene average"
1217,"LOC126272362","C-Type Lysozyme","DEG in 1 diet",1,"50","Higher in infected","Diet 50: infected vs control",1.58169547226857,0.000167308332893978,2.35658922864994,"1023","Higher than gene average"
1218,"LOC126266959","GTP cyclohydrolase I activity. It is involved in the biological process described with tetrahydrofolate biosynthetic process","DEG in 1 diet",1,"50","Higher in infected","Diet 50: infected vs control",1.28384071689258,0.0163849659368468,2.91287613283383,"1023","Higher than gene average"
1219,"LOC126295201","Broad-Complex, Tramtrack and Bric a brac","DEG in 1 diet",1,"50","Higher in infected","Diet 50: infected vs control",2.01134016837022,0.0100054854187388,3.09450444906472,"1023","Higher than gene average"
1220,"LOC126295079","no description","DEG in 1 diet",1,"50","Higher in infected","Diet 50: infected vs control",2.4195500162,0.00702244958247646,4.61635021499956,"1023","Higher than gene average"
1221,"LOC126299255","no description","DEG in 1 diet",1,"50","Higher in infected","Diet 50: infected vs control",1.42182349637362,0.0346753748540616,5.15915369214749,"1023","Higher than gene average"
1222,"LOC126291991","Speckle-type poz protein","DEG in 1 diet",1,"50","Higher in infected","Diet 50: infected vs control",2.02964045062138,0.00662686417896942,2.50986450632601,"1023","Higher than gene average"
1223,"LOC126293270","EGF domain, unclasssified subfamily","DEG in 1 diet",1,"50","Higher in infected","Diet 50: infected vs control",1.55424868469824,0.000191877335057613,3.82843697814357,"1023","Higher than gene average"
1224,"LOC126281928","It is involved in the biological process described with","DEG in 1 diet",1,"50","Higher in infected","Diet 50: infected vs control",1.40886645615159,0.0101441672196451,2.50993146857826,"1023","Higher than gene average"
1225,"LOC126355041","Hydrolase activity, hydrolyzing O-glycosyl compounds. It is involved in the biological process described with carbohydrate metabolic process","DEG in 2 diets",2,"50; 83","Higher in infected","Diet 50; Diet 83: infected vs control",2.6172814907538,0.0142592687402597,3.86273531691044,"1023","Higher than gene average"
1226,"LOC126268030","It is involved in the biological process described with cell adhesion","DEG in 1 diet",1,"50","Higher in infected","Diet 50: infected vs control",1.45845674035404,0.0036665105312703,3.56429115323342,"1023","Higher than gene average"
1227,"LOC126281330","Protein tyrosine phosphatase, catalytic domain","DEG in 2 diets",2,"50; 83","Higher in infected","Diet 50; Diet 83: infected vs control",2.00108102411288,0.0101229765843441,3.75758902458056,"1023","Higher than gene average"
1228,"LOC126335142","Integrin","DEG in 1 diet",1,"50","Higher in infected","Diet 50: infected vs control",1.60189607493331,0.000402023026842145,3.46084671858081,"1023","Higher than gene average"
1229,"LOC126270940","no description","DEG in 1 diet",1,"50","Higher in infected","Diet 50: infected vs control",1.23505208688889,0.00460539887344459,3.66567495437044,"1023","Higher than gene average"
1230,"LOC126300076","no description","DEG in 1 diet",1,"50","Higher in infected","Diet 50: infected vs control",2.74143044401853,0.0117173338565278,3.47095034251165,"1023","Higher than gene average"
1231,"LOC126324985","septate junction assembly","DEG in 1 diet",1,"50","Higher in infected","Diet 50: infected vs control",1.52616516077098,0.0151935841818753,3.4347581480082,"1023","Higher than gene average"
1232,"LOC126298861","divergent subfamily of APPLE domains","DEG in 2 diets",2,"33; 50","Higher in infected","Diet 33; Diet 50: infected vs control",1.55879185928254,1.64636931903288e-05,4.07118613010913,"1023","Higher than gene average"
1233,"LOC126334697","no description","DEG in 1 diet",1,"50","Higher in infected","Diet 50: infected vs control",2.18370952242766,0.000443263448441217,4.21935447957462,"1023","Higher than gene average"
1234,"LOC126331082","Immunoglobulin","DEG in 1 diet",1,"50","Higher in infected","Diet 50: infected vs control",1.86831347654066,0.00718274053504906,4.15023567209981,"1023","Higher than gene average"
1235,"LOC126335174","G-protein coupled receptor activity. It is involved in the biological process described with G-protein coupled receptor signaling pathway","DEG in 1 diet",1,"50","Higher in infected","Diet 50: infected vs control",1.29598658649031,0.0241736253639334,3.43342103468844,"1023","Higher than gene average"
1236,"LOC126281978","ATP binding. It is involved in the biological process described with protein phosphorylation","DEG in 1 diet",1,"50","Higher in infected","Diet 50: infected vs control",2.9616293029137,3.04267196352253e-07,3.53389991777582,"1023","Higher than gene average"
1237,"LOC126268028","Repeat domain in Vibrio, Colwellia, Bradyrhizobium and Shewanella","DEG in 1 diet",1,"50","Higher in infected","Diet 50: infected vs control",2.14950815040096,0.000585475565354305,3.77076793510447,"1052","Higher than gene average"
1238,"LOC126272787","Insect pheromone-binding family, A10/OS-D","DEG in 1 diet",1,"50","Higher in infected","Diet 50: infected vs control",1.89655991736777,0.0138124595265272,3.00960495582719,"1027","Higher than gene average"
1239,"LOC126356234","no description","DEG in 1 diet",1,"50","Higher in infected","Diet 50: infected vs control",1.77848502549542,0.0272781649279763,4.52980973735151,"1023","Higher than gene average"
1240,"LOC126292038","no description","DEG in 1 diet",1,"50","Higher in infected","Diet 50: infected vs control",2.08387389667646,2.05006622708366e-08,4.06363592984702,"1023","Higher than gene average"
1241,"LOC126291639","C-type lectin (CTL) or carbohydrate-recognition domain (CRD)","DEG in 1 diet",1,"50","Higher in infected","Diet 50: infected vs control",2.75928712058996,2.64347255090361e-08,4.32753812690585,"1023","Higher than gene average"
1242,"LOC126343224","no description","DEG in 1 diet",1,"50","Higher in infected","Diet 50: infected vs control",1.86952836537003,8.84926845173995e-05,4.61209874806096,"1023","Higher than gene average"
1243,"LOC126299471","no description","DEG in 1 diet",1,"50","Higher in infected","Diet 50: infected vs control",4.97256671943167,0.00016499376672561,2.56200566389987,"1028","Higher than gene average"
1244,"LOC126355037","Hydrolase activity, hydrolyzing O-glycosyl compounds. It is involved in the biological process described with carbohydrate metabolic process","DEG in 1 diet",1,"50","Higher in infected","Diet 50: infected vs control",2.52266560642777,0.00309055455609866,2.72889289412137,"1028","Higher than gene average"
1245,"LOC126278162","no description","DEG in 1 diet",1,"83","Higher in control","Diet 83: infected vs control",2.65561924661388,0.012595386220532,4.02803242303493,"1055","Higher than gene average"
1246,"LOC126279039","GAF domain","DEG in 1 diet",1,"33","Higher in infected","Diet 33: infected vs control",1.26042954524402,0.0276934734170402,2.31000103208878,"1016","Higher than gene average"
1247,"LOC126311353","Forkhead associated domain","DEG in 1 diet",1,"50","Higher in infected","Diet 50: infected vs control",1.44636365916347,0.0205652967669519,2.54123651261863,"1016","Higher than gene average"
1248,"LOC126267752","no description","DEG in 1 diet",1,"50","Higher in infected","Diet 50: infected vs control",2.66772188552096,0.0346753748540616,1.83446094479539,"1052","Higher than gene average"
1249,"LOC126336230","no description","DEG in 1 diet",1,"50","Higher in infected","Diet 50: infected vs control",1.32289011875935,0.0279581894411275,2.78562832492903,"1002","Higher than gene average"
1250,"LOC126302226","no description","DEG in 2 diets",2,"33; 50","Higher in infected","Diet 33; Diet 50: infected vs control",1.62967234532936,0.0188596800453257,3.65220530543873,"1016","Higher than gene average"
1251,"LOC126306493","no description","DEG in 1 diet",1,"50","Higher in infected","Diet 50: infected vs control",2.55527376386336,0.0400654685395197,4.1466647574618,"1046","Higher than gene average"
1252,"LOC126278265","no description","DEG in 1 diet",1,"50","Higher in infected","Diet 50: infected vs control",1.54927449763505,0.0153227741106152,2.88626251593824,"1006","Lower than gene average"
1253,"LOC126266984","CD80-like C2-set immunoglobulin domain","DEG in 1 diet",1,"50","Higher in infected","Diet 50: infected vs control",3.7303589447637,0.00216738494202216,2.72568740290437,"1016","Higher than gene average"
1254,"LOC126283972","GMC oxidoreductase","DEG in 1 diet",1,"50","Higher in infected","Diet 50: infected vs control",5.02048935826172,6.18585880002997e-05,3.11434178416706,"1055","Higher than gene average"
1255,"LOC126298335","Dynein heavy chain, N-terminal region 1","DEG in 1 diet",1,"50","Higher in infected","Diet 50: infected vs control",4.1905372450876,0.00340850960606053,3.37884650368866,"1023","Higher than gene average"
1256,"LOC126268155","-","DEG in 1 diet",1,"83","Higher in infected","Diet 83: infected vs control",1.52115548537664,2.06601746586299e-05,2.33310366659927,"1027","Higher than gene average"
1257,"LOC126271496","Tetraspanin family","DEG in 2 diets",2,"33; 50","Higher in infected","Diet 33; Diet 50: infected vs control",2.09973252371515,0.000111177768560445,3.2151662464463,"1027","Higher than gene average"
1258,"LOC126365914","Metal ion binding","DEG in 1 diet",1,"50","Higher in infected","Diet 50: infected vs control",1.24657604174054,0.00240981203952358,2.75991833832225,"1027","Higher than gene average"
1259,"LOC126298649","Annexin repeats","DEG in 3 diets",3,"33; 50; 83","Higher in infected","Diet 33; Diet 50; Diet 83: infected vs control",1.19836813031211,0.00648590637831091,2.04921515035137,"1023","Higher than gene average"
1260,"LOC126272750","Calcium-dependent phospholipid binding","DEG in 2 diets",2,"50; 83","Higher in infected","Diet 50; Diet 83: infected vs control",1.34652886895545,0.00014582685277147,3.26788839764102,"1027","Higher than gene average"
1261,"LOC126365957","Belongs to the hexokinase family","DEG in 2 diets",2,"50; 83","Higher in infected","Diet 50; Diet 83: infected vs control",2.52539357820773,8.34532919668924e-06,2.38423867100886,"1029","Higher than gene average"
1262,"LOC126354579","Belongs to the major facilitator superfamily. Sugar transporter (TC 2.A.1.1) family","DEG in 3 diets",3,"33; 50; 83","Higher in infected","Diet 33; Diet 50; Diet 83: infected vs control",3.98668711740033,1.11843202851424e-10,2.65246624881696,"1027","Higher than gene average"
1263,"LOC126298393","Catalyzes the dehydration of methylthioribulose-1- phosphate (MTRu-1-P) into 2,3-diketo-5-methylthiopentyl-1- phosphate (DK-MTP-1-P)","DEG in 3 diets",3,"33; 50; 83","Higher in infected","Diet 33; Diet 50; Diet 83: infected vs control",2.05370274683707,7.72671289479939e-05,2.4378640018408,"1027","Higher than gene average"
1264,"LOC126356267","histone binding","DEG in 2 diets",2,"50; 83","Higher in infected","Diet 50; Diet 83: infected vs control",1.50719417569468,0.000534635859884286,2.32105701700844,"1023","Higher than gene average"
1265,"LOC126291886","no description","DEG in 3 diets",3,"33; 50; 83","Higher in infected","Diet 33; Diet 50; Diet 83: infected vs control",4.68730509044217,2.7063490993131e-06,2.60369617011825,"1029","Higher than gene average"
1266,"LOC126291885","no description","DEG in 3 diets",3,"33; 50; 83","Higher in infected","Diet 33; Diet 50; Diet 83: infected vs control",3.43668301581199,5.44803300704223e-06,2.31378236591046,"1029","Higher than gene average"
1267,"LOC126267162","Animal peptidoglycan recognition proteins homologous to Bacteriophage T3 lysozyme.","DEG in 3 diets",3,"33; 50; 83","Higher in infected","Diet 33; Diet 50; Diet 83: infected vs control",2.15549469759665,2.66298296018595e-13,1.83124327632902,"1029","Higher than gene average"
1268,"LOC126278308","no description","DEG in 3 diets",3,"33; 50; 83","Higher in infected","Diet 33; Diet 50; Diet 83: infected vs control",2.82579225841646,1.05137268401193e-12,2.74781907590631,"1029","Higher than gene average"
1269,"LOC126297521","Nose resistant to fluoxetine protein 6-like","DEG in 2 diets",2,"33; 83","Higher in infected","Diet 33; Diet 83: infected vs control",5.85616505544292,0.00583806836530512,2.92313647906146,"1015","Higher than gene average"
1270,"LOC126269432","Formin Homology 2 Domain","DEG in 1 diet",1,"83","Higher in infected","Diet 83: infected vs control",1.01389113092091,0.00996938284627678,2.66741376517224,"1029","Higher than gene average"
1271,"LOC126334679","Belongs to the type-B carboxylesterase lipase family","DEG in 1 diet",1,"50","Higher in infected","Diet 50: infected vs control",1.55366367361497,0.0290062517145777,2.90323767144233,"1027","Higher than gene average"
1272,"LOC126272599","no description","DEG in 1 diet",1,"50","Higher in infected","Diet 50: infected vs control",1.9874903716285,0.0161790290758731,2.54542163238123,"1027","Higher than gene average"
1273,"LOC126285255","no description","DEG in 1 diet",1,"50","Higher in infected","Diet 50: infected vs control",3.12129277569092,0.0498789980398585,5.69576313432675,"1027","Higher than gene average"
1274,"LOC126293666","no description","DEG in 1 diet",1,"50","Higher in infected","Diet 50: infected vs control",5.01883635461285,0.00296224833868922,2.64888945952644,"1029","Higher than gene average"
1275,"LOC126267391","PLAC (protease and lacunin) domain","DEG in 2 diets",2,"33; 50","Higher in infected","Diet 33; Diet 50: infected vs control",1.78399981189089,0.0234524323634336,3.3687291050194,"1027","Higher than gene average"
1276,"LOC126266824","2-acylglycerol O-acyltransferase 1-like","DEG in 1 diet",1,"50","Higher in infected","Diet 50: infected vs control",1.00559045554409,0.047163139864272,3.07630428853374,"1029","Higher than gene average"
1277,"LOC126284004","Pacifastin inhibitor (LCMII)","DEG in 1 diet",1,"50","Higher in infected","Diet 50: infected vs control",1.25416828055493,0.00631253863255627,2.06643563604891,"1029","Higher than gene average"
1278,"LOC126284543","CD36 family","DEG in 1 diet",1,"50","Higher in infected","Diet 50: infected vs control",1.84186539980343,0.0247823626556668,2.87935696919908,"1029","Higher than gene average"
1279,"LOC126314471","no description","DEG in 1 diet",1,"50","Higher in infected","Diet 50: infected vs control",1.31806316477837,0.00843865057242659,1.8047547920396,"1029","Higher than gene average"
1280,"LOC126336503","no description","DEG in 1 diet",1,"50","Higher in infected","Diet 50: infected vs control",1.10710166413077,0.018173700756151,2.69252950292791,"1002","Lower than gene average"
1281,"LOC126293741","Phosphorylase superfamily","DEG in 1 diet",1,"50","Higher in infected","Diet 50: infected vs control",1.82844266152597,1.27208952733312e-09,2.14028841086374,"1029","Higher than gene average"
1282,"LOC126335154","O-acyltransferase","DEG in 1 diet",1,"50","Higher in infected","Diet 50: infected vs control",1.14531883722649,0.0208626722686927,2.39732912252908,"1046","Higher than gene average"
1283,"LOC126273103","Ferric-chelate reductase 1","DEG in 1 diet",1,"83","Higher in infected","Diet 83: infected vs control",1.04648364902692,0.0309828071651806,2.32468259741956,"1023","Higher than gene average"
1284,"LOC126335231","Vault protein inter-alpha-trypsin domain","DEG in 2 diets",2,"50; 83","Higher in infected","Diet 50; Diet 83: infected vs control",1.5792257633609,0.0059815530904269,2.81812040737706,"1058","Higher than gene average"
1285,"LOC126334646","no description","DEG in 1 diet",1,"83","Higher in infected","Diet 83: infected vs control",1.52632070862816,0.0214436765051737,2.67986836533316,"1029","Higher than gene average"
1286,"LOC126335237","no description","DEG in 2 diets",2,"33; 50","Higher in infected","Diet 33; Diet 50: infected vs control",6.8742604230032,3.81257122039909e-08,2.75490783072799,"1016","Higher than gene average"
1287,"LOC126335241","no description","DEG in 2 diets",2,"33; 50","Higher in infected","Diet 33; Diet 50: infected vs control",5.93494348248801,2.84393476710542e-07,4.67762647585813,"1052","Higher than gene average"
1288,"LOC126335187","Belongs to the type-B carboxylesterase lipase family","DEG in 2 diets",2,"50; 83","Higher in infected","Diet 50; Diet 83: infected vs control",2.86022974204369,0.00345462340634823,2.25436062485081,"1029","Higher than gene average"
1289,"LOC126268014","no description","DEG in 2 diets",2,"33; 50","Higher in infected","Diet 33; Diet 50: infected vs control",3.9227641011887,0.00449483996608418,2.92858071433072,"1029","Higher than gene average"
1290,"LOC126323134","Attacin, C-terminal region","DEG in 1 diet",1,"33","Higher in infected","Diet 33: infected vs control",4.45503011761138,0.00346499137123935,4.03651793857548,"1029","Higher than gene average"
1291,"LOC126284832","-","DEG in 2 diets",2,"50; 83","Higher in infected","Diet 50; Diet 83: infected vs control",4.66833915870145,0.00843488068975025,2.784169206545,"1016","Higher than gene average"
1292,"LOC126354358","Crustacean CHH/MIH/GIH neurohormone family","DEG in 2 diets",2,"50; 83","Higher in infected","Diet 50; Diet 83: infected vs control",2.50773600141613,0.00162506458692213,3.77985749598806,"1029","Higher than gene average"
1293,"LOC126336931","It is involved in the biological process described with oxidation-reduction process","DEG in 2 diets",2,"50; 83","Higher in infected","Diet 50; Diet 83: infected vs control",4.19542600214227,0.00536385989854681,3.84396383119655,"1029","Higher than gene average"
1294,"LOC126336607","oxygen binding. It is involved in the biological process described with oxygen transport","DEG in 1 diet",1,"50","Higher in infected","Diet 50: infected vs control",2.3585441755972,0.000638238398452043,2.89023541304517,"1029","Higher than gene average"
1295,"LOC126284460","negative regulation of cilium assembly","DEG in 1 diet",1,"50","Higher in infected","Diet 50: infected vs control",2.22076744065734,0.0200191885669659,4.38442530347444,"1058","Higher than gene average"
1296,"LOC126284941","C-type lectin (CTL) or carbohydrate-recognition domain (CRD)","DEG in 2 diets",2,"50; 83","Higher in infected","Diet 50; Diet 83: infected vs control",1.25683044705549,0.0160199174640387,3.29014924846473,"1057","Higher than gene average"
1297,"LOC126298370","Dual specificity protein phosphatase","DEG in 1 diet",1,"33","Higher in infected","Diet 33: infected vs control",1.11969371989496,0.0213239146835759,3.15714159411671,"1057","Higher than gene average"
1298,"LOC126299447","It is involved in the biological process described with transmembrane transport","DEG in 3 diets",3,"33; 50; 83","Higher in infected","Diet 33; Diet 50; Diet 83: infected vs control",1.43890543015313,9.41663986411274e-18,2.20194551425933,"1029","Higher than gene average"
1299,"LOC126356271","ATP binding. It is involved in the biological process described with protein phosphorylation","DEG in 2 diets",2,"33; 50","Higher in infected","Diet 33; Diet 50: infected vs control",3.3902114688177,0.000882973744618286,3.76795166204059,"1023","Higher than gene average"
1300,"LOC126284338","Pacifastin inhibitor (LCMII)","DEG in 2 diets",2,"33; 50","Higher in infected","Diet 33; Diet 50: infected vs control",6.96119807717937,3.76525792128495e-07,3.82104125683184,"1023","Higher than gene average"
1301,"LOC126335132","no description","DEG in 2 diets",2,"33; 50","Higher in infected","Diet 33; Diet 50: infected vs control",4.05814640895926,0.00138747470895299,3.14657679633584,"1055","Higher than gene average"
1302,"LOC126335084","Belongs to the type-B carboxylesterase lipase family","DEG in 2 diets",2,"50; 83","Higher in infected","Diet 50; Diet 83: infected vs control",2.78814572325052,0.00079345614276679,3.3502554562688,"1058","Higher than gene average"
1303,"LOC126282207","serine-type endopeptidase activity. It is involved in the biological process described with proteolysis","DEG in 2 diets",2,"33; 50","Higher in infected","Diet 33; Diet 50: infected vs control",1.6685478255186,5.71231625681377e-08,2.54845273975988,"1023","Higher than gene average"
1304,"LOC126353931","amino acid transmembrane transporter activity. It is involved in the biological process described with amino acid transmembrane transport","DEG in 1 diet",1,"50","Higher in infected","Diet 50: infected vs control",3.20418015449152,0.0169248502614868,2.35186346298248,"1057","Higher than gene average"
1305,"LOC126353879","Mab-21","DEG in 2 diets",2,"33; 50","Higher in infected","Diet 33; Diet 50: infected vs control",1.96680144042042,0.000173007289456938,2.35416341506928,"1058","Higher than gene average"
1306,"LOC126284548","Spermine synthase activity. It is involved in the biological process described with spermine biosynthetic process","DEG in 3 diets",3,"33; 50; 83","Higher in infected","Diet 33; Diet 50; Diet 83: infected vs control",4.09750151270057,2.32902471662789e-16,1.83134106428493,"1029","Higher than gene average"
1307,"LOC126278049","SOCS_box","DEG in 3 diets",3,"33; 50; 83","Higher in infected","Diet 33; Diet 50; Diet 83: infected vs control",3.04848399537628,7.14002361408717e-11,2.32959511522472,"1058","Higher than gene average"
1308,"LOC126282072","no description","DEG in 3 diets",3,"33; 50; 83","Higher in infected","Diet 33; Diet 50; Diet 83: infected vs control",4.24852042723659,6.27101401378326e-08,2.09186680628181,"1057","Higher than gene average"
1309,"LOC126335115","Belongs to the type-B carboxylesterase lipase family","DEG in 3 diets",3,"33; 50; 83","Higher in infected","Diet 33; Diet 50; Diet 83: infected vs control",6.7391157673855,8.15880471108397e-10,2.34097630930948,"1058","Higher than gene average"
1310,"LOC126273060","no description","DEG in 3 diets",3,"33; 50; 83","Higher in infected","Diet 33; Diet 50; Diet 83: infected vs control",6.10320543869221,1.79803237309393e-07,2.40689056654961,"1058","Higher than gene average"
1311,"LOC126284033","MTH538 TIR-like domain (DUF1863)","DEG in 3 diets",3,"33; 50; 83","Higher in infected","Diet 33; Diet 50; Diet 83: infected vs control",4.44406586244142,1.44002801710051e-15,2.45675407345502,"1023","Higher than gene average"
1312,"LOC126336325","Knottins","DEG in 3 diets",3,"33; 50; 83","Higher in infected","Diet 33; Diet 50; Diet 83: infected vs control",6.71394730369056,6.07357670307902e-08,2.28355544463057,"1057","Higher than gene average"
1313,"LOC126299221","-","DEG in 3 diets",3,"33; 50; 83","Higher in infected","Diet 33; Diet 50; Diet 83: infected vs control",2.97846613664454,4.19817913070314e-15,1.76291857310297,"1046","Higher than gene average"
1314,"LOC126335463","Belongs to the serpin family","DEG in 3 diets",3,"33; 50; 83","Higher in infected","Diet 33; Diet 50; Diet 83: infected vs control",6.99375780523175,5.02213011651629e-24,2.20979822955172,"1058","Higher than gene average"
1315,"LOC126278436","no description","DEG in 3 diets",3,"33; 50; 83","Higher in infected","Diet 33; Diet 50; Diet 83: infected vs control",9.21775442653153,2.18713134559963e-14,2.20107204172437,"1046","Higher than gene average"
1316,"LOC126291901","-","DEG in 1 diet",1,"50","Higher in infected","Diet 50: infected vs control",1.7173371361242,0.0134701806010926,3.0345570862399,"1057","Higher than gene average"
1317,"LOC126267980","Belongs to the fatty acid desaturase type 1 family","DEG in 2 diets",2,"33; 50","Higher in infected","Diet 33; Diet 50: infected vs control",5.37642972566829,0.00288824010986315,3.10698714129338,"1057","Higher than gene average"
1318,"LOC126282679","Kazal-type serine protease inhibitor domain","DEG in 2 diets",2,"33; 50","Higher in infected","Diet 33; Diet 50: infected vs control",2.38411587862284,2.09625557571968e-08,3.29571428326211,"1057","Higher than gene average"
1319,"LOC126334513","Acyltransferase family","DEG in 2 diets",2,"33; 50","Higher in infected","Diet 33; Diet 50: infected vs control",2.19474322245974,4.61463934576259e-07,2.62122136277351,"1023","Higher than gene average"
1320,"LOC126354649","Belongs to the UDP-glycosyltransferase family","DEG in 1 diet",1,"50","Higher in infected","Diet 50: infected vs control",3.32319287945392,0.0172741836913914,2.60097395103436,"1054","Higher than gene average"
1321,"LOC126281943","CHORD","DEG in 1 diet",1,"50","Higher in infected","Diet 50: infected vs control",1.0648371900106,0.0471363628740977,2.97095807564819,"1058","Higher than gene average"
1322,"LOC126281308","Zinc ion binding","DEG in 2 diets",2,"33; 50","Higher in infected","Diet 33; Diet 50: infected vs control",1.34142595398685,0.0284744776523065,3.01401960764479,"1057","Higher than gene average"
1323,"LOC126284639","Belongs to the small heat shock protein (HSP20) family","DEG in 1 diet",1,"50","Higher in infected","Diet 50: infected vs control",2.14036328179457,0.0164189050693729,4.05579530580664,"1057","Higher than gene average"
1324,"LOC126355831","MreB/Mbl protein","DEG in 2 diets",2,"33; 50","Higher in infected","Diet 33; Diet 50: infected vs control",8.19287438105646,0.000127696821188876,3.55839289849243,"1057","Higher than gene average"
1325,"LOC126284801","Belongs to the small heat shock protein (HSP20) family","DEG in 3 diets",3,"33; 50; 83","Higher in infected","Diet 33; Diet 50; Diet 83: infected vs control",4.44831217518047,0.000550919713718341,4.04569152875666,"1057","Higher than gene average"
1326,"LOC126355838","MreB/Mbl protein","DEG in 2 diets",2,"33; 50","Higher in infected","Diet 33; Diet 50: infected vs control",7.67489671462317,0.000204402125015661,3.88671632525651,"1057","Higher than gene average"
1327,"LOC126291751","-","DEG in 1 diet",1,"50","Higher in infected","Diet 50: infected vs control",1.60513028937515,0.000541228891668638,2.38417277057798,"1052","Higher than gene average"
1328,"LOC126284379","Hydrolase activity, acting on carbon-nitrogen (but not peptide) bonds, in linear amides. It is involved in the biological process described with nitrogen compound metabolic process","DEG in 1 diet",1,"50","Higher in infected","Diet 50: infected vs control",2.15020367690802,0.00783497167382056,2.79087620839771,"1029","Higher than gene average"
1329,"LOC126284753","Selenoprotein S (SelS)","DEG in 1 diet",1,"50","Higher in infected","Diet 50: infected vs control",1.09853747189628,0.00315521286539877,2.56346545580894,"1058","Higher than gene average"
1330,"LOC126337983","Solute carrier family 3 member 2 N-terminus","DEG in 1 diet",1,"50","Higher in infected","Diet 50: infected vs control",1.68892695977196,0.00325555310393897,3.1287099091968,"1029","Higher than gene average"
1331,"LOC126335136","Belongs to the type-B carboxylesterase lipase family","DEG in 1 diet",1,"50","Higher in infected","Diet 50: infected vs control",1.74120842853041,0.0100440259124811,2.18074434591843,"1058","Higher than gene average"
1332,"LOC126365760","Reeler domain","DEG in 2 diets",2,"33; 50","Higher in infected","Diet 33; Diet 50: infected vs control",2.95636994155946,1.83116616302414e-06,1.93685642153721,"1039","Lower than gene average"
1333,"LOC126335140","Belongs to the type-B carboxylesterase lipase family","DEG in 2 diets",2,"33; 50","Higher in infected","Diet 33; Diet 50: infected vs control",1.9467421595035,0.00233868648281295,2.67178988799417,"1058","Higher than gene average"
1334,"LOC126355748","Hydrolase activity, hydrolyzing O-glycosyl compounds. It is involved in the biological process described with carbohydrate metabolic process","DEG in 2 diets",2,"50; 83","Higher in infected","Diet 50; Diet 83: infected vs control",2.83678886970752,0.0122697126207771,3.74647920310232,"1029","Higher than gene average"
1335,"LOC126272361","those in tissues and body fluids are associated with the monocyte- macrophage system and enhance the activity of immunoagents","DEG in 2 diets",2,"50; 83","Higher in infected","Diet 50; Diet 83: infected vs control",2.57489138616382,0.0345180924208013,3.30561458318226,"1029","Higher than gene average"
1336,"LOC126285239","-","DEG in 1 diet",1,"50","Higher in infected","Diet 50: infected vs control",1.9637198250232,9.87992484310358e-08,2.53705932475821,"1057","Higher than gene average"
1337,"LOC126272767","Belongs to the transient receptor (TC 1.A.4) family","DEG in 2 diets",2,"33; 50","Higher in infected","Diet 33; Diet 50: infected vs control",1.62548524969862,8.14523399586574e-05,1.96226559531928,"1027","Higher than gene average"
1338,"LOC126356316","Belongs to the mitochondrial carrier (TC 2.A.29) family","DEG in 1 diet",1,"50","Higher in infected","Diet 50: infected vs control",1.14139304268546,4.82930485510757e-05,1.67969731906994,"1015","Higher than gene average"
1339,"LOC126281291","Ubiquitin homologues","DEG in 2 diets",2,"33; 50","Higher in infected","Diet 33; Diet 50: infected vs control",1.21407633831882,0.0414194231613828,2.56442448670143,"1057","Higher than gene average"
1340,"LOC126267002","Domain of unknown function (DUF1989)","DEG in 1 diet",1,"50","Higher in infected","Diet 50: infected vs control",2.08874323890144,0.000684753368144731,2.78946311864698,"1029","Higher than gene average"
1341,"LOC126284305","no description","DEG in 2 diets",2,"33; 50","Higher in infected","Diet 33; Diet 50: infected vs control",6.24163436901217,2.01397401051977e-13,2.58008766767673,"1029","Higher than gene average"
1342,"LOC126336841","Glutamate-cysteine ligase activity. It is involved in the biological process described with glutathione biosynthetic process","DEG in 1 diet",1,"50","Higher in infected","Diet 50: infected vs control",1.01477200133754,0.000978589116464126,2.43655100803857,"1058","Higher than gene average"
1343,"LOC126299374","-","DEG in 3 diets",3,"33; 50; 83","Higher in infected","Diet 33; Diet 50; Diet 83: infected vs control",3.19229396392181,4.6945815963662e-05,2.32201704160873,"1058","Higher than gene average"
1344,"LOC126283788","gamma-glutamyltransferase activity. It is involved in the biological process described with glutathione metabolic process","DEG in 3 diets",3,"33; 50; 83","Higher in infected","Diet 33; Diet 50; Diet 83: infected vs control",2.2322331369022,8.0602020508884e-05,2.31459809467902,"1016","Higher than gene average"
1345,"LOC126273393","no description","DEG in 3 diets",3,"33; 50; 83","Higher in infected","Diet 33; Diet 50; Diet 83: infected vs control",3.79217765702413,6.86752668388662e-06,2.80758802228662,"1029","Higher than gene average"
1346,"LOC126277916","Ubiquitin associated domain","DEG in 2 diets",2,"33; 50","Higher in infected","Diet 33; Diet 50: infected vs control",1.22292907338064,0.00279364937163339,2.43246047900862,"1016","Higher than gene average"
1347,"LOC126331066","Immunoglobulin","DEG in 2 diets",2,"50; 83","Higher in infected","Diet 50; Diet 83: infected vs control",1.5111410598236,0.000121270259906869,2.54923448618774,"1029","Higher than gene average"
1348,"LOC126335114","Belongs to the type-B carboxylesterase lipase family","DEG in 3 diets",3,"33; 50; 83","Higher in infected","Diet 33; Diet 50; Diet 83: infected vs control",3.78226022527874,5.6810959770852e-13,1.87257962968683,"1029","Higher than gene average"
1349,"LOC126335117","Belongs to the type-B carboxylesterase lipase family","DEG in 3 diets",3,"33; 50; 83","Higher in infected","Diet 33; Diet 50; Diet 83: infected vs control",2.73912821796215,2.8606841007025e-06,2.10735373781926,"1029","Higher than gene average"
1350,"LOC126365964","Possible membrane-associated motif in LPS-induced tumor necrosis factor alpha factor (LITAF), also known as PIG7, and other animal proteins.","DEG in 2 diets",2,"50; 83","Higher in infected","Diet 50; Diet 83: infected vs control",1.23847001864736,0.0120193206312086,2.46131714655103,"1057","Higher than gene average"
1351,"LOC126278061","pyridoxal phosphate binding. It is involved in the biological process described with biosynthetic process","DEG in 2 diets",2,"33; 50","Higher in infected","Diet 33; Diet 50: infected vs control",1.3166668480984,0.00113931434629758,2.32789383538435,"1057","Higher than gene average"
1352,"LOC126336554","no description","DEG in 2 diets",2,"33; 50","Higher in infected","Diet 33; Diet 50: infected vs control",7.63646070580556,1.38789086439799e-11,2.48887042803161,"1029","Higher than gene average"
1353,"LOC126284817","Belongs to the small heat shock protein (HSP20) family","DEG in 3 diets",3,"33; 50; 83","Higher in infected","Diet 33; Diet 50; Diet 83: infected vs control",4.91445086311056,1.22613252273652e-10,3.30027924959893,"1057","Higher than gene average"
1354,"LOC126284942","Hsp20/alpha crystallin family","DEG in 3 diets",3,"33; 50; 83","Higher in infected","Diet 33; Diet 50; Diet 83: infected vs control",3.88265428114288,4.67501524107945e-08,3.16319402640928,"1057","Higher than gene average"
1355,"LOC126321317","-","DEG in 1 diet",1,"50","Higher in infected","Diet 50: infected vs control",1.15912606041446,0.0131592461133111,2.60597617207416,"1058","Higher than gene average"
1356,"LOC126353887","ATP-dependent RNA helicase SUV3","DEG in 2 diets",2,"33; 50","Higher in infected","Diet 33; Diet 50: infected vs control",1.15615765568852,0.00144845506447919,2.64953128769215,"1057","Higher than gene average"
1357,"LOC126281771","Arb2 domain","DEG in 1 diet",1,"50","Higher in infected","Diet 50: infected vs control",1.40805961463935,0.00142545072968767,2.3673671078255,"1029","Higher than gene average"
1358,"LOC126305259","no description","DEG in 1 diet",1,"83","Higher in infected","Diet 83: infected vs control",1.18753240676753,0.00650269231060025,2.84510109344472,"1058","Higher than gene average"
1359,"LOC126279406","Domain in homologues of a S. cerevisiae phosphatidylinositol transfer protein (Sec14p)","DEG in 1 diet",1,"50","Higher in infected","Diet 50: infected vs control",1.18474421242593,0.00607059635481462,2.41911027098778,"1058","Higher than gene average"
1360,"LOC126297712","no description","DEG in 1 diet",1,"50","Higher in infected","Diet 50: infected vs control",1.38728355598309,0.0409991687940841,2.70909804773358,"1016","Higher than gene average"
1361,"LOC126281487","Dip2/Utp12 Family","DEG in 1 diet",1,"50","Higher in infected","Diet 50: infected vs control",1.47532036307026,0.00836750363964604,3.38694877266337,"1052","Higher than gene average"
1362,"LOC126336688","Transmembrane transporter activity. It is involved in the biological process described with transmembrane transport","DEG in 3 diets",3,"33; 50; 83","Higher in infected","Diet 33; Diet 50; Diet 83: infected vs control",3.83708714998402,6.40599676883862e-06,2.5997649901797,"1058","Higher than gene average"
1363,"LOC126365745","Biopterin-dependent aromatic amino acid hydroxylase","DEG in 2 diets",2,"33; 50","Higher in infected","Diet 33; Diet 50: infected vs control",4.88364409478956,2.2659818082525e-06,2.20769557261428,"1046","Higher than gene average"
1364,"LOC126298648","Spaetzle","DEG in 2 diets",2,"33; 50","Higher in infected","Diet 33; Diet 50: infected vs control",1.96991766044969,1.7585522740919e-07,2.9758921317961,"1006","Lower than gene average"
1365,"LOC126284044","no description","DEG in 1 diet",1,"50","Higher in infected","Diet 50: infected vs control",4.23875528916107,0.00386432881420105,3.71072671241503,"1058","Higher than gene average"
1366,"LOC126336694","I/LWEQ domain","DEG in 1 diet",1,"83","Higher in infected","Diet 83: infected vs control",1.19170703802633,1.86140025775353e-05,2.63939570654624,"1058","Higher than gene average"
1367,"LOC126295232","Pentaxin family","DEG in 1 diet",1,"50","Higher in infected","Diet 50: infected vs control",3.43036769474319,0.00415939861483972,2.55284114395061,"1049","Higher than gene average"
1368,"LOC126365893","-","DEG in 1 diet",1,"83","Higher in infected","Diet 83: infected vs control",1.37720667472697,0.00560013469227476,2.20374905386964,"1014","Higher than gene average"
1369,"LOC126335242","Isocitrate/isopropylmalate dehydrogenase","DEG in 2 diets",2,"50; 83","Higher in infected","Diet 50; Diet 83: infected vs control",1.42323272983801,0.000645177606670934,1.91602921432781,"1050","Higher than gene average"
1370,"LOC126355952","Peptidase family M13","DEG in 1 diet",1,"50","Higher in infected","Diet 50: infected vs control",1.00941356121498,0.0470893932669685,2.49135943796224,"1014","Higher than gene average"
1371,"LOC126272618","Guanyl-nucleotide exchange factor activity. It is involved in the biological process described with regulation of small GTPase mediated signal transduction","DEG in 1 diet",1,"83","Higher in infected","Diet 83: infected vs control",1.24949786123777,0.0119313336141658,2.31369597662319,"1029","Higher than gene average"
1372,"LOC126268397","Failed axon","DEG in 2 diets",2,"33; 50","Higher in infected","Diet 33; Diet 50: infected vs control",1.7843948759549,2.79844835532727e-06,1.7633435562283,"1028","Higher than gene average"
1373,"LOC126269384","Lysosome-associated membrane glycoprotein (Lamp)","DEG in 3 diets",3,"33; 50; 83","Higher in infected","Diet 33; Diet 50; Diet 83: infected vs control",3.73134430798077,2.26153376781793e-15,1.70917583634755,"1034","Lower than gene average"
1374,"LOC126278232","Sugar proton symporter activity. It is involved in the biological process described with carbohydrate transport","DEG in 2 diets",2,"33; 50","Higher in infected","Diet 33; Diet 50: infected vs control",2.08556509856239,2.71298983412248e-10,1.97429451305928,"1058","Higher than gene average"
1375,"LOC126334563","sulfuric ester hydrolase activity. It is involved in the biological process described with metabolic process","DEG in 1 diet",1,"33","Higher in infected","Diet 33: infected vs control",1.13790496507626,0.00689510658463393,2.83686913010814,"1029","Higher than gene average"
1376,"LOC126297695","no description","DEG in 2 diets",2,"50; 83","Higher in infected","Diet 50; Diet 83: infected vs control",1.8175807446424,0.000987714659954013,2.48273922703855,"1040","Lower than gene average"
1377,"LOC126272290","Hydrolase activity, acting on carbon-nitrogen (but not peptide) bonds, in linear amides. It is involved in the biological process described with nitrogen compound metabolic process","DEG in 3 diets",3,"33; 50; 83","Higher in infected","Diet 33; Diet 50; Diet 83: infected vs control",3.90714867119163,1.03525399158293e-09,2.05816141378864,"1032","Lower than gene average"
1378,"LOC126336415","Hemocyanin, all-alpha domain","DEG in 2 diets",2,"50; 83","Higher in infected","Diet 50; Diet 83: infected vs control",2.28982146357698,5.7296427787383e-05,2.26728110825175,"1003","Lower than gene average"
1379,"LOC126336547","no description","DEG in 1 diet",1,"50","Higher in infected","Diet 50: infected vs control",1.91443193043386,0.00159405132235725,2.43532913844445,"1029","Higher than gene average"
1380,"LOC126361021","7 transmembrane receptor (Secretin family)","DEG in 3 diets",3,"33; 50; 83","Higher in infected","Diet 33; Diet 50; Diet 83: infected vs control",1.49040316222607,0.00345949346104056,1.77231241638013,"1054","Higher than gene average"
1381,"LOC126267422","-","DEG in 1 diet",1,"50","Higher in infected","Diet 50: infected vs control",3.47121748848399,2.12018119487555e-07,2.27580931173767,"1055","Higher than gene average"
1382,"LOC126346606","Chitinase activity. It is involved in the biological process described with carbohydrate metabolic process","DEG in 1 diet",1,"50","Higher in infected","Diet 50: infected vs control",1.85014691389009,3.01714366020654e-07,2.09802189367446,"1032","Lower than gene average"
1383,"LOC126292108","Aldo/keto reductase family","DEG in 1 diet",1,"50","Higher in infected","Diet 50: infected vs control",1.26106656026271,2.55410461875873e-05,2.2626888483374,"1057","Higher than gene average"
1384,"LOC126336379","Platelet-activating factor acetylhydrolase, isoform II","DEG in 3 diets",3,"33; 50; 83","Higher in infected","Diet 33; Diet 50; Diet 83: infected vs control",1.86979430829704,6.63997863568248e-07,2.64677623079556,"1025","Higher than gene average"
1385,"LOC126272336","lipid binding","DEG in 2 diets",2,"33; 50","Higher in infected","Diet 33; Diet 50: infected vs control",2.01270066545244,6.13146659602575e-17,1.9316982883272,"1002","Lower than gene average"
1386,"LOC126267409","Belongs to the mitochondrial carrier (TC 2.A.29) family","DEG in 2 diets",2,"33; 50","Higher in infected","Diet 33; Diet 50: infected vs control",1.14566530413272,3.22676567380012e-08,2.42414301857756,"1002","Lower than gene average"
1387,"LOC126281483","Immunoglobulin domain","DEG in 2 diets",2,"33; 50","Higher in infected","Diet 33; Diet 50: infected vs control",2.16316904085884,6.95337817136946e-07,2.46162647400089,"1027","Higher than gene average"
1388,"LOC126266672","Fibronectin type 3 domain","DEG in 2 diets",2,"33; 50","Higher in infected","Diet 33; Diet 50: infected vs control",1.54521253335111,0.000384438235147405,2.69613692454805,"1029","Higher than gene average"
1389,"LOC126356125","serine-type endopeptidase inhibitor activity","DEG in 1 diet",1,"50","Higher in infected","Diet 50: infected vs control",1.14699943212427,0.000144347521319376,2.71435762747034,"1029","Higher than gene average"
1390,"LOC126355847","Tetraspanin family","DEG in 1 diet",1,"50","Higher in infected","Diet 50: infected vs control",1.01417666037108,0.00965895687277757,2.25045530179397,"1054","Higher than gene average"
1391,"LOC126336730","Glutathione S-transferase, C-terminal domain","DEG in 1 diet",1,"50","Higher in infected","Diet 50: infected vs control",1.58459480978756,0.000975514884488065,2.45140880795104,"1027","Higher than gene average"
1392,"LOC126299510","Trypsin-like serine protease","DEG in 2 diets",2,"50; 83","Higher in infected","Diet 50; Diet 83: infected vs control",5.30903586576594,1.28231970642746e-13,2.55430453870646,"1054","Higher than gene average"
1393,"LOC126282517","Heme-dependent dioxygenase that catalyzes the oxidative cleavage of the L-tryptophan (L-Trp) pyrrole ring and converts L- tryptophan to N-formyl-L-kynurenine. Catalyzes the oxidative cleavage of the indole moiety","DEG in 1 diet",1,"50","Higher in infected","Diet 50: infected vs control",1.54550392646842,0.00079345614276679,2.11993434611924,"1045","Lower than gene average"
1394,"LOC126365983","Possible membrane-associated motif in LPS-induced tumor necrosis factor alpha factor (LITAF), also known as PIG7, and other animal proteins.","DEG in 2 diets",2,"50; 83","Higher in infected","Diet 50; Diet 83: infected vs control",1.72717897679327,8.41696625296544e-05,2.80031559966619,"1023","Higher than gene average"
1395,"LOC126267107","Belongs to the major facilitator superfamily. Sugar transporter (TC 2.A.1.1) family","DEG in 1 diet",1,"50","Higher in infected","Diet 50: infected vs control",2.72932142669869,4.35515505795687e-05,2.48726466268997,"1020","Higher than gene average"
1396,"LOC126299206","Worm-specific repeat type 1","DEG in 3 diets",3,"33; 50; 83","Higher in infected","Diet 33; Diet 50; Diet 83: infected vs control",3.41116545588912,1.55677188978845e-11,2.3189065045608,"1054","Higher than gene average"
1397,"LOC126272724","Glutathione transferase activity. It is involved in the biological process described with metabolic process","DEG in 1 diet",1,"50","Higher in infected","Diet 50: infected vs control",1.86680498550216,0.00188032234826741,1.98732953434538,"1027","Higher than gene average"
1398,"LOC126356096","Chitin-binding domain type 2","DEG in 1 diet",1,"50","Higher in infected","Diet 50: infected vs control",5.73744768535512,0.00673999874349927,4.19681243979075,"1046","Higher than gene average"
1399,"LOC126297444","aspartic-type endopeptidase activity. It is involved in the biological process described with proteolysis","DEG in 1 diet",1,"50","Higher in infected","Diet 50: infected vs control",1.50703584357087,3.5334493575921e-11,1.7479319073597,"1025","Higher than gene average"
1400,"LOC126297835","Cysteine dioxygenase type I","DEG in 1 diet",1,"50","Higher in infected","Diet 50: infected vs control",1.66213812078588,0.00142545072968767,2.67148094296804,"1054","Higher than gene average"
1401,"LOC126324336","Bacterial extracellular solute-binding proteins, family 3","DEG in 1 diet",1,"50","Higher in infected","Diet 50: infected vs control",2.90056839161679,0.000684349958232115,2.45796345531926,"1049","Higher than gene average"
1402,"LOC126272041","chemosensory protein","DEG in 1 diet",1,"50","Higher in infected","Diet 50: infected vs control",2.83697438603768,0.035110158273443,2.69786754322914,"1058","Higher than gene average"
1403,"LOC126272116","Actin binding. It is involved in the biological process described with cytoskeleton organization","DEG in 1 diet",1,"50","Higher in infected","Diet 50: infected vs control",2.77603425517209,0.000638238398452043,3.34393072768939,"1052","Higher than gene average"
1404,"LOC126272149","no description","DEG in 1 diet",1,"50","Higher in infected","Diet 50: infected vs control",5.58547087987666,0.00072469895346672,2.68085619140974,"1015","Higher than gene average"
1405,"LOC126281664","no description","DEG in 1 diet",1,"50","Higher in infected","Diet 50: infected vs control",5.34110517085539,0.00455805639920644,3.32782186451957,"1028","Higher than gene average"
1406,"LOC126284768","no description","DEG in 2 diets",2,"33; 50","Higher in infected","Diet 33; Diet 50: infected vs control",3.0239545405788,5.68343474631319e-06,3.13048764160884,"1052","Higher than gene average"
1407,"LOC126280394","no description","DEG in 2 diets",2,"33; 50","Higher in infected","Diet 33; Diet 50: infected vs control",5.94317400055644,3.39940924026674e-05,4.15640465639427,"1058","Higher than gene average"
1408,"LOC126334702","no description","DEG in 1 diet",1,"50","Higher in infected","Diet 50: infected vs control",4.35589348989735,2.11735092561109e-09,4.04757776427892,"1058","Higher than gene average"
1409,"LOC126273272","GC-rich sequence DNA-binding factor-like protein","DEG in 1 diet",1,"50","Higher in infected","Diet 50: infected vs control",1.37675416286718,0.0200202025836581,2.76237820337448,"1058","Higher than gene average"
1410,"LOC126281165","Belongs to the PDGF VEGF growth factor family","DEG in 3 diets",3,"33; 50; 83","Higher in infected","Diet 33; Diet 50; Diet 83: infected vs control",3.04567993817631,5.36115929601425e-05,2.95014142576128,"1058","Higher than gene average"
1411,"LOC126357744","It is involved in the biological process described with","DEG in 3 diets",3,"33; 50; 83","Higher in infected","Diet 33; Diet 50; Diet 83: infected vs control",2.30318002640916,1.56925866024784e-07,2.58022782379544,"1029","Higher than gene average"
1412,"LOC126354995","carboxy-lyase activity. It is involved in the biological process described with carboxylic acid metabolic process","DEG in 3 diets",3,"33; 50; 83","Higher in infected","Diet 33; Diet 50; Diet 83: infected vs control",6.80124212200908,2.42683062795116e-12,2.87547149091512,"1029","Higher than gene average"
1413,"LOC126281410","Glutathione S-transferase, N-terminal domain","DEG in 2 diets",2,"50; 83","Higher in infected","Diet 50; Diet 83: infected vs control",4.67392880251151,2.62377611063022e-13,3.16985044363418,"1058","Higher than gene average"
1414,"LOC126267215","Animal peptidoglycan recognition proteins homologous to Bacteriophage T3 lysozyme.","DEG in 3 diets",3,"33; 50; 83","Higher in infected","Diet 33; Diet 50; Diet 83: infected vs control",5.53506673495794,2.10098686675823e-12,3.06289759773026,"1029","Higher than gene average"
1415,"LOC126267216","Animal peptidoglycan recognition proteins homologous to Bacteriophage T3 lysozyme.","DEG in 3 diets",3,"33; 50; 83","Higher in infected","Diet 33; Diet 50; Diet 83: infected vs control",4.87128936224799,4.55032468292658e-08,2.9259954641176,"1049","Higher than gene average"
1416,"LOC126354672","F-box only protein","DEG in 3 diets",3,"33; 50; 83","Higher in infected","Diet 33; Diet 50; Diet 83: infected vs control",1.73133511013013,0.0023886994346523,2.57195516700697,"1058","Higher than gene average"
1417,"LOC126343159","histone H4-K16 acetylation","DEG in 1 diet",1,"50","Higher in infected","Diet 50: infected vs control",1.05028897002473,0.000247967124668589,2.58252362220301,"1029","Higher than gene average"
1418,"LOC126267545","Trypsin-like serine protease","DEG in 2 diets",2,"33; 50","Higher in infected","Diet 33; Diet 50: infected vs control",7.43438034336564,6.545496871157e-13,2.69338394789689,"1029","Higher than gene average"
1419,"LOC126336036","-","DEG in 1 diet",1,"50","Higher in infected","Diet 50: infected vs control",1.39666044726349,3.04605257041718e-05,2.66019820426642,"1049","Higher than gene average"
1420,"LOC126336702","Belongs to the peptidase C14A family","DEG in 2 diets",2,"33; 50","Higher in infected","Diet 33; Diet 50: infected vs control",1.50444026882372,7.27271662130713e-06,3.22185884881107,"1058","Higher than gene average"
1421,"LOC126268015","no description","DEG in 1 diet",1,"50","Higher in infected","Diet 50: infected vs control",4.45876629476416,0.00142144774694196,3.66730874255071,"1029","Higher than gene average"
1422,"LOC126284463","N-acetylmuramoyl-L-alanine amidase activity. It is involved in the biological process described with peptidoglycan catabolic process","DEG in 2 diets",2,"50; 83","Higher in infected","Diet 50; Diet 83: infected vs control",4.54558337376677,7.32044704372713e-07,4.09179932414563,"1058","Higher than gene average"
1423,"LOC126267114","juvenile hormone acid methyltransferase activity","DEG in 2 diets",2,"33; 50","Higher in infected","Diet 33; Diet 50: infected vs control",10.9705545052607,1.40528324516222e-06,3.15011186378525,"1058","Higher than gene average"
1424,"LOC126355090","-","DEG in 1 diet",1,"50","Higher in infected","Diet 50: infected vs control",1.20378459248257,6.70350950182053e-06,2.70953976845961,"1029","Higher than gene average"
1425,"LOC126335036","Adenosylmethionine decarboxylase activity. It is involved in the biological process described with spermine biosynthetic process","DEG in 3 diets",3,"33; 50; 83","Higher in infected","Diet 33; Diet 50; Diet 83: infected vs control",2.53390668704694,8.9255593495052e-19,2.01509473261824,"1029","Higher than gene average"
1426,"LOC126335166","multidrug resistance-associated protein lethal(2)03659-like","DEG in 3 diets",3,"33; 50; 83","Higher in infected","Diet 33; Diet 50; Diet 83: infected vs control",2.86416827055153,1.28231970642746e-13,2.18166881578335,"1015","Higher than gene average"
1427,"LOC126268133","phosphatidylinositol phospholipase C activity. It is involved in the biological process described with intracellular signal transduction","DEG in 1 diet",1,"33","Higher in infected","Diet 33: infected vs control",1.11494638259079,3.80666054506275e-05,1.82580935766741,"1057","Higher than gene average"
1428,"LOC126297581","Belongs to the class-II pyridoxal-phosphate-dependent aminotransferase family","DEG in 3 diets",3,"33; 50; 83","Higher in infected","Diet 33; Diet 50; Diet 83: infected vs control",3.04510663389721,3.80720301037743e-12,2.01888896746362,"1046","Higher than gene average"
1429,"LOC126267038","Signal transducer and activator of transcription","DEG in 3 diets",3,"33; 50; 83","Higher in infected","Diet 33; Diet 50; Diet 83: infected vs control",1.18762732379761,3.31667299577634e-16,2.35168184196672,"1023","Higher than gene average"
1430,"LOC126266728","Major facilitator superfamily domain-containing protein 12-like","DEG in 3 diets",3,"33; 50; 83","Higher in infected","Diet 33; Diet 50; Diet 83: infected vs control",1.77580957989292,1.65181882528384e-10,1.90089091183844,"1029","Higher than gene average"
1431,"LOC126297535","amino acid transporter","DEG in 2 diets",2,"33; 50","Higher in infected","Diet 33; Diet 50: infected vs control",1.60790301171699,6.68029735293232e-06,2.26003269159437,"1029","Higher than gene average"
1432,"LOC126282030","Rel homology DNA-binding domain","DEG in 3 diets",3,"33; 50; 83","Higher in infected","Diet 33; Diet 50; Diet 83: infected vs control",1.98342067904098,4.52060210374095e-08,2.21258086946388,"1029","Higher than gene average"
1433,"LOC126355933","Tetraspanin family","DEG in 2 diets",2,"33; 50","Higher in infected","Diet 33; Diet 50: infected vs control",1.52730861761731,8.84707835477177e-09,2.66918278572572,"1029","Higher than gene average"
1434,"LOC126336499","DnaJ molecular chaperone homology domain","DEG in 3 diets",3,"33; 50; 83","Higher in infected","Diet 33; Diet 50; Diet 83: infected vs control",3.48194893983945,4.15748648433522e-12,2.59701667812069,"1029","Higher than gene average"
1435,"LOC126282259","Cation transmembrane transporter activity. It is involved in the biological process described with transmembrane transport","DEG in 3 diets",3,"33; 50; 83","Higher in infected","Diet 33; Diet 50; Diet 83: infected vs control",1.99679003315581,0.000536280525468495,3.17775880017826,"1029","Higher than gene average"
1436,"LOC126293181","Cysteine rich repeat","DEG in 3 diets",3,"33; 50; 83","Higher in infected","Diet 33; Diet 50; Diet 83: infected vs control",4.88730604018444,2.29076745807584e-06,2.86964889127052,"1015","Higher than gene average"
1437,"LOC126266789","no description","DEG in 1 diet",1,"50","Higher in infected","Diet 50: infected vs control",5.45011744692432,8.01382114075116e-06,2.55834084240491,"1029","Higher than gene average"
1438,"LOC126341853","Hypoxia induced protein conserved region","DEG in 1 diet",1,"50","Higher in infected","Diet 50: infected vs control",1.22208009515424,0.0070399792959394,2.57626067524269,"1029","Higher than gene average"
1439,"LOC126335083","Belongs to the type-B carboxylesterase lipase family","DEG in 3 diets",3,"33; 50; 83","Higher in infected","Diet 33; Diet 50; Diet 83: infected vs control",2.77674946186005,5.09647138976656e-07,2.3508411762775,"1058","Higher than gene average"
1440,"LOC126269416","Belongs to the thioredoxin family","DEG in 2 diets",2,"33; 50","Higher in infected","Diet 33; Diet 50: infected vs control",1.76841744556074,0.000641181475658505,2.91667054654894,"1058","Higher than gene average"
1441,"LOC126272609","no description","DEG in 3 diets",3,"33; 50; 83","Higher in infected","Diet 33; Diet 50; Diet 83: infected vs control",8.01416927369852,7.55949094268309e-21,2.53203153034278,"1029","Higher than gene average"
1442,"LOC126293526","no description","DEG in 3 diets",3,"33; 50; 83","Higher in infected","Diet 33; Diet 50; Diet 83: infected vs control",3.10595134128745,7.14920708174026e-10,2.38068055373073,"1029","Higher than gene average"
1443,"LOC126273192","It is involved in the biological process described with signal transduction","DEG in 3 diets",3,"33; 50; 83","Higher in infected","Diet 33; Diet 50; Diet 83: infected vs control",2.45720793177665,5.49493691550058e-07,2.17615419503836,"1052","Higher than gene average"
1444,"LOC126335565","heme binding. It is involved in the biological process described with oxidation-reduction process","DEG in 3 diets",3,"33; 50; 83","Higher in infected","Diet 33; Diet 50; Diet 83: infected vs control",4.73180277551896,1.0058434763413e-13,2.13614792852021,"1058","Higher than gene average"
1445,"LOC126272507","Domain of unknown function (DUF4804)","DEG in 3 diets",3,"33; 50; 83","Higher in infected","Diet 33; Diet 50; Diet 83: infected vs control",2.48917030092823,2.88519405838845e-10,2.45632442046463,"1058","Higher than gene average"
1446,"LOC126273130","Belongs to the type-B carboxylesterase lipase family","DEG in 2 diets",2,"33; 50","Higher in infected","Diet 33; Diet 50: infected vs control",4.62711793631138,1.01851951837674e-10,2.3224468845382,"1057","Higher than gene average"
1447,"LOC126357770","N-terminal EH-domain containing protein","DEG in 2 diets",2,"33; 50","Higher in infected","Diet 33; Diet 50: infected vs control",1.28806605147472,1.76619502853873e-05,3.10253891264166,"1029","Higher than gene average"
1448,"LOC126283976","WD domain, G-beta repeat","DEG in 3 diets",3,"33; 50; 83","Higher in infected","Diet 33; Diet 50; Diet 83: infected vs control",1.60493764423701,0.00162680445173145,2.4766955475611,"1057","Higher than gene average"
1449,"LOC126271975","Alpha-lactalbumin / lysozyme C","DEG in 2 diets",2,"33; 50","Higher in infected","Diet 33; Diet 50: infected vs control",7.4991952443199,3.58395874608312e-14,2.25701827166155,"1058","Higher than gene average"
1450,"LOC126336546","no description","DEG in 3 diets",3,"33; 50; 83","Higher in infected","Diet 33; Diet 50; Diet 83: infected vs control",5.37098458618795,1.04897665614738e-10,2.20388464205664,"1049","Higher than gene average"
1451,"LOC126297555","Natural resistance-associated macrophage protein","DEG in 3 diets",3,"33; 50; 83","Higher in infected","Diet 33; Diet 50; Diet 83: infected vs control",2.36755007410817,3.20255763735481e-10,2.02116883098945,"1058","Higher than gene average"
1452,"LOC126356364","CRAL/TRIO domain","DEG in 1 diet",1,"50","Higher in infected","Diet 50: infected vs control",1.55388710024596,0.000788308623885195,2.19387474860648,"1057","Higher than gene average"
1453,"LOC126279611","Solute carrier organic anion transporter family member","DEG in 3 diets",3,"33; 50; 83","Higher in infected","Diet 33; Diet 50; Diet 83: infected vs control",3.71298964968198,0.00255869337128518,2.16155131751002,"1016","Higher than gene average"
1454,"LOC126336772","Belongs to the PI3 PI4-kinase family","DEG in 2 diets",2,"50; 83","Higher in infected","Diet 50; Diet 83: infected vs control",1.36368159454955,1.99099720329062e-05,2.28566539217911,"1052","Higher than gene average"
1455,"LOC126353952","serine-type endopeptidase activity. It is involved in the biological process described with proteolysis","DEG in 3 diets",3,"33; 50; 83","Higher in infected","Diet 33; Diet 50; Diet 83: infected vs control",2.37631774715501,1.871974906285e-08,1.99841078970945,"1029","Higher than gene average"
1456,"LOC126285340","ankyrin repeats","DEG in 2 diets",2,"33; 50","Higher in infected","Diet 33; Diet 50: infected vs control",3.0016328289877,5.03498799800269e-13,2.29484553539458,"1029","Higher than gene average"
1457,"LOC126357156","pantothenate kinase activity. It is involved in the biological process described with coenzyme A biosynthetic process","DEG in 1 diet",1,"50","Higher in infected","Diet 50: infected vs control",2.00790323532542,0.00738400533875712,2.1937020498551,"1046","Higher than gene average"
1458,"LOC126336236","serine-type endopeptidase activity. It is involved in the biological process described with proteolysis","DEG in 3 diets",3,"33; 50; 83","Higher in infected","Diet 33; Diet 50; Diet 83: infected vs control",5.11366084095336,2.8125144444438e-08,2.72088324921794,"1029","Higher than gene average"
1459,"LOC126355940","amino acid transporter","DEG in 3 diets",3,"33; 50; 83","Higher in infected","Diet 33; Diet 50; Diet 83: infected vs control",4.24003001583787,3.12056097887767e-06,3.25794785559401,"1029","Higher than gene average"
1460,"LOC126336437","Domain of unknown function (DUF4470)","DEG in 2 diets",2,"33; 50","Higher in infected","Diet 33; Diet 50: infected vs control",1.729778114428,0.00501460948832951,2.30916946531071,"1029","Higher than gene average"
1461,"LOC126298354","heme binding. It is involved in the biological process described with oxidation-reduction process","DEG in 1 diet",1,"50","Higher in infected","Diet 50: infected vs control",1.95702414082464,0.00619755834651751,2.84456651675377,"1029","Higher than gene average"
1462,"LOC126355920","Interferon-related protein conserved region","DEG in 1 diet",1,"50","Higher in infected","Diet 50: infected vs control",1.4988019236254,0.0202791922897109,3.3815581420513,"1049","Higher than gene average"
1463,"LOC126336619","Domain of unknown function (DUF4149)","DEG in 1 diet",1,"50","Higher in infected","Diet 50: infected vs control",3.89856549911703,9.5143515608765e-07,2.69830034245817,"1028","Higher than gene average"
1464,"LOC126293577","no description","DEG in 2 diets",2,"33; 50","Higher in infected","Diet 33; Diet 50: infected vs control",2.63656260089701,4.74485460571589e-08,2.0594622020167,"1028","Higher than gene average"
1465,"LOC126297920","no description","DEG in 1 diet",1,"50","Higher in infected","Diet 50: infected vs control",4.57432098240467,3.82452266367505e-05,2.27545286851047,"1016","Higher than gene average"
1466,"LOC126354364","Found in Pit-Oct-Unc transcription factors","DEG in 2 diets",2,"33; 50","Higher in infected","Diet 33; Diet 50: infected vs control",1.37291104496642,0.00799423555464725,2.78626892790764,"1016","Higher than gene average"
1467,"LOC126285004","no description","DEG in 1 diet",1,"50","Higher in infected","Diet 50: infected vs control",4.61775694144478,0.0406391545903275,3.51784234322048,"1016","Higher than gene average"
1468,"LOC126281675","no description","DEG in 1 diet",1,"50","Higher in infected","Diet 50: infected vs control",1.54614670406103,0.00545140160930347,3.54743398250183,"1058","Higher than gene average"
1469,"LOC126281553","no description","DEG in 1 diet",1,"50","Higher in infected","Diet 50: infected vs control",2.66954448583584,0.0108087923274764,2.76580908731039,"1058","Higher than gene average"
1470,"LOC126299185","UTP glucose-1-phosphate uridylyltransferase activity. It is involved in the biological process described with UDP-glucose metabolic process","DEG in 1 diet",1,"50","Higher in infected","Diet 50: infected vs control",1.15587216873867,0.0262572623337034,2.89942117503715,"1058","Higher than gene average"
1471,"LOC126272382","activity. It is involved in the biological process described with oxidation-reduction process","DEG in 1 diet",1,"50","Higher in infected","Diet 50: infected vs control",2.9301491794483,0.000411169278668296,4.31810465788347,"1058","Higher than gene average"
1472,"LOC126354843","Selenium binding","DEG in 1 diet",1,"50","Higher in infected","Diet 50: infected vs control",1.26221500996595,0.0347594012796773,3.44106745054347,"1058","Higher than gene average"
1473,"LOC126278196","Enoyl-CoA hydratase/isomerase","DEG in 1 diet",1,"50","Higher in infected","Diet 50: infected vs control",1.48718173092217,0.00209502374868734,2.88895651609236,"1029","Higher than gene average"
1474,"LOC126280991","Lipocalin / cytosolic fatty-acid binding protein family","DEG in 1 diet",1,"50","Higher in infected","Diet 50: infected vs control",1.38701939313013,0.00769685297670775,3.31310193516812,"1029","Higher than gene average"
1475,"LOC126271945","Matrixin","DEG in 1 diet",1,"33","Higher in infected","Diet 33: infected vs control",1.65325990197572,0.0197603303945784,3.45200982826114,"1029","Higher than gene average"
1476,"LOC126336322","Knottins","DEG in 1 diet",1,"50","Higher in infected","Diet 50: infected vs control",3.81755314878956,0.0333613598570248,3.5802581741278,"1029","Higher than gene average"
1477,"LOC126360117","catalytic activity. It is involved in the biological process described with metabolic process","DEG in 1 diet",1,"50","Higher in infected","Diet 50: infected vs control",1.48325419752624,1.16212119673953e-10,2.32007746014301,"1029","Higher than gene average"
1478,"LOC126295065","no description","DEG in 2 diets",2,"33; 50","Higher in infected","Diet 33; Diet 50: infected vs control",1.70050760655844,0.000698259329199882,2.56511882636748,"1054","Higher than gene average"
1479,"LOC126354265","Transferase activity, transferring glycosyl groups","DEG in 2 diets",2,"33; 50","Higher in infected","Diet 33; Diet 50: infected vs control",1.06413430254891,1.65013737241772e-07,3.02166512472561,"1029","Higher than gene average"
1480,"LOC126356152","Leucine rich repeat","DEG in 2 diets",2,"33; 50","Higher in infected","Diet 33; Diet 50: infected vs control",1.47081530786385,1.58504687884015e-05,2.05664024535932,"1015","Higher than gene average"
1481,"LOC126336416","Hemocyanin, all-alpha domain","DEG in 3 diets",3,"33; 50; 83","Higher in infected","Diet 33; Diet 50; Diet 83: infected vs control",2.10311261136104,2.62377611063022e-13,2.2515247479408,"1002","Lower than gene average"
1482,"LOC126354914","Baculoviral inhibition of apoptosis protein repeat","DEG in 3 diets",3,"33; 50; 83","Higher in infected","Diet 33; Diet 50; Diet 83: infected vs control",1.81066563661936,1.23380358766319e-10,2.33753260283962,"1029","Higher than gene average"
1483,"LOC126267627","no description","DEG in 1 diet",1,"50","Higher in infected","Diet 50: infected vs control",1.60299754147647,0.0207471211443003,2.64578025704259,"1049","Higher than gene average"
1484,"LOC126273035","Insect pheromone-binding family, A10/OS-D","DEG in 1 diet",1,"50","Higher in infected","Diet 50: infected vs control",3.78928888929588,0.00649152650659928,2.93418510586689,"1054","Higher than gene average"
1485,"LOC126337023","Lactosylceramide 4-alpha-galactosyltransferase","DEG in 1 diet",1,"33","Higher in infected","Diet 33: infected vs control",1.05265194892288,0.00533147409895528,2.96475355006165,"1054","Higher than gene average"
1486,"LOC126284500","no description","DEG in 1 diet",1,"33","Higher in infected","Diet 33: infected vs control",1.14073279525222,0.0394370551001238,2.69043876795526,"1002","Lower than gene average"
1487,"LOC126278180","Retinal pigment epithelial membrane protein","DEG in 1 diet",1,"50","Higher in infected","Diet 50: infected vs control",1.23665101567669,6.24179240604885e-06,2.25101235720226,"1018","Higher than gene average"
1488,"LOC126292047","no description","DEG in 1 diet",1,"50","Higher in infected","Diet 50: infected vs control",1.02169810985067,0.00054822325385344,2.83410143138671,"1023","Higher than gene average"
1489,"LOC126355051","von Willebrand factor type C domain","DEG in 2 diets",2,"50; 83","Higher in infected","Diet 50; Diet 83: infected vs control",1.25669792663726,0.0165354307946123,2.2005667251913,"1016","Higher than gene average"
1490,"LOC126336504","Ceramidase","DEG in 1 diet",1,"50","Higher in infected","Diet 50: infected vs control",1.44367208380959,7.89162095978752e-05,2.0824531297435,"1027","Higher than gene average"
1491,"LOC126353997","Protein kinase domain","DEG in 1 diet",1,"83","Higher in infected","Diet 83: infected vs control",1.29122413666316,0.0113816110083254,2.6300138690674,"1029","Higher than gene average"
1492,"LOC126346304","no description","DEG in 2 diets",2,"50; 83","Higher in infected","Diet 50; Diet 83: infected vs control",1.07844815852263,1.35599531212747e-07,2.16884132357481,"1023","Higher than gene average"
1493,"LOC126278260","no description","DEG in 1 diet",1,"50","Higher in infected","Diet 50: infected vs control",1.09414190160192,5.70995977463863e-05,2.22134423157428,"1049","Higher than gene average"
1494,"LOC126271917","Immediate early response protein (IER)","DEG in 2 diets",2,"50; 83","Higher in infected","Diet 50; Diet 83: infected vs control",1.06800076727044,9.98554542030633e-05,2.07759727304726,"1029","Higher than gene average"
1495,"LOC126334930","May mediate the control of various cellular processes by insulin-like peptides. When phosphorylated by the insulin receptor binds specifically to various cellular proteins containing SH2 domains. Involved in control of cell proliferation, cell size, and body and organ growth throughout development. Also has a role in a signaling pathway controlling the physiological response required to endure periods of low nutrient conditions. Insulin insulin-like growth factor (IGF) signaling pathway has a role in regulating aging and is necessary in the ovary for vitellogenic maturation","DEG in 1 diet",1,"50","Higher in infected","Diet 50: infected vs control",1.05927254810279,7.88380504836544e-05,1.84492514665766,"1027","Higher than gene average"
1496,"LOC126272961","Tumour necrosis factor family.","DEG in 2 diets",2,"33; 83","Higher in infected","Diet 33; Diet 83: infected vs control",2.38292501106204,5.99292064312733e-06,2.14675058999234,"1015","Higher than gene average"
1497,"LOC126272082","Bile acid","DEG in 3 diets",3,"33; 50; 83","Higher in infected","Diet 33; Diet 50; Diet 83: infected vs control",2.37417197689815,0.000895627832680937,2.01380230791411,"1015","Higher than gene average"
1498,"LOC126365992","Ganglioside induced differentiation associated protein","DEG in 1 diet",1,"33","Higher in infected","Diet 33: infected vs control",1.07756442582776,0.00498135748551148,1.88163541499087,"1015","Higher than gene average"
1499,"LOC126354226","ankyrin repeats","DEG in 3 diets",3,"33; 50; 83","Higher in infected","Diet 33; Diet 50; Diet 83: infected vs control",1.73053654720388,3.2905269679259e-08,2.74749959922686,"1023","Higher than gene average"
1500,"LOC126272038","It is involved in the biological process described with regulation of lipid kinase activity","DEG in 3 diets",3,"33; 50; 83","Higher in infected","Diet 33; Diet 50; Diet 83: infected vs control",1.15940506935382,0.000540391732440221,2.11685835427597,"1027","Higher than gene average"
1501,"LOC126281245","It is involved in the biological process described with cysteinyl-tRNA aminoacylation","DEG in 3 diets",3,"33; 50; 83","Higher in infected","Diet 33; Diet 50; Diet 83: infected vs control",1.31727497031043,3.5334493575921e-11,2.58158425845134,"1023","Higher than gene average"
1502,"LOC126278673","DNA binding. It is involved in the biological process described with regulation of transcription, DNA-templated","DEG in 3 diets",3,"33; 50; 83","Higher in infected","Diet 33; Diet 50; Diet 83: infected vs control",5.01444459392297,2.8125144444438e-08,2.33087653858587,"1057","Higher than gene average"
1503,"LOC126267473","Pyrroline-5-carboxylate reductase","DEG in 2 diets",2,"33; 50","Higher in infected","Diet 33; Diet 50: infected vs control",2.37525468163085,1.16214578743988e-06,2.11512923843759,"1029","Higher than gene average"
1504,"LOC126335348","-","DEG in 3 diets",3,"33; 50; 83","Higher in infected","Diet 33; Diet 50; Diet 83: infected vs control",2.84307208992297,8.93676124603653e-14,2.56943478779686,"1027","Higher than gene average"
1505,"LOC126353855","Flavodoxin","DEG in 3 diets",3,"33; 50; 83","Higher in infected","Diet 33; Diet 50; Diet 83: infected vs control",1.46046175543771,6.55234019801235e-08,2.119922990179,"1027","Higher than gene average"
1506,"LOC126282995","no description","DEG in 3 diets",3,"33; 50; 83","Higher in infected","Diet 33; Diet 50; Diet 83: infected vs control",4.93216609484504,4.3981648782726e-27,1.95452255165319,"1027","Higher than gene average"
1507,"LOC126285413","transporter activity. It is involved in the biological process described with sodium ion transport","DEG in 3 diets",3,"33; 50; 83","Higher in infected","Diet 33; Diet 50; Diet 83: infected vs control",3.19153955223985,3.22770029293542e-18,2.65756791559317,"1029","Higher than gene average"
1508,"LOC126322572","It is involved in the biological process described with","DEG in 3 diets",3,"33; 50; 83","Higher in infected","Diet 33; Diet 50; Diet 83: infected vs control",2.94741703504242,1.75225349757199e-08,2.23146855076971,"1027","Higher than gene average"
1509,"LOC126278127","no description","DEG in 3 diets",3,"33; 50; 83","Higher in infected","Diet 33; Diet 50; Diet 83: infected vs control",7.66288286770978,6.52472033886115e-16,2.28363069106303,"1027","Higher than gene average"
1510,"LOC126281481","Belongs to the glycosyl hydrolase 47 family","DEG in 3 diets",3,"33; 50; 83","Higher in infected","Diet 33; Diet 50; Diet 83: infected vs control",2.53577913889564,9.01602796423115e-14,2.05689930404371,"1015","Higher than gene average"
1511,"LOC126278069","Gag P30 core shell protein","DEG in 2 diets",2,"33; 50","Higher in infected","Diet 33; Diet 50: infected vs control",4.85903968132246,4.34622240381076e-05,2.19417298645983,"1016","Higher than gene average"
1512,"LOC126284371","7 transmembrane receptor (rhodopsin family)","DEG in 3 diets",3,"33; 50; 83","Higher in infected","Diet 33; Diet 50; Diet 83: infected vs control",2.23780248980309,0.000184824493685314,2.30581329799503,"1027","Higher than gene average"
1513,"LOC126273306","-","DEG in 2 diets",2,"33; 50","Higher in infected","Diet 33; Diet 50: infected vs control",1.77500908501439,7.90107435057094e-08,2.04233729583091,"1029","Higher than gene average"
1514,"LOC126356065","cationic amino acid transporter","DEG in 2 diets",2,"33; 50","Higher in infected","Diet 33; Diet 50: infected vs control",1.68920405070895,5.6894486149679e-09,2.23167966031263,"1029","Higher than gene average"
1515,"LOC126297421","Carboxylic ester hydrolase activity. It is involved in the biological process described with lipid metabolic process","DEG in 2 diets",2,"33; 50","Higher in infected","Diet 33; Diet 50: infected vs control",4.89184666175547,2.88286843465595e-13,2.08437705230229,"1049","Higher than gene average"
1516,"LOC126292043","no description","DEG in 3 diets",3,"33; 50; 83","Higher in infected","Diet 33; Diet 50; Diet 83: infected vs control",4.11722307626472,6.64498462539226e-19,1.86407884799541,"1025","Higher than gene average"
1517,"LOC126298063","sequence-specific DNA binding. It is involved in the biological process described with regulation of transcription, DNA-templated","DEG in 3 diets",3,"33; 50; 83","Higher in infected","Diet 33; Diet 50; Diet 83: infected vs control",2.01136744968164,3.09307784280876e-08,2.28974243075454,"1029","Higher than gene average"
1518,"LOC126278259","sequence-specific DNA binding. It is involved in the biological process described with regulation of transcription, DNA-templated","DEG in 3 diets",3,"33; 50; 83","Higher in infected","Diet 33; Diet 50; Diet 83: infected vs control",2.75806840601585,1.94486569193236e-14,2.39597331942237,"1029","Higher than gene average"
1519,"LOC126334818","Lipopolysaccharide kinase (Kdo/WaaP) family","DEG in 3 diets",3,"33; 50; 83","Higher in infected","Diet 33; Diet 50; Diet 83: infected vs control",2.03950973740125,1.52978172243067e-11,1.98811752948421,"1029","Higher than gene average"
1520,"LOC126284880","Choline ethanolamine kinase","DEG in 3 diets",3,"33; 50; 83","Higher in infected","Diet 33; Diet 50; Diet 83: infected vs control",1.45188014639384,5.2944038233927e-07,2.09143521800617,"1025","Higher than gene average"
1521,"LOC126356328","-","DEG in 3 diets",3,"33; 50; 83","Higher in infected","Diet 33; Diet 50; Diet 83: infected vs control",4.28943438759744,1.49898737108005e-06,2.341020446463,"1029","Higher than gene average"
1522,"LOC126272087","Dipeptidyl peptidase IV (DPP IV) N-terminal region","DEG in 2 diets",2,"50; 83","Higher in infected","Diet 50; Diet 83: infected vs control",1.85780331041028,0.000703097799517155,2.35564918326401,"1027","Higher than gene average"
1523,"LOC126356252","endoplasmic reticulum polarization","DEG in 3 diets",3,"33; 50; 83","Higher in infected","Diet 33; Diet 50; Diet 83: infected vs control",1.17321419025033,2.8815580512722e-05,2.65973375444227,"1029","Higher than gene average"
1524,"LOC126271991","It is involved in the biological process described with","DEG in 1 diet",1,"83","Higher in infected","Diet 83: infected vs control",1.12350763968764,0.00318368169881604,2.13324249864018,"1029","Higher than gene average"
1525,"LOC126335700","no description","DEG in 3 diets",3,"33; 50; 83","Higher in infected","Diet 33; Diet 50; Diet 83: infected vs control",11.0544933393811,2.2813510172172e-18,1.91831287474821,"1055","Higher than gene average"
1526,"LOC126266760","N-acetylmuramoyl-L-alanine amidase activity. It is involved in the biological process described with peptidoglycan catabolic process","DEG in 3 diets",3,"33; 50; 83","Higher in infected","Diet 33; Diet 50; Diet 83: infected vs control",2.82099081140577,2.1872365943574e-12,2.30302881977584,"1052","Higher than gene average"
1527,"LOC126336414","Larval serum protein","DEG in 3 diets",3,"33; 50; 83","Higher in infected","Diet 33; Diet 50; Diet 83: infected vs control",6.78388478174748,1.01723148478947e-17,1.83505667714775,"1054","Higher than gene average"
1528,"LOC126336565","-","DEG in 3 diets",3,"33; 50; 83","Higher in infected","Diet 33; Diet 50; Diet 83: infected vs control",2.25906456820003,1.36228472120302e-32,2.23121359899556,"1029","Higher than gene average"
1529,"LOC126345497","Cell surface proteoglycan","DEG in 3 diets",3,"33; 50; 83","Higher in infected","Diet 33; Diet 50; Diet 83: infected vs control",2.81090796558991,1.2968646524808e-23,2.07053498003892,"1029","Higher than gene average"
1530,"LOC126365959","Possible membrane-associated motif in LPS-induced tumor necrosis factor alpha factor (LITAF), also known as PIG7, and other animal proteins.","DEG in 3 diets",3,"33; 50; 83","Higher in infected","Diet 33; Diet 50; Diet 83: infected vs control",1.27088265034067,1.16069117384789e-11,2.03463865646775,"1027","Higher than gene average"
1531,"LOC126282528","erythroblast transformation specific domain","DEG in 3 diets",3,"33; 50; 83","Higher in infected","Diet 33; Diet 50; Diet 83: infected vs control",2.4049129481588,2.51814525276135e-11,2.07616801910407,"1040","Lower than gene average"
1532,"LOC126279309","Mediator of CRAC channel activity","DEG in 3 diets",3,"33; 50; 83","Higher in infected","Diet 33; Diet 50; Diet 83: infected vs control",2.70860049471472,5.05843255084648e-25,1.66254167847886,"1015","Higher than gene average"
1533,"LOC126356135","no description","DEG in 3 diets",3,"33; 50; 83","Higher in infected","Diet 33; Diet 50; Diet 83: infected vs control",5.46502282403385,1.49154571855164e-12,1.61215234991028,"1040","Lower than gene average"
1534,"LOC126356122","Anaphase-promoting complex subunit 4 WD40 domain","DEG in 2 diets",2,"33; 50","Higher in infected","Diet 33; Diet 50: infected vs control",2.0943330886542,1.14110348383255e-09,2.1135957380718,"1054","Higher than gene average"
1535,"LOC126299506","Ephrin receptor ligand binding domain","DEG in 2 diets",2,"33; 50","Higher in infected","Diet 33; Diet 50: infected vs control",1.16939184414576,2.83390278562344e-10,2.41163543972008,"1023","Higher than gene average"
1536,"LOC126266593","ankyrin repeat","DEG in 3 diets",3,"33; 50; 83","Higher in infected","Diet 33; Diet 50; Diet 83: infected vs control",1.8355670446694,9.58598794787621e-24,2.26576415520841,"1023","Higher than gene average"
1537,"LOC126275497","Leucine rich repeat","DEG in 3 diets",3,"33; 50; 83","Higher in infected","Diet 33; Diet 50; Diet 83: infected vs control",2.987913573642,7.93970459099794e-14,2.29525045286042,"1029","Higher than gene average"
1538,"LOC126272858","It is involved in the biological process described with","DEG in 3 diets",3,"33; 50; 83","Higher in infected","Diet 33; Diet 50; Diet 83: infected vs control",2.34398618069625,4.72827457373764e-09,2.42244698180774,"1027","Higher than gene average"
1539,"LOC126355684","Sugar (and other) transporter","DEG in 2 diets",2,"33; 50","Higher in infected","Diet 33; Diet 50: infected vs control",2.54131964925491,3.27364678007491e-16,2.10451500876273,"1015","Higher than gene average"
1540,"LOC126341434","Transferase activity, transferring phosphorus-containing groups","DEG in 3 diets",3,"33; 50; 83","Higher in infected","Diet 33; Diet 50; Diet 83: infected vs control",2.13971518318639,1.24678823445396e-07,2.34614605155434,"1029","Higher than gene average"
1541,"LOC126336375","It is involved in the biological process described with","DEG in 3 diets",3,"33; 50; 83","Higher in infected","Diet 33; Diet 50; Diet 83: infected vs control",2.93127376742563,1.44897875148122e-12,2.27416463614567,"1027","Higher than gene average"
1542,"LOC126291884","A Receptor for Ubiquitination Targets","DEG in 2 diets",2,"50; 83","Higher in infected","Diet 50; Diet 83: infected vs control",1.42777683095747,3.41379515636806e-11,2.21604099559994,"1027","Higher than gene average"
1543,"LOC126335470","Belongs to the serpin family","DEG in 2 diets",2,"33; 50","Higher in infected","Diet 33; Diet 50: infected vs control",1.74010278860361,9.77445564314654e-08,2.07053636418011,"1027","Higher than gene average"
1544,"LOC126278128","meprin and TRAF homology","DEG in 3 diets",3,"33; 50; 83","Higher in infected","Diet 33; Diet 50; Diet 83: infected vs control",2.46906352882501,3.94932728029273e-09,2.23661823178672,"1015","Higher than gene average"
1545,"LOC126295494","no description","DEG in 2 diets",2,"33; 50","Higher in infected","Diet 33; Diet 50: infected vs control",1.38593280539705,2.37922272010204e-06,2.08050761401394,"1046","Higher than gene average"
1546,"LOC126325232","MTH538 TIR-like domain (DUF1863)","DEG in 3 diets",3,"33; 50; 83","Higher in infected","Diet 33; Diet 50; Diet 83: infected vs control",4.68090422328973,7.93200348851111e-18,2.38947446748371,"1058","Higher than gene average"
1547,"LOC126336583","no description","DEG in 3 diets",3,"33; 50; 83","Higher in infected","Diet 33; Diet 50; Diet 83: infected vs control",4.39226424016794,1.20880130064269e-13,2.62015712976741,"1058","Higher than gene average"
1548,"LOC126343175","Transferrins are iron binding transport proteins which bind Fe(3 ) ion in association with the binding of an anion, usually bicarbonate","DEG in 3 diets",3,"33; 50; 83","Higher in infected","Diet 33; Diet 50; Diet 83: infected vs control",3.39610019506737,1.57981074545438e-12,1.99168195515897,"1058","Higher than gene average"
1549,"LOC126273222","-","DEG in 3 diets",3,"33; 50; 83","Higher in infected","Diet 33; Diet 50; Diet 83: infected vs control",4.39014048772481,1.02359258206801e-08,1.73863673362397,"1054","Higher than gene average"
1550,"LOC126284640","no description","DEG in 3 diets",3,"33; 50; 83","Higher in infected","Diet 33; Diet 50; Diet 83: infected vs control",3.27350633328346,1.09595129083483e-11,2.10923052906713,"1057","Higher than gene average"
1551,"LOC126278707","Trypsin","DEG in 3 diets",3,"33; 50; 83","Higher in infected","Diet 33; Diet 50; Diet 83: infected vs control",3.83979914819997,8.19612333068617e-17,2.09430517292045,"1058","Higher than gene average"
1552,"LOC126354256","Glycosyl hydrolases family 16","DEG in 3 diets",3,"33; 50; 83","Higher in infected","Diet 33; Diet 50; Diet 83: infected vs control",4.81439767127943,1.72816430197986e-11,2.1358329903252,"1058","Higher than gene average"
1553,"LOC126285462","Animal peptidoglycan recognition proteins homologous to Bacteriophage T3 lysozyme.","DEG in 3 diets",3,"33; 50; 83","Higher in infected","Diet 33; Diet 50; Diet 83: infected vs control",3.79884949753276,1.48818760291954e-31,1.76506380970555,"1054","Higher than gene average"
1554,"LOC126291582","VPS10","DEG in 3 diets",3,"33; 50; 83","Higher in infected","Diet 33; Diet 50; Diet 83: infected vs control",2.44647528546793,2.14235124195772e-16,1.7397668421382,"1027","Higher than gene average"
1555,"LOC126292248","VPS10","DEG in 3 diets",3,"33; 50; 83","Higher in infected","Diet 33; Diet 50; Diet 83: infected vs control",2.41312651629591,3.34971810926204e-11,1.80971374110972,"1058","Higher than gene average"
1556,"LOC126268068","Animal peptidoglycan recognition proteins homologous to Bacteriophage T3 lysozyme.","DEG in 2 diets",2,"33; 50","Higher in infected","Diet 33; Diet 50: infected vs control",2.34932136228776,1.46118459323763e-11,1.80613939771851,"1027","Higher than gene average"
1557,"LOC126283979","no description","DEG in 2 diets",2,"33; 50","Higher in infected","Diet 33; Diet 50: infected vs control",1.63881347464301,0.0011099628252379,2.30789368844966,"1040","Lower than gene average"
1558,"LOC126346580","Chitinase activity. It is involved in the biological process described with carbohydrate metabolic process","DEG in 2 diets",2,"33; 50","Higher in infected","Diet 33; Diet 50: infected vs control",2.03877526234174,3.03378357839482e-06,2.59701264918449,"1027","Higher than gene average"
1559,"LOC126329358","no description","DEG in 3 diets",3,"33; 50; 83","Higher in infected","Diet 33; Diet 50; Diet 83: infected vs control",2.88979715823142,8.51129265822468e-12,1.89185310620238,"1027","Higher than gene average"
1560,"LOC126292044","no description","DEG in 3 diets",3,"33; 50; 83","Higher in infected","Diet 33; Diet 50; Diet 83: infected vs control",1.86818528739193,0.000172546276563458,2.7031136791749,"1027","Higher than gene average"
1561,"LOC126353958","Major royal jelly protein","DEG in 3 diets",3,"33; 50; 83","Higher in infected","Diet 33; Diet 50; Diet 83: infected vs control",2.88756508898406,8.52914967499129e-05,1.99710675377778,"1029","Higher than gene average"
1562,"LOC126285233","no description","DEG in 2 diets",2,"50; 83","Higher in infected","Diet 50; Diet 83: infected vs control",3.02266031105194,5.69910918596912e-07,1.91216585641928,"1007","Lower than gene average"
1563,"LOC126267163","N-acetylmuramoyl-L-alanine amidase activity. It is involved in the biological process described with peptidoglycan catabolic process","DEG in 3 diets",3,"33; 50; 83","Higher in infected","Diet 33; Diet 50; Diet 83: infected vs control",4.41072778238026,3.87722035460189e-15,1.86292810719446,"1054","Higher than gene average"
1564,"LOC126293287","Epidermal growth factor-like domain.","DEG in 3 diets",3,"33; 50; 83","Higher in infected","Diet 33; Diet 50; Diet 83: infected vs control",3.14104975534047,6.27684260821669e-14,2.1413655368687,"1027","Higher than gene average"
1565,"LOC126292237","no description","DEG in 3 diets",3,"33; 50; 83","Higher in infected","Diet 33; Diet 50; Diet 83: infected vs control",1.81235770040704,8.51933419077908e-10,2.08906124455874,"1025","Higher than gene average"
1566,"LOC126334947","Leucine rich repeat N-terminal domain","DEG in 3 diets",3,"33; 50; 83","Higher in infected","Diet 33; Diet 50; Diet 83: infected vs control",1.86036096312879,7.93970459099794e-14,2.12161337224895,"1027","Higher than gene average"
1567,"LOC126355203","PDGF/VEGF domain","DEG in 2 diets",2,"33; 50","Higher in infected","Diet 33; Diet 50: infected vs control",2.49039397467415,1.52255710119566e-12,2.10795251126773,"1027","Higher than gene average"
1568,"LOC126299332","Lipid transporter activity. It is involved in the biological process described with lipid transport","DEG in 3 diets",3,"33; 50; 83","Higher in infected","Diet 33; Diet 50; Diet 83: infected vs control",2.10623606034734,5.6810959770852e-13,2.02275375445313,"1002","Lower than gene average"
1569,"LOC126354704","Serine-type endopeptidase inhibitor activity","DEG in 3 diets",3,"33; 50; 83","Higher in infected","Diet 33; Diet 50; Diet 83: infected vs control",2.20718776955195,2.80122644349521e-12,2.05517746746215,"1016","Higher than gene average"
1570,"LOC126335229","no description","DEG in 3 diets",3,"33; 50; 83","Higher in infected","Diet 33; Diet 50; Diet 83: infected vs control",1.70679533668617,5.73336384272368e-11,2.29695287226864,"1002","Lower than gene average"
1571,"LOC126293269","Homeodomain","DEG in 2 diets",2,"33; 50","Higher in infected","Diet 33; Diet 50: infected vs control",1.39394132277774,2.14017067847349e-13,2.29894943535457,"1023","Higher than gene average"
1572,"LOC126355938","Insect pheromone-binding family, A10/OS-D","DEG in 2 diets",2,"33; 50","Higher in infected","Diet 33; Diet 50: infected vs control",5.1914813839662,1.66133363962683e-18,2.24929589881215,"1029","Higher than gene average"
1573,"LOC126282073","GDP/GTP exchange factor Sec2p","DEG in 3 diets",3,"33; 50; 83","Higher in infected","Diet 33; Diet 50; Diet 83: infected vs control",2.17099260072327,1.80167754248955e-13,1.82140221179134,"1054","Higher than gene average"
1574,"LOC126325205","TIR domain","DEG in 3 diets",3,"33; 50; 83","Higher in infected","Diet 33; Diet 50; Diet 83: infected vs control",2.92206614185062,1.82925025483529e-13,2.03677308506109,"1054","Higher than gene average"
1575,"LOC126293672","Pyridoxamine 5'-phosphate oxidase","DEG in 3 diets",3,"33; 50; 83","Higher in infected","Diet 33; Diet 50; Diet 83: infected vs control",2.95294269107108,1.22742497575651e-18,2.2511786566782,"1027","Higher than gene average"
1576,"LOC126335828","MTH538 TIR-like domain (DUF1863)","DEG in 3 diets",3,"33; 50; 83","Higher in infected","Diet 33; Diet 50; Diet 83: infected vs control",3.47686971610631,1.50154505179507e-26,2.00280320253006,"1054","Higher than gene average"
1577,"LOC126279018","-","DEG in 3 diets",3,"33; 50; 83","Higher in infected","Diet 33; Diet 50; Diet 83: infected vs control",3.22265614012578,4.93566117690777e-25,1.68666783602051,"1054","Higher than gene average"
1578,"LOC126272353","no description","DEG in 3 diets",3,"33; 50; 83","Higher in infected","Diet 33; Diet 50; Diet 83: infected vs control",2.73761773019846,1.21067344541499e-10,1.71390381376921,"1036","Lower than gene average"
1579,"LOC126365759","no description","DEG in 2 diets",2,"33; 50","Higher in infected","Diet 33; Diet 50: infected vs control",4.19088217351952,1.19623432743554e-09,1.86809371231551,"1036","Lower than gene average"
1580,"LOC126283989","Gamma glutamyl transpeptidases","DEG in 2 diets",2,"33; 50","Higher in infected","Diet 33; Diet 50: infected vs control",3.55541426247804,9.06020873695947e-05,1.72965262238398,"1028","Higher than gene average"
1581,"LOC126354788","amino acid transporter","DEG in 1 diet",1,"50","Higher in infected","Diet 50: infected vs control",4.94290700854114,9.22631696862951e-06,1.45312007572355,"1028","Higher than gene average"
1582,"LOC126295040","meprin and TRAF homology","DEG in 3 diets",3,"33; 50; 83","Higher in infected","Diet 33; Diet 50; Diet 83: infected vs control",7.36143688278247,3.79622903247905e-23,1.95905859040092,"1027","Higher than gene average"
1583,"LOC126335709","activity. It is involved in the biological process described with oxidation-reduction process","DEG in 2 diets",2,"33; 50","Higher in infected","Diet 33; Diet 50: infected vs control",10.0610222114852,1.56815939294148e-26,1.37524423022997,"1027","Higher than gene average"
1584,"LOC126295163","no description","DEG in 3 diets",3,"33; 50; 83","Higher in infected","Diet 33; Diet 50; Diet 83: infected vs control",3.47349777504728,4.2015954936448e-06,1.96504851471832,"1032","Lower than gene average"
1585,"LOC126334999","no description","DEG in 2 diets",2,"33; 50","Higher in infected","Diet 33; Diet 50: infected vs control",3.1398394894359,5.08645446961552e-05,1.82954307621719,"1040","Lower than gene average"
1586,"LOC126292039","no description","DEG in 3 diets",3,"33; 50; 83","Higher in infected","Diet 33; Diet 50; Diet 83: infected vs control",3.41133691405443,1.43351626038972e-07,2.31862299730235,"1023","Higher than gene average"
1587,"LOC126294949","meprin and TRAF homology","DEG in 3 diets",3,"33; 50; 83","Higher in infected","Diet 33; Diet 50; Diet 83: infected vs control",4.01043955810169,4.93944312557184e-13,2.2805468640118,"1027","Higher than gene average"
1588,"LOC126360693","Peptidase C13 family","DEG in 3 diets",3,"33; 50; 83","Higher in infected","Diet 33; Diet 50; Diet 83: infected vs control",2.53547209040222,1.20104472431974e-11,2.23396228368388,"1027","Higher than gene average"
1589,"LOC126339755","Vault protein inter-alpha-trypsin domain","DEG in 3 diets",3,"33; 50; 83","Higher in infected","Diet 33; Diet 50; Diet 83: infected vs control",3.78504760730791,4.41162721919862e-13,1.88149143684738,"1036","Lower than gene average"
1590,"LOC126339612","Vault protein inter-alpha-trypsin domain","DEG in 3 diets",3,"33; 50; 83","Higher in infected","Diet 33; Diet 50; Diet 83: infected vs control",3.6094460331239,6.00844657811473e-08,2.01147323364019,"1040","Lower than gene average"
1591,"LOC126268164","activity. It is involved in the biological process described with intracellular signal transduction","DEG in 3 diets",3,"33; 50; 83","Higher in infected","Diet 33; Diet 50; Diet 83: infected vs control",2.5161849836136,5.26577201027904e-10,2.77405919695276,"1023","Higher than gene average"
1592,"LOC126277867","7 transmembrane receptor (Secretin family)","DEG in 2 diets",2,"33; 50","Higher in infected","Diet 33; Diet 50: infected vs control",2.01213334351444,1.31524814498048e-05,3.15865707877396,"1023","Higher than gene average"
1593,"LOC126332140","no description","DEG in 3 diets",3,"33; 50; 83","Higher in infected","Diet 33; Diet 50; Diet 83: infected vs control",8.36791003183518,9.58598794787621e-24,2.41694495628085,"1027","Higher than gene average"
1594,"LOC126336578","Immunoglobulin V-set domain","DEG in 3 diets",3,"33; 50; 83","Higher in infected","Diet 33; Diet 50; Diet 83: infected vs control",5.19772798416463,3.53053427897395e-11,1.73512207246734,"1027","Higher than gene average"
1595,"LOC126332318","no description","DEG in 3 diets",3,"33; 50; 83","Higher in infected","Diet 33; Diet 50; Diet 83: infected vs control",8.72000920373997,5.77634111896947e-21,1.49133446254321,"1027","Higher than gene average"
1596,"LOC126332302","no description","DEG in 3 diets",3,"33; 50; 83","Higher in infected","Diet 33; Diet 50; Diet 83: infected vs control",8.8042111909428,5.13177742216713e-16,1.67652981312231,"1027","Higher than gene average"
1597,"LOC126335966","Belongs to the glycosyltransferase 43 family","DEG in 3 diets",3,"33; 50; 83","Higher in infected","Diet 33; Diet 50; Diet 83: infected vs control",6.80771476007362,2.55574500844572e-21,2.01119517153955,"1015","Higher than gene average"
1598,"LOC126285457","Catalyzes the reduction of fatty acyl-CoA to fatty alcohols","DEG in 3 diets",3,"33; 50; 83","Higher in infected","Diet 33; Diet 50; Diet 83: infected vs control",3.52170047946278,2.16024768764495e-16,1.86680676525428,"1054","Higher than gene average"
1599,"LOC126356221","Belongs to the CTL (choline transporter-like) family","DEG in 3 diets",3,"33; 50; 83","Higher in infected","Diet 33; Diet 50; Diet 83: infected vs control",2.12800605246241,5.3120111275428e-10,2.28324265259791,"1023","Higher than gene average"
1600,"LOC126354146","Calcium ion binding","DEG in 3 diets",3,"33; 50; 83","Higher in infected","Diet 33; Diet 50; Diet 83: infected vs control",2.17343854555887,5.27457886150623e-13,2.1920582558968,"1027","Higher than gene average"
1601,"LOC126293557","Four repeated domains in the Fasciclin I family of proteins, present in many other contexts.","DEG in 3 diets",3,"33; 50; 83","Higher in infected","Diet 33; Diet 50; Diet 83: infected vs control",2.61271549352627,3.71953431680257e-08,1.8023931241052,"1027","Higher than gene average"
1602,"LOC126354142","Major Facilitator Superfamily","DEG in 3 diets",3,"33; 50; 83","Higher in infected","Diet 33; Diet 50; Diet 83: infected vs control",4.06708250473909,0.0014988760563715,2.95840855267485,"1023","Higher than gene average"
1603,"LOC126267243","no description","DEG in 1 diet",1,"50","Higher in infected","Diet 50: infected vs control",4.18599742141845,0.00342444640971496,2.20029990937888,"1028","Higher than gene average"
1604,"LOC126335468","Belongs to the serpin family","DEG in 3 diets",3,"33; 50; 83","Higher in infected","Diet 33; Diet 50; Diet 83: infected vs control",4.99132300648467,1.09024973366198e-15,2.53823517581099,"1027","Higher than gene average"
1605,"LOC126294950","no description","DEG in 3 diets",3,"33; 50; 83","Higher in infected","Diet 33; Diet 50; Diet 83: infected vs control",5.01977701493204,6.01391984696414e-13,2.89792115365675,"1027","Higher than gene average"
1606,"LOC126293387","no description","DEG in 3 diets",3,"33; 50; 83","Higher in infected","Diet 33; Diet 50; Diet 83: infected vs control",1.60385015943439,3.92310292505703e-27,2.62937555435279,"1027","Higher than gene average"
1607,"LOC126281598","sequence-specific DNA binding. It is involved in the biological process described with regulation of transcription, DNA-templated","DEG in 2 diets",2,"33; 50","Higher in infected","Diet 33; Diet 50: infected vs control",1.37365830139957,1.13080345332618e-06,2.9837696896531,"1023","Higher than gene average"
1608,"LOC126356285","MTH538 TIR-like domain (DUF1863)","DEG in 3 diets",3,"33; 50; 83","Higher in infected","Diet 33; Diet 50; Diet 83: infected vs control",4.5598795812042,5.12906926660901e-22,2.95429259914686,"1023","Higher than gene average"
1609,"LOC126355303","Transporter activity. It is involved in the biological process described with transmembrane transport","DEG in 3 diets",3,"33; 50; 83","Higher in infected","Diet 33; Diet 50; Diet 83: infected vs control",4.36874537914972,3.27501754910129e-20,2.60805714305983,"1027","Higher than gene average"
1610,"LOC126356066","Copine","DEG in 3 diets",3,"33; 50; 83","Higher in infected","Diet 33; Diet 50; Diet 83: infected vs control",1.20418750114462,2.2088038526393e-11,2.13258817587788,"1023","Higher than gene average"
1611,"LOC126278962","-","DEG in 3 diets",3,"33; 50; 83","Higher in infected","Diet 33; Diet 50; Diet 83: infected vs control",3.27748678425542,2.45533220249882e-29,1.72247011627287,"1002","Lower than gene average"
1612,"LOC126322280","Pleckstrin homology domain.","DEG in 1 diet",1,"50","Higher in infected","Diet 50: infected vs control",1.00475306049942,4.38232995436468e-10,2.0515601619954,"1002","Lower than gene average"
1613,"LOC126283383","Converts protoheme IX and farnesyl diphosphate to heme O","DEG in 2 diets",2,"50; 83","Higher in infected","Diet 50; Diet 83: infected vs control",1.24425401162625,3.82748556159429e-06,2.45178396787569,"1029","Higher than gene average"
1614,"LOC126349011","Trypsin-like serine protease","DEG in 3 diets",3,"33; 50; 83","Higher in infected","Diet 33; Diet 50; Diet 83: infected vs control",2.74656684475748,1.7304194309595e-12,2.67445838998848,"1023","Higher than gene average"
1615,"LOC126334835","It is involved in the biological process described with transmembrane transport","DEG in 3 diets",3,"33; 50; 83","Higher in infected","Diet 33; Diet 50; Diet 83: infected vs control",1.84968905058248,6.99415668767075e-12,2.44686831203832,"1029","Higher than gene average"
1616,"LOC126324969","no description","DEG in 3 diets",3,"33; 50; 83","Higher in infected","Diet 33; Diet 50; Diet 83: infected vs control",2.82318592699709,1.26428214835425e-07,2.56690756994913,"1015","Higher than gene average"
1617,"LOC126266759","N-acetylmuramoyl-L-alanine amidase activity. It is involved in the biological process described with peptidoglycan catabolic process","DEG in 3 diets",3,"33; 50; 83","Higher in infected","Diet 33; Diet 50; Diet 83: infected vs control",3.17539727262612,5.658535905882e-10,2.24585725980508,"1023","Higher than gene average"
1618,"LOC126267343","N-acetylmuramoyl-L-alanine amidase activity. It is involved in the biological process described with peptidoglycan catabolic process","DEG in 3 diets",3,"33; 50; 83","Higher in infected","Diet 33; Diet 50; Diet 83: infected vs control",2.3479469485579,6.5546763897119e-10,2.28809423751796,"1028","Higher than gene average"
1619,"LOC126355939","amino acid transporter","DEG in 3 diets",3,"33; 50; 83","Higher in infected","Diet 33; Diet 50; Diet 83: infected vs control",6.53566986732542,3.79798930612691e-18,1.8224781169423,"1015","Higher than gene average"
1620,"LOC126281499","Multidrug resistance protein homolog 49-like","DEG in 3 diets",3,"33; 50; 83","Higher in infected","Diet 33; Diet 50; Diet 83: infected vs control",4.77628071383108,4.36780284428163e-13,2.13877458452929,"1046","Higher than gene average"
1621,"LOC126365849","Guanyl-nucleotide exchange factor activity. It is involved in the biological process described with small GTPase mediated signal transduction","DEG in 3 diets",3,"33; 50; 83","Higher in infected","Diet 33; Diet 50; Diet 83: infected vs control",2.805573802011,3.67363110751019e-15,2.31981468120176,"1029","Higher than gene average"
1622,"LOC126336593","Zinc finger, C2H2 type","DEG in 3 diets",3,"33; 50; 83","Higher in infected","Diet 33; Diet 50; Diet 83: infected vs control",4.0847176286724,1.52255710119566e-12,2.11203090494441,"1052","Higher than gene average"
1623,"LOC126293188","A Receptor for Ubiquitination Targets","DEG in 3 diets",3,"33; 50; 83","Higher in infected","Diet 33; Diet 50; Diet 83: infected vs control",1.78531821291718,1.7203457132318e-09,2.10363842791508,"1027","Higher than gene average"
1624,"LOC126277955","PDGF/VEGF domain","DEG in 3 diets",3,"33; 50; 83","Higher in infected","Diet 33; Diet 50; Diet 83: infected vs control",2.02853293982077,4.97158858998669e-19,2.51562335544152,"1023","Higher than gene average"
1625,"LOC126282034","ATP binding. It is involved in the biological process described with protein phosphorylation","DEG in 3 diets",3,"33; 50; 83","Higher in infected","Diet 33; Diet 50; Diet 83: infected vs control",3.21947451578317,5.63580580772092e-29,2.21488846576332,"1023","Higher than gene average"
1626,"LOC126277903","-","DEG in 3 diets",3,"33; 50; 83","Higher in infected","Diet 33; Diet 50; Diet 83: infected vs control",3.27877207651955,3.61977834272156e-10,2.17215906559642,"1023","Higher than gene average"
1627,"LOC126272608","Metal ion binding","DEG in 1 diet",1,"33","Higher in infected","Diet 33: infected vs control",3.97400673069785,0.0147261406231322,2.58466192274608,"1024","Higher than gene average"
1628,"LOC126282193","Metalloendopeptidase inhibitor activity","DEG in 1 diet",1,"33","Higher in infected","Diet 33: infected vs control",1.06413390724525,0.0358644711842031,2.83482442097363,"1057","Higher than gene average"
1629,"LOC126281936","RNA helicase","DEG in 1 diet",1,"50","Higher in infected","Diet 50: infected vs control",1.02445907708328,0.0051322021540369,2.1113189821872,"1058","Higher than gene average"
1630,"LOC126354871","Belongs to the major facilitator superfamily. Sugar transporter (TC 2.A.1.1) family","DEG in 3 diets",3,"33; 50; 83","Higher in infected","Diet 33; Diet 50; Diet 83: infected vs control",2.49323224631449,7.84488193203763e-05,2.28314027862405,"1049","Higher than gene average"
1631,"LOC126340122","no description","DEG in 1 diet",1,"50","Higher in infected","Diet 50: infected vs control",2.63870823496088,0.000240273029310255,2.25523588166947,"1024","Higher than gene average"
1632,"LOC126340111","no description","DEG in 1 diet",1,"50","Higher in infected","Diet 50: infected vs control",2.60396374106204,0.000490276656255589,2.00896356464084,"1049","Higher than gene average"
1633,"LOC126278279","It is involved in the biological process described with","DEG in 1 diet",1,"50","Higher in infected","Diet 50: infected vs control",1.45946338126157,3.90300135756324e-05,2.75592636965816,"1029","Higher than gene average"
1634,"LOC126267333","nucleotide binding","DEG in 2 diets",2,"33; 50","Higher in infected","Diet 33; Diet 50: infected vs control",2.13794774872275,0.00297269954531598,2.11228462531317,"1057","Higher than gene average"
1635,"LOC126298530","Elongation of very long chain fatty acids protein","DEG in 1 diet",1,"50","Higher in infected","Diet 50: infected vs control",2.38127447732354,0.000465626214904611,2.19618829775776,"1024","Higher than gene average"
1636,"LOC126281527","helix-turn-helix, Psq domain","DEG in 2 diets",2,"33; 50","Higher in infected","Diet 33; Diet 50: infected vs control",2.46019148150845,0.000855683556073007,4.10597254214498,"1029","Higher than gene average"
1637,"LOC126281626","Belongs to the transient receptor (TC 1.A.4) family","DEG in 1 diet",1,"50","Higher in infected","Diet 50: infected vs control",1.28659644428973,0.0344323008406836,2.76313455891898,"1029","Higher than gene average"
1638,"LOC126336638","Sugar (and other) transporter","DEG in 1 diet",1,"50","Higher in infected","Diet 50: infected vs control",2.25868569203106,0.000215780695578581,2.66808610547958,"1058","Higher than gene average"
1639,"LOC126292051","no description","DEG in 1 diet",1,"50","Higher in infected","Diet 50: infected vs control",2.48132921339343,0.0103453552140004,2.35653037459684,"1049","Higher than gene average"
1640,"LOC126271895","Belongs to the cytochrome b5 family","DEG in 3 diets",3,"33; 50; 83","Higher in infected","Diet 33; Diet 50; Diet 83: infected vs control",2.82276066838468,0.000472689278504416,2.45379317643951,"1029","Higher than gene average"
1641,"LOC126337043","Metal ion binding","DEG in 1 diet",1,"33","Higher in infected","Diet 33: infected vs control",1.05404617193601,0.000662231771663195,1.88974492977428,"1020","Higher than gene average"
1642,"LOC126355485","phosphatidate phosphatase","DEG in 2 diets",2,"33; 50","Higher in infected","Diet 33; Diet 50: infected vs control",2.55667629823642,1.45680811828982e-06,2.121983942572,"1020","Higher than gene average"
1643,"LOC126266950","no description","DEG in 1 diet",1,"50","Higher in infected","Diet 50: infected vs control",1.21406605674432,0.00475262174209563,2.07334626905222,"1058","Higher than gene average"
1644,"LOC126330722","-","DEG in 1 diet",1,"83","Higher in infected","Diet 83: infected vs control",2.52167114077777,0.0243219890948578,2.6251053496374,"1037","Higher than gene average"
1645,"LOC126341697","metallocarboxypeptidase activity. It is involved in the biological process described with proteolysis","DEG in 1 diet",1,"50","Higher in infected","Diet 50: infected vs control",1.02937384380991,0.0324993918096831,1.81308754142808,"1041","Lower than gene average"
1646,"LOC126348838","-","DEG in 1 diet",1,"50","Higher in infected","Diet 50: infected vs control",1.49623056523136,0.0248693405709726,3.17137428082902,"1006","Higher than gene average"
1647,"LOC126278722","-","DEG in 1 diet",1,"50","Higher in infected","Diet 50: infected vs control",1.34595004122233,0.0457966877952621,3.03239431379198,"1027","Higher than gene average"
1648,"LOC126311259","no description","DEG in 1 diet",1,"50","Higher in infected","Diet 50: infected vs control",4.25522918171854,0.00108183572994743,2.56315246583686,"1014","Higher than gene average"
1649,"LOC126356818","no description","DEG in 1 diet",1,"50","Higher in infected","Diet 50: infected vs control",4.26344076331763,0.00406627454813136,2.55992538018416,"1014","Higher than gene average"
1650,"LOC126355180","Filamin-type immunoglobulin domains","DEG in 1 diet",1,"50","Higher in infected","Diet 50: infected vs control",1.01552292012298,0.00498314873534597,2.77181860776468,"1014","Higher than gene average"
1651,"LOC126284507","no description","DEG in 1 diet",1,"33","Higher in infected","Diet 33: infected vs control",1.66680878501046,0.0474554002892051,3.1115863879557,"1014","Higher than gene average"
1652,"LOC126335167","Belongs to the serpin family","DEG in 1 diet",1,"50","Higher in infected","Diet 50: infected vs control",1.09759162928682,0.0293347059233268,2.46037021648077,"1035","Higher than gene average"
1653,"LOC126355534","no description","DEG in 1 diet",1,"50","Higher in infected","Diet 50: infected vs control",1.84040051468868,0.0456769648254863,2.60725846523901,"1014","Higher than gene average"
1654,"LOC126268138","protein serine threonine kinase activity. It is involved in the biological process described with protein phosphorylation","DEG in 1 diet",1,"83","Higher in infected","Diet 83: infected vs control",1.08266837363645,0.0380534517469642,2.30261136649773,"1016","Higher than gene average"
1655,"LOC126355861","no description","DEG in 1 diet",1,"50","Higher in infected","Diet 50: infected vs control",1.06127149894688,0.00541755733659345,2.15919384745358,"1027","Higher than gene average"
1656,"LOC126292259","Belongs to the inositol phosphokinase (IPK) family","DEG in 1 diet",1,"50","Higher in infected","Diet 50: infected vs control",1.26830489089303,0.00915632458874063,1.92043269948162,"1049","Higher than gene average"
1657,"LOC126281663","meprin and TRAF homology","DEG in 1 diet",1,"50","Higher in infected","Diet 50: infected vs control",1.04789200589257,0.00813112929306094,2.18687734733359,"1023","Higher than gene average"
1658,"LOC126268521","no description","DEG in 2 diets",2,"50; 83","Higher in infected","Diet 50; Diet 83: infected vs control",1.65212768935733,0.00101105954247974,2.12217307932858,"1024","Higher than gene average"
1659,"LOC126292260","-","DEG in 1 diet",1,"83","Higher in infected","Diet 83: infected vs control",1.04442425833573,0.0432555777770106,2.7897322332987,"1027","Higher than gene average"
1660,"LOC126295344","RUN","DEG in 1 diet",1,"50","Higher in infected","Diet 50: infected vs control",1.21154649119,5.91246900047575e-05,2.69986783540455,"1023","Higher than gene average"
1661,"LOC126295469","Rho guanyl-nucleotide exchange factor activity. It is involved in the biological process described with regulation of Rho protein signal transduction","DEG in 1 diet",1,"50","Higher in infected","Diet 50: infected vs control",1.0304611434106,0.0059815530904269,2.9300925242926,"1023","Higher than gene average"
1662,"LOC126279005","Calcium ion binding. It is involved in the biological process described with cell cycle arrest","DEG in 1 diet",1,"83","Higher in infected","Diet 83: infected vs control",1.41646793734057,0.000197863864160082,3.21859812330305,"1023","Higher than gene average"
1663,"LOC126284103","Belongs to the peptidase C19 family","DEG in 1 diet",1,"83","Higher in infected","Diet 83: infected vs control",1.03317637066833,0.00543646829849198,2.78951883647769,"1023","Higher than gene average"
1664,"LOC126293250","Calcium-dependent calmodulin binding","DEG in 1 diet",1,"33","Higher in control","Diet 33: infected vs control",1.15450068510914,0.0221309096349711,2.10739242601858,"1055","Lower than gene average"
1665,"LOC126293693","synaptic vesicle","DEG in 1 diet",1,"83","Higher in infected","Diet 83: infected vs control",2.24009345572798,0.0418753580111998,2.3981624283378,"1052","Lower than gene average"
1666,"LOC126295101","Transferase activity, transferring acyl groups","DEG in 1 diet",1,"50","Higher in infected","Diet 50: infected vs control",1.04702239543287,0.00852065526341776,2.37968152225907,"1014","Higher than gene average"
1667,"LOC126335539","Inward rectifier potassium channel activity. It is involved in the biological process described with potassium ion transport","DEG in 1 diet",1,"83","Higher in infected","Diet 83: infected vs control",1.13831504496794,0.022521340388814,3.09786748419471,"1014","Higher than gene average"
1668,"LOC126284419","no description","DEG in 1 diet",1,"83","Higher in infected","Diet 83: infected vs control",1.1057791992206,0.00968729474194748,2.69799143107014,"1049","Higher than gene average"
1669,"LOC126356831","no description","DEG in 2 diets",2,"50; 83","Higher in infected","Diet 50; Diet 83: infected vs control",2.42498758679024,0.0100421412210709,2.13548859611044,"1024","Higher than gene average"
1670,"LOC126293386","Animal haem peroxidase","DEG in 1 diet",1,"83","Higher in infected","Diet 83: infected vs control",1.1031574540965,0.00778997587778551,2.03666038387147,"1049","Higher than gene average"
1671,"LOC126353756","ATP-dependent RNA helicase","DEG in 1 diet",1,"83","Higher in infected","Diet 83: infected vs control",1.06773319201,0.00424440588322294,2.99733164039538,"1014","Higher than gene average"
1672,"LOC126279056","U11 U12 small nuclear ribonucleoprotein 48 kDa","DEG in 1 diet",1,"83","Higher in infected","Diet 83: infected vs control",1.01307510684449,0.00458923307028577,2.77195623104383,"1014","Higher than gene average"
1673,"LOC126354013","-","DEG in 1 diet",1,"83","Higher in infected","Diet 83: infected vs control",1.35284833965458,0.0174628724483549,3.51474216424016,"1023","Higher than gene average"
1674,"LOC126313415","Forkhead associated domain","DEG in 1 diet",1,"83","Higher in infected","Diet 83: infected vs control",1.18189539581886,0.0372019789826243,2.76504596800443,"1023","Higher than gene average"
1675,"LOC126353854","HD domain","DEG in 1 diet",1,"83","Higher in infected","Diet 83: infected vs control",1.40241929746722,0.000879154983132803,3.00227000749578,"1023","Higher than gene average"
1676,"LOC126336225","no description","DEG in 1 diet",1,"83","Higher in infected","Diet 83: infected vs control",1.95355567239029,0.00996111925758948,3.88597820715669,"1016","Higher than gene average"
1677,"LOC126309709","no description","DEG in 1 diet",1,"50","Higher in infected","Diet 50: infected vs control",2.3143294407814,0.0101576992659143,3.75487426771538,"1016","Higher than gene average"
1678,"LOC126302191","no description","DEG in 1 diet",1,"83","Higher in infected","Diet 83: infected vs control",1.65448990944204,0.0254618059143058,2.79995763659679,"1023","Higher than gene average"
1679,"LOC126309705","no description","DEG in 1 diet",1,"50","Higher in infected","Diet 50: infected vs control",1.92748657358547,0.00488813936572578,3.74728728251127,"1016","Higher than gene average"
1680,"LOC126301643","no description","DEG in 2 diets",2,"50; 83","Higher in infected","Diet 50; Diet 83: infected vs control",2.13014231788948,0.0183140270727771,3.31429343584879,"1016","Higher than gene average"
1681,"LOC126313187","no description","DEG in 1 diet",1,"50","Higher in infected","Diet 50: infected vs control",1.46314132889544,0.0409950327248366,3.41390342578298,"1016","Higher than gene average"
1682,"LOC126293751","no description","DEG in 1 diet",1,"50","Higher in infected","Diet 50: infected vs control",1.57621207238223,0.0408595629387299,2.78625195902088,"1016","Higher than gene average"
1683,"LOC126358175","no description","DEG in 1 diet",1,"50","Higher in infected","Diet 50: infected vs control",1.42389601038799,0.0494513702916253,3.41228408489626,"1016","Higher than gene average"
1684,"LOC126298694","no description","DEG in 1 diet",1,"83","Higher in infected","Diet 83: infected vs control",2.03704174792658,0.0212265744966678,3.41329897881692,"1016","Higher than gene average"
1685,"LOC126365913","no description","DEG in 2 diets",2,"33; 50","Higher in infected","Diet 33; Diet 50: infected vs control",1.67248996241459,0.00927415163675609,3.62903500904073,"1016","Higher than gene average"
1686,"LOC126354509","no description","DEG in 2 diets",2,"50; 83","Higher in infected","Diet 50; Diet 83: infected vs control",1.98397375688143,0.00932967594054539,3.38687005108739,"1016","Higher than gene average"
1687,"LOC126305058","no description","DEG in 1 diet",1,"50","Higher in infected","Diet 50: infected vs control",1.32116690073742,0.0099594304811632,3.05563593350297,"1016","Higher than gene average"
1688,"LOC126309706","no description","DEG in 1 diet",1,"50","Higher in infected","Diet 50: infected vs control",1.6098341331555,0.00709293240907351,3.26576221274095,"1016","Higher than gene average"
1689,"LOC126302167","no description","DEG in 1 diet",1,"50","Higher in infected","Diet 50: infected vs control",1.5190647302422,0.0283641085293009,3.47639507787727,"1016","Higher than gene average"
1690,"LOC126305117","no description","DEG in 3 diets",3,"33; 50; 83","Higher in infected","Diet 33; Diet 50; Diet 83: infected vs control",1.64249322598142,0.0135647721826375,3.45528548605065,"1016","Higher than gene average"
1691,"LOC126292301","no description","DEG in 1 diet",1,"50","Higher in infected","Diet 50: infected vs control",1.62220230890639,0.00885201032977052,3.1561597495064,"1016","Higher than gene average"
1692,"LOC126305118","no description","DEG in 1 diet",1,"50","Higher in infected","Diet 50: infected vs control",2.37862712263974,0.000894996102411236,2.55438005133521,"1016","Higher than gene average"
1693,"LOC126293629","no description","DEG in 2 diets",2,"33; 50","Higher in infected","Diet 33; Diet 50: infected vs control",1.67117106793282,0.00573613612477873,3.31518843032385,"1016","Higher than gene average"
1694,"LOC126301328","no description","DEG in 1 diet",1,"83","Higher in infected","Diet 83: infected vs control",2.16058489978334,0.0286561112443907,3.30688786541089,"1016","Higher than gene average"
1695,"LOC126301639","no description","DEG in 1 diet",1,"50","Higher in infected","Diet 50: infected vs control",2.39339988222947,0.00637609464673185,3.36631350737086,"1016","Higher than gene average"
1696,"LOC126313188","no description","DEG in 3 diets",3,"33; 50; 83","Higher in infected","Diet 33; Diet 50; Diet 83: infected vs control",1.85631494877135,0.00325979421939557,2.89502748748542,"1016","Higher than gene average"
1697,"LOC126292302","no description","DEG in 2 diets",2,"50; 83","Higher in infected","Diet 50; Diet 83: infected vs control",1.72983295270173,0.0103921723841367,2.6668842647711,"1016","Higher than gene average"
1698,"LOC126267575","no description","DEG in 3 diets",3,"33; 50; 83","Higher in infected","Diet 33; Diet 50; Diet 83: infected vs control",1.97712107958343,0.00612223813262056,3.17382984365744,"1016","Higher than gene average"
1699,"LOC126301637","no description","DEG in 2 diets",2,"33; 50","Higher in infected","Diet 33; Diet 50: infected vs control",1.55740604706099,0.00534495295932683,3.13121415998338,"1016","Higher than gene average"
1700,"LOC126301324","no description","DEG in 2 diets",2,"33; 83","Higher in infected","Diet 33; Diet 83: infected vs control",1.96490011754231,0.0266343088201845,2.72363695392836,"1016","Higher than gene average"
1701,"LOC126302232","no description","DEG in 2 diets",2,"33; 83","Higher in infected","Diet 33; Diet 83: infected vs control",1.74753584864813,0.0104885536820899,3.35650038479823,"1016","Higher than gene average"
1702,"LOC126278644","no description","DEG in 1 diet",1,"50","Higher in infected","Diet 50: infected vs control",1.4721758081833,0.0421623210791105,2.95611089559694,"1016","Higher than gene average"
1703,"LOC126278174","-","DEG in 1 diet",1,"50","Higher in infected","Diet 50: infected vs control",2.91211004763115,0.0472330357779542,3.29313345458734,"1016","Higher than gene average"
1704,"LOC126354870","Hedgehog receptor activity","DEG in 1 diet",1,"50","Higher in infected","Diet 50: infected vs control",1.61862097556606,0.0322608862538034,3.54522591032422,"1016","Higher than gene average"
1705,"LOC126273010","chemosensory protein","DEG in 1 diet",1,"50","Higher in infected","Diet 50: infected vs control",2.00152680953099,0.0379041968368736,2.6165130533518,"1016","Higher than gene average"
1706,"LOC126278221","C-terminal cystine knot-like domain (CTCK)","DEG in 1 diet",1,"50","Higher in infected","Diet 50: infected vs control",5.41866017716453,0.00674238813482452,4.02411457463942,"1058","Higher than gene average"
1707,"LOC126278381","-","DEG in 1 diet",1,"50","Higher in infected","Diet 50: infected vs control",2.58352054353081,0.00714236315881274,4.38104138215507,"1016","Higher than gene average"
1708,"LOC126272508","-","DEG in 1 diet",1,"50","Higher in infected","Diet 50: infected vs control",2.61327379322947,0.0100440259124811,4.8375996120322,"1016","Higher than gene average"
1709,"LOC126291913","N-acetyltransferase activity","DEG in 1 diet",1,"50","Higher in infected","Diet 50: infected vs control",2.03911921024046,5.79969188130138e-05,4.54423385363509,"1016","Higher than gene average"
1710,"LOC126365925","amino acid transporter","DEG in 1 diet",1,"50","Higher in infected","Diet 50: infected vs control",5.15460119972554,0.0188149144512205,4.50053086874834,"1016","Higher than gene average"
1711,"LOC126345402","Pleckstrin homology domain.","DEG in 1 diet",1,"50","Higher in infected","Diet 50: infected vs control",1.49435260470991,0.000234136679815267,3.5244674749627,"1023","Higher than gene average"
1712,"LOC126272718","Solute carrier family 12","DEG in 2 diets",2,"33; 50","Higher in infected","Diet 33; Diet 50: infected vs control",2.20280954316184,0.000746565855770221,4.00454725480916,"1016","Higher than gene average"
1713,"LOC126293451","Beta-catenin binding. It is involved in the biological process described with negative regulation of Wnt signaling pathway","DEG in 1 diet",1,"50","Higher in infected","Diet 50: infected vs control",1.10739789429875,0.00941787476341924,3.39004152192468,"1016","Higher than gene average"
1714,"LOC126298556","GDNF/GAS1 domain","DEG in 1 diet",1,"50","Higher in infected","Diet 50: infected vs control",3.01101171691809,0.00975707197500003,3.23736882333251,"1016","Higher than gene average"
1715,"LOC126298455","Beat protein","DEG in 1 diet",1,"33","Higher in infected","Diet 33: infected vs control",1.95052819720423,0.0210470995634983,4.56433403224147,"1016","Higher than gene average"
1716,"LOC126293180","no description","DEG in 3 diets",3,"33; 50; 83","Higher in infected","Diet 33; Diet 50; Diet 83: infected vs control",2.29002247705057,0.000359458866186856,2.5868500498139,"1015","Higher than gene average"
1717,"LOC126324937","-","DEG in 2 diets",2,"33; 50","Higher in infected","Diet 33; Diet 50: infected vs control",2.9076157161271,9.3748067847833e-05,3.06365431362259,"1015","Higher than gene average"
1718,"LOC126299228","no description","DEG in 2 diets",2,"33; 50","Higher in infected","Diet 33; Diet 50: infected vs control",3.94242909659053,0.00472674583420911,2.59358417420506,"1027","Higher than gene average"
1719,"LOC126297964","Ammonium transporter","DEG in 1 diet",1,"50","Higher in infected","Diet 50: infected vs control",3.12050348358214,0.035972837219625,3.22445292875845,"1015","Higher than gene average"
1720,"LOC126295189","no description","DEG in 1 diet",1,"50","Higher in infected","Diet 50: infected vs control",2.22541312885641,0.00023359655606351,2.88578226249432,"1015","Higher than gene average"
1721,"LOC126335471","Belongs to the serpin family","DEG in 1 diet",1,"50","Higher in infected","Diet 50: infected vs control",4.34093092079542,0.00342726184394792,2.19476483996474,"1016","Higher than gene average"
1722,"LOC126271434","Tetraspanin family","DEG in 1 diet",1,"50","Higher in infected","Diet 50: infected vs control",5.89990228447522,0.000326655748606532,2.18424774371913,"1023","Higher than gene average"
1723,"LOC126272939","cytochrome p450","DEG in 1 diet",1,"50","Higher in infected","Diet 50: infected vs control",4.21347788935817,0.00868876430821863,2.80940537248383,"1024","Higher than gene average"
1724,"LOC126266985","MADF","DEG in 1 diet",1,"50","Higher in infected","Diet 50: infected vs control",3.87746848507393,0.0319603332326386,4.20106491012092,"1023","Higher than gene average"
1725,"LOC126297752","Lipase","DEG in 1 diet",1,"50","Higher in infected","Diet 50: infected vs control",1.58394638258158,0.0219602881068198,2.9238600151532,"1023","Higher than gene average"
1726,"LOC126273322","no description","DEG in 1 diet",1,"50","Higher in infected","Diet 50: infected vs control",2.02066206044222,0.0280511660514282,2.7346661449197,"1015","Higher than gene average"
1727,"LOC126295449","Protein DDI1 homolog","DEG in 1 diet",1,"50","Higher in infected","Diet 50: infected vs control",1.41132251869486,0.00218720536896032,2.34007797392318,"1050","Lower than gene average"
1728,"LOC126272510","Domain first found in C1r, C1s, uEGF, and bone morphogenetic protein.","DEG in 1 diet",1,"50","Higher in infected","Diet 50: infected vs control",5.08704948039248,9.31337515939187e-05,3.43538475777615,"1016","Higher than gene average"
1729,"LOC126272992","no description","DEG in 1 diet",1,"50","Higher in infected","Diet 50: infected vs control",3.20128958266989,0.00465775853970845,3.52089626385857,"1052","Higher than gene average"
1730,"LOC126355725","Lissencephaly type-1-like homology motif","DEG in 1 diet",1,"50","Higher in infected","Diet 50: infected vs control",1.34010547551499,0.00302883657242528,2.93537515396963,"1016","Higher than gene average"
1731,"LOC126361126","Glucose dehydrogenase FAD, quinone -like","DEG in 1 diet",1,"50","Higher in infected","Diet 50: infected vs control",1.99459747087506,0.0442013736211485,2.7807087888513,"1016","Higher than gene average"
