"gene_id","diet","direction","padj","log2FoldChange","Selection","Preferred_name","Description","GOs","KEGG_ko","KEGG_Pathway","PFAMs","curated_annotation_text","Functional_theme","DEG_diet_count","DEG_diets","DEG_direction_summary","min_padj","max_abs_lfc","DEG_class","vst_variance"
"LOC126335463","50","Higher in infected",6.18775881515788e-17,6.9904249895082,"Top DEG","-","Belongs to the serpin family","-","-","-","-","- Belongs to the serpin family - - - -","Immune-related",3,"33, 50, 83","Higher in infected",6.18775881515788e-17,6.9904249895082,"DEG",NA
"LOC126285462",NA,NA,NA,NA,"Functional candidate","-","Animal peptidoglycan recognition proteins homologous to Bacteriophage T3 lysozyme.","GO:0000270,GO:0002218,GO:0002221,GO:0002253,GO:0002376,GO:0002682,GO:0002684,GO:0002757,GO:0002758,GO:0002764,GO:0003674,GO:0005488,GO:0005515,GO:0005539,GO:0005575,GO:0005576,GO:0006022,GO:0006026,GO:0006027,GO:0006807,GO:0006950,GO:0006952,GO:0006955,GO:0007154,GO:0007165,GO:0007166,GO:0007275,GO:0007568,GO:0008150,GO:0008152,GO:0008329,GO:0008340,GO:0009056,GO:0009057,GO:0009253,GO:0009605,GO:0009607,GO:0009617,GO:0009987,GO:0010259,GO:0016019,GO:0023052,GO:0030203,GO:0031347,GO:0031349,GO:0032501,GO:0032502,GO:0038023,GO:0038187,GO:0042742,GO:0042834,GO:0043170,GO:0043207,GO:0045087,GO:0045088,GO:0045089,GO:0048518,GO:0048583,GO:0048584,GO:0048856,GO:0050776,GO:0050778,GO:0050789,GO:0050794,GO:0050830,GO:0050896,GO:0051704,GO:0051707,GO:0051716,GO:0060089,GO:0061057,GO:0065007,GO:0071704,GO:0080134,GO:0097367,GO:0098542,GO:1901135,GO:1901136,GO:1901564,GO:1901565,GO:1901575","ko:K01446","-","Amidase_2","- Animal peptidoglycan recognition proteins homologous to Bacteriophage T3 lysozyme. GO:0000270,GO:0002218,GO:0002221,GO:0002253,GO:0002376,GO:0002682,GO:0002684,GO:0002757,GO:0002758,GO:0002764,GO:0003674,GO:0005488,GO:0005515,GO:0005539,GO:0005575,GO:0005576,GO:0006022,GO:0006026,GO:0006027,GO:0006807,GO:0006950,GO:0006952,GO:0006955,GO:0007154,GO:0007165,GO:0007166,GO:0007275,GO:0007568,GO:0008150,GO:0008152,GO:0008329,GO:0008340,GO:0009056,GO:0009057,GO:0009253,GO:0009605,GO:0009607,GO:0009617,GO:0009987,GO:0010259,GO:0016019,GO:0023052,GO:0030203,GO:0031347,GO:0031349,GO:0032501,GO:0032502,GO:0038023,GO:0038187,GO:0042742,GO:0042834,GO:0043170,GO:0043207,GO:0045087,GO:0045088,GO:0045089,GO:0048518,GO:0048583,GO:0048584,GO:0048856,GO:0050776,GO:0050778,GO:0050789,GO:0050794,GO:0050830,GO:0050896,GO:0051704,GO:0051707,GO:0051716,GO:0060089,GO:0061057,GO:0065007,GO:0071704,GO:0080134,GO:0097367,GO:0098542,GO:1901135,GO:1901136,GO:1901564,GO:1901565,GO:1901575 ko:K01446 - Amidase_2","Immune-related",3,"33, 50, 83","Higher in infected",5.14427648403709e-13,3.80047450433475,"DEG",2.30915863658474
"LOC126271975",NA,NA,NA,NA,"Functional candidate","-","Alpha-lactalbumin / lysozyme C","GO:0003674,GO:0003796,GO:0003824,GO:0004553,GO:0005575,GO:0005576,GO:0005615,GO:0006950,GO:0006952,GO:0008150,GO:0008152,GO:0009056,GO:0009605,GO:0009607,GO:0009617,GO:0009987,GO:0016787,GO:0016798,GO:0016998,GO:0042742,GO:0043170,GO:0043207,GO:0044036,GO:0044237,GO:0044248,GO:0044260,GO:0044421,GO:0050829,GO:0050830,GO:0050896,GO:0051704,GO:0051707,GO:0061783,GO:0071554,GO:0071704,GO:0098542","ko:K13915","ko04970,map04970","Lys","- Alpha-lactalbumin / lysozyme C GO:0003674,GO:0003796,GO:0003824,GO:0004553,GO:0005575,GO:0005576,GO:0005615,GO:0006950,GO:0006952,GO:0008150,GO:0008152,GO:0009056,GO:0009605,GO:0009607,GO:0009617,GO:0009987,GO:0016787,GO:0016798,GO:0016998,GO:0042742,GO:0043170,GO:0043207,GO:0044036,GO:0044237,GO:0044248,GO:0044260,GO:0044421,GO:0050829,GO:0050830,GO:0050896,GO:0051704,GO:0051707,GO:0061783,GO:0071554,GO:0071704,GO:0098542 ko:K13915 ko04970,map04970 Lys","Immune-related",3,"33, 50, 83","Higher in infected",5.08536935579296e-12,7.49540217322589,"DEG",8.77410797697394
"LOC126267215","83","Higher in infected",6.78284988253931e-08,5.23348511612096,"Top DEG","PGRPLA","Animal peptidoglycan recognition proteins homologous to Bacteriophage T3 lysozyme.","GO:0000270,GO:0002376,GO:0003674,GO:0005488,GO:0005539,GO:0005575,GO:0005623,GO:0005886,GO:0005887,GO:0006022,GO:0006026,GO:0006027,GO:0006807,GO:0006950,GO:0006952,GO:0006955,GO:0008150,GO:0008152,GO:0009056,GO:0009057,GO:0009253,GO:0009605,GO:0009607,GO:0009617,GO:0016020,GO:0016021,GO:0030203,GO:0031224,GO:0031226,GO:0042834,GO:0043170,GO:0043207,GO:0044425,GO:0044459,GO:0044464,GO:0045087,GO:0050896,GO:0051704,GO:0051707,GO:0071704,GO:0071944,GO:0097367,GO:1901135,GO:1901136,GO:1901564,GO:1901565,GO:1901575","ko:K01446","-","Amidase_2","PGRPLA Animal peptidoglycan recognition proteins homologous to Bacteriophage T3 lysozyme. GO:0000270,GO:0002376,GO:0003674,GO:0005488,GO:0005539,GO:0005575,GO:0005623,GO:0005886,GO:0005887,GO:0006022,GO:0006026,GO:0006027,GO:0006807,GO:0006950,GO:0006952,GO:0006955,GO:0008150,GO:0008152,GO:0009056,GO:0009057,GO:0009253,GO:0009605,GO:0009607,GO:0009617,GO:0016020,GO:0016021,GO:0030203,GO:0031224,GO:0031226,GO:0042834,GO:0043170,GO:0043207,GO:0044425,GO:0044459,GO:0044464,GO:0045087,GO:0050896,GO:0051704,GO:0051707,GO:0071704,GO:0071944,GO:0097367,GO:1901135,GO:1901136,GO:1901564,GO:1901565,GO:1901575 ko:K01446 - Amidase_2","Immune-related",3,"33, 50, 83","Higher in infected",1.41719705410961e-10,5.53080727788498,"DEG",NA
"LOC126266760",NA,NA,NA,NA,"Functional candidate","-","N-acetylmuramoyl-L-alanine amidase activity. It is involved in the biological process described with peptidoglycan catabolic process","-","ko:K01446","-","Amidase_2","- N-acetylmuramoyl-L-alanine amidase activity. It is involved in the biological process described with peptidoglycan catabolic process - ko:K01446 - Amidase_2","Immune-related",3,"33, 50, 83","Higher in infected",7.45820805227745e-10,2.81401389623369,"DEG",1.37462721829781
"LOC126336578",NA,NA,NA,NA,"Functional candidate","-","Immunoglobulin V-set domain","-","-","-","I-set,Ig_3,V-set,ig","- Immunoglobulin V-set domain - - - I-set,Ig_3,V-set,ig","Immune-related",3,"33, 50, 83","Higher in infected",8.2891459925464e-10,5.17732309115063,"DEG",8.12371857954687
"LOC126267163",NA,NA,NA,NA,"Functional candidate","-","N-acetylmuramoyl-L-alanine amidase activity. It is involved in the biological process described with peptidoglycan catabolic process","GO:0002218,GO:0002221,GO:0002225,GO:0002252,GO:0002253,GO:0002376,GO:0002682,GO:0002684,GO:0002697,GO:0002699,GO:0002700,GO:0002702,GO:0002757,GO:0002758,GO:0002759,GO:0002760,GO:0002764,GO:0002784,GO:0002786,GO:0002803,GO:0002805,GO:0002807,GO:0002808,GO:0002813,GO:0002831,GO:0002833,GO:0002920,GO:0002922,GO:0003674,GO:0005488,GO:0005515,GO:0005539,GO:0005575,GO:0005622,GO:0005623,GO:0005737,GO:0005886,GO:0005887,GO:0006810,GO:0006897,GO:0006909,GO:0006950,GO:0006952,GO:0006955,GO:0006959,GO:0006963,GO:0006964,GO:0007154,GO:0007165,GO:0007166,GO:0008150,GO:0008329,GO:0009605,GO:0009607,GO:0009615,GO:0009617,GO:0009889,GO:0009891,GO:0009893,GO:0009966,GO:0009967,GO:0009987,GO:0010646,GO:0010647,GO:0016019,GO:0016020,GO:0016021,GO:0016192,GO:0016327,GO:0019222,GO:0019730,GO:0019731,GO:0023051,GO:0023052,GO:0023056,GO:0031224,GO:0031226,GO:0031323,GO:0031325,GO:0031326,GO:0031328,GO:0031347,GO:0031349,GO:0032101,GO:0032103,GO:0034248,GO:0034250,GO:0035007,GO:0038023,GO:0038187,GO:0042742,GO:0042834,GO:0043207,GO:0043455,GO:0043900,GO:0043902,GO:0044214,GO:0044424,GO:0044425,GO:0044456,GO:0044459,GO:0044464,GO:0045087,GO:0045088,GO:0045089,GO:0045202,GO:0046983,GO:0048167,GO:0048518,GO:0048522,GO:0048583,GO:0048584,GO:0050776,GO:0050778,GO:0050789,GO:0050794,GO:0050804,GO:0050829,GO:0050896,GO:0051171,GO:0051173,GO:0051179,GO:0051234,GO:0051607,GO:0051704,GO:0051707,GO:0051716,GO:0060089,GO:0061057,GO:0061058,GO:0061059,GO:0065007,GO:0065008,GO:0071944,GO:0080134,GO:0089717,GO:0097367,GO:0097458,GO:0098542,GO:0098590,GO:0098657,GO:0098793,GO:0099177,GO:1900424,GO:1900426","ko:K01446","-","Amidase_2","- N-acetylmuramoyl-L-alanine amidase activity. It is involved in the biological process described with peptidoglycan catabolic process GO:0002218,GO:0002221,GO:0002225,GO:0002252,GO:0002253,GO:0002376,GO:0002682,GO:0002684,GO:0002697,GO:0002699,GO:0002700,GO:0002702,GO:0002757,GO:0002758,GO:0002759,GO:0002760,GO:0002764,GO:0002784,GO:0002786,GO:0002803,GO:0002805,GO:0002807,GO:0002808,GO:0002813,GO:0002831,GO:0002833,GO:0002920,GO:0002922,GO:0003674,GO:0005488,GO:0005515,GO:0005539,GO:0005575,GO:0005622,GO:0005623,GO:0005737,GO:0005886,GO:0005887,GO:0006810,GO:0006897,GO:0006909,GO:0006950,GO:0006952,GO:0006955,GO:0006959,GO:0006963,GO:0006964,GO:0007154,GO:0007165,GO:0007166,GO:0008150,GO:0008329,GO:0009605,GO:0009607,GO:0009615,GO:0009617,GO:0009889,GO:0009891,GO:0009893,GO:0009966,GO:0009967,GO:0009987,GO:0010646,GO:0010647,GO:0016019,GO:0016020,GO:0016021,GO:0016192,GO:0016327,GO:0019222,GO:0019730,GO:0019731,GO:0023051,GO:0023052,GO:0023056,GO:0031224,GO:0031226,GO:0031323,GO:0031325,GO:0031326,GO:0031328,GO:0031347,GO:0031349,GO:0032101,GO:0032103,GO:0034248,GO:0034250,GO:0035007,GO:0038023,GO:0038187,GO:0042742,GO:0042834,GO:0043207,GO:0043455,GO:0043900,GO:0043902,GO:0044214,GO:0044424,GO:0044425,GO:0044456,GO:0044459,GO:0044464,GO:0045087,GO:0045088,GO:0045089,GO:0045202,GO:0046983,GO:0048167,GO:0048518,GO:0048522,GO:0048583,GO:0048584,GO:0050776,GO:0050778,GO:0050789,GO:0050794,GO:0050804,GO:0050829,GO:0050896,GO:0051171,GO:0051173,GO:0051179,GO:0051234,GO:0051607,GO:0051704,GO:0051707,GO:0051716,GO:0060089,GO:0061057,GO:0061058,GO:0061059,GO:0065007,GO:0065008,GO:0071944,GO:0080134,GO:0089717,GO:0097367,GO:0097458,GO:0098542,GO:0098590,GO:0098657,GO:0098793,GO:0099177,GO:1900424,GO:1900426 ko:K01446 - Amidase_2","Immune-related",3,"33, 50, 83","Higher in infected",1.08021110624106e-09,4.41542591530532,"DEG",2.68578697464029
"LOC126267162","83","Higher in infected",2.30288842239438e-07,2.10889773170318,"Top DEG","PGRPLC","Animal peptidoglycan recognition proteins homologous to Bacteriophage T3 lysozyme.","-","ko:K01446","-","Amidase_2","PGRPLC Animal peptidoglycan recognition proteins homologous to Bacteriophage T3 lysozyme. - ko:K01446 - Amidase_2","Immune-related",3,"33, 50, 83","Higher in infected",1.47365512850105e-09,2.15268568341584,"DEG",NA
"LOC126335468",NA,NA,NA,NA,"Functional candidate","-","Belongs to the serpin family","-","-","-","-","- Belongs to the serpin family - - - -","Immune-related",3,"33, 50, 83","Higher in infected",7.58894962462001e-08,5.01662521467081,"DEG",3.03645087188627
"LOC126336325",NA,NA,NA,NA,"Functional candidate","-","Knottins","GO:0005575,GO:0005576","ko:K20668","ko04624,map04624","Defensin_2","- Knottins GO:0005575,GO:0005576 ko:K20668 ko04624,map04624 Defensin_2","Immune-related",3,"33, 50, 83","Higher in infected",8.44664299996881e-08,6.67753001654563,"DEG",4.91325426446881
"LOC126284463",NA,NA,NA,NA,"Functional candidate","-","N-acetylmuramoyl-L-alanine amidase activity. It is involved in the biological process described with peptidoglycan catabolic process","-","-","-","-","- N-acetylmuramoyl-L-alanine amidase activity. It is involved in the biological process described with peptidoglycan catabolic process - - - -","Immune-related",2,"50, 83","Higher in infected",1.24149498949943e-07,4.52446279216286,"DEG",1.42008612063187
"LOC126268068",NA,NA,NA,NA,"Functional candidate","PGRPLA","Animal peptidoglycan recognition proteins homologous to Bacteriophage T3 lysozyme.","GO:0000270,GO:0002376,GO:0003674,GO:0005488,GO:0005539,GO:0005575,GO:0005623,GO:0005886,GO:0005887,GO:0006022,GO:0006026,GO:0006027,GO:0006807,GO:0006950,GO:0006952,GO:0006955,GO:0008150,GO:0008152,GO:0009056,GO:0009057,GO:0009253,GO:0009605,GO:0009607,GO:0009617,GO:0016020,GO:0016021,GO:0030203,GO:0031224,GO:0031226,GO:0042834,GO:0043170,GO:0043207,GO:0044425,GO:0044459,GO:0044464,GO:0045087,GO:0050896,GO:0051704,GO:0051707,GO:0071704,GO:0071944,GO:0097367,GO:1901135,GO:1901136,GO:1901564,GO:1901565,GO:1901575","ko:K01446","-","Amidase_2","PGRPLA Animal peptidoglycan recognition proteins homologous to Bacteriophage T3 lysozyme. GO:0000270,GO:0002376,GO:0003674,GO:0005488,GO:0005539,GO:0005575,GO:0005623,GO:0005886,GO:0005887,GO:0006022,GO:0006026,GO:0006027,GO:0006807,GO:0006950,GO:0006952,GO:0006955,GO:0008150,GO:0008152,GO:0009056,GO:0009057,GO:0009253,GO:0009605,GO:0009607,GO:0009617,GO:0016020,GO:0016021,GO:0030203,GO:0031224,GO:0031226,GO:0042834,GO:0043170,GO:0043207,GO:0044425,GO:0044459,GO:0044464,GO:0045087,GO:0050896,GO:0051704,GO:0051707,GO:0071704,GO:0071944,GO:0097367,GO:1901135,GO:1901136,GO:1901564,GO:1901565,GO:1901575 ko:K01446 - Amidase_2","Immune-related",3,"33, 50, 83","Higher in infected",1.39232263456323e-07,2.34288978322865,"DEG",1.01200362813323
"LOC126267343",NA,NA,NA,NA,"Functional candidate","-","N-acetylmuramoyl-L-alanine amidase activity. It is involved in the biological process described with peptidoglycan catabolic process","GO:0000270,GO:0001932,GO:0001933,GO:0002376,GO:0003674,GO:0005488,GO:0005539,GO:0005575,GO:0005623,GO:0005886,GO:0005887,GO:0006022,GO:0006026,GO:0006027,GO:0006807,GO:0006950,GO:0006952,GO:0006955,GO:0006959,GO:0007154,GO:0007165,GO:0007166,GO:0007275,GO:0007568,GO:0008150,GO:0008152,GO:0008340,GO:0009056,GO:0009057,GO:0009253,GO:0009605,GO:0009607,GO:0009617,GO:0009892,GO:0009966,GO:0009968,GO:0009987,GO:0010259,GO:0010563,GO:0010605,GO:0010646,GO:0010648,GO:0016020,GO:0016021,GO:0019220,GO:0019222,GO:0019730,GO:0019731,GO:0023051,GO:0023052,GO:0023057,GO:0030203,GO:0031224,GO:0031226,GO:0031323,GO:0031324,GO:0031399,GO:0031400,GO:0032268,GO:0032269,GO:0032501,GO:0032502,GO:0032872,GO:0032873,GO:0042325,GO:0042326,GO:0042742,GO:0042834,GO:0043170,GO:0043207,GO:0043408,GO:0043409,GO:0044425,GO:0044459,GO:0044464,GO:0045936,GO:0046328,GO:0046329,GO:0048519,GO:0048523,GO:0048583,GO:0048585,GO:0048856,GO:0050789,GO:0050794,GO:0050896,GO:0051171,GO:0051172,GO:0051174,GO:0051246,GO:0051248,GO:0051704,GO:0051707,GO:0051716,GO:0060255,GO:0061057,GO:0065007,GO:0070302,GO:0070303,GO:0071704,GO:0071944,GO:0080090,GO:0080134,GO:0080135,GO:0097367,GO:0098542,GO:1901135,GO:1901136,GO:1901564,GO:1901565,GO:1901575,GO:1902531,GO:1902532","ko:K01446","-","Amidase_2","- N-acetylmuramoyl-L-alanine amidase activity. It is involved in the biological process described with peptidoglycan catabolic process GO:0000270,GO:0001932,GO:0001933,GO:0002376,GO:0003674,GO:0005488,GO:0005539,GO:0005575,GO:0005623,GO:0005886,GO:0005887,GO:0006022,GO:0006026,GO:0006027,GO:0006807,GO:0006950,GO:0006952,GO:0006955,GO:0006959,GO:0007154,GO:0007165,GO:0007166,GO:0007275,GO:0007568,GO:0008150,GO:0008152,GO:0008340,GO:0009056,GO:0009057,GO:0009253,GO:0009605,GO:0009607,GO:0009617,GO:0009892,GO:0009966,GO:0009968,GO:0009987,GO:0010259,GO:0010563,GO:0010605,GO:0010646,GO:0010648,GO:0016020,GO:0016021,GO:0019220,GO:0019222,GO:0019730,GO:0019731,GO:0023051,GO:0023052,GO:0023057,GO:0030203,GO:0031224,GO:0031226,GO:0031323,GO:0031324,GO:0031399,GO:0031400,GO:0032268,GO:0032269,GO:0032501,GO:0032502,GO:0032872,GO:0032873,GO:0042325,GO:0042326,GO:0042742,GO:0042834,GO:0043170,GO:0043207,GO:0043408,GO:0043409,GO:0044425,GO:0044459,GO:0044464,GO:0045936,GO:0046328,GO:0046329,GO:0048519,GO:0048523,GO:0048583,GO:0048585,GO:0048856,GO:0050789,GO:0050794,GO:0050896,GO:0051171,GO:0051172,GO:0051174,GO:0051246,GO:0051248,GO:0051704,GO:0051707,GO:0051716,GO:0060255,GO:0061057,GO:0065007,GO:0070302,GO:0070303,GO:0071704,GO:0071944,GO:0080090,GO:0080134,GO:0080135,GO:0097367,GO:0098542,GO:1901135,GO:1901136,GO:1901564,GO:1901565,GO:1901575,GO:1902531,GO:1902532 ko:K01446 - Amidase_2","Immune-related",3,"33, 50, 83","Higher in infected",1.88742824480738e-07,2.34461139120995,"DEG",1.01585497942058
"LOC126267216",NA,NA,NA,NA,"Functional candidate","PGRPLA","Animal peptidoglycan recognition proteins homologous to Bacteriophage T3 lysozyme.","GO:0000270,GO:0002376,GO:0003674,GO:0005488,GO:0005539,GO:0005575,GO:0005623,GO:0005886,GO:0005887,GO:0006022,GO:0006026,GO:0006027,GO:0006807,GO:0006950,GO:0006952,GO:0006955,GO:0008150,GO:0008152,GO:0009056,GO:0009057,GO:0009253,GO:0009605,GO:0009607,GO:0009617,GO:0016020,GO:0016021,GO:0030203,GO:0031224,GO:0031226,GO:0042834,GO:0043170,GO:0043207,GO:0044425,GO:0044459,GO:0044464,GO:0045087,GO:0050896,GO:0051704,GO:0051707,GO:0071704,GO:0071944,GO:0097367,GO:1901135,GO:1901136,GO:1901564,GO:1901565,GO:1901575","ko:K01446","-","Amidase_2","PGRPLA Animal peptidoglycan recognition proteins homologous to Bacteriophage T3 lysozyme. GO:0000270,GO:0002376,GO:0003674,GO:0005488,GO:0005539,GO:0005575,GO:0005623,GO:0005886,GO:0005887,GO:0006022,GO:0006026,GO:0006027,GO:0006807,GO:0006950,GO:0006952,GO:0006955,GO:0008150,GO:0008152,GO:0009056,GO:0009057,GO:0009253,GO:0009605,GO:0009607,GO:0009617,GO:0016020,GO:0016021,GO:0030203,GO:0031224,GO:0031226,GO:0042834,GO:0043170,GO:0043207,GO:0044425,GO:0044459,GO:0044464,GO:0045087,GO:0050896,GO:0051704,GO:0051707,GO:0071704,GO:0071944,GO:0097367,GO:1901135,GO:1901136,GO:1901564,GO:1901565,GO:1901575 ko:K01446 - Amidase_2","Immune-related",3,"33, 50, 83","Higher in infected",2.16639063348292e-07,4.85840271072888,"DEG",3.09202606664329
"LOC126266759",NA,NA,NA,NA,"Functional candidate","-","N-acetylmuramoyl-L-alanine amidase activity. It is involved in the biological process described with peptidoglycan catabolic process","-","ko:K01446","-","Amidase_2","- N-acetylmuramoyl-L-alanine amidase activity. It is involved in the biological process described with peptidoglycan catabolic process - ko:K01446 - Amidase_2","Immune-related",3,"33, 50, 83","Higher in infected",2.86004551566765e-07,3.17943087542321,"DEG",1.51118432397442
"LOC126335547",NA,NA,NA,NA,"Functional candidate","-","Belongs to the serpin family","GO:0002682,GO:0002683,GO:0003674,GO:0004857,GO:0004866,GO:0004867,GO:0005575,GO:0005576,GO:0005615,GO:0006950,GO:0008150,GO:0009611,GO:0009892,GO:0010466,GO:0010605,GO:0010951,GO:0019222,GO:0030162,GO:0030234,GO:0030414,GO:0031323,GO:0031324,GO:0031347,GO:0031348,GO:0032268,GO:0032269,GO:0035007,GO:0035009,GO:0043086,GO:0043455,GO:0044092,GO:0044421,GO:0045088,GO:0045824,GO:0045861,GO:0048519,GO:0048523,GO:0048583,GO:0048585,GO:0050776,GO:0050777,GO:0050789,GO:0050790,GO:0050794,GO:0050896,GO:0051171,GO:0051172,GO:0051246,GO:0051248,GO:0051336,GO:0051346,GO:0052547,GO:0052548,GO:0060255,GO:0061134,GO:0061135,GO:0065007,GO:0065009,GO:0080090,GO:0080134,GO:0098772","ko:K13963","ko05146,map05146","Serpin","- Belongs to the serpin family GO:0002682,GO:0002683,GO:0003674,GO:0004857,GO:0004866,GO:0004867,GO:0005575,GO:0005576,GO:0005615,GO:0006950,GO:0008150,GO:0009611,GO:0009892,GO:0010466,GO:0010605,GO:0010951,GO:0019222,GO:0030162,GO:0030234,GO:0030414,GO:0031323,GO:0031324,GO:0031347,GO:0031348,GO:0032268,GO:0032269,GO:0035007,GO:0035009,GO:0043086,GO:0043455,GO:0044092,GO:0044421,GO:0045088,GO:0045824,GO:0045861,GO:0048519,GO:0048523,GO:0048583,GO:0048585,GO:0050776,GO:0050777,GO:0050789,GO:0050790,GO:0050794,GO:0050896,GO:0051171,GO:0051172,GO:0051246,GO:0051248,GO:0051336,GO:0051346,GO:0052547,GO:0052548,GO:0060255,GO:0061134,GO:0061135,GO:0065007,GO:0065009,GO:0080090,GO:0080134,GO:0098772 ko:K13963 ko05146,map05146 Serpin","Immune-related",3,"33, 50, 83","Higher in infected",1.10414020514184e-06,2.96336225447057,"DEG",1.93247259705832
"LOC126353952",NA,NA,NA,NA,"Functional candidate","CLIPC1","serine-type endopeptidase activity. It is involved in the biological process described with proteolysis","-","-","-","Trypsin","CLIPC1 serine-type endopeptidase activity. It is involved in the biological process described with proteolysis - - - Trypsin","Immune-related",3,"33, 50, 83","Higher in infected",1.53993165037098e-06,2.37486629862804,"DEG",1.39554055226418
"LOC126335467",NA,NA,NA,NA,"Functional candidate","-","Belongs to the serpin family","-","-","-","-","- Belongs to the serpin family - - - -","Immune-related",1,"50","Higher in infected",2.25221132266811e-06,2.46838838438619,"DEG",1.28806557016009
"LOC126299332",NA,NA,NA,NA,"Functional candidate","-","Lipid transporter activity. It is involved in the biological process described with lipid transport","GO:0003674,GO:0005102,GO:0005215,GO:0005319,GO:0005488,GO:0005515,GO:0005575,GO:0005576,GO:0005615,GO:0005623,GO:0005886,GO:0006810,GO:0006869,GO:0008150,GO:0010876,GO:0015850,GO:0015918,GO:0016020,GO:0032368,GO:0032370,GO:0032879,GO:0033036,GO:0034196,GO:0044421,GO:0044464,GO:0045178,GO:0048518,GO:0050789,GO:0051049,GO:0051050,GO:0051179,GO:0051234,GO:0065007,GO:0070325,GO:0071702,GO:0071944,GO:1905952,GO:1905954","-","-","DUF1081,DUF1943,VWD,Vitellogenin_N","- Lipid transporter activity. It is involved in the biological process described with lipid transport GO:0003674,GO:0005102,GO:0005215,GO:0005319,GO:0005488,GO:0005515,GO:0005575,GO:0005576,GO:0005615,GO:0005623,GO:0005886,GO:0006810,GO:0006869,GO:0008150,GO:0010876,GO:0015850,GO:0015918,GO:0016020,GO:0032368,GO:0032370,GO:0032879,GO:0033036,GO:0034196,GO:0044421,GO:0044464,GO:0045178,GO:0048518,GO:0050789,GO:0051049,GO:0051050,GO:0051179,GO:0051234,GO:0065007,GO:0070325,GO:0071702,GO:0071944,GO:1905952,GO:1905954 - - DUF1081,DUF1943,VWD,Vitellogenin_N","Storage/lipid transport",3,"33, 50, 83","Higher in infected",4.41087102052822e-08,2.10606263927206,"DEG",1.31580726482717
"LOC126336416",NA,NA,NA,NA,"Functional candidate","-","Hemocyanin, all-alpha domain","-","-","-","-","- Hemocyanin, all-alpha domain - - - -","Storage/lipid transport",3,"33, 50, 83","Higher in infected",3.8995634168556e-07,2.09964984882873,"DEG",1.18087001927141
"LOC126336415",NA,NA,NA,NA,"Functional candidate","-","Hemocyanin, all-alpha domain","-","-","-","-","- Hemocyanin, all-alpha domain - - - -","Storage/lipid transport",2,"50, 83","Higher in infected",0.000451312467009578,2.28642269756653,"DEG",1.93932213328864
"LOC126336409",NA,NA,NA,NA,"Functional candidate","-","Hemocyanin, all-alpha domain","-","-","-","-","- Hemocyanin, all-alpha domain - - - -","Storage/lipid transport",1,"33","Higher in control",0.0180765398477357,2.23923118855948,"DEG",1.84272553890891
"LOC126299533",NA,NA,NA,NA,"Functional candidate","-","nutrient reservoir activity","GO:0005575,GO:0005576","-","-","DUF1943,VWD,Vitellogenin_N","- nutrient reservoir activity GO:0005575,GO:0005576 - - DUF1943,VWD,Vitellogenin_N","Storage/lipid transport",1,"50","Higher in control",0.0200282016190444,2.79378665990489,"DEG",0.335593968566841
"LOC126278499","33","Higher in control",8.63911505371691e-23,-22.0758860035944,"Top DEG","-","Sugar (and other) transporter","-","ko:K08145","-","Sugar_tr","- Sugar (and other) transporter - ko:K08145 - Sugar_tr","Nutrition/metabolism",1,"33","Higher in control",8.63911505371691e-23,22.0758860035944,"DEG",NA
"LOC126355939",NA,NA,NA,NA,"Functional candidate","-","amino acid transporter","GO:0003333,GO:0003674,GO:0005215,GO:0005342,GO:0005575,GO:0005622,GO:0005623,GO:0005737,GO:0005773,GO:0005774,GO:0006810,GO:0006811,GO:0006820,GO:0006865,GO:0008150,GO:0008509,GO:0008514,GO:0015075,GO:0015171,GO:0015318,GO:0015711,GO:0015849,GO:0016020,GO:0022857,GO:0031090,GO:0034220,GO:0043226,GO:0043227,GO:0043229,GO:0043231,GO:0044422,GO:0044424,GO:0044437,GO:0044444,GO:0044446,GO:0044464,GO:0046942,GO:0046943,GO:0051179,GO:0051234,GO:0055085,GO:0071702,GO:0071705,GO:0098588,GO:0098656,GO:0098805,GO:1903825,GO:1905039","ko:K14209","ko04138,map04138","Aa_trans","- amino acid transporter GO:0003333,GO:0003674,GO:0005215,GO:0005342,GO:0005575,GO:0005622,GO:0005623,GO:0005737,GO:0005773,GO:0005774,GO:0006810,GO:0006811,GO:0006820,GO:0006865,GO:0008150,GO:0008509,GO:0008514,GO:0015075,GO:0015171,GO:0015318,GO:0015711,GO:0015849,GO:0016020,GO:0022857,GO:0031090,GO:0034220,GO:0043226,GO:0043227,GO:0043229,GO:0043231,GO:0044422,GO:0044424,GO:0044437,GO:0044444,GO:0044446,GO:0044464,GO:0046942,GO:0046943,GO:0051179,GO:0051234,GO:0055085,GO:0071702,GO:0071705,GO:0098588,GO:0098656,GO:0098805,GO:1903825,GO:1905039 ko:K14209 ko04138,map04138 Aa_trans","Nutrition/metabolism",3,"33, 50, 83","Higher in infected",7.91266863465501e-13,6.53703641972373,"DEG",7.26280908012741
"LOC126278707",NA,NA,NA,NA,"Functional candidate","-","Trypsin","-","-","-","Trypsin","- Trypsin - - - Trypsin","Nutrition/metabolism",3,"33, 50, 83","Higher in infected",2.14518519098829e-12,3.83735278452605,"DEG",2.45376815635977
"LOC126285457","33","Higher in infected",1.98484521191936e-11,3.50134183088484,"Top DEG","-","Catalyzes the reduction of fatty acyl-CoA to fatty alcohols","-","ko:K13356","ko00073,ko04146,ko04212,map00073,map04146,map04212","NAD_binding_4,Sterile","- Catalyzes the reduction of fatty acyl-CoA to fatty alcohols - ko:K13356 ko00073,ko04146,ko04212,map00073,map04146,map04212 NAD_binding_4,Sterile","Nutrition/metabolism",3,"33, 50, 83","Higher in infected",1.98484521191936e-11,3.50134183088484,"DEG",NA
"LOC126335115","83","Higher in infected",2.97550059298405e-07,6.19479614741485,"Top DEG","-","Belongs to the type-B carboxylesterase lipase family","-","-","-","COesterase","- Belongs to the type-B carboxylesterase lipase family - - - COesterase","Nutrition/metabolism",3,"33, 50, 83","Higher in infected",3.48474794979391e-11,6.73569992372961,"DEG",NA
"LOC126335114",NA,NA,NA,NA,"Functional candidate","-","Belongs to the type-B carboxylesterase lipase family","-","-","-","COesterase","- Belongs to the type-B carboxylesterase lipase family - - - COesterase","Nutrition/metabolism",3,"33, 50, 83","Higher in infected",4.23078099599701e-10,3.78372507983233,"DEG",3.95405302351152
"LOC126282181",NA,NA,NA,NA,"Functional candidate","-","Belongs to the type-B carboxylesterase lipase family","GO:0003674,GO:0003824,GO:0016787,GO:0016788,GO:0052689","ko:K01063","ko00981,map00981","COesterase","- Belongs to the type-B carboxylesterase lipase family GO:0003674,GO:0003824,GO:0016787,GO:0016788,GO:0052689 ko:K01063 ko00981,map00981 COesterase","Nutrition/metabolism",3,"33, 50, 83","Higher in infected",5.36655403588544e-10,6.88924073364275,"DEG",4.22090325540594
"LOC126355303",NA,NA,NA,NA,"Functional candidate","-","Transporter activity. It is involved in the biological process described with transmembrane transport","GO:0003674,GO:0005215,GO:0005351,GO:0005355,GO:0005402,GO:0006810,GO:0006811,GO:0006812,GO:0008150,GO:0008324,GO:0008643,GO:0008645,GO:0015075,GO:0015077,GO:0015078,GO:0015144,GO:0015145,GO:0015149,GO:0015291,GO:0015293,GO:0015294,GO:0015295,GO:0015318,GO:0015672,GO:0015749,GO:0022804,GO:0022857,GO:0022890,GO:0034219,GO:0034220,GO:0046323,GO:0051119,GO:0051179,GO:0051234,GO:0055085,GO:0071702,GO:0098655,GO:0098660,GO:0098662,GO:1902600,GO:1904659","ko:K08145","-","Sugar_tr","- Transporter activity. It is involved in the biological process described with transmembrane transport GO:0003674,GO:0005215,GO:0005351,GO:0005355,GO:0005402,GO:0006810,GO:0006811,GO:0006812,GO:0008150,GO:0008324,GO:0008643,GO:0008645,GO:0015075,GO:0015077,GO:0015078,GO:0015144,GO:0015145,GO:0015149,GO:0015291,GO:0015293,GO:0015294,GO:0015295,GO:0015318,GO:0015672,GO:0015749,GO:0022804,GO:0022857,GO:0022890,GO:0034219,GO:0034220,GO:0046323,GO:0051119,GO:0051179,GO:0051234,GO:0055085,GO:0071702,GO:0098655,GO:0098660,GO:0098662,GO:1902600,GO:1904659 ko:K08145 - Sugar_tr","Nutrition/metabolism",3,"33, 50, 83","Higher in infected",8.97403214132855e-10,4.3709468199877,"DEG",2.44928134971526
"LOC126297421",NA,NA,NA,NA,"Functional candidate","-","Carboxylic ester hydrolase activity. It is involved in the biological process described with lipid metabolic process","-","-","-","-","- Carboxylic ester hydrolase activity. It is involved in the biological process described with lipid metabolic process - - - -","Nutrition/metabolism",2,"33, 50","Higher in infected",1.65953417432176e-09,4.89828803797466,"DEG",4.46024517844589
"LOC126272290",NA,NA,NA,NA,"Functional candidate","-","Hydrolase activity, acting on carbon-nitrogen (but not peptide) bonds, in linear amides. It is involved in the biological process described with nitrogen compound metabolic process","-","ko:K01435","ko00780,ko01100,ko04977,map00780,map01100,map04977","CN_hydrolase","- Hydrolase activity, acting on carbon-nitrogen (but not peptide) bonds, in linear amides. It is involved in the biological process described with nitrogen compound metabolic process - ko:K01435 ko00780,ko01100,ko04977,map00780,map01100,map04977 CN_hydrolase","Nutrition/metabolism",3,"33, 50, 83","Higher in infected",1.19591213031762e-08,3.90573552703558,"DEG",4.90256505428897
"LOC126284651",NA,NA,NA,NA,"Functional candidate","-","Phosphoric diester hydrolase activity. It is involved in the biological process described with lipid metabolic process","-","-","-","PI-PLC-X","- Phosphoric diester hydrolase activity. It is involved in the biological process described with lipid metabolic process - - - PI-PLC-X","Nutrition/metabolism",3,"33, 50, 83","Higher in infected",1.43224008033394e-08,4.74788554593735,"DEG",2.82418203776937
"LOC126267545",NA,NA,NA,NA,"Functional candidate","-","Trypsin-like serine protease","GO:0003674,GO:0003824,GO:0004175,GO:0004252,GO:0006508,GO:0006807,GO:0008150,GO:0008152,GO:0008233,GO:0008236,GO:0016787,GO:0017171,GO:0019538,GO:0043170,GO:0044238,GO:0070011,GO:0071704,GO:0140096,GO:1901564","ko:K20671","ko04624,map04624","Trypsin","- Trypsin-like serine protease GO:0003674,GO:0003824,GO:0004175,GO:0004252,GO:0006508,GO:0006807,GO:0008150,GO:0008152,GO:0008233,GO:0008236,GO:0016787,GO:0017171,GO:0019538,GO:0043170,GO:0044238,GO:0070011,GO:0071704,GO:0140096,GO:1901564 ko:K20671 ko04624,map04624 Trypsin","Nutrition/metabolism",2,"33, 50","Higher in infected",1.81763797262797e-08,7.42665846758478,"DEG",3.81458143106011
"LOC126354995","83","Higher in infected",5.73522657483941e-08,6.77769725944489,"Top DEG","-","carboxy-lyase activity. It is involved in the biological process described with carboxylic acid metabolic process","GO:0001505,GO:0003674,GO:0003824,GO:0004068,GO:0006082,GO:0006139,GO:0006206,GO:0006208,GO:0006212,GO:0006520,GO:0006725,GO:0006807,GO:0007610,GO:0007632,GO:0008150,GO:0008152,GO:0008652,GO:0009056,GO:0009058,GO:0009112,GO:0009314,GO:0009416,GO:0009628,GO:0009987,GO:0016053,GO:0016829,GO:0016830,GO:0016831,GO:0017144,GO:0019482,GO:0019483,GO:0019752,GO:0019860,GO:0032501,GO:0034641,GO:0042133,GO:0042136,GO:0042737,GO:0043436,GO:0043473,GO:0044237,GO:0044238,GO:0044248,GO:0044249,GO:0044270,GO:0044281,GO:0044283,GO:0046113,GO:0046394,GO:0046483,GO:0046700,GO:0048066,GO:0050896,GO:0055086,GO:0065007,GO:0065008,GO:0071704,GO:0072527,GO:0072529,GO:1901360,GO:1901361,GO:1901564,GO:1901565,GO:1901566,GO:1901575,GO:1901576","ko:K01580","ko00250,ko00410,ko00430,ko00650,ko01100,ko01110,ko01120,ko02024,ko04727,ko04940,map00250,map00410,map00430,map00650,map01100,map01110,map01120,map02024,map04727,map04940","Pyridoxal_deC","- carboxy-lyase activity. It is involved in the biological process described with carboxylic acid metabolic process GO:0001505,GO:0003674,GO:0003824,GO:0004068,GO:0006082,GO:0006139,GO:0006206,GO:0006208,GO:0006212,GO:0006520,GO:0006725,GO:0006807,GO:0007610,GO:0007632,GO:0008150,GO:0008152,GO:0008652,GO:0009056,GO:0009058,GO:0009112,GO:0009314,GO:0009416,GO:0009628,GO:0009987,GO:0016053,GO:0016829,GO:0016830,GO:0016831,GO:0017144,GO:0019482,GO:0019483,GO:0019752,GO:0019860,GO:0032501,GO:0034641,GO:0042133,GO:0042136,GO:0042737,GO:0043436,GO:0043473,GO:0044237,GO:0044238,GO:0044248,GO:0044249,GO:0044270,GO:0044281,GO:0044283,GO:0046113,GO:0046394,GO:0046483,GO:0046700,GO:0048066,GO:0050896,GO:0055086,GO:0065007,GO:0065008,GO:0071704,GO:0072527,GO:0072529,GO:1901360,GO:1901361,GO:1901564,GO:1901565,GO:1901566,GO:1901575,GO:1901576 ko:K01580 ko00250,ko00410,ko00430,ko00650,ko01100,ko01110,ko01120,ko02024,ko04727,ko04940,map00250,map00410,map00430,map00650,map01100,map01110,map01120,map02024,map04727,map04940 Pyridoxal_deC","Nutrition/metabolism",3,"33, 50, 83","Higher in infected",2.10790032067806e-08,6.77769725944489,"DEG",NA
"LOC126285413",NA,NA,NA,NA,"Functional candidate","-","transporter activity. It is involved in the biological process described with sodium ion transport","GO:0003674,GO:0005215,GO:0005310,GO:0005342,GO:0005575,GO:0005623,GO:0005886,GO:0005887,GO:0006810,GO:0006811,GO:0006820,GO:0006835,GO:0006842,GO:0006848,GO:0006855,GO:0007275,GO:0007568,GO:0008028,GO:0008150,GO:0008340,GO:0008509,GO:0008514,GO:0010259,GO:0010883,GO:0010889,GO:0015075,GO:0015137,GO:0015141,GO:0015142,GO:0015238,GO:0015318,GO:0015556,GO:0015711,GO:0015718,GO:0015740,GO:0015744,GO:0015746,GO:0015849,GO:0015893,GO:0016020,GO:0016021,GO:0022857,GO:0031224,GO:0031226,GO:0032501,GO:0032502,GO:0032879,GO:0034220,GO:0035674,GO:0042221,GO:0042493,GO:0042891,GO:0042895,GO:0044425,GO:0044459,GO:0044464,GO:0046942,GO:0046943,GO:0048856,GO:0050789,GO:0050833,GO:0050896,GO:0051179,GO:0051234,GO:0055085,GO:0065007,GO:0065008,GO:0071422,GO:0071702,GO:0071944,GO:0098656,GO:1901475,GO:1903825,GO:1905039,GO:1905952","ko:K14445","-","Na_sulph_symp","- transporter activity. It is involved in the biological process described with sodium ion transport GO:0003674,GO:0005215,GO:0005310,GO:0005342,GO:0005575,GO:0005623,GO:0005886,GO:0005887,GO:0006810,GO:0006811,GO:0006820,GO:0006835,GO:0006842,GO:0006848,GO:0006855,GO:0007275,GO:0007568,GO:0008028,GO:0008150,GO:0008340,GO:0008509,GO:0008514,GO:0010259,GO:0010883,GO:0010889,GO:0015075,GO:0015137,GO:0015141,GO:0015142,GO:0015238,GO:0015318,GO:0015556,GO:0015711,GO:0015718,GO:0015740,GO:0015744,GO:0015746,GO:0015849,GO:0015893,GO:0016020,GO:0016021,GO:0022857,GO:0031224,GO:0031226,GO:0032501,GO:0032502,GO:0032879,GO:0034220,GO:0035674,GO:0042221,GO:0042493,GO:0042891,GO:0042895,GO:0044425,GO:0044459,GO:0044464,GO:0046942,GO:0046943,GO:0048856,GO:0050789,GO:0050833,GO:0050896,GO:0051179,GO:0051234,GO:0055085,GO:0065007,GO:0065008,GO:0071422,GO:0071702,GO:0071944,GO:0098656,GO:1901475,GO:1903825,GO:1905039,GO:1905952 ko:K14445 - Na_sulph_symp","Nutrition/metabolism",3,"33, 50, 83","Higher in infected",5.5404123770492e-08,3.19637318744861,"DEG",2.45425376065142
"LOC126278232",NA,NA,NA,NA,"Functional candidate","-","Sugar proton symporter activity. It is involved in the biological process described with carbohydrate transport","GO:0002225,GO:0002682,GO:0002683,GO:0002684,GO:0002697,GO:0002699,GO:0002700,GO:0002702,GO:0002759,GO:0002760,GO:0002784,GO:0002831,GO:0002833,GO:0002920,GO:0002922,GO:0003674,GO:0005215,GO:0005338,GO:0005459,GO:0005575,GO:0005622,GO:0005623,GO:0005737,GO:0005794,GO:0005795,GO:0005797,GO:0006810,GO:0006811,GO:0006820,GO:0008150,GO:0008592,GO:0009889,GO:0009891,GO:0009893,GO:0009966,GO:0009968,GO:0010556,GO:0010557,GO:0010559,GO:0010560,GO:0010604,GO:0010646,GO:0010648,GO:0012505,GO:0015165,GO:0015711,GO:0015780,GO:0015931,GO:0015932,GO:0019222,GO:0022857,GO:0023051,GO:0023057,GO:0031323,GO:0031325,GO:0031326,GO:0031328,GO:0031347,GO:0031348,GO:0031399,GO:0031401,GO:0031984,GO:0031985,GO:0032101,GO:0032103,GO:0032268,GO:0032270,GO:0034220,GO:0043226,GO:0043227,GO:0043229,GO:0043231,GO:0043900,GO:0043902,GO:0044422,GO:0044424,GO:0044431,GO:0044444,GO:0044446,GO:0044464,GO:0045088,GO:0045751,GO:0045824,GO:0048518,GO:0048519,GO:0048522,GO:0048523,GO:0048583,GO:0048584,GO:0048585,GO:0050776,GO:0050777,GO:0050778,GO:0050789,GO:0050794,GO:0051171,GO:0051173,GO:0051179,GO:0051234,GO:0051246,GO:0051247,GO:0055085,GO:0060049,GO:0060050,GO:0060255,GO:0065007,GO:0071702,GO:0071705,GO:0072334,GO:0080090,GO:0080134,GO:0090481,GO:0098656,GO:0098791,GO:1901264,GO:1901505,GO:1903018,GO:1903020,GO:2000112","-","-","Nuc_sug_transp","- Sugar proton symporter activity. It is involved in the biological process described with carbohydrate transport GO:0002225,GO:0002682,GO:0002683,GO:0002684,GO:0002697,GO:0002699,GO:0002700,GO:0002702,GO:0002759,GO:0002760,GO:0002784,GO:0002831,GO:0002833,GO:0002920,GO:0002922,GO:0003674,GO:0005215,GO:0005338,GO:0005459,GO:0005575,GO:0005622,GO:0005623,GO:0005737,GO:0005794,GO:0005795,GO:0005797,GO:0006810,GO:0006811,GO:0006820,GO:0008150,GO:0008592,GO:0009889,GO:0009891,GO:0009893,GO:0009966,GO:0009968,GO:0010556,GO:0010557,GO:0010559,GO:0010560,GO:0010604,GO:0010646,GO:0010648,GO:0012505,GO:0015165,GO:0015711,GO:0015780,GO:0015931,GO:0015932,GO:0019222,GO:0022857,GO:0023051,GO:0023057,GO:0031323,GO:0031325,GO:0031326,GO:0031328,GO:0031347,GO:0031348,GO:0031399,GO:0031401,GO:0031984,GO:0031985,GO:0032101,GO:0032103,GO:0032268,GO:0032270,GO:0034220,GO:0043226,GO:0043227,GO:0043229,GO:0043231,GO:0043900,GO:0043902,GO:0044422,GO:0044424,GO:0044431,GO:0044444,GO:0044446,GO:0044464,GO:0045088,GO:0045751,GO:0045824,GO:0048518,GO:0048519,GO:0048522,GO:0048523,GO:0048583,GO:0048584,GO:0048585,GO:0050776,GO:0050777,GO:0050778,GO:0050789,GO:0050794,GO:0051171,GO:0051173,GO:0051179,GO:0051234,GO:0051246,GO:0051247,GO:0055085,GO:0060049,GO:0060050,GO:0060255,GO:0065007,GO:0071702,GO:0071705,GO:0072334,GO:0080090,GO:0080134,GO:0090481,GO:0098656,GO:0098791,GO:1901264,GO:1901505,GO:1903018,GO:1903020,GO:2000112 - - Nuc_sug_transp","Nutrition/metabolism",3,"33, 50, 83","Higher in infected",6.20049542562047e-08,2.08131614148395,"DEG",1.04200204342845
"LOC126349011","83","Higher in infected",6.78284988253931e-08,2.74961023509435,"Top DEG","-","Trypsin-like serine protease","-","-","-","Telomere_Sde2,Trypsin","- Trypsin-like serine protease - - - Telomere_Sde2,Trypsin","Nutrition/metabolism",3,"33, 50, 83","Higher in infected",6.78284988253931e-08,2.74961023509435,"DEG",NA
"LOC126339612",NA,NA,NA,NA,"Functional candidate","-","Vault protein inter-alpha-trypsin domain","-","-","-","-","- Vault protein inter-alpha-trypsin domain - - - -","Nutrition/metabolism",3,"33, 50, 83","Higher in infected",8.79920336118059e-08,3.58638203189747,"DEG",4.47670726134455
"LOC126272336",NA,NA,NA,NA,"Functional candidate","-","lipid binding","-","-","-","Grp7_allergen,JHBP","- lipid binding - - - Grp7_allergen,JHBP","Nutrition/metabolism",3,"33, 50, 83","Higher in infected",1.92857310610368e-07,2.01765411021511,"DEG",0.89917264697614
"LOC126354579","83","Higher in infected",3.13174103610302e-07,3.98849717257716,"Top DEG","-","Belongs to the major facilitator superfamily. Sugar transporter (TC 2.A.1.1) family","-","ko:K08145","-","Sugar_tr","- Belongs to the major facilitator superfamily. Sugar transporter (TC 2.A.1.1) family - ko:K08145 - Sugar_tr","Nutrition/metabolism",3,"33, 50, 83","Higher in infected",3.13174103610302e-07,3.98849717257716,"DEG",NA
"LOC126356100","50","Higher in control",2.66791460778016e-06,-1.09771649289524,"Top DEG","-","Glycerol-3-phosphate O-acyltransferase activity. It is involved in the biological process described with phospholipid biosynthetic process","GO:0003674,GO:0003824,GO:0004366,GO:0005575,GO:0005576,GO:0005622,GO:0005623,GO:0005737,GO:0005739,GO:0005740,GO:0005741,GO:0005783,GO:0006139,GO:0006629,GO:0006644,GO:0006725,GO:0006793,GO:0006796,GO:0006807,GO:0007009,GO:0008150,GO:0008152,GO:0008374,GO:0008610,GO:0008654,GO:0009058,GO:0009987,GO:0010256,GO:0012505,GO:0016020,GO:0016043,GO:0016070,GO:0016740,GO:0016746,GO:0016747,GO:0019637,GO:0019867,GO:0031090,GO:0031966,GO:0031967,GO:0031968,GO:0031975,GO:0034587,GO:0034641,GO:0034660,GO:0035324,GO:0043170,GO:0043226,GO:0043227,GO:0043229,GO:0043231,GO:0044237,GO:0044238,GO:0044249,GO:0044255,GO:0044421,GO:0044422,GO:0044424,GO:0044429,GO:0044444,GO:0044446,GO:0044464,GO:0045169,GO:0045171,GO:0045172,GO:0046483,GO:0061024,GO:0071704,GO:0071840,GO:0090304,GO:0090407,GO:0098588,GO:0098805,GO:1901360,GO:1901576","ko:K00629","ko00561,ko00564,ko01100,ko01110,map00561,map00564,map01100,map01110","Acyltransferase","- Glycerol-3-phosphate O-acyltransferase activity. It is involved in the biological process described with phospholipid biosynthetic process GO:0003674,GO:0003824,GO:0004366,GO:0005575,GO:0005576,GO:0005622,GO:0005623,GO:0005737,GO:0005739,GO:0005740,GO:0005741,GO:0005783,GO:0006139,GO:0006629,GO:0006644,GO:0006725,GO:0006793,GO:0006796,GO:0006807,GO:0007009,GO:0008150,GO:0008152,GO:0008374,GO:0008610,GO:0008654,GO:0009058,GO:0009987,GO:0010256,GO:0012505,GO:0016020,GO:0016043,GO:0016070,GO:0016740,GO:0016746,GO:0016747,GO:0019637,GO:0019867,GO:0031090,GO:0031966,GO:0031967,GO:0031968,GO:0031975,GO:0034587,GO:0034641,GO:0034660,GO:0035324,GO:0043170,GO:0043226,GO:0043227,GO:0043229,GO:0043231,GO:0044237,GO:0044238,GO:0044249,GO:0044255,GO:0044421,GO:0044422,GO:0044424,GO:0044429,GO:0044444,GO:0044446,GO:0044464,GO:0045169,GO:0045171,GO:0045172,GO:0046483,GO:0061024,GO:0071704,GO:0071840,GO:0090304,GO:0090407,GO:0098588,GO:0098805,GO:1901360,GO:1901576 ko:K00629 ko00561,ko00564,ko01100,ko01110,map00561,map00564,map01100,map01110 Acyltransferase","Nutrition/metabolism",1,"50","Higher in control",2.66791460778016e-06,1.09771649289524,"DEG",NA
"LOC126266596","33","Higher in control",4.49132446494274e-06,-2.34021339635013,"Top DEG","-","Transferase activity, transferring hexosyl groups. It is involved in the biological process described with carbohydrate metabolic process","-","ko:K00738","ko00510,ko00513,ko01100,map00510,map00513,map01100","Glyco_transf_54","- Transferase activity, transferring hexosyl groups. It is involved in the biological process described with carbohydrate metabolic process - ko:K00738 ko00510,ko00513,ko01100,map00510,map00513,map01100 Glyco_transf_54","Nutrition/metabolism",3,"33, 50, 83","Higher in control",4.49132446494274e-06,2.34785782759917,"DEG",NA
"LOC126281410",NA,NA,NA,NA,"Functional candidate","-","Glutathione S-transferase, N-terminal domain","-","ko:K00799","ko00480,ko00980,ko00982,ko00983,ko01524,ko05200,ko05204,ko05225,ko05418,map00480,map00980,map00982,map00983,map01524,map05200,map05204,map05225,map05418","GST_C,GST_N,GST_N_3","- Glutathione S-transferase, N-terminal domain - ko:K00799 ko00480,ko00980,ko00982,ko00983,ko01524,ko05200,ko05204,ko05225,ko05418,map00480,map00980,map00982,map00983,map01524,map05200,map05204,map05225,map05418 GST_C,GST_N,GST_N_3","Detoxification/stress",2,"50, 83","Higher in infected",3.81404001525441e-09,4.66689473151601,"DEG",2.71963425847328
"LOC126272144",NA,NA,NA,NA,"Functional candidate","-","cytochrome p450","-","ko:K14999","-","p450","- cytochrome p450 - ko:K14999 - p450","Detoxification/stress",1,"33","Higher in infected",1.83908614212458e-05,2.79290423490448,"DEG",1.08974730756032
"LOC126283788",NA,NA,NA,NA,"Functional candidate","-","gamma-glutamyltransferase activity. It is involved in the biological process described with glutathione metabolic process","-","ko:K18592","ko00430,ko00460,ko00480,ko00590,ko01100,map00430,map00460,map00480,map00590,map01100","G_glu_transpept","- gamma-glutamyltransferase activity. It is involved in the biological process described with glutathione metabolic process - ko:K18592 ko00430,ko00460,ko00480,ko00590,ko01100,map00430,map00460,map00480,map00590,map01100 G_glu_transpept","Detoxification/stress",2,"33, 50","Higher in infected",6.47683636798592e-05,2.23511889300307,"DEG",1.01863775868286
"LOC126270657",NA,NA,NA,NA,"Functional candidate","Cyp18a1","heme binding. It is involved in the biological process described with oxidation-reduction process","GO:0000003,GO:0002009,GO:0002064,GO:0002065,GO:0002066,GO:0002165,GO:0003006,GO:0003674,GO:0003824,GO:0004497,GO:0006629,GO:0006706,GO:0007275,GO:0007276,GO:0007281,GO:0007292,GO:0007304,GO:0007444,GO:0007478,GO:0007480,GO:0007552,GO:0007560,GO:0008150,GO:0008152,GO:0008202,GO:0008395,GO:0009056,GO:0009653,GO:0009791,GO:0009886,GO:0009887,GO:0009888,GO:0009987,GO:0010817,GO:0016042,GO:0016491,GO:0019953,GO:0022412,GO:0022414,GO:0030154,GO:0030703,GO:0030707,GO:0030855,GO:0032501,GO:0032502,GO:0032504,GO:0034754,GO:0035074,GO:0035107,GO:0035114,GO:0035120,GO:0035209,GO:0035210,GO:0035218,GO:0035239,GO:0035295,GO:0042180,GO:0042182,GO:0042445,GO:0042447,GO:0044237,GO:0044238,GO:0044248,GO:0044281,GO:0044282,GO:0044703,GO:0045455,GO:0046344,GO:0048468,GO:0048477,GO:0048513,GO:0048563,GO:0048569,GO:0048609,GO:0048646,GO:0048707,GO:0048729,GO:0048731,GO:0048736,GO:0048737,GO:0048856,GO:0048869,GO:0051704,GO:0055114,GO:0060429,GO:0060562,GO:0065007,GO:0065008,GO:0071704,GO:1901360,GO:1901361,GO:1901575","ko:K14985","ko00981,map00981","p450","Cyp18a1 heme binding. It is involved in the biological process described with oxidation-reduction process GO:0000003,GO:0002009,GO:0002064,GO:0002065,GO:0002066,GO:0002165,GO:0003006,GO:0003674,GO:0003824,GO:0004497,GO:0006629,GO:0006706,GO:0007275,GO:0007276,GO:0007281,GO:0007292,GO:0007304,GO:0007444,GO:0007478,GO:0007480,GO:0007552,GO:0007560,GO:0008150,GO:0008152,GO:0008202,GO:0008395,GO:0009056,GO:0009653,GO:0009791,GO:0009886,GO:0009887,GO:0009888,GO:0009987,GO:0010817,GO:0016042,GO:0016491,GO:0019953,GO:0022412,GO:0022414,GO:0030154,GO:0030703,GO:0030707,GO:0030855,GO:0032501,GO:0032502,GO:0032504,GO:0034754,GO:0035074,GO:0035107,GO:0035114,GO:0035120,GO:0035209,GO:0035210,GO:0035218,GO:0035239,GO:0035295,GO:0042180,GO:0042182,GO:0042445,GO:0042447,GO:0044237,GO:0044238,GO:0044248,GO:0044281,GO:0044282,GO:0044703,GO:0045455,GO:0046344,GO:0048468,GO:0048477,GO:0048513,GO:0048563,GO:0048569,GO:0048609,GO:0048646,GO:0048707,GO:0048729,GO:0048731,GO:0048736,GO:0048737,GO:0048856,GO:0048869,GO:0051704,GO:0055114,GO:0060429,GO:0060562,GO:0065007,GO:0065008,GO:0071704,GO:1901360,GO:1901361,GO:1901575 ko:K14985 ko00981,map00981 p450","Detoxification/stress",1,"50","Higher in infected",0.000282258395332652,2.83824498629089,"DEG",1.52987268299327
"LOC126299150",NA,NA,NA,NA,"Functional candidate","Cyp314a1","heme binding. It is involved in the biological process described with oxidation-reduction process","GO:0000003,GO:0001667,GO:0001700,GO:0002009,GO:0002064,GO:0002065,GO:0002066,GO:0002165,GO:0003006,GO:0003674,GO:0003824,GO:0004497,GO:0004501,GO:0005575,GO:0005622,GO:0005623,GO:0005737,GO:0005739,GO:0006629,GO:0006694,GO:0006928,GO:0007275,GO:0007276,GO:0007281,GO:0007292,GO:0007295,GO:0007297,GO:0007298,GO:0007391,GO:0007399,GO:0007417,GO:0007494,GO:0008150,GO:0008152,GO:0008202,GO:0008258,GO:0008395,GO:0008610,GO:0009058,GO:0009653,GO:0009790,GO:0009791,GO:0009792,GO:0009888,GO:0009987,GO:0010631,GO:0010817,GO:0016331,GO:0016477,GO:0016491,GO:0016705,GO:0019953,GO:0022412,GO:0022414,GO:0030154,GO:0030707,GO:0030855,GO:0032501,GO:0032502,GO:0032504,GO:0034754,GO:0035074,GO:0035209,GO:0035295,GO:0040007,GO:0040011,GO:0042180,GO:0042181,GO:0042445,GO:0042446,GO:0043226,GO:0043227,GO:0043229,GO:0043231,GO:0044237,GO:0044238,GO:0044249,GO:0044281,GO:0044283,GO:0044424,GO:0044444,GO:0044464,GO:0044703,GO:0045455,GO:0045456,GO:0048468,GO:0048477,GO:0048565,GO:0048589,GO:0048598,GO:0048609,GO:0048729,GO:0048731,GO:0048856,GO:0048869,GO:0048870,GO:0051179,GO:0051674,GO:0051704,GO:0055114,GO:0055123,GO:0060429,GO:0065007,GO:0065008,GO:0071704,GO:0090130,GO:0090132,GO:1901360,GO:1901362,GO:1901576","ko:K10723","ko00981,map00981","p450","Cyp314a1 heme binding. It is involved in the biological process described with oxidation-reduction process GO:0000003,GO:0001667,GO:0001700,GO:0002009,GO:0002064,GO:0002065,GO:0002066,GO:0002165,GO:0003006,GO:0003674,GO:0003824,GO:0004497,GO:0004501,GO:0005575,GO:0005622,GO:0005623,GO:0005737,GO:0005739,GO:0006629,GO:0006694,GO:0006928,GO:0007275,GO:0007276,GO:0007281,GO:0007292,GO:0007295,GO:0007297,GO:0007298,GO:0007391,GO:0007399,GO:0007417,GO:0007494,GO:0008150,GO:0008152,GO:0008202,GO:0008258,GO:0008395,GO:0008610,GO:0009058,GO:0009653,GO:0009790,GO:0009791,GO:0009792,GO:0009888,GO:0009987,GO:0010631,GO:0010817,GO:0016331,GO:0016477,GO:0016491,GO:0016705,GO:0019953,GO:0022412,GO:0022414,GO:0030154,GO:0030707,GO:0030855,GO:0032501,GO:0032502,GO:0032504,GO:0034754,GO:0035074,GO:0035209,GO:0035295,GO:0040007,GO:0040011,GO:0042180,GO:0042181,GO:0042445,GO:0042446,GO:0043226,GO:0043227,GO:0043229,GO:0043231,GO:0044237,GO:0044238,GO:0044249,GO:0044281,GO:0044283,GO:0044424,GO:0044444,GO:0044464,GO:0044703,GO:0045455,GO:0045456,GO:0048468,GO:0048477,GO:0048565,GO:0048589,GO:0048598,GO:0048609,GO:0048729,GO:0048731,GO:0048856,GO:0048869,GO:0048870,GO:0051179,GO:0051674,GO:0051704,GO:0055114,GO:0055123,GO:0060429,GO:0065007,GO:0065008,GO:0071704,GO:0090130,GO:0090132,GO:1901360,GO:1901362,GO:1901576 ko:K10723 ko00981,map00981 p450","Detoxification/stress",2,"33, 50","Higher in control",0.00035958008551602,2.39454505907055,"DEG",1.07830475548156
"LOC126293326",NA,NA,NA,NA,"Functional candidate","-","heme binding. It is involved in the biological process described with response to oxidative stress","GO:0000003,GO:0002064,GO:0002065,GO:0002066,GO:0003006,GO:0003674,GO:0003824,GO:0004601,GO:0005575,GO:0005623,GO:0007276,GO:0007281,GO:0007292,GO:0007304,GO:0007306,GO:0008150,GO:0008152,GO:0009636,GO:0009653,GO:0009888,GO:0009987,GO:0010033,GO:0010927,GO:0016043,GO:0016209,GO:0016491,GO:0016684,GO:0019953,GO:0022412,GO:0022414,GO:0022607,GO:0030154,GO:0030312,GO:0030703,GO:0030707,GO:0030855,GO:0032501,GO:0032502,GO:0032504,GO:0032989,GO:0042221,GO:0042493,GO:0042600,GO:0044085,GO:0044464,GO:0044703,GO:0045471,GO:0046677,GO:0048468,GO:0048477,GO:0048609,GO:0048646,GO:0048856,GO:0048869,GO:0050896,GO:0051704,GO:0051716,GO:0055114,GO:0060429,GO:0070887,GO:0071840,GO:0071944,GO:0097237,GO:0097305,GO:0098754,GO:0098869,GO:1901700,GO:1990748","-","-","An_peroxidase","- heme binding. It is involved in the biological process described with response to oxidative stress GO:0000003,GO:0002064,GO:0002065,GO:0002066,GO:0003006,GO:0003674,GO:0003824,GO:0004601,GO:0005575,GO:0005623,GO:0007276,GO:0007281,GO:0007292,GO:0007304,GO:0007306,GO:0008150,GO:0008152,GO:0009636,GO:0009653,GO:0009888,GO:0009987,GO:0010033,GO:0010927,GO:0016043,GO:0016209,GO:0016491,GO:0016684,GO:0019953,GO:0022412,GO:0022414,GO:0022607,GO:0030154,GO:0030312,GO:0030703,GO:0030707,GO:0030855,GO:0032501,GO:0032502,GO:0032504,GO:0032989,GO:0042221,GO:0042493,GO:0042600,GO:0044085,GO:0044464,GO:0044703,GO:0045471,GO:0046677,GO:0048468,GO:0048477,GO:0048609,GO:0048646,GO:0048856,GO:0048869,GO:0050896,GO:0051704,GO:0051716,GO:0055114,GO:0060429,GO:0070887,GO:0071840,GO:0071944,GO:0097237,GO:0097305,GO:0098754,GO:0098869,GO:1901700,GO:1990748 - - An_peroxidase","Detoxification/stress",2,"50, 83","Higher in infected",0.00108220695043757,5.70016213136115,"DEG",0.698841671697915
"LOC126336695",NA,NA,NA,NA,"Functional candidate","-","Glutathione S-transferase, C-terminal domain","-","ko:K04097","ko00480,ko00590,ko00980,ko00982,ko01100,ko05204,map00480,map00590,map00980,map00982,map01100,map05204","GST_C_3,GST_N","- Glutathione S-transferase, C-terminal domain - ko:K04097 ko00480,ko00590,ko00980,ko00982,ko01100,ko05204,map00480,map00590,map00980,map00982,map01100,map05204 GST_C_3,GST_N","Detoxification/stress",3,"33, 50, 83","Higher in control",0.00129454894467523,1.5744018540379,"DEG",0.897695221352324
"LOC126282123",NA,NA,NA,NA,"Functional candidate","-","cytochrome p450","-","-","-","-","- cytochrome p450 - - - -","Detoxification/stress",1,"33","Higher in control",0.00199881333594447,2.45386248201288,"DEG",0.341251768289207
"LOC126272724",NA,NA,NA,NA,"Functional candidate","GstO2","Glutathione transferase activity. It is involved in the biological process described with metabolic process","-","ko:K00310,ko:K00799","ko00480,ko00790,ko00980,ko00982,ko00983,ko01524,ko05200,ko05204,ko05225,ko05418,map00480,map00790,map00980,map00982,map00983,map01524,map05200,map05204,map05225,map05418","GST_C_2,GST_N_3","GstO2 Glutathione transferase activity. It is involved in the biological process described with metabolic process - ko:K00310,ko:K00799 ko00480,ko00790,ko00980,ko00982,ko00983,ko01524,ko05200,ko05204,ko05225,ko05418,map00480,map00790,map00980,map00982,map00983,map01524,map05200,map05204,map05225,map05418 GST_C_2,GST_N_3","Detoxification/stress",2,"50, 83","Higher in infected",0.00253627555125375,1.96558266738219,"DEG",0.760479242147861
"LOC126282119",NA,NA,NA,NA,"Functional candidate","-","cytochrome p450","-","-","-","-","- cytochrome p450 - - - -","Detoxification/stress",1,"50","Higher in control",0.002714641925759,3.95100734148765,"DEG",0.51365266767846
"LOC126266714",NA,NA,NA,NA,"Functional candidate","-","Insect allergen related repeat, nitrile-specifier detoxification","-","-","-","Ins_allergen_rp","- Insect allergen related repeat, nitrile-specifier detoxification - - - Ins_allergen_rp","Detoxification/stress",1,"50","Higher in control",0.00296339362628083,5.96427070821109,"DEG",2.3112178956781
"LOC126336735",NA,NA,NA,NA,"Functional candidate","-","glutathione s-transferase","-","-","-","-","- glutathione s-transferase - - - -","Detoxification/stress",1,"33","Higher in control",0.00427711326133479,3.01262489197163,"DEG",2.09838497726434
"LOC126281404",NA,NA,NA,NA,"Functional candidate","-","Glutathione S-transferase, N-terminal domain","-","ko:K00799","ko00480,ko00980,ko00982,ko00983,ko01524,ko05200,ko05204,ko05225,ko05418,map00480,map00980,map00982,map00983,map01524,map05200,map05204,map05225,map05418","GST_C,GST_N,GST_N_3","- Glutathione S-transferase, N-terminal domain - ko:K00799 ko00480,ko00980,ko00982,ko00983,ko01524,ko05200,ko05204,ko05225,ko05418,map00480,map00980,map00982,map00983,map01524,map05200,map05204,map05225,map05418 GST_C,GST_N,GST_N_3","Detoxification/stress",2,"33, 50","Higher in control",0.00452721772954622,2.1416165008825,"DEG",1.34799774495837
"LOC126336722",NA,NA,NA,NA,"Functional candidate","-","glutathione s-transferase","-","-","-","-","- glutathione s-transferase - - - -","Detoxification/stress",1,"50","Higher in control",0.00503305432528034,2.08106043894645,"DEG",0.612266216426659
"LOC126272899",NA,NA,NA,NA,"Functional candidate","-","heme binding. It is involved in the biological process described with oxidation-reduction process","-","ko:K14999","-","p450","- heme binding. It is involved in the biological process described with oxidation-reduction process - ko:K14999 - p450","Detoxification/stress",1,"50","Higher in control",0.00565566428402226,1.47586619532913,"DEG",0.451502432688604
"LOC126354485",NA,NA,NA,NA,"Functional candidate","-","Cytochrome P-450","-","ko:K15001,ko:K15007","-","p450","- Cytochrome P-450 - ko:K15001,ko:K15007 - p450","Detoxification/stress",2,"33, 50","Higher in infected",0.00575409596152607,5.84273917575261,"DEG",0.908811004338095
"LOC126272296",NA,NA,NA,NA,"Functional candidate","-","heme binding. It is involved in the biological process described with oxidation-reduction process","-","ko:K14999","-","p450","- heme binding. It is involved in the biological process described with oxidation-reduction process - ko:K14999 - p450","Detoxification/stress",1,"50","Higher in infected",0.00744087402644331,3.05790592634211,"DEG",1.59272048801135
"LOC126320178",NA,NA,NA,NA,"Functional candidate","CYP315A1","heme binding. It is involved in the biological process described with oxidation-reduction process","GO:0000902,GO:0000904,GO:0001700,GO:0002009,GO:0002165,GO:0003674,GO:0003824,GO:0004497,GO:0005575,GO:0005622,GO:0005623,GO:0005737,GO:0005739,GO:0006066,GO:0006629,GO:0006694,GO:0006697,GO:0006928,GO:0006935,GO:0007275,GO:0007391,GO:0007399,GO:0007409,GO:0007411,GO:0007417,GO:0007494,GO:0008045,GO:0008150,GO:0008152,GO:0008202,GO:0008205,GO:0008258,GO:0008395,GO:0008610,GO:0009058,GO:0009605,GO:0009653,GO:0009790,GO:0009791,GO:0009792,GO:0009888,GO:0009987,GO:0010817,GO:0016043,GO:0016125,GO:0016126,GO:0016331,GO:0016491,GO:0022008,GO:0030030,GO:0030154,GO:0030182,GO:0031175,GO:0032501,GO:0032502,GO:0032989,GO:0032990,GO:0034754,GO:0035295,GO:0040011,GO:0042180,GO:0042181,GO:0042221,GO:0042330,GO:0042445,GO:0042446,GO:0042768,GO:0043226,GO:0043227,GO:0043229,GO:0043231,GO:0044237,GO:0044238,GO:0044249,GO:0044281,GO:0044283,GO:0044424,GO:0044444,GO:0044464,GO:0045455,GO:0045456,GO:0046165,GO:0048468,GO:0048565,GO:0048598,GO:0048666,GO:0048667,GO:0048699,GO:0048729,GO:0048731,GO:0048812,GO:0048856,GO:0048858,GO:0048869,GO:0050896,GO:0055114,GO:0055123,GO:0060429,GO:0061564,GO:0065007,GO:0065008,GO:0071704,GO:0071840,GO:0097485,GO:0120036,GO:0120039,GO:1901360,GO:1901362,GO:1901576,GO:1901615,GO:1901617,GO:1902652,GO:1902653","ko:K10722","ko00981,map00981","60KD_IMP,p450","CYP315A1 heme binding. It is involved in the biological process described with oxidation-reduction process GO:0000902,GO:0000904,GO:0001700,GO:0002009,GO:0002165,GO:0003674,GO:0003824,GO:0004497,GO:0005575,GO:0005622,GO:0005623,GO:0005737,GO:0005739,GO:0006066,GO:0006629,GO:0006694,GO:0006697,GO:0006928,GO:0006935,GO:0007275,GO:0007391,GO:0007399,GO:0007409,GO:0007411,GO:0007417,GO:0007494,GO:0008045,GO:0008150,GO:0008152,GO:0008202,GO:0008205,GO:0008258,GO:0008395,GO:0008610,GO:0009058,GO:0009605,GO:0009653,GO:0009790,GO:0009791,GO:0009792,GO:0009888,GO:0009987,GO:0010817,GO:0016043,GO:0016125,GO:0016126,GO:0016331,GO:0016491,GO:0022008,GO:0030030,GO:0030154,GO:0030182,GO:0031175,GO:0032501,GO:0032502,GO:0032989,GO:0032990,GO:0034754,GO:0035295,GO:0040011,GO:0042180,GO:0042181,GO:0042221,GO:0042330,GO:0042445,GO:0042446,GO:0042768,GO:0043226,GO:0043227,GO:0043229,GO:0043231,GO:0044237,GO:0044238,GO:0044249,GO:0044281,GO:0044283,GO:0044424,GO:0044444,GO:0044464,GO:0045455,GO:0045456,GO:0046165,GO:0048468,GO:0048565,GO:0048598,GO:0048666,GO:0048667,GO:0048699,GO:0048729,GO:0048731,GO:0048812,GO:0048856,GO:0048858,GO:0048869,GO:0050896,GO:0055114,GO:0055123,GO:0060429,GO:0061564,GO:0065007,GO:0065008,GO:0071704,GO:0071840,GO:0097485,GO:0120036,GO:0120039,GO:1901360,GO:1901362,GO:1901576,GO:1901615,GO:1901617,GO:1902652,GO:1902653 ko:K10722 ko00981,map00981 60KD_IMP,p450","Detoxification/stress",1,"50","Higher in control",0.012849662887041,1.99476988292441,"DEG",0.604871647915229
"LOC126323151","83","Higher in infected",1.84263033099589e-27,23.9124200986221,"Top DEG","-","Attacin, C-terminal region","-","-","-","Attacin_C","- Attacin, C-terminal region - - - Attacin_C","Other strong DEG",1,"83","Higher in infected",1.84263033099589e-27,23.9124200986221,"DEG",NA
"LOC126354529","33","Higher in control",3.15851002683567e-21,-21.2159842063178,"Top DEG","-","Choline/ethanolamine kinase","-","-","-","EcKinase","- Choline/ethanolamine kinase - - - EcKinase","Other strong DEG",1,"33","Higher in control",3.15851002683567e-21,21.2159842063178,"DEG",NA
"LOC126267114","50","Higher in infected",5.12772379179898e-21,26.2893531774257,"Top DEG","-","juvenile hormone acid methyltransferase activity","-","-","-","-","- juvenile hormone acid methyltransferase activity - - - -","Other strong DEG",3,"33, 50, 83","Higher in infected",5.12772379179898e-21,26.2893531774257,"DEG",NA
"LOC126279018","33","Higher in infected",7.85975515524258e-13,2.55877065397333,"Top DEG","-","-","-","-","-","-","- - - - - -","Other strong DEG",3,"33, 50, 83","Higher in infected",8.12073319122795e-19,3.22150275717906,"DEG",NA
"LOC126335966","33","Higher in infected",3.12401499467292e-15,6.58151960211464,"Top DEG","GlcAT-P","Belongs to the glycosyltransferase 43 family","GO:0000139,GO:0003674,GO:0003824,GO:0005575,GO:0005622,GO:0005623,GO:0005737,GO:0005794,GO:0005975,GO:0006022,GO:0006029,GO:0006082,GO:0006629,GO:0006643,GO:0006664,GO:0006665,GO:0006687,GO:0006688,GO:0006790,GO:0006807,GO:0007275,GO:0007399,GO:0007422,GO:0008150,GO:0008152,GO:0008194,GO:0008610,GO:0009058,GO:0009059,GO:0009100,GO:0009101,GO:0009247,GO:0009987,GO:0012505,GO:0015018,GO:0015020,GO:0016020,GO:0016740,GO:0016757,GO:0016758,GO:0019538,GO:0030148,GO:0030166,GO:0030203,GO:0030204,GO:0031090,GO:0031984,GO:0032501,GO:0032502,GO:0034645,GO:0043170,GO:0043226,GO:0043227,GO:0043229,GO:0043231,GO:0043436,GO:0044237,GO:0044238,GO:0044249,GO:0044255,GO:0044260,GO:0044281,GO:0044422,GO:0044424,GO:0044431,GO:0044444,GO:0044446,GO:0044464,GO:0046467,GO:0046987,GO:0046988,GO:0046989,GO:0048731,GO:0048856,GO:0050650,GO:0050654,GO:0071704,GO:0098588,GO:0098791,GO:1901135,GO:1901137,GO:1901564,GO:1901566,GO:1901576,GO:1903509,GO:1903510","ko:K10812","-","Glyco_transf_43","GlcAT-P Belongs to the glycosyltransferase 43 family GO:0000139,GO:0003674,GO:0003824,GO:0005575,GO:0005622,GO:0005623,GO:0005737,GO:0005794,GO:0005975,GO:0006022,GO:0006029,GO:0006082,GO:0006629,GO:0006643,GO:0006664,GO:0006665,GO:0006687,GO:0006688,GO:0006790,GO:0006807,GO:0007275,GO:0007399,GO:0007422,GO:0008150,GO:0008152,GO:0008194,GO:0008610,GO:0009058,GO:0009059,GO:0009100,GO:0009101,GO:0009247,GO:0009987,GO:0012505,GO:0015018,GO:0015020,GO:0016020,GO:0016740,GO:0016757,GO:0016758,GO:0019538,GO:0030148,GO:0030166,GO:0030203,GO:0030204,GO:0031090,GO:0031984,GO:0032501,GO:0032502,GO:0034645,GO:0043170,GO:0043226,GO:0043227,GO:0043229,GO:0043231,GO:0043436,GO:0044237,GO:0044238,GO:0044249,GO:0044255,GO:0044260,GO:0044281,GO:0044422,GO:0044424,GO:0044431,GO:0044444,GO:0044446,GO:0044464,GO:0046467,GO:0046987,GO:0046988,GO:0046989,GO:0048731,GO:0048856,GO:0050650,GO:0050654,GO:0071704,GO:0098588,GO:0098791,GO:1901135,GO:1901137,GO:1901564,GO:1901566,GO:1901576,GO:1903509,GO:1903510 ko:K10812 - Glyco_transf_43","Other strong DEG",3,"33, 50, 83","Higher in infected",3.12401499467292e-15,6.81143227497409,"DEG",NA
"LOC126332140","33","Higher in infected",4.70858452259063e-15,8.19383606821795,"Top DEG",NA,NA,NA,NA,NA,NA,NA,"Other strong DEG",3,"33, 50, 83","Higher in infected",4.70858452259063e-15,8.2551860805523,"DEG",NA
"LOC126279309","33","Higher in infected",9.87014582873302e-14,2.51802324830752,"Top DEG","-","Mediator of CRAC channel activity","GO:0002115,GO:0003674,GO:0005215,GO:0005216,GO:0005261,GO:0005262,GO:0005575,GO:0005623,GO:0005886,GO:0005887,GO:0006810,GO:0006811,GO:0006812,GO:0006816,GO:0007275,GO:0007399,GO:0008150,GO:0008324,GO:0009966,GO:0009967,GO:0010646,GO:0010647,GO:0010959,GO:0015075,GO:0015085,GO:0015267,GO:0015279,GO:0015318,GO:0016020,GO:0016021,GO:0022803,GO:0022838,GO:0022857,GO:0022890,GO:0023051,GO:0023056,GO:0030001,GO:0031224,GO:0031226,GO:0032501,GO:0032502,GO:0032879,GO:0034220,GO:0043269,GO:0043270,GO:0044425,GO:0044459,GO:0044464,GO:0046873,GO:0048518,GO:0048522,GO:0048583,GO:0048584,GO:0048731,GO:0048856,GO:0050789,GO:0050794,GO:0050848,GO:0050850,GO:0051049,GO:0051050,GO:0051179,GO:0051234,GO:0051924,GO:0051928,GO:0055085,GO:0065007,GO:0070588,GO:0070838,GO:0070884,GO:0070886,GO:0071944,GO:0072511,GO:0098655,GO:0098660,GO:0098662,GO:0106056,GO:0106058,GO:1902531,GO:1902533","ko:K16056","ko04020,ko04024,ko04611,ko04924,ko04925,ko04927,ko04934,ko05340,map04020,map04024,map04611,map04924,map04925,map04927,map04934,map05340","Orai-1","- Mediator of CRAC channel activity GO:0002115,GO:0003674,GO:0005215,GO:0005216,GO:0005261,GO:0005262,GO:0005575,GO:0005623,GO:0005886,GO:0005887,GO:0006810,GO:0006811,GO:0006812,GO:0006816,GO:0007275,GO:0007399,GO:0008150,GO:0008324,GO:0009966,GO:0009967,GO:0010646,GO:0010647,GO:0010959,GO:0015075,GO:0015085,GO:0015267,GO:0015279,GO:0015318,GO:0016020,GO:0016021,GO:0022803,GO:0022838,GO:0022857,GO:0022890,GO:0023051,GO:0023056,GO:0030001,GO:0031224,GO:0031226,GO:0032501,GO:0032502,GO:0032879,GO:0034220,GO:0043269,GO:0043270,GO:0044425,GO:0044459,GO:0044464,GO:0046873,GO:0048518,GO:0048522,GO:0048583,GO:0048584,GO:0048731,GO:0048856,GO:0050789,GO:0050794,GO:0050848,GO:0050850,GO:0051049,GO:0051050,GO:0051179,GO:0051234,GO:0051924,GO:0051928,GO:0055085,GO:0065007,GO:0070588,GO:0070838,GO:0070884,GO:0070886,GO:0071944,GO:0072511,GO:0098655,GO:0098660,GO:0098662,GO:0106056,GO:0106058,GO:1902531,GO:1902533 ko:K16056 ko04020,ko04024,ko04611,ko04924,ko04925,ko04927,ko04934,ko05340,map04020,map04024,map04611,map04924,map04925,map04927,map04934,map05340 Orai-1","Other strong DEG",3,"33, 50, 83","Higher in infected",1.3157158093482e-14,2.71501984971902,"DEG",NA
"LOC126278962","33","Higher in infected",3.07673402467088e-12,2.87972844982403,"Top DEG","-","-","-","-","-","-","- - - - - -","Other strong DEG",3,"33, 50, 83","Higher in infected",3.60115388044227e-14,3.28853969291584,"DEG",NA
"LOC126292043","50","Higher in infected",8.91487410898084e-14,4.10312087655968,"Top DEG",NA,NA,NA,NA,NA,NA,NA,"Other strong DEG",3,"33, 50, 83","Higher in infected",8.91487410898084e-14,4.10312087655968,"DEG",NA
"LOC126335700","50","Higher in infected",2.39982447194637e-13,11.0449341852756,"Top DEG",NA,NA,NA,NA,NA,NA,NA,"Other strong DEG",3,"33, 50, 83","Higher in infected",2.39982447194637e-13,11.0449341852756,"DEG",NA
"LOC126335828","50","Higher in infected",2.83351993876512e-13,3.47822145466917,"Top DEG","-","MTH538 TIR-like domain (DUF1863)","-","ko:K18808","-","TIR","- MTH538 TIR-like domain (DUF1863) - ko:K18808 - TIR","Other strong DEG",3,"33, 50, 83","Higher in infected",2.83351993876512e-13,3.47822145466917,"DEG",NA
"LOC126325232","50","Higher in infected",4.06912711001498e-13,4.68392728731548,"Top DEG","-","MTH538 TIR-like domain (DUF1863)","-","ko:K18808","-","TIR","- MTH538 TIR-like domain (DUF1863) - ko:K18808 - TIR","Other strong DEG",3,"33, 50, 83","Higher in infected",4.06912711001498e-13,4.68392728731548,"DEG",NA
"LOC126282995","50","Higher in infected",5.14427648403709e-13,4.93477353013129,"Top DEG",NA,NA,NA,NA,NA,NA,NA,"Other strong DEG",3,"33, 50, 83","Higher in infected",5.14427648403709e-13,4.93477353013129,"DEG",NA
"LOC126332302","33","Higher in infected",7.86708755929571e-13,8.77080159600521,"Top DEG",NA,NA,NA,NA,NA,NA,NA,"Other strong DEG",3,"33, 50, 83","Higher in infected",7.86708755929571e-13,8.77080159600521,"DEG",NA
"LOC126278485","33","Higher in control",1.54939779277498e-12,-8.32593042897526,"Top DEG","-","Pyridoxal-dependent decarboxylase, pyridoxal binding domain","-","ko:K01581","ko00330,ko00480,ko01100,ko01110,ko01130,map00330,map00480,map01100,map01110,map01130","Orn_Arg_deC_N,Orn_DAP_Arg_deC","- Pyridoxal-dependent decarboxylase, pyridoxal binding domain - ko:K01581 ko00330,ko00480,ko01100,ko01110,ko01130,map00330,map00480,map01100,map01110,map01130 Orn_Arg_deC_N,Orn_DAP_Arg_deC","Other strong DEG",2,"33, 50","Higher in control",1.54939779277498e-12,8.32593042897526,"DEG",NA
"LOC126295040","33","Higher in infected",1.64229034170511e-12,7.34691667569284,"Top DEG","-","meprin and TRAF homology","GO:0000151,GO:0000209,GO:0001654,GO:0001736,GO:0001738,GO:0001745,GO:0001932,GO:0001934,GO:0002009,GO:0003002,GO:0003674,GO:0005488,GO:0005515,GO:0005575,GO:0005622,GO:0005623,GO:0005634,GO:0005737,GO:0006464,GO:0006508,GO:0006511,GO:0006515,GO:0006807,GO:0006950,GO:0007163,GO:0007164,GO:0007275,GO:0007350,GO:0007365,GO:0007367,GO:0007389,GO:0007423,GO:0008150,GO:0008152,GO:0008589,GO:0009056,GO:0009057,GO:0009653,GO:0009790,GO:0009880,GO:0009887,GO:0009888,GO:0009893,GO:0009966,GO:0009967,GO:0009968,GO:0009987,GO:0010033,GO:0010498,GO:0010562,GO:0010604,GO:0010646,GO:0010647,GO:0010648,GO:0010941,GO:0010942,GO:0016567,GO:0019005,GO:0019220,GO:0019222,GO:0019538,GO:0019899,GO:0019941,GO:0023051,GO:0023056,GO:0023057,GO:0030162,GO:0030163,GO:0031323,GO:0031325,GO:0031399,GO:0031401,GO:0031461,GO:0031625,GO:0031647,GO:0031648,GO:0032268,GO:0032270,GO:0032386,GO:0032387,GO:0032446,GO:0032501,GO:0032502,GO:0032872,GO:0032874,GO:0032879,GO:0032880,GO:0032991,GO:0033157,GO:0033554,GO:0035282,GO:0035966,GO:0035967,GO:0036211,GO:0042067,GO:0042221,GO:0042306,GO:0042308,GO:0042325,GO:0042327,GO:0042802,GO:0042803,GO:0042981,GO:0043065,GO:0043067,GO:0043068,GO:0043161,GO:0043170,GO:0043226,GO:0043227,GO:0043229,GO:0043231,GO:0043408,GO:0043410,GO:0043412,GO:0043632,GO:0044237,GO:0044238,GO:0044248,GO:0044257,GO:0044260,GO:0044265,GO:0044267,GO:0044389,GO:0044424,GO:0044464,GO:0045879,GO:0045937,GO:0046328,GO:0046330,GO:0046822,GO:0046823,GO:0046983,GO:0048513,GO:0048518,GO:0048519,GO:0048522,GO:0048523,GO:0048583,GO:0048584,GO:0048585,GO:0048592,GO:0048729,GO:0048731,GO:0048749,GO:0048856,GO:0050789,GO:0050794,GO:0050896,GO:0051049,GO:0051051,GO:0051171,GO:0051173,GO:0051174,GO:0051223,GO:0051224,GO:0051246,GO:0051247,GO:0051603,GO:0051716,GO:0051788,GO:0051865,GO:0060255,GO:0060341,GO:0060429,GO:0065007,GO:0065008,GO:0070201,GO:0070302,GO:0070304,GO:0070647,GO:0070887,GO:0071218,GO:0071310,GO:0071630,GO:0071704,GO:0080090,GO:0080134,GO:0080135,GO:0090087,GO:0090317,GO:0090596,GO:1900180,GO:1900181,GO:1901044,GO:1901564,GO:1901565,GO:1901575,GO:1902494,GO:1902531,GO:1902533,GO:1903827,GO:1903828,GO:1904589,GO:1904590,GO:1904950,GO:1990234","ko:K10523","ko04340,ko04341,map04340,map04341","BTB,MATH","- meprin and TRAF homology GO:0000151,GO:0000209,GO:0001654,GO:0001736,GO:0001738,GO:0001745,GO:0001932,GO:0001934,GO:0002009,GO:0003002,GO:0003674,GO:0005488,GO:0005515,GO:0005575,GO:0005622,GO:0005623,GO:0005634,GO:0005737,GO:0006464,GO:0006508,GO:0006511,GO:0006515,GO:0006807,GO:0006950,GO:0007163,GO:0007164,GO:0007275,GO:0007350,GO:0007365,GO:0007367,GO:0007389,GO:0007423,GO:0008150,GO:0008152,GO:0008589,GO:0009056,GO:0009057,GO:0009653,GO:0009790,GO:0009880,GO:0009887,GO:0009888,GO:0009893,GO:0009966,GO:0009967,GO:0009968,GO:0009987,GO:0010033,GO:0010498,GO:0010562,GO:0010604,GO:0010646,GO:0010647,GO:0010648,GO:0010941,GO:0010942,GO:0016567,GO:0019005,GO:0019220,GO:0019222,GO:0019538,GO:0019899,GO:0019941,GO:0023051,GO:0023056,GO:0023057,GO:0030162,GO:0030163,GO:0031323,GO:0031325,GO:0031399,GO:0031401,GO:0031461,GO:0031625,GO:0031647,GO:0031648,GO:0032268,GO:0032270,GO:0032386,GO:0032387,GO:0032446,GO:0032501,GO:0032502,GO:0032872,GO:0032874,GO:0032879,GO:0032880,GO:0032991,GO:0033157,GO:0033554,GO:0035282,GO:0035966,GO:0035967,GO:0036211,GO:0042067,GO:0042221,GO:0042306,GO:0042308,GO:0042325,GO:0042327,GO:0042802,GO:0042803,GO:0042981,GO:0043065,GO:0043067,GO:0043068,GO:0043161,GO:0043170,GO:0043226,GO:0043227,GO:0043229,GO:0043231,GO:0043408,GO:0043410,GO:0043412,GO:0043632,GO:0044237,GO:0044238,GO:0044248,GO:0044257,GO:0044260,GO:0044265,GO:0044267,GO:0044389,GO:0044424,GO:0044464,GO:0045879,GO:0045937,GO:0046328,GO:0046330,GO:0046822,GO:0046823,GO:0046983,GO:0048513,GO:0048518,GO:0048519,GO:0048522,GO:0048523,GO:0048583,GO:0048584,GO:0048585,GO:0048592,GO:0048729,GO:0048731,GO:0048749,GO:0048856,GO:0050789,GO:0050794,GO:0050896,GO:0051049,GO:0051051,GO:0051171,GO:0051173,GO:0051174,GO:0051223,GO:0051224,GO:0051246,GO:0051247,GO:0051603,GO:0051716,GO:0051788,GO:0051865,GO:0060255,GO:0060341,GO:0060429,GO:0065007,GO:0065008,GO:0070201,GO:0070302,GO:0070304,GO:0070647,GO:0070887,GO:0071218,GO:0071310,GO:0071630,GO:0071704,GO:0080090,GO:0080134,GO:0080135,GO:0090087,GO:0090317,GO:0090596,GO:1900180,GO:1900181,GO:1901044,GO:1901564,GO:1901565,GO:1901575,GO:1902494,GO:1902531,GO:1902533,GO:1903827,GO:1903828,GO:1904589,GO:1904590,GO:1904950,GO:1990234 ko:K10523 ko04340,ko04341,map04340,map04341 BTB,MATH","Other strong DEG",3,"33, 50, 83","Higher in infected",1.64229034170511e-12,7.34691667569284,"DEG",NA
"LOC126293672","33","Higher in infected",3.27218507660542e-12,2.81190785781583,"Top DEG","CREG","Pyridoxamine 5'-phosphate oxidase","GO:0000122,GO:0003674,GO:0005488,GO:0005515,GO:0006355,GO:0006357,GO:0008134,GO:0008150,GO:0009889,GO:0009890,GO:0009892,GO:0010468,GO:0010556,GO:0010558,GO:0010605,GO:0010629,GO:0019219,GO:0019222,GO:0031323,GO:0031324,GO:0031326,GO:0031327,GO:0042802,GO:0042803,GO:0045892,GO:0045934,GO:0046983,GO:0048519,GO:0048523,GO:0050789,GO:0050794,GO:0051171,GO:0051172,GO:0051252,GO:0051253,GO:0060255,GO:0065007,GO:0080090,GO:1902679,GO:1903506,GO:1903507,GO:2000112,GO:2000113,GO:2001141","-","-","Pyrid_oxidase_2","CREG Pyridoxamine 5'-phosphate oxidase GO:0000122,GO:0003674,GO:0005488,GO:0005515,GO:0006355,GO:0006357,GO:0008134,GO:0008150,GO:0009889,GO:0009890,GO:0009892,GO:0010468,GO:0010556,GO:0010558,GO:0010605,GO:0010629,GO:0019219,GO:0019222,GO:0031323,GO:0031324,GO:0031326,GO:0031327,GO:0042802,GO:0042803,GO:0045892,GO:0045934,GO:0046983,GO:0048519,GO:0048523,GO:0050789,GO:0050794,GO:0051171,GO:0051172,GO:0051252,GO:0051253,GO:0060255,GO:0065007,GO:0080090,GO:1902679,GO:1903506,GO:1903507,GO:2000112,GO:2000113,GO:2001141 - - Pyrid_oxidase_2","Other strong DEG",3,"33, 50, 83","Higher in infected",1.92083576444393e-12,2.95744995691069,"DEG",NA
"LOC126278127","33","Higher in infected",2.53043996647169e-12,7.59950444177061,"Top DEG",NA,NA,NA,NA,NA,NA,NA,"Other strong DEG",3,"33, 50, 83","Higher in infected",2.53043996647169e-12,7.59950444177061,"DEG",NA
"LOC126356135","33","Higher in infected",2.56429203923684e-12,5.446301171534,"Top DEG",NA,NA,NA,NA,NA,NA,NA,"Other strong DEG",3,"33, 50, 83","Higher in infected",2.56429203923684e-12,5.446301171534,"DEG",NA
"LOC126284231","33","Higher in control",5.68721628452418e-12,-3.08683297591717,"Top DEG",NA,NA,NA,NA,NA,NA,NA,"Other strong DEG",3,"33, 50, 83","Higher in control",5.68721628452418e-12,3.08683297591717,"DEG",NA
"LOC126294950","33","Higher in infected",1.8658822644462e-11,5.81201951090827,"Top DEG",NA,NA,NA,NA,NA,NA,NA,"Other strong DEG",3,"33, 50, 83","Higher in infected",1.8658822644462e-11,5.81201951090827,"DEG",NA
"LOC126336866","33","Higher in control",9.0037965653132e-10,-2.95352532726724,"Top DEG","Men","Malic enzyme, NAD binding domain","GO:0003674,GO:0003824,GO:0004470,GO:0004473,GO:0005575,GO:0005622,GO:0005623,GO:0005737,GO:0005739,GO:0005829,GO:0006082,GO:0006090,GO:0006108,GO:0007275,GO:0007568,GO:0008150,GO:0008152,GO:0008340,GO:0009987,GO:0010259,GO:0010941,GO:0016491,GO:0016614,GO:0016615,GO:0016616,GO:0019752,GO:0030431,GO:0032501,GO:0032502,GO:0032787,GO:0043226,GO:0043227,GO:0043229,GO:0043231,GO:0043436,GO:0043648,GO:0044237,GO:0044281,GO:0044424,GO:0044444,GO:0044464,GO:0048856,GO:0050789,GO:0050794,GO:0055114,GO:0065007,GO:0071704","ko:K00029","ko00620,ko00710,ko01100,ko01120,ko01200,map00620,map00710,map01100,map01120,map01200","Malic_M,malic","Men Malic enzyme, NAD binding domain GO:0003674,GO:0003824,GO:0004470,GO:0004473,GO:0005575,GO:0005622,GO:0005623,GO:0005737,GO:0005739,GO:0005829,GO:0006082,GO:0006090,GO:0006108,GO:0007275,GO:0007568,GO:0008150,GO:0008152,GO:0008340,GO:0009987,GO:0010259,GO:0010941,GO:0016491,GO:0016614,GO:0016615,GO:0016616,GO:0019752,GO:0030431,GO:0032501,GO:0032502,GO:0032787,GO:0043226,GO:0043227,GO:0043229,GO:0043231,GO:0043436,GO:0043648,GO:0044237,GO:0044281,GO:0044424,GO:0044444,GO:0044464,GO:0048856,GO:0050789,GO:0050794,GO:0055114,GO:0065007,GO:0071704 ko:K00029 ko00620,ko00710,ko01100,ko01120,ko01200,map00620,map00710,map01100,map01120,map01200 Malic_M,malic","Other strong DEG",3,"33, 50, 83","Higher in control",3.39825186941529e-11,3.29949346344175,"DEG",NA
"LOC126282034","83","Higher in infected",6.78284988253931e-08,3.13397347866792,"Top DEG","-","ATP binding. It is involved in the biological process described with protein phosphorylation","-","-","-","-","- ATP binding. It is involved in the biological process described with protein phosphorylation - - - -","Other strong DEG",3,"33, 50, 83","Higher in infected",3.47004408103204e-10,3.21926208241822,"DEG",NA
"LOC126284548","83","Higher in infected",2.97550059298405e-07,3.86803346480808,"Top DEG","-","Spermine synthase activity. It is involved in the biological process described with spermine biosynthetic process","GO:0003674,GO:0003824,GO:0006576,GO:0006595,GO:0006596,GO:0006597,GO:0006807,GO:0008150,GO:0008152,GO:0008215,GO:0009058,GO:0009308,GO:0009309,GO:0009987,GO:0016740,GO:0016765,GO:0016768,GO:0017144,GO:0034641,GO:0042401,GO:0044106,GO:0044237,GO:0044249,GO:0044271,GO:0071704,GO:0097164,GO:1901564,GO:1901566,GO:1901576","ko:K00802","ko00270,ko00330,ko00410,ko00480,ko01100,map00270,map00330,map00410,map00480,map01100","Spermine_synt_N,Spermine_synth","- Spermine synthase activity. It is involved in the biological process described with spermine biosynthetic process GO:0003674,GO:0003824,GO:0006576,GO:0006595,GO:0006596,GO:0006597,GO:0006807,GO:0008150,GO:0008152,GO:0008215,GO:0009058,GO:0009308,GO:0009309,GO:0009987,GO:0016740,GO:0016765,GO:0016768,GO:0017144,GO:0034641,GO:0042401,GO:0044106,GO:0044237,GO:0044249,GO:0044271,GO:0071704,GO:0097164,GO:1901564,GO:1901566,GO:1901576 ko:K00802 ko00270,ko00330,ko00410,ko00480,ko01100,map00270,map00330,map00410,map00480,map01100 Spermine_synt_N,Spermine_synth","Other strong DEG",3,"33, 50, 83","Higher in infected",5.31373182130859e-10,4.09766763087521,"DEG",NA
"LOC126337056","50","Higher in control",2.93063514523769e-09,-3.11678800738269,"Top DEG","-","Juvenile hormone binding protein domains in insects.","-","-","-","JHBP","- Juvenile hormone binding protein domains in insects. - - - JHBP","Other strong DEG",3,"33, 50, 83","Higher in control",2.93063514523769e-09,3.11678800738269,"DEG",NA
"LOC126272860","50","Higher in control",2.0855654352753e-08,-4.23279443429562,"Top DEG","-","-","-","-","-","-","- - - - - -","Other strong DEG",3,"33, 50, 83","Higher in control",2.0855654352753e-08,4.23279443429562,"DEG",NA
"LOC126299541","50","Higher in control",1.75715431621868e-07,-1.26255493892398,"Top DEG","-","Phosphatidylinositol 3-kinase regulatory subunit P85 inter-SH2 domain","GO:0001784,GO:0003674,GO:0005488,GO:0005515,GO:0005575,GO:0005942,GO:0005943,GO:0006629,GO:0006644,GO:0006650,GO:0006793,GO:0006796,GO:0007154,GO:0007165,GO:0007166,GO:0007167,GO:0007169,GO:0008150,GO:0008152,GO:0008286,GO:0008361,GO:0009719,GO:0009725,GO:0009987,GO:0010033,GO:0010243,GO:0016020,GO:0016043,GO:0016310,GO:0019207,GO:0019216,GO:0019220,GO:0019222,GO:0019637,GO:0019898,GO:0019899,GO:0019900,GO:0023052,GO:0030234,GO:0030258,GO:0031323,GO:0032535,GO:0032868,GO:0032869,GO:0032870,GO:0032991,GO:0035014,GO:0042127,GO:0042221,GO:0042325,GO:0043434,GO:0043549,GO:0043550,GO:0043551,GO:0043560,GO:0044237,GO:0044238,GO:0044255,GO:0044425,GO:0045309,GO:0046486,GO:0046488,GO:0046834,GO:0046854,GO:0046935,GO:0050789,GO:0050790,GO:0050794,GO:0050896,GO:0051174,GO:0051219,GO:0051338,GO:0051716,GO:0061695,GO:0065007,GO:0065008,GO:0065009,GO:0070887,GO:0071310,GO:0071375,GO:0071417,GO:0071495,GO:0071704,GO:0071840,GO:0080090,GO:0090066,GO:0097651,GO:0098772,GO:0098796,GO:1901652,GO:1901653,GO:1901698,GO:1901699,GO:1901700,GO:1901701,GO:1902494,GO:1903725,GO:1990234","ko:K02649","ko01521,ko01522,ko01524,ko04012,ko04014,ko04015,ko04024,ko04062,ko04066,ko04068,ko04070,ko04071,ko04072,ko04140,ko04150,ko04151,ko04152,ko04210,ko04211,ko04213,ko04218,ko04360,ko04370,ko04380,ko04510,ko04550,ko04611,ko04620,ko04630,ko04650,ko04660,ko04662,ko04664,ko04666,ko04668,ko04670,ko04722,ko04725,ko04750,ko04810,ko04910,ko04914,ko04915,ko04917,ko04919,ko04923,ko04926,ko04930,ko04931,ko04932,ko04933,ko04960,ko04973,ko05100,ko05142,ko05146,ko05160,ko05161,ko05162,ko05164,ko05165,ko05166,ko05167,ko05169,ko05200,ko05203,ko05205,ko05210,ko05211,ko05212,ko05213,ko05214,ko05215,ko05218,ko05220,ko05221,ko05222,ko05223,ko05224,ko05225,ko05226,ko05230,ko05231,ko05418,map01521,map01522,map01524,map04012,map04014,map04015,map04024,map04062,map04066,map04068,map04070,map04071,map04072,map04140,map04150,map04151,map04152,map04210,map04211,map04213,map04218,map04360,map04370,map04380,map04510,map04550,map04611,map04620,map04630,map04650,map04660,map04662,map04664,map04666,map04668,map04670,map04722,map04725,map04750,map04810,map04910,map04914,map04915,map04917,map04919,map04923,map04926,map04930,map04931,map04932,map04933,map04960,map04973,map05100,map05142,map05146,map05160,map05161,map05162,map05164,map05165,map05166,map05167,map05169,map05200,map05203,map05205,map05210,map05211,map05212,map05213,map05214,map05215,map05218,map05220,map05221,map05222,map05223,map05224,map05225,map05226,map05230,map05231,map05418","C1_1,PI3K_P85_iSH2,RhoGAP,SAM_2,SH2","- Phosphatidylinositol 3-kinase regulatory subunit P85 inter-SH2 domain GO:0001784,GO:0003674,GO:0005488,GO:0005515,GO:0005575,GO:0005942,GO:0005943,GO:0006629,GO:0006644,GO:0006650,GO:0006793,GO:0006796,GO:0007154,GO:0007165,GO:0007166,GO:0007167,GO:0007169,GO:0008150,GO:0008152,GO:0008286,GO:0008361,GO:0009719,GO:0009725,GO:0009987,GO:0010033,GO:0010243,GO:0016020,GO:0016043,GO:0016310,GO:0019207,GO:0019216,GO:0019220,GO:0019222,GO:0019637,GO:0019898,GO:0019899,GO:0019900,GO:0023052,GO:0030234,GO:0030258,GO:0031323,GO:0032535,GO:0032868,GO:0032869,GO:0032870,GO:0032991,GO:0035014,GO:0042127,GO:0042221,GO:0042325,GO:0043434,GO:0043549,GO:0043550,GO:0043551,GO:0043560,GO:0044237,GO:0044238,GO:0044255,GO:0044425,GO:0045309,GO:0046486,GO:0046488,GO:0046834,GO:0046854,GO:0046935,GO:0050789,GO:0050790,GO:0050794,GO:0050896,GO:0051174,GO:0051219,GO:0051338,GO:0051716,GO:0061695,GO:0065007,GO:0065008,GO:0065009,GO:0070887,GO:0071310,GO:0071375,GO:0071417,GO:0071495,GO:0071704,GO:0071840,GO:0080090,GO:0090066,GO:0097651,GO:0098772,GO:0098796,GO:1901652,GO:1901653,GO:1901698,GO:1901699,GO:1901700,GO:1901701,GO:1902494,GO:1903725,GO:1990234 ko:K02649 ko01521,ko01522,ko01524,ko04012,ko04014,ko04015,ko04024,ko04062,ko04066,ko04068,ko04070,ko04071,ko04072,ko04140,ko04150,ko04151,ko04152,ko04210,ko04211,ko04213,ko04218,ko04360,ko04370,ko04380,ko04510,ko04550,ko04611,ko04620,ko04630,ko04650,ko04660,ko04662,ko04664,ko04666,ko04668,ko04670,ko04722,ko04725,ko04750,ko04810,ko04910,ko04914,ko04915,ko04917,ko04919,ko04923,ko04926,ko04930,ko04931,ko04932,ko04933,ko04960,ko04973,ko05100,ko05142,ko05146,ko05160,ko05161,ko05162,ko05164,ko05165,ko05166,ko05167,ko05169,ko05200,ko05203,ko05205,ko05210,ko05211,ko05212,ko05213,ko05214,ko05215,ko05218,ko05220,ko05221,ko05222,ko05223,ko05224,ko05225,ko05226,ko05230,ko05231,ko05418,map01521,map01522,map01524,map04012,map04014,map04015,map04024,map04062,map04066,map04068,map04070,map04071,map04072,map04140,map04150,map04151,map04152,map04210,map04211,map04213,map04218,map04360,map04370,map04380,map04510,map04550,map04611,map04620,map04630,map04650,map04660,map04662,map04664,map04666,map04668,map04670,map04722,map04725,map04750,map04810,map04910,map04914,map04915,map04917,map04919,map04923,map04926,map04930,map04931,map04932,map04933,map04960,map04973,map05100,map05142,map05146,map05160,map05161,map05162,map05164,map05165,map05166,map05167,map05169,map05200,map05203,map05205,map05210,map05211,map05212,map05213,map05214,map05215,map05218,map05220,map05221,map05222,map05223,map05224,map05225,map05226,map05230,map05231,map05418 C1_1,PI3K_P85_iSH2,RhoGAP,SAM_2,SH2","Other strong DEG",2,"50, 83","Higher in control",1.75715431621868e-07,1.26255493892398,"DEG",NA
"LOC126354923","50","Higher in control",2.55629049180048e-07,-4.48380629988393,"Top DEG",NA,NA,NA,NA,NA,NA,NA,"Other strong DEG",3,"33, 50, 83","Higher in control",2.55629049180048e-07,4.74837685080437,"DEG",NA
"LOC126354547","50","Higher in control",4.00553880549258e-07,-4.2639743662668,"Top DEG",NA,NA,NA,NA,NA,NA,NA,"Other strong DEG",3,"33, 50, 83","Higher in control",4.00553880549258e-07,4.2639743662668,"DEG",NA
"LOC126324735","50","Higher in control",5.73816809870933e-07,-1.73264991420803,"Top DEG","-","Tubulin is the major constituent of microtubules. It binds two moles of GTP, one at an exchangeable site on the beta chain and one at a non-exchangeable site on the alpha chain","-","-","-","-","- Tubulin is the major constituent of microtubules. It binds two moles of GTP, one at an exchangeable site on the beta chain and one at a non-exchangeable site on the alpha chain - - - -","Other strong DEG",3,"33, 50, 83","Higher in control",5.73816809870933e-07,1.73264991420803,"DEG",NA
"LOC126336534","33","Higher in control",8.1330009673908e-07,-5.26576589066373,"Top DEG",NA,NA,NA,NA,NA,NA,NA,"Other strong DEG",2,"33, 50","Higher in control",8.1330009673908e-07,5.26576589066373,"DEG",NA
"LOC126344004","33","Higher in control",4.64601263726463e-06,-2.47464884679177,"Top DEG",NA,NA,NA,NA,NA,NA,NA,"Other strong DEG",3,"33, 50, 83","Higher in control",1.27499439467976e-06,2.68605073776724,"DEG",NA
"LOC126356362","50","Higher in control",1.45272966837304e-06,-3.85152805403265,"Top DEG","-","-","-","-","-","-","- - - - - -","Other strong DEG",3,"33, 50, 83","Higher in control",1.45272966837304e-06,3.85152805403265,"DEG",NA
"LOC126336244","50","Higher in control",2.06844804453486e-06,-1.70587238674963,"Top DEG","-","Thiolase, N-terminal domain","GO:0003674,GO:0003824,GO:0003985,GO:0003988,GO:0005575,GO:0005622,GO:0005623,GO:0005737,GO:0005739,GO:0005777,GO:0006082,GO:0006090,GO:0006629,GO:0006631,GO:0006633,GO:0006635,GO:0008150,GO:0008152,GO:0008610,GO:0009056,GO:0009058,GO:0009062,GO:0009987,GO:0016042,GO:0016053,GO:0016054,GO:0016407,GO:0016408,GO:0016453,GO:0016740,GO:0016746,GO:0016747,GO:0019395,GO:0019752,GO:0030258,GO:0032787,GO:0034440,GO:0042579,GO:0043226,GO:0043227,GO:0043229,GO:0043231,GO:0043436,GO:0044237,GO:0044238,GO:0044242,GO:0044248,GO:0044249,GO:0044255,GO:0044281,GO:0044282,GO:0044283,GO:0044424,GO:0044444,GO:0044464,GO:0046394,GO:0046395,GO:0055114,GO:0071704,GO:0072329,GO:0072330,GO:1901575,GO:1901576","ko:K00626","ko00071,ko00072,ko00280,ko00310,ko00362,ko00380,ko00620,ko00630,ko00640,ko00650,ko00720,ko00900,ko01100,ko01110,ko01120,ko01130,ko01200,ko01212,ko02020,map00071,map00072,map00280,map00310,map00362,map00380,map00620,map00630,map00640,map00650,map00720,map00900,map01100,map01110,map01120,map01130,map01200,map01212,map02020","DUF836,Thiolase_C,Thiolase_N","- Thiolase, N-terminal domain GO:0003674,GO:0003824,GO:0003985,GO:0003988,GO:0005575,GO:0005622,GO:0005623,GO:0005737,GO:0005739,GO:0005777,GO:0006082,GO:0006090,GO:0006629,GO:0006631,GO:0006633,GO:0006635,GO:0008150,GO:0008152,GO:0008610,GO:0009056,GO:0009058,GO:0009062,GO:0009987,GO:0016042,GO:0016053,GO:0016054,GO:0016407,GO:0016408,GO:0016453,GO:0016740,GO:0016746,GO:0016747,GO:0019395,GO:0019752,GO:0030258,GO:0032787,GO:0034440,GO:0042579,GO:0043226,GO:0043227,GO:0043229,GO:0043231,GO:0043436,GO:0044237,GO:0044238,GO:0044242,GO:0044248,GO:0044249,GO:0044255,GO:0044281,GO:0044282,GO:0044283,GO:0044424,GO:0044444,GO:0044464,GO:0046394,GO:0046395,GO:0055114,GO:0071704,GO:0072329,GO:0072330,GO:1901575,GO:1901576 ko:K00626 ko00071,ko00072,ko00280,ko00310,ko00362,ko00380,ko00620,ko00630,ko00640,ko00650,ko00720,ko00900,ko01100,ko01110,ko01120,ko01130,ko01200,ko01212,ko02020,map00071,map00072,map00280,map00310,map00362,map00380,map00620,map00630,map00640,map00650,map00720,map00900,map01100,map01110,map01120,map01130,map01200,map01212,map02020 DUF836,Thiolase_C,Thiolase_N","Other strong DEG",3,"33, 50, 83","Higher in control",2.06844804453486e-06,1.70587238674963,"DEG",NA
"LOC126335182","33","Higher in control",3.29443299633775e-06,-1.68062159527072,"Top DEG","-","Belongs to the 5'-nucleotidase family","-","ko:K01081","ko00230,ko00240,ko00760,ko01100,ko01110,map00230,map00240,map00760,map01100,map01110","5_nucleotid_C,Metallophos","- Belongs to the 5'-nucleotidase family - ko:K01081 ko00230,ko00240,ko00760,ko01100,ko01110,map00230,map00240,map00760,map01100,map01110 5_nucleotid_C,Metallophos","Other strong DEG",3,"33, 50, 83","Higher in control",3.29443299633775e-06,1.68062159527072,"DEG",NA
"LOC126268069","33","Higher in control",3.43847032892677e-06,-1.28188375111621,"Top DEG","-","Gamma interferon inducible lysosomal thiol reductase (GILT)","-","ko:K08059","ko04612,map04612","GILT","- Gamma interferon inducible lysosomal thiol reductase (GILT) - ko:K08059 ko04612,map04612 GILT","Other strong DEG",1,"33","Higher in control",3.43847032892677e-06,1.28188375111621,"DEG",NA
"LOC126336399","50","Higher in control",6.4636943874792e-06,-2.38609664180617,"Top DEG","-","FAR-17a/AIG1-like protein","-","-","-","Far-17a_AIG1","- FAR-17a/AIG1-like protein - - - Far-17a_AIG1","Other strong DEG",3,"33, 50, 83","Higher in control",6.4636943874792e-06,2.38609664180617,"DEG",NA
"LOC126354806","83","Higher in control",6.68595892086357e-06,-1.25146705557375,"Top DEG",NA,NA,NA,NA,NA,NA,NA,"Other strong DEG",1,"83","Higher in control",6.68595892086357e-06,1.25146705557375,"DEG",NA
"LOC126328249","83","Higher in control",8.32670313876443e-06,-2.08842334674243,"Top DEG","-","Haloacid dehalogenase-like hydrolase","GO:0003674,GO:0003824,GO:0005575,GO:0005622,GO:0005623,GO:0005737,GO:0006793,GO:0006796,GO:0006950,GO:0008150,GO:0008152,GO:0009611,GO:0009987,GO:0016311,GO:0016787,GO:0016788,GO:0016791,GO:0042060,GO:0042578,GO:0044237,GO:0044424,GO:0044464,GO:0050896","ko:K17623","-","HAD_2","- Haloacid dehalogenase-like hydrolase GO:0003674,GO:0003824,GO:0005575,GO:0005622,GO:0005623,GO:0005737,GO:0006793,GO:0006796,GO:0006950,GO:0008150,GO:0008152,GO:0009611,GO:0009987,GO:0016311,GO:0016787,GO:0016788,GO:0016791,GO:0042060,GO:0042578,GO:0044237,GO:0044424,GO:0044464,GO:0050896 ko:K17623 - HAD_2","Other strong DEG",2,"33, 83","Higher in control",8.32670313876443e-06,2.08842334674243,"DEG",NA
"LOC126336538","33","Higher in control",9.20926419529652e-06,-4.32120041161196,"Top DEG",NA,NA,NA,NA,NA,NA,NA,"Other strong DEG",3,"33, 50, 83","Higher in control",9.20926419529652e-06,4.32120041161196,"DEG",NA
"LOC126355724","33","Higher in control",9.20926419529652e-06,-2.52229255846916,"Top DEG","-","UDP-galactosyltransferase activity","-","-","-","-","- UDP-galactosyltransferase activity - - - -","Other strong DEG",1,"33","Higher in control",9.20926419529652e-06,2.52229255846916,"DEG",NA
"LOC126335256","83","Higher in control",1.41146849300247e-05,-1.88658055846766,"Top DEG","-","Methylmalonate-semialdehyde dehydrogenase (acylating) activity. It is involved in the biological process described with oxidation-reduction process","GO:0000062,GO:0000166,GO:0003674,GO:0003824,GO:0004491,GO:0005488,GO:0005575,GO:0005622,GO:0005623,GO:0005737,GO:0005739,GO:0006082,GO:0006139,GO:0006206,GO:0006520,GO:0006573,GO:0006725,GO:0006807,GO:0008150,GO:0008152,GO:0009081,GO:0009112,GO:0009987,GO:0016491,GO:0016620,GO:0016903,GO:0017076,GO:0018478,GO:0019752,GO:0019859,GO:0030554,GO:0032553,GO:0032555,GO:0032559,GO:0033218,GO:0034641,GO:0036094,GO:0043167,GO:0043168,GO:0043226,GO:0043227,GO:0043229,GO:0043231,GO:0043436,GO:0044237,GO:0044238,GO:0044281,GO:0044424,GO:0044444,GO:0044464,GO:0046483,GO:0048037,GO:0050662,GO:0055086,GO:0055114,GO:0071704,GO:0072527,GO:0097159,GO:0097367,GO:1901265,GO:1901360,GO:1901363,GO:1901564,GO:1901567,GO:1901605,GO:1901681","ko:K00140","ko00280,ko00410,ko00562,ko00640,ko01100,ko01200,map00280,map00410,map00562,map00640,map01100,map01200","Aldedh","- Methylmalonate-semialdehyde dehydrogenase (acylating) activity. It is involved in the biological process described with oxidation-reduction process GO:0000062,GO:0000166,GO:0003674,GO:0003824,GO:0004491,GO:0005488,GO:0005575,GO:0005622,GO:0005623,GO:0005737,GO:0005739,GO:0006082,GO:0006139,GO:0006206,GO:0006520,GO:0006573,GO:0006725,GO:0006807,GO:0008150,GO:0008152,GO:0009081,GO:0009112,GO:0009987,GO:0016491,GO:0016620,GO:0016903,GO:0017076,GO:0018478,GO:0019752,GO:0019859,GO:0030554,GO:0032553,GO:0032555,GO:0032559,GO:0033218,GO:0034641,GO:0036094,GO:0043167,GO:0043168,GO:0043226,GO:0043227,GO:0043229,GO:0043231,GO:0043436,GO:0044237,GO:0044238,GO:0044281,GO:0044424,GO:0044444,GO:0044464,GO:0046483,GO:0048037,GO:0050662,GO:0055086,GO:0055114,GO:0071704,GO:0072527,GO:0097159,GO:0097367,GO:1901265,GO:1901360,GO:1901363,GO:1901564,GO:1901567,GO:1901605,GO:1901681 ko:K00140 ko00280,ko00410,ko00562,ko00640,ko01100,ko01200,map00280,map00410,map00562,map00640,map01100,map01200 Aldedh","Other strong DEG",3,"33, 50, 83","Higher in control",1.15711756743159e-05,1.88658055846766,"DEG",NA
"LOC126354929","83","Higher in control",2.14201334045681e-05,-6.31836851728766,"Top DEG",NA,NA,NA,NA,NA,NA,NA,"Other strong DEG",3,"33, 50, 83","Higher in control",1.64679071499384e-05,6.31836851728766,"DEG",NA
"LOC126281398","83","Higher in control",2.08005551864449e-05,-2.91060760030676,"Top DEG","-","Major Facilitator Superfamily","-","ko:K08220","-","MFS_1","- Major Facilitator Superfamily - ko:K08220 - MFS_1","Other strong DEG",2,"33, 83","Higher in control",2.08005551864449e-05,2.91060760030676,"DEG",NA
"LOC126284111","83","Higher in control",3.00907237028302e-05,-1.37278977968907,"Top DEG","-","TLC domain","-","-","-","TRAM_LAG1_CLN8","- TLC domain - - - TRAM_LAG1_CLN8","Other strong DEG",1,"83","Higher in control",3.00907237028302e-05,1.37278977968907,"DEG",NA
"LOC126281878","83","Higher in control",5.44237580704196e-05,-2.83554837409643,"Top DEG","-","Thyroid hormone-inducible hepatic protein Spot 14","GO:0003674,GO:0005488,GO:0005515,GO:0008092,GO:0017022","-","-","Spot_14","- Thyroid hormone-inducible hepatic protein Spot 14 GO:0003674,GO:0005488,GO:0005515,GO:0008092,GO:0017022 - - Spot_14","Other strong DEG",3,"33, 50, 83","Higher in control",3.04777159606198e-05,2.83554837409643,"DEG",NA
"LOC126299549","83","Higher in control",4.78366973844279e-05,-1.39611721084196,"Top DEG","-","Key enzyme for ketone body catabolism. Transfers the CoA moiety from succinate to acetoacetate. Formation of the enzyme-CoA intermediate proceeds via an unstable anhydride species formed between the carboxylate groups of the enzyme and substrate","GO:0003674,GO:0003824,GO:0005575,GO:0005622,GO:0005623,GO:0005737,GO:0005739,GO:0005759,GO:0006091,GO:0008150,GO:0008152,GO:0008260,GO:0008410,GO:0009056,GO:0009987,GO:0016740,GO:0016782,GO:0017144,GO:0031974,GO:0042737,GO:0043226,GO:0043227,GO:0043229,GO:0043231,GO:0043233,GO:0044237,GO:0044248,GO:0044281,GO:0044282,GO:0044422,GO:0044424,GO:0044429,GO:0044444,GO:0044446,GO:0044464,GO:0046950,GO:0046952,GO:0070013,GO:0071704,GO:1901568,GO:1901569,GO:1901575,GO:1902224","ko:K01027","ko00072,ko00280,ko00650,map00072,map00280,map00650","CoA_trans","- Key enzyme for ketone body catabolism. Transfers the CoA moiety from succinate to acetoacetate. Formation of the enzyme-CoA intermediate proceeds via an unstable anhydride species formed between the carboxylate groups of the enzyme and substrate GO:0003674,GO:0003824,GO:0005575,GO:0005622,GO:0005623,GO:0005737,GO:0005739,GO:0005759,GO:0006091,GO:0008150,GO:0008152,GO:0008260,GO:0008410,GO:0009056,GO:0009987,GO:0016740,GO:0016782,GO:0017144,GO:0031974,GO:0042737,GO:0043226,GO:0043227,GO:0043229,GO:0043231,GO:0043233,GO:0044237,GO:0044248,GO:0044281,GO:0044282,GO:0044422,GO:0044424,GO:0044429,GO:0044444,GO:0044446,GO:0044464,GO:0046950,GO:0046952,GO:0070013,GO:0071704,GO:1901568,GO:1901569,GO:1901575,GO:1902224 ko:K01027 ko00072,ko00280,ko00650,map00072,map00280,map00650 CoA_trans","Other strong DEG",1,"83","Higher in control",4.78366973844279e-05,1.39611721084196,"DEG",NA
"LOC126365941","83","Higher in control",7.68318033051695e-05,-1.43560342927448,"Top DEG","-","Belongs to the aconitase IPM isomerase family","GO:0001703,GO:0003674,GO:0003676,GO:0003723,GO:0003729,GO:0003824,GO:0003994,GO:0005488,GO:0007275,GO:0007369,GO:0007370,GO:0008150,GO:0009653,GO:0009790,GO:0010004,GO:0016829,GO:0016835,GO:0016836,GO:0030350,GO:0032501,GO:0032502,GO:0048598,GO:0048646,GO:0048856,GO:0097159,GO:1901363","ko:K01681","ko00020,ko00630,ko00720,ko01100,ko01110,ko01120,ko01130,ko01200,ko01210,ko01230,map00020,map00630,map00720,map01100,map01110,map01120,map01130,map01200,map01210,map01230","Aconitase,Aconitase_C","- Belongs to the aconitase IPM isomerase family GO:0001703,GO:0003674,GO:0003676,GO:0003723,GO:0003729,GO:0003824,GO:0003994,GO:0005488,GO:0007275,GO:0007369,GO:0007370,GO:0008150,GO:0009653,GO:0009790,GO:0010004,GO:0016829,GO:0016835,GO:0016836,GO:0030350,GO:0032501,GO:0032502,GO:0048598,GO:0048646,GO:0048856,GO:0097159,GO:1901363 ko:K01681 ko00020,ko00630,ko00720,ko01100,ko01110,ko01120,ko01130,ko01200,ko01210,ko01230,map00020,map00630,map00720,map01100,map01110,map01120,map01130,map01200,map01210,map01230 Aconitase,Aconitase_C","Other strong DEG",3,"33, 50, 83","Higher in control",4.84267181758321e-05,1.43560342927448,"DEG",NA
"LOC126272350",NA,NA,NA,NA,"Functional candidate","-","carbohydrate binding","GO:0002009,GO:0002165,GO:0007275,GO:0007444,GO:0007472,GO:0007476,GO:0007552,GO:0007560,GO:0008150,GO:0009653,GO:0009791,GO:0009886,GO:0009887,GO:0009888,GO:0032501,GO:0032502,GO:0035107,GO:0035114,GO:0035120,GO:0035220,GO:0035239,GO:0035295,GO:0044719,GO:0048513,GO:0048563,GO:0048569,GO:0048707,GO:0048729,GO:0048731,GO:0048736,GO:0048737,GO:0048856,GO:0060429,GO:0060562,GO:0065007,GO:0065008,GO:0090066","-","-","Lectin_C","- carbohydrate binding GO:0002009,GO:0002165,GO:0007275,GO:0007444,GO:0007472,GO:0007476,GO:0007552,GO:0007560,GO:0008150,GO:0009653,GO:0009791,GO:0009886,GO:0009887,GO:0009888,GO:0032501,GO:0032502,GO:0035107,GO:0035114,GO:0035120,GO:0035220,GO:0035239,GO:0035295,GO:0044719,GO:0048513,GO:0048563,GO:0048569,GO:0048707,GO:0048729,GO:0048731,GO:0048736,GO:0048737,GO:0048856,GO:0060429,GO:0060562,GO:0065007,GO:0065008,GO:0090066 - - Lectin_C","Immune-related",NA,NA,NA,Inf,0,"Not DEG",3.83492191924016
"LOC126355865",NA,NA,NA,NA,"Functional candidate","CTLMA6","C-type lectin (CTL) or carbohydrate-recognition domain (CRD)","GO:0003674,GO:0005488,GO:0007275,GO:0007591,GO:0007593,GO:0008150,GO:0021700,GO:0022404,GO:0030246,GO:0032501,GO:0032502,GO:0042303,GO:0042335,GO:0043473,GO:0048066,GO:0048067,GO:0048085,GO:0048856","-","-","Lectin_C","CTLMA6 C-type lectin (CTL) or carbohydrate-recognition domain (CRD) GO:0003674,GO:0005488,GO:0007275,GO:0007591,GO:0007593,GO:0008150,GO:0021700,GO:0022404,GO:0030246,GO:0032501,GO:0032502,GO:0042303,GO:0042335,GO:0043473,GO:0048066,GO:0048067,GO:0048085,GO:0048856 - - Lectin_C","Immune-related",NA,NA,NA,Inf,0,"Not DEG",2.36555012600693
"LOC126267519",NA,NA,NA,NA,"Functional candidate","-","cysteine-type endopeptidase inhibitor activity. It is involved in the biological process described with proteolysis","GO:0000323,GO:0003674,GO:0003824,GO:0004175,GO:0004197,GO:0005575,GO:0005576,GO:0005615,GO:0005622,GO:0005623,GO:0005737,GO:0005764,GO:0005773,GO:0006508,GO:0006807,GO:0008150,GO:0008152,GO:0008233,GO:0008234,GO:0009056,GO:0009057,GO:0009987,GO:0016787,GO:0019538,GO:0030163,GO:0043170,GO:0043226,GO:0043227,GO:0043229,GO:0043231,GO:0044237,GO:0044238,GO:0044248,GO:0044257,GO:0044260,GO:0044265,GO:0044267,GO:0044421,GO:0044424,GO:0044444,GO:0044464,GO:0045169,GO:0051603,GO:0070011,GO:0071704,GO:0140096,GO:1901564,GO:1901565,GO:1901575","ko:K01373","ko04142,ko04210,map04142,map04210","Cystatin,Inhibitor_I29,Peptidase_C1","- cysteine-type endopeptidase inhibitor activity. It is involved in the biological process described with proteolysis GO:0000323,GO:0003674,GO:0003824,GO:0004175,GO:0004197,GO:0005575,GO:0005576,GO:0005615,GO:0005622,GO:0005623,GO:0005737,GO:0005764,GO:0005773,GO:0006508,GO:0006807,GO:0008150,GO:0008152,GO:0008233,GO:0008234,GO:0009056,GO:0009057,GO:0009987,GO:0016787,GO:0019538,GO:0030163,GO:0043170,GO:0043226,GO:0043227,GO:0043229,GO:0043231,GO:0044237,GO:0044238,GO:0044248,GO:0044257,GO:0044260,GO:0044265,GO:0044267,GO:0044421,GO:0044424,GO:0044444,GO:0044464,GO:0045169,GO:0051603,GO:0070011,GO:0071704,GO:0140096,GO:1901564,GO:1901565,GO:1901575 ko:K01373 ko04142,ko04210,map04142,map04210 Cystatin,Inhibitor_I29,Peptidase_C1","Immune-related",NA,NA,NA,Inf,0,"Not DEG",1.91537768919039
"LOC126267690",NA,NA,NA,NA,"Functional candidate","CLIPD2","Domain of unknown function (DUF1986)","-","-","-","Trypsin","CLIPD2 Domain of unknown function (DUF1986) - - - Trypsin","Immune-related",NA,NA,NA,Inf,0,"Not DEG",1.75337952841685
"LOC126268175",NA,NA,NA,NA,"Functional candidate","-","Immunoglobulin C-2 Type","-","-","-","I-set,Ig_3","- Immunoglobulin C-2 Type - - - I-set,Ig_3","Immune-related",NA,NA,NA,Inf,0,"Not DEG",1.47862013096
"LOC126335465",NA,NA,NA,NA,"Functional candidate","-","Belongs to the serpin family","-","-","-","-","- Belongs to the serpin family - - - -","Immune-related",NA,NA,NA,Inf,0,"Not DEG",1.44045635266051
"LOC126335167",NA,NA,NA,NA,"Functional candidate","-","Belongs to the serpin family","-","ko:K13963","ko05146,map05146","Serpin","- Belongs to the serpin family - ko:K13963 ko05146,map05146 Serpin","Immune-related",NA,NA,NA,Inf,0,"Not DEG",1.32709178733001
"LOC126277885",NA,NA,NA,NA,"Functional candidate","-","Immunoglobulin C-2 Type","GO:0000902,GO:0000904,GO:0001654,GO:0001745,GO:0001751,GO:0001754,GO:0003674,GO:0005488,GO:0005515,GO:0005575,GO:0005623,GO:0005886,GO:0005887,GO:0006928,GO:0006935,GO:0007155,GO:0007275,GO:0007399,GO:0007409,GO:0007411,GO:0007414,GO:0007423,GO:0007610,GO:0007626,GO:0007629,GO:0007638,GO:0008037,GO:0008038,GO:0008039,GO:0008150,GO:0008344,GO:0009605,GO:0009612,GO:0009628,GO:0009653,GO:0009887,GO:0009987,GO:0010769,GO:0010975,GO:0016020,GO:0016021,GO:0016043,GO:0016198,GO:0016199,GO:0022008,GO:0022603,GO:0022604,GO:0022610,GO:0030030,GO:0030154,GO:0030182,GO:0030534,GO:0030537,GO:0031175,GO:0031224,GO:0031226,GO:0031344,GO:0032501,GO:0032502,GO:0032989,GO:0032990,GO:0040011,GO:0042051,GO:0042221,GO:0042330,GO:0042461,GO:0042462,GO:0044425,GO:0044459,GO:0044464,GO:0045466,GO:0045467,GO:0045595,GO:0045664,GO:0046530,GO:0048468,GO:0048513,GO:0048592,GO:0048666,GO:0048667,GO:0048699,GO:0048731,GO:0048749,GO:0048812,GO:0048814,GO:0048856,GO:0048858,GO:0048869,GO:0050767,GO:0050773,GO:0050789,GO:0050793,GO:0050794,GO:0050896,GO:0051128,GO:0051239,GO:0051960,GO:0060284,GO:0061564,GO:0065007,GO:0070593,GO:0071840,GO:0071944,GO:0090596,GO:0097485,GO:0098609,GO:0098631,GO:0098632,GO:0120035,GO:0120036,GO:0120039,GO:2000026","-","-","Ig_2,Ig_3,V-set,fn3","- Immunoglobulin C-2 Type GO:0000902,GO:0000904,GO:0001654,GO:0001745,GO:0001751,GO:0001754,GO:0003674,GO:0005488,GO:0005515,GO:0005575,GO:0005623,GO:0005886,GO:0005887,GO:0006928,GO:0006935,GO:0007155,GO:0007275,GO:0007399,GO:0007409,GO:0007411,GO:0007414,GO:0007423,GO:0007610,GO:0007626,GO:0007629,GO:0007638,GO:0008037,GO:0008038,GO:0008039,GO:0008150,GO:0008344,GO:0009605,GO:0009612,GO:0009628,GO:0009653,GO:0009887,GO:0009987,GO:0010769,GO:0010975,GO:0016020,GO:0016021,GO:0016043,GO:0016198,GO:0016199,GO:0022008,GO:0022603,GO:0022604,GO:0022610,GO:0030030,GO:0030154,GO:0030182,GO:0030534,GO:0030537,GO:0031175,GO:0031224,GO:0031226,GO:0031344,GO:0032501,GO:0032502,GO:0032989,GO:0032990,GO:0040011,GO:0042051,GO:0042221,GO:0042330,GO:0042461,GO:0042462,GO:0044425,GO:0044459,GO:0044464,GO:0045466,GO:0045467,GO:0045595,GO:0045664,GO:0046530,GO:0048468,GO:0048513,GO:0048592,GO:0048666,GO:0048667,GO:0048699,GO:0048731,GO:0048749,GO:0048812,GO:0048814,GO:0048856,GO:0048858,GO:0048869,GO:0050767,GO:0050773,GO:0050789,GO:0050793,GO:0050794,GO:0050896,GO:0051128,GO:0051239,GO:0051960,GO:0060284,GO:0061564,GO:0065007,GO:0070593,GO:0071840,GO:0071944,GO:0090596,GO:0097485,GO:0098609,GO:0098631,GO:0098632,GO:0120035,GO:0120036,GO:0120039,GO:2000026 - - Ig_2,Ig_3,V-set,fn3","Immune-related",NA,NA,NA,Inf,0,"Not DEG",1.31961719167242
"LOC126269044",NA,NA,NA,NA,"Functional candidate","-","SERine  Proteinase INhibitors","GO:0005575,GO:0005576,GO:0005615,GO:0044421","-","-","Serpin","- SERine  Proteinase INhibitors GO:0005575,GO:0005576,GO:0005615,GO:0044421 - - Serpin","Immune-related",NA,NA,NA,Inf,0,"Not DEG",1.3043805149794
"LOC126336641",NA,NA,NA,NA,"Functional candidate","-","N-acetylmuramoyl-L-alanine amidase activity. It is involved in the biological process described with peptidoglycan catabolic process","-","-","-","-","- N-acetylmuramoyl-L-alanine amidase activity. It is involved in the biological process described with peptidoglycan catabolic process - - - -","Immune-related",NA,NA,NA,Inf,0,"Not DEG",1.278812911979
"LOC126299121",NA,NA,NA,NA,"Functional candidate","bt","Immunoglobulin like","GO:0003008,GO:0003012,GO:0003674,GO:0003779,GO:0003824,GO:0004672,GO:0004674,GO:0005198,GO:0005488,GO:0005515,GO:0005575,GO:0005622,GO:0005623,GO:0005737,GO:0005856,GO:0005859,GO:0006464,GO:0006468,GO:0006793,GO:0006796,GO:0006807,GO:0006936,GO:0006941,GO:0006996,GO:0007010,GO:0007015,GO:0007498,GO:0008092,GO:0008150,GO:0008152,GO:0008307,GO:0009653,GO:0009888,GO:0009987,GO:0010927,GO:0015629,GO:0016043,GO:0016301,GO:0016310,GO:0016459,GO:0016460,GO:0016740,GO:0016772,GO:0016773,GO:0019538,GO:0022607,GO:0030016,GO:0030017,GO:0030018,GO:0030029,GO:0030036,GO:0030154,GO:0030239,GO:0031032,GO:0031033,GO:0031034,GO:0031430,GO:0031672,GO:0031674,GO:0032501,GO:0032502,GO:0032989,GO:0032991,GO:0034622,GO:0036211,GO:0042692,GO:0042805,GO:0043170,GO:0043226,GO:0043228,GO:0043229,GO:0043232,GO:0043292,GO:0043412,GO:0043933,GO:0044085,GO:0044237,GO:0044238,GO:0044260,GO:0044267,GO:0044422,GO:0044424,GO:0044430,GO:0044444,GO:0044446,GO:0044449,GO:0044464,GO:0044877,GO:0045214,GO:0048468,GO:0048646,GO:0048856,GO:0048869,GO:0051015,GO:0051146,GO:0051371,GO:0051393,GO:0055001,GO:0055002,GO:0061061,GO:0065003,GO:0070925,GO:0071688,GO:0071689,GO:0071704,GO:0071840,GO:0097435,GO:0097493,GO:0099080,GO:0099081,GO:0099512,GO:0140096,GO:1901564","-","-","I-set,Ig_3,Pkinase,fn3","bt Immunoglobulin like GO:0003008,GO:0003012,GO:0003674,GO:0003779,GO:0003824,GO:0004672,GO:0004674,GO:0005198,GO:0005488,GO:0005515,GO:0005575,GO:0005622,GO:0005623,GO:0005737,GO:0005856,GO:0005859,GO:0006464,GO:0006468,GO:0006793,GO:0006796,GO:0006807,GO:0006936,GO:0006941,GO:0006996,GO:0007010,GO:0007015,GO:0007498,GO:0008092,GO:0008150,GO:0008152,GO:0008307,GO:0009653,GO:0009888,GO:0009987,GO:0010927,GO:0015629,GO:0016043,GO:0016301,GO:0016310,GO:0016459,GO:0016460,GO:0016740,GO:0016772,GO:0016773,GO:0019538,GO:0022607,GO:0030016,GO:0030017,GO:0030018,GO:0030029,GO:0030036,GO:0030154,GO:0030239,GO:0031032,GO:0031033,GO:0031034,GO:0031430,GO:0031672,GO:0031674,GO:0032501,GO:0032502,GO:0032989,GO:0032991,GO:0034622,GO:0036211,GO:0042692,GO:0042805,GO:0043170,GO:0043226,GO:0043228,GO:0043229,GO:0043232,GO:0043292,GO:0043412,GO:0043933,GO:0044085,GO:0044237,GO:0044238,GO:0044260,GO:0044267,GO:0044422,GO:0044424,GO:0044430,GO:0044444,GO:0044446,GO:0044449,GO:0044464,GO:0044877,GO:0045214,GO:0048468,GO:0048646,GO:0048856,GO:0048869,GO:0051015,GO:0051146,GO:0051371,GO:0051393,GO:0055001,GO:0055002,GO:0061061,GO:0065003,GO:0070925,GO:0071688,GO:0071689,GO:0071704,GO:0071840,GO:0097435,GO:0097493,GO:0099080,GO:0099081,GO:0099512,GO:0140096,GO:1901564 - - I-set,Ig_3,Pkinase,fn3","Immune-related",NA,NA,NA,Inf,0,"Not DEG",1.25542209978353
"LOC126354270",NA,NA,NA,NA,"Functional candidate","-","serine-type endopeptidase activity. It is involved in the biological process described with proteolysis","GO:0003674,GO:0003824,GO:0004175,GO:0004252,GO:0006508,GO:0006807,GO:0008150,GO:0008152,GO:0008233,GO:0008236,GO:0016787,GO:0017171,GO:0019538,GO:0043170,GO:0044238,GO:0070011,GO:0071704,GO:0140096,GO:1901564","ko:K09640","-","CLIP,Trypsin","- serine-type endopeptidase activity. It is involved in the biological process described with proteolysis GO:0003674,GO:0003824,GO:0004175,GO:0004252,GO:0006508,GO:0006807,GO:0008150,GO:0008152,GO:0008233,GO:0008236,GO:0016787,GO:0017171,GO:0019538,GO:0043170,GO:0044238,GO:0070011,GO:0071704,GO:0140096,GO:1901564 ko:K09640 - CLIP,Trypsin","Immune-related",NA,NA,NA,Inf,0,"Not DEG",1.15080183805384
"LOC126273183",NA,NA,NA,NA,"Functional candidate","stai","It is involved in the biological process described with regulation of microtubule polymerization or depolymerization","GO:0000003,GO:0000226,GO:0001667,GO:0002064,GO:0002065,GO:0002066,GO:0003006,GO:0003674,GO:0005488,GO:0005515,GO:0005575,GO:0005622,GO:0005623,GO:0005856,GO:0005875,GO:0006810,GO:0006928,GO:0006996,GO:0007010,GO:0007017,GO:0007018,GO:0007019,GO:0007275,GO:0007276,GO:0007281,GO:0007292,GO:0007297,GO:0007298,GO:0007399,GO:0007416,GO:0007528,GO:0008017,GO:0008088,GO:0008092,GO:0008150,GO:0008354,GO:0009888,GO:0009987,GO:0010631,GO:0010970,GO:0015630,GO:0015631,GO:0016043,GO:0016477,GO:0019953,GO:0022008,GO:0022411,GO:0022412,GO:0022414,GO:0022607,GO:0030030,GO:0030154,GO:0030182,GO:0030705,GO:0030707,GO:0030855,GO:0031109,GO:0031175,GO:0031594,GO:0032501,GO:0032502,GO:0032504,GO:0032984,GO:0032991,GO:0033043,GO:0040007,GO:0040011,GO:0042995,GO:0043005,GO:0043226,GO:0043228,GO:0043229,GO:0043232,GO:0043624,GO:0043933,GO:0044085,GO:0044422,GO:0044424,GO:0044430,GO:0044446,GO:0044464,GO:0044703,GO:0045202,GO:0046907,GO:0048468,GO:0048477,GO:0048589,GO:0048609,GO:0048666,GO:0048699,GO:0048731,GO:0048856,GO:0048869,GO:0048870,GO:0050789,GO:0050794,GO:0050808,GO:0051124,GO:0051128,GO:0051179,GO:0051234,GO:0051261,GO:0051493,GO:0051641,GO:0051649,GO:0051674,GO:0051704,GO:0060429,GO:0065007,GO:0071840,GO:0090130,GO:0090132,GO:0097435,GO:0097458,GO:0099111,GO:0120025,GO:0120036","ko:K04381","ko04010,ko05206,map04010,map05206","Stathmin","stai It is involved in the biological process described with regulation of microtubule polymerization or depolymerization GO:0000003,GO:0000226,GO:0001667,GO:0002064,GO:0002065,GO:0002066,GO:0003006,GO:0003674,GO:0005488,GO:0005515,GO:0005575,GO:0005622,GO:0005623,GO:0005856,GO:0005875,GO:0006810,GO:0006928,GO:0006996,GO:0007010,GO:0007017,GO:0007018,GO:0007019,GO:0007275,GO:0007276,GO:0007281,GO:0007292,GO:0007297,GO:0007298,GO:0007399,GO:0007416,GO:0007528,GO:0008017,GO:0008088,GO:0008092,GO:0008150,GO:0008354,GO:0009888,GO:0009987,GO:0010631,GO:0010970,GO:0015630,GO:0015631,GO:0016043,GO:0016477,GO:0019953,GO:0022008,GO:0022411,GO:0022412,GO:0022414,GO:0022607,GO:0030030,GO:0030154,GO:0030182,GO:0030705,GO:0030707,GO:0030855,GO:0031109,GO:0031175,GO:0031594,GO:0032501,GO:0032502,GO:0032504,GO:0032984,GO:0032991,GO:0033043,GO:0040007,GO:0040011,GO:0042995,GO:0043005,GO:0043226,GO:0043228,GO:0043229,GO:0043232,GO:0043624,GO:0043933,GO:0044085,GO:0044422,GO:0044424,GO:0044430,GO:0044446,GO:0044464,GO:0044703,GO:0045202,GO:0046907,GO:0048468,GO:0048477,GO:0048589,GO:0048609,GO:0048666,GO:0048699,GO:0048731,GO:0048856,GO:0048869,GO:0048870,GO:0050789,GO:0050794,GO:0050808,GO:0051124,GO:0051128,GO:0051179,GO:0051234,GO:0051261,GO:0051493,GO:0051641,GO:0051649,GO:0051674,GO:0051704,GO:0060429,GO:0065007,GO:0071840,GO:0090130,GO:0090132,GO:0097435,GO:0097458,GO:0099111,GO:0120025,GO:0120036 ko:K04381 ko04010,ko05206,map04010,map05206 Stathmin","Immune-related",NA,NA,NA,Inf,0,"Not DEG",1.0612998777419
"LOC126278372",NA,NA,NA,NA,"Functional candidate","-","Immunoglobulin","GO:0007155,GO:0007157,GO:0008150,GO:0022610,GO:0098609,GO:0098742","-","-","C2-set_2,V-set","- Immunoglobulin GO:0007155,GO:0007157,GO:0008150,GO:0022610,GO:0098609,GO:0098742 - - C2-set_2,V-set","Immune-related",NA,NA,NA,Inf,0,"Not DEG",0.995520600646762
"LOC126272086",NA,NA,NA,NA,"Functional candidate","nrm","Immunoglobulin like","GO:0005575,GO:0005623,GO:0005886,GO:0007275,GO:0007399,GO:0008037,GO:0008038,GO:0008039,GO:0008150,GO:0009987,GO:0016020,GO:0022008,GO:0030154,GO:0030182,GO:0032501,GO:0032502,GO:0044464,GO:0048468,GO:0048666,GO:0048699,GO:0048731,GO:0048856,GO:0048869,GO:0071944","-","-","C2-set_2,Ig_2,Ig_3,V-set,ig","nrm Immunoglobulin like GO:0005575,GO:0005623,GO:0005886,GO:0007275,GO:0007399,GO:0008037,GO:0008038,GO:0008039,GO:0008150,GO:0009987,GO:0016020,GO:0022008,GO:0030154,GO:0030182,GO:0032501,GO:0032502,GO:0044464,GO:0048468,GO:0048666,GO:0048699,GO:0048731,GO:0048856,GO:0048869,GO:0071944 - - C2-set_2,Ig_2,Ig_3,V-set,ig","Immune-related",NA,NA,NA,Inf,0,"Not DEG",0.980886845782958
"LOC126335616",NA,NA,NA,NA,"Functional candidate","-","C-type lectin (CTL) or carbohydrate-recognition domain (CRD)","-","-","-","-","- C-type lectin (CTL) or carbohydrate-recognition domain (CRD) - - - -","Immune-related",NA,NA,NA,Inf,0,"Not DEG",0.962491790750593
"LOC126267131",NA,NA,NA,NA,"Functional candidate","-","Immunoglobulin like","-","-","-","-","- Immunoglobulin like - - - -","Immune-related",NA,NA,NA,Inf,0,"Not DEG",0.94051865130453
"LOC126295162",NA,NA,NA,NA,"Functional candidate","-","Immunoglobulin C-2 Type","-","-","-","I-set,Ig_3","- Immunoglobulin C-2 Type - - - I-set,Ig_3","Immune-related",NA,NA,NA,Inf,0,"Not DEG",0.92582308626495
"LOC126335724",NA,NA,NA,NA,"Functional candidate","-","Hemocyanin, all-alpha domain","-","-","-","-","- Hemocyanin, all-alpha domain - - - -","Storage/lipid transport",NA,NA,NA,Inf,0,"Not DEG",4.50897990485203
"LOC126334876",NA,NA,NA,NA,"Functional candidate","-","Hemocyanin, all-alpha domain","-","-","-","-","- Hemocyanin, all-alpha domain - - - -","Storage/lipid transport",NA,NA,NA,Inf,0,"Not DEG",2.5681137569366
"LOC126336408",NA,NA,NA,NA,"Functional candidate","-","Hemocyanin, all-alpha domain","-","-","-","-","- Hemocyanin, all-alpha domain - - - -","Storage/lipid transport",NA,NA,NA,Inf,0,"Not DEG",1.75608538297121
"LOC126335646",NA,NA,NA,NA,"Functional candidate","-","Hemocyanin, copper containing domain","-","-","-","-","- Hemocyanin, copper containing domain - - - -","Storage/lipid transport",NA,NA,NA,Inf,0,"Not DEG",1.72274078809376
"LOC126298412",NA,NA,NA,NA,"Functional candidate","-","Lipid transporter activity. It is involved in the biological process described with lipid transport","GO:0002009,GO:0002165,GO:0003002,GO:0003674,GO:0005488,GO:0005515,GO:0005575,GO:0005576,GO:0005615,GO:0006355,GO:0006357,GO:0007275,GO:0007389,GO:0007444,GO:0007472,GO:0007474,GO:0007476,GO:0007552,GO:0007560,GO:0008150,GO:0009653,GO:0009791,GO:0009886,GO:0009887,GO:0009888,GO:0009889,GO:0009966,GO:0009967,GO:0010468,GO:0010556,GO:0010646,GO:0010647,GO:0019219,GO:0019222,GO:0019955,GO:0023051,GO:0023056,GO:0030510,GO:0030513,GO:0031323,GO:0031326,GO:0032501,GO:0032502,GO:0035107,GO:0035114,GO:0035120,GO:0035220,GO:0035239,GO:0035295,GO:0036122,GO:0043167,GO:0043168,GO:0043394,GO:0043395,GO:0044421,GO:0048513,GO:0048518,GO:0048522,GO:0048563,GO:0048569,GO:0048583,GO:0048584,GO:0048707,GO:0048729,GO:0048731,GO:0048736,GO:0048737,GO:0048856,GO:0050789,GO:0050794,GO:0051171,GO:0051252,GO:0060255,GO:0060429,GO:0060562,GO:0065007,GO:0080090,GO:0090092,GO:0090100,GO:0090287,GO:0097367,GO:1901681,GO:1903506,GO:2000112,GO:2001141","ko:K13211","-","DUF1943,Vitellogenin_N","- Lipid transporter activity. It is involved in the biological process described with lipid transport GO:0002009,GO:0002165,GO:0003002,GO:0003674,GO:0005488,GO:0005515,GO:0005575,GO:0005576,GO:0005615,GO:0006355,GO:0006357,GO:0007275,GO:0007389,GO:0007444,GO:0007472,GO:0007474,GO:0007476,GO:0007552,GO:0007560,GO:0008150,GO:0009653,GO:0009791,GO:0009886,GO:0009887,GO:0009888,GO:0009889,GO:0009966,GO:0009967,GO:0010468,GO:0010556,GO:0010646,GO:0010647,GO:0019219,GO:0019222,GO:0019955,GO:0023051,GO:0023056,GO:0030510,GO:0030513,GO:0031323,GO:0031326,GO:0032501,GO:0032502,GO:0035107,GO:0035114,GO:0035120,GO:0035220,GO:0035239,GO:0035295,GO:0036122,GO:0043167,GO:0043168,GO:0043394,GO:0043395,GO:0044421,GO:0048513,GO:0048518,GO:0048522,GO:0048563,GO:0048569,GO:0048583,GO:0048584,GO:0048707,GO:0048729,GO:0048731,GO:0048736,GO:0048737,GO:0048856,GO:0050789,GO:0050794,GO:0051171,GO:0051252,GO:0060255,GO:0060429,GO:0060562,GO:0065007,GO:0080090,GO:0090092,GO:0090100,GO:0090287,GO:0097367,GO:1901681,GO:1903506,GO:2000112,GO:2001141 ko:K13211 - DUF1943,Vitellogenin_N","Storage/lipid transport",NA,NA,NA,Inf,0,"Not DEG",1.27959911791104
"LOC126299565",NA,NA,NA,NA,"Functional candidate","-","Lipid transporter activity. It is involved in the biological process described with lipid transport","GO:0003674,GO:0005102,GO:0005215,GO:0005319,GO:0005488,GO:0005501,GO:0005504,GO:0005515,GO:0005575,GO:0005576,GO:0005615,GO:0005622,GO:0005623,GO:0005737,GO:0006810,GO:0006869,GO:0008017,GO:0008092,GO:0008150,GO:0008289,GO:0008589,GO:0009966,GO:0009967,GO:0010646,GO:0010647,GO:0010876,GO:0015631,GO:0019840,GO:0019841,GO:0019842,GO:0020037,GO:0023051,GO:0023056,GO:0030111,GO:0030139,GO:0030177,GO:0031406,GO:0031410,GO:0031982,GO:0033036,GO:0033293,GO:0036094,GO:0043167,GO:0043168,GO:0043177,GO:0043178,GO:0043226,GO:0043227,GO:0043229,GO:0044421,GO:0044424,GO:0044444,GO:0044464,GO:0045178,GO:0045880,GO:0046906,GO:0048037,GO:0048518,GO:0048522,GO:0048583,GO:0048584,GO:0050789,GO:0050794,GO:0051179,GO:0051234,GO:0060828,GO:0065007,GO:0071702,GO:0090263,GO:0097159,GO:0097708,GO:1901363","ko:K06271","ko04015,ko04510,ko04611,ko05166,map04015,map04510,map04611,map05166","DUF1081,DUF1943,VWD,Vitellogenin_N","- Lipid transporter activity. It is involved in the biological process described with lipid transport GO:0003674,GO:0005102,GO:0005215,GO:0005319,GO:0005488,GO:0005501,GO:0005504,GO:0005515,GO:0005575,GO:0005576,GO:0005615,GO:0005622,GO:0005623,GO:0005737,GO:0006810,GO:0006869,GO:0008017,GO:0008092,GO:0008150,GO:0008289,GO:0008589,GO:0009966,GO:0009967,GO:0010646,GO:0010647,GO:0010876,GO:0015631,GO:0019840,GO:0019841,GO:0019842,GO:0020037,GO:0023051,GO:0023056,GO:0030111,GO:0030139,GO:0030177,GO:0031406,GO:0031410,GO:0031982,GO:0033036,GO:0033293,GO:0036094,GO:0043167,GO:0043168,GO:0043177,GO:0043178,GO:0043226,GO:0043227,GO:0043229,GO:0044421,GO:0044424,GO:0044444,GO:0044464,GO:0045178,GO:0045880,GO:0046906,GO:0048037,GO:0048518,GO:0048522,GO:0048583,GO:0048584,GO:0050789,GO:0050794,GO:0051179,GO:0051234,GO:0060828,GO:0065007,GO:0071702,GO:0090263,GO:0097159,GO:0097708,GO:1901363 ko:K06271 ko04015,ko04510,ko04611,ko05166,map04015,map04510,map04611,map05166 DUF1081,DUF1943,VWD,Vitellogenin_N","Storage/lipid transport",NA,NA,NA,Inf,0,"Not DEG",0.642482753050362
"LOC126336762",NA,NA,NA,NA,"Functional candidate","-","Microsomal triglyceride transfer protein","-","ko:K14463","ko04975,map04975","Vitellogenin_N","- Microsomal triglyceride transfer protein - ko:K14463 ko04975,map04975 Vitellogenin_N","Storage/lipid transport",NA,NA,NA,Inf,0,"Not DEG",0.306103341455806
"LOC126278130",NA,NA,NA,NA,"Functional candidate","-","Transmembrane transporter activity. It is involved in the biological process described with transmembrane transport","-","ko:K08145","-","Sugar_tr","- Transmembrane transporter activity. It is involved in the biological process described with transmembrane transport - ko:K08145 - Sugar_tr","Nutrition/metabolism",NA,NA,NA,Inf,0,"Not DEG",4.55644594940556
"LOC126354459",NA,NA,NA,NA,"Functional candidate","-","Belongs to the type-B carboxylesterase lipase family","-","-","-","-","- Belongs to the type-B carboxylesterase lipase family - - - -","Nutrition/metabolism",NA,NA,NA,Inf,0,"Not DEG",4.08992269267519
"LOC126354457",NA,NA,NA,NA,"Functional candidate","-","Belongs to the type-B carboxylesterase lipase family","-","-","-","-","- Belongs to the type-B carboxylesterase lipase family - - - -","Nutrition/metabolism",NA,NA,NA,Inf,0,"Not DEG",3.73197699680632
"LOC126278132",NA,NA,NA,NA,"Functional candidate","-","Transmembrane transporter activity. It is involved in the biological process described with transmembrane transport","-","ko:K08145","-","Sugar_tr","- Transmembrane transporter activity. It is involved in the biological process described with transmembrane transport - ko:K08145 - Sugar_tr","Nutrition/metabolism",NA,NA,NA,Inf,0,"Not DEG",3.66762513746701
"LOC126355964",NA,NA,NA,NA,"Functional candidate","-","It is involved in the biological process described with metabolic process","-","-","-","-","- It is involved in the biological process described with metabolic process - - - -","Nutrition/metabolism",NA,NA,NA,Inf,0,"Not DEG",3.55123329520858
"LOC126355972",NA,NA,NA,NA,"Functional candidate","-","Belongs to the type-B carboxylesterase lipase family","-","-","-","-","- Belongs to the type-B carboxylesterase lipase family - - - -","Nutrition/metabolism",NA,NA,NA,Inf,0,"Not DEG",3.4492028353273
"LOC126355971",NA,NA,NA,NA,"Functional candidate","-","Belongs to the type-B carboxylesterase lipase family","-","-","-","-","- Belongs to the type-B carboxylesterase lipase family - - - -","Nutrition/metabolism",NA,NA,NA,Inf,0,"Not DEG",3.258914961734
"LOC126332617",NA,NA,NA,NA,"Functional candidate","-","activity. It is involved in the biological process described with carbohydrate metabolic process","-","-","-","-","- activity. It is involved in the biological process described with carbohydrate metabolic process - - - -","Nutrition/metabolism",NA,NA,NA,Inf,0,"Not DEG",3.1116262195985
"LOC126277939",NA,NA,NA,NA,"Functional candidate","bli-4","Proprotein convertase P-domain","GO:0003674,GO:0003824,GO:0004175,GO:0004252,GO:0005575,GO:0005622,GO:0005623,GO:0005634,GO:0006508,GO:0006807,GO:0007275,GO:0007610,GO:0007635,GO:0008150,GO:0008152,GO:0008233,GO:0008236,GO:0008582,GO:0009987,GO:0016020,GO:0016021,GO:0016787,GO:0017171,GO:0019538,GO:0031224,GO:0032501,GO:0032502,GO:0040002,GO:0040008,GO:0042221,GO:0042335,GO:0043170,GO:0043226,GO:0043227,GO:0043229,GO:0043231,GO:0044087,GO:0044089,GO:0044238,GO:0044424,GO:0044425,GO:0044464,GO:0045887,GO:0045927,GO:0048518,GO:0048522,GO:0048638,GO:0048639,GO:0048856,GO:0050789,GO:0050793,GO:0050794,GO:0050803,GO:0050807,GO:0050896,GO:0051094,GO:0051128,GO:0051130,GO:0051239,GO:0051240,GO:0051716,GO:0051960,GO:0051962,GO:0051963,GO:0051965,GO:0065007,GO:0065008,GO:0070011,GO:0070887,GO:0071704,GO:0140096,GO:1901564,GO:1902074,GO:1902075,GO:1904396,GO:1904398,GO:2000026","ko:K01349,ko:K08654,ko:K08672","ko05164,map05164","P_proprotein,Peptidase_S8,S8_pro-domain","bli-4 Proprotein convertase P-domain GO:0003674,GO:0003824,GO:0004175,GO:0004252,GO:0005575,GO:0005622,GO:0005623,GO:0005634,GO:0006508,GO:0006807,GO:0007275,GO:0007610,GO:0007635,GO:0008150,GO:0008152,GO:0008233,GO:0008236,GO:0008582,GO:0009987,GO:0016020,GO:0016021,GO:0016787,GO:0017171,GO:0019538,GO:0031224,GO:0032501,GO:0032502,GO:0040002,GO:0040008,GO:0042221,GO:0042335,GO:0043170,GO:0043226,GO:0043227,GO:0043229,GO:0043231,GO:0044087,GO:0044089,GO:0044238,GO:0044424,GO:0044425,GO:0044464,GO:0045887,GO:0045927,GO:0048518,GO:0048522,GO:0048638,GO:0048639,GO:0048856,GO:0050789,GO:0050793,GO:0050794,GO:0050803,GO:0050807,GO:0050896,GO:0051094,GO:0051128,GO:0051130,GO:0051239,GO:0051240,GO:0051716,GO:0051960,GO:0051962,GO:0051963,GO:0051965,GO:0065007,GO:0065008,GO:0070011,GO:0070887,GO:0071704,GO:0140096,GO:1901564,GO:1902074,GO:1902075,GO:1904396,GO:1904398,GO:2000026 ko:K01349,ko:K08654,ko:K08672 ko05164,map05164 P_proprotein,Peptidase_S8,S8_pro-domain","Nutrition/metabolism",NA,NA,NA,Inf,0,"Not DEG",3.06808011291052
"LOC126298632",NA,NA,NA,NA,"Functional candidate","Gad1","carboxy-lyase activity. It is involved in the biological process described with carboxylic acid metabolic process","GO:0001505,GO:0003008,GO:0003674,GO:0003824,GO:0004351,GO:0006082,GO:0006520,GO:0006536,GO:0006538,GO:0006807,GO:0007275,GO:0007399,GO:0007416,GO:0007528,GO:0007610,GO:0007611,GO:0007612,GO:0007626,GO:0007635,GO:0008150,GO:0008152,GO:0008306,GO:0008345,GO:0008355,GO:0008652,GO:0009056,GO:0009058,GO:0009063,GO:0009064,GO:0009065,GO:0009448,GO:0009449,GO:0009605,GO:0009612,GO:0009628,GO:0009987,GO:0016043,GO:0016053,GO:0016054,GO:0016829,GO:0016830,GO:0016831,GO:0019752,GO:0022607,GO:0030537,GO:0032501,GO:0032502,GO:0032787,GO:0042048,GO:0042133,GO:0042136,GO:0042221,GO:0043112,GO:0043170,GO:0043436,GO:0043648,GO:0043649,GO:0044085,GO:0044237,GO:0044238,GO:0044248,GO:0044249,GO:0044260,GO:0044281,GO:0044282,GO:0044283,GO:0045213,GO:0046394,GO:0046395,GO:0048731,GO:0048856,GO:0050808,GO:0050877,GO:0050890,GO:0050896,GO:0065007,GO:0065008,GO:0071704,GO:0071840,GO:0072330,GO:1901564,GO:1901565,GO:1901566,GO:1901575,GO:1901576,GO:1901605,GO:1901606","ko:K01580","ko00250,ko00410,ko00430,ko00650,ko01100,ko01110,ko01120,ko02024,ko04727,ko04940,map00250,map00410,map00430,map00650,map01100,map01110,map01120,map02024,map04727,map04940","Pyridoxal_deC","Gad1 carboxy-lyase activity. It is involved in the biological process described with carboxylic acid metabolic process GO:0001505,GO:0003008,GO:0003674,GO:0003824,GO:0004351,GO:0006082,GO:0006520,GO:0006536,GO:0006538,GO:0006807,GO:0007275,GO:0007399,GO:0007416,GO:0007528,GO:0007610,GO:0007611,GO:0007612,GO:0007626,GO:0007635,GO:0008150,GO:0008152,GO:0008306,GO:0008345,GO:0008355,GO:0008652,GO:0009056,GO:0009058,GO:0009063,GO:0009064,GO:0009065,GO:0009448,GO:0009449,GO:0009605,GO:0009612,GO:0009628,GO:0009987,GO:0016043,GO:0016053,GO:0016054,GO:0016829,GO:0016830,GO:0016831,GO:0019752,GO:0022607,GO:0030537,GO:0032501,GO:0032502,GO:0032787,GO:0042048,GO:0042133,GO:0042136,GO:0042221,GO:0043112,GO:0043170,GO:0043436,GO:0043648,GO:0043649,GO:0044085,GO:0044237,GO:0044238,GO:0044248,GO:0044249,GO:0044260,GO:0044281,GO:0044282,GO:0044283,GO:0045213,GO:0046394,GO:0046395,GO:0048731,GO:0048856,GO:0050808,GO:0050877,GO:0050890,GO:0050896,GO:0065007,GO:0065008,GO:0071704,GO:0071840,GO:0072330,GO:1901564,GO:1901565,GO:1901566,GO:1901575,GO:1901576,GO:1901605,GO:1901606 ko:K01580 ko00250,ko00410,ko00430,ko00650,ko01100,ko01110,ko01120,ko02024,ko04727,ko04940,map00250,map00410,map00430,map00650,map01100,map01110,map01120,map02024,map04727,map04940 Pyridoxal_deC","Nutrition/metabolism",NA,NA,NA,Inf,0,"Not DEG",2.73397649754603
"LOC126274026",NA,NA,NA,NA,"Functional candidate","-","serine-type endopeptidase activity. It is involved in the biological process described with proteolysis","-","-","-","-","- serine-type endopeptidase activity. It is involved in the biological process described with proteolysis - - - -","Nutrition/metabolism",NA,NA,NA,Inf,0,"Not DEG",2.72143816908645
"LOC126279803",NA,NA,NA,NA,"Functional candidate","-","Solute carrier organic anion transporter family member","-","-","-","Kazal_2,OATP","- Solute carrier organic anion transporter family member - - - Kazal_2,OATP","Nutrition/metabolism",NA,NA,NA,Inf,0,"Not DEG",2.69047359342974
"LOC126272024",NA,NA,NA,NA,"Functional candidate","-","transporter activity. It is involved in the biological process described with transport","-","-","-","-","- transporter activity. It is involved in the biological process described with transport - - - -","Nutrition/metabolism",NA,NA,NA,Inf,0,"Not DEG",2.66861814792101
"LOC126272156",NA,NA,NA,NA,"Functional candidate","-","transporter activity. It is involved in the biological process described with transport","-","-","-","-","- transporter activity. It is involved in the biological process described with transport - - - -","Nutrition/metabolism",NA,NA,NA,Inf,0,"Not DEG",2.63930565506089
"LOC126272268",NA,NA,NA,NA,"Functional candidate","-","Belongs to the major facilitator superfamily. Sugar transporter (TC 2.A.1.1) family","-","-","-","Sugar_tr","- Belongs to the major facilitator superfamily. Sugar transporter (TC 2.A.1.1) family - - - Sugar_tr","Nutrition/metabolism",NA,NA,NA,Inf,0,"Not DEG",2.58412891217367
"LOC126332010",NA,NA,NA,NA,"Functional candidate","-","Kazal type serine protease inhibitors","-","-","-","-","- Kazal type serine protease inhibitors - - - -","Nutrition/metabolism",NA,NA,NA,Inf,0,"Not DEG",2.53114227336364
"LOC126278605",NA,NA,NA,NA,"Functional candidate","-","Sugar (and other) transporter","-","ko:K08145","-","Sugar_tr","- Sugar (and other) transporter - ko:K08145 - Sugar_tr","Nutrition/metabolism",NA,NA,NA,Inf,0,"Not DEG",2.4504469236133
"LOC126355150",NA,NA,NA,NA,"Functional candidate","-","Belongs to the type-B carboxylesterase lipase family","-","-","-","-","- Belongs to the type-B carboxylesterase lipase family - - - -","Nutrition/metabolism",NA,NA,NA,Inf,0,"Not DEG",2.39440917231278
"LOC126336713",NA,NA,NA,NA,"Functional candidate","GstD1","Glutathione S-transferase, N-terminal domain","GO:0003674,GO:0003824,GO:0004364,GO:0005575,GO:0005622,GO:0005623,GO:0005737,GO:0006518,GO:0006575,GO:0006749,GO:0006790,GO:0006807,GO:0008150,GO:0008152,GO:0009987,GO:0016740,GO:0016765,GO:0016829,GO:0016848,GO:0018833,GO:0034641,GO:0043603,GO:0044237,GO:0044424,GO:0044464,GO:0051186,GO:0071704,GO:1901564","ko:K00799","ko00480,ko00980,ko00982,ko00983,ko01524,ko05200,ko05204,ko05225,ko05418,map00480,map00980,map00982,map00983,map01524,map05200,map05204,map05225,map05418","GST_C,GST_C_3,GST_N,GST_N_3","GstD1 Glutathione S-transferase, N-terminal domain GO:0003674,GO:0003824,GO:0004364,GO:0005575,GO:0005622,GO:0005623,GO:0005737,GO:0006518,GO:0006575,GO:0006749,GO:0006790,GO:0006807,GO:0008150,GO:0008152,GO:0009987,GO:0016740,GO:0016765,GO:0016829,GO:0016848,GO:0018833,GO:0034641,GO:0043603,GO:0044237,GO:0044424,GO:0044464,GO:0051186,GO:0071704,GO:1901564 ko:K00799 ko00480,ko00980,ko00982,ko00983,ko01524,ko05200,ko05204,ko05225,ko05418,map00480,map00980,map00982,map00983,map01524,map05200,map05204,map05225,map05418 GST_C,GST_C_3,GST_N,GST_N_3","Detoxification/stress",NA,NA,NA,Inf,0,"Not DEG",4.66249256485639
"LOC126354378",NA,NA,NA,NA,"Functional candidate","-","cytochrome P450","-","-","-","-","- cytochrome P450 - - - -","Detoxification/stress",NA,NA,NA,Inf,0,"Not DEG",3.63502907429838
"LOC126335045",NA,NA,NA,NA,"Functional candidate","-","heme binding. It is involved in the biological process described with oxidation-reduction process","-","ko:K14999","-","p450","- heme binding. It is involved in the biological process described with oxidation-reduction process - ko:K14999 - p450","Detoxification/stress",NA,NA,NA,Inf,0,"Not DEG",2.84943869724068
"LOC126272683",NA,NA,NA,NA,"Functional candidate","-","cytochrome p450","-","ko:K14999","-","p450","- cytochrome p450 - ko:K14999 - p450","Detoxification/stress",NA,NA,NA,Inf,0,"Not DEG",2.30293086097945
"LOC126272273",NA,NA,NA,NA,"Functional candidate","-","cytochrome p450","-","-","-","p450","- cytochrome p450 - - - p450","Detoxification/stress",NA,NA,NA,Inf,0,"Not DEG",2.0881591929254
"LOC126335581",NA,NA,NA,NA,"Functional candidate","-","Cytochrome P-450","-","ko:K15003","-","p450","- Cytochrome P-450 - ko:K15003 - p450","Detoxification/stress",NA,NA,NA,Inf,0,"Not DEG",1.77133941673906
"LOC126365969",NA,NA,NA,NA,"Functional candidate","-","Cytochrome P450","-","-","-","-","- Cytochrome P450 - - - -","Detoxification/stress",NA,NA,NA,Inf,0,"Not DEG",1.52953666803805
"LOC126272823",NA,NA,NA,NA,"Functional candidate","-","heme binding. It is involved in the biological process described with oxidation-reduction process","-","ko:K14999","-","p450","- heme binding. It is involved in the biological process described with oxidation-reduction process - ko:K14999 - p450","Detoxification/stress",NA,NA,NA,Inf,0,"Not DEG",1.26116718008048
"LOC126272143",NA,NA,NA,NA,"Functional candidate","-","cytochrome p450","-","ko:K14999","-","p450","- cytochrome p450 - ko:K14999 - p450","Detoxification/stress",NA,NA,NA,Inf,0,"Not DEG",1.22437383315927
"LOC126272319",NA,NA,NA,NA,"Functional candidate","-","Cytochrome P450","-","-","-","-","- Cytochrome P450 - - - -","Detoxification/stress",NA,NA,NA,Inf,0,"Not DEG",1.05372040531738
"LOC126365968",NA,NA,NA,NA,"Functional candidate","-","Cytochrome P450","-","-","-","-","- Cytochrome P450 - - - -","Detoxification/stress",NA,NA,NA,Inf,0,"Not DEG",1.05209013810217
"LOC126272716",NA,NA,NA,NA,"Functional candidate","GstO2","Glutathione transferase activity. It is involved in the biological process described with metabolic process","-","ko:K00310,ko:K00799","ko00480,ko00790,ko00980,ko00982,ko00983,ko01524,ko05200,ko05204,ko05225,ko05418,map00480,map00790,map00980,map00982,map00983,map01524,map05200,map05204,map05225,map05418","GST_C_2,GST_N_3","GstO2 Glutathione transferase activity. It is involved in the biological process described with metabolic process - ko:K00310,ko:K00799 ko00480,ko00790,ko00980,ko00982,ko00983,ko01524,ko05200,ko05204,ko05225,ko05418,map00480,map00790,map00980,map00982,map00983,map01524,map05200,map05204,map05225,map05418 GST_C_2,GST_N_3","Detoxification/stress",NA,NA,NA,Inf,0,"Not DEG",1.05131030412909
"LOC126272799",NA,NA,NA,NA,"Functional candidate","-","cytochrome p450","-","-","-","-","- cytochrome p450 - - - -","Detoxification/stress",NA,NA,NA,Inf,0,"Not DEG",0.956158728999518
"LOC126336693",NA,NA,NA,NA,"Functional candidate","-","Glutathione S-transferase, C-terminal domain","-","ko:K04097","ko00480,ko00590,ko00980,ko00982,ko01100,ko05204,map00480,map00590,map00980,map00982,map01100,map05204","GST_C_3,GST_N","- Glutathione S-transferase, C-terminal domain - ko:K04097 ko00480,ko00590,ko00980,ko00982,ko01100,ko05204,map00480,map00590,map00980,map00982,map01100,map05204 GST_C_3,GST_N","Detoxification/stress",NA,NA,NA,Inf,0,"Not DEG",0.855702337278783
"LOC126272550",NA,NA,NA,NA,"Functional candidate","-","heme binding. It is involved in the biological process described with oxidation-reduction process","-","ko:K14999","-","p450","- heme binding. It is involved in the biological process described with oxidation-reduction process - ko:K14999 - p450","Detoxification/stress",NA,NA,NA,Inf,0,"Not DEG",0.818998303221881
"LOC126334741",NA,NA,NA,NA,"Functional candidate","-","Animal haem peroxidase","GO:0003674,GO:0003824,GO:0004601,GO:0008150,GO:0008152,GO:0009636,GO:0009987,GO:0016209,GO:0016491,GO:0016684,GO:0042221,GO:0050896,GO:0051716,GO:0055114,GO:0070887,GO:0097237,GO:0098754,GO:0098869,GO:1990748","ko:K19511","-","An_peroxidase","- Animal haem peroxidase GO:0003674,GO:0003824,GO:0004601,GO:0008150,GO:0008152,GO:0009636,GO:0009987,GO:0016209,GO:0016491,GO:0016684,GO:0042221,GO:0050896,GO:0051716,GO:0055114,GO:0070887,GO:0097237,GO:0098754,GO:0098869,GO:1990748 ko:K19511 - An_peroxidase","Detoxification/stress",NA,NA,NA,Inf,0,"Not DEG",0.818916466603054
"LOC126273117",NA,NA,NA,NA,"Functional candidate","-","heme binding. It is involved in the biological process described with oxidation-reduction process","-","ko:K14999","-","p450","- heme binding. It is involved in the biological process described with oxidation-reduction process - ko:K14999 - p450","Detoxification/stress",NA,NA,NA,Inf,0,"Not DEG",0.797968887315593
"LOC126336888",NA,NA,NA,NA,"Functional candidate","-","Glutathione S-transferase, N-terminal domain","-","ko:K00799","ko00480,ko00980,ko00982,ko00983,ko01524,ko05200,ko05204,ko05225,ko05418,map00480,map00980,map00982,map00983,map01524,map05200,map05204,map05225,map05418","GST_C_3,GST_N","- Glutathione S-transferase, N-terminal domain - ko:K00799 ko00480,ko00980,ko00982,ko00983,ko01524,ko05200,ko05204,ko05225,ko05418,map00480,map00980,map00982,map00983,map01524,map05200,map05204,map05225,map05418 GST_C_3,GST_N","Detoxification/stress",NA,NA,NA,Inf,0,"Not DEG",0.775780240190615
