source_sheet,umbrella,subcategory,gene_id,description_workbook,description_gff,gene_biotype,seqid,sequence_name,sequence_role,assigned_molecule,location_type,sequence_class,contrast_id,contrast_label,figure_scope,x_label,x_order,desired_sign,positive_condition,negative_condition,workbook_lfc_col,workbook_padj_col,show_in_figure,analysis_scope,baseMean,log2FoldChange,lfcSE,stat,pvalue,padj,significant,oriented_log2FC,status,higher_expression_condition,primary_figure,original_value,original_oriented_log2FC,original_status
Immune,Cellular Immunity,Actin Dynamics & Hemocyte Migration (DOCK GEFs),LOC126316821,dedicator of cytokinesis protein 11-like,dedicator of cytokinesis protein 11-like,protein_coding,NW_026061988.1,ptg000599l,unplaced-scaffold,na,na,Unplaced scaffold,control_diet33_vs50,Control: diet 50 vs 33,Diet comparison among controls,"50
vs
33",1,-1,Control diet 50,Control diet 33,cont33 vs cont50_log2FC,cont33 vs cont50_padj,FALSE,Unplaced scaffold,245.5139604875917,-2.6366831095932213,2.1439627070492757,-1.229817618060192,0.2187654092296056,0.44644723317239354,FALSE,2.6366831095932213,N.S.,Not significant,FALSE,,,N.S.
Immune,Cellular Immunity,Actin Dynamics & Hemocyte Migration (DOCK GEFs),LOC126316821,dedicator of cytokinesis protein 11-like,dedicator of cytokinesis protein 11-like,protein_coding,NW_026061988.1,ptg000599l,unplaced-scaffold,na,na,Unplaced scaffold,control_diet83_vs33,Control: diet 83 vs 33,Diet comparison among controls,"83
vs
33",2,1,Control diet 83,Control diet 33,cont83 vs cont33_log2FC,cont83 vs cont33_padj,FALSE,Unplaced scaffold,245.5139604875917,0.7545099514979372,2.0606292835947917,0.366155114607362,0.7142493332328502,0.9930597908525568,FALSE,0.7545099514979372,N.S.,Not significant,FALSE,,,N.S.
Immune,Cellular Immunity,Actin Dynamics & Hemocyte Migration (DOCK GEFs),LOC126316821,dedicator of cytokinesis protein 11-like,dedicator of cytokinesis protein 11-like,protein_coding,NW_026061988.1,ptg000599l,unplaced-scaffold,na,na,Unplaced scaffold,control_diet83_vs50,Control: diet 83 vs 50,Diet comparison among controls,"83
vs
50",3,1,Control diet 83,Control diet 50,cont83 vs cont50_log2FC,cont83 vs cont50_padj,FALSE,Unplaced scaffold,245.5139604875917,-1.882173158095284,2.1436105676855695,-0.878038756884579,0.3799226864457303,0.4196661017412556,FALSE,-1.882173158095284,N.S.,Not significant,FALSE,,,N.S.
Immune,Cellular Immunity,Actin Dynamics & Hemocyte Migration (DOCK GEFs),LOC126316821,dedicator of cytokinesis protein 11-like,dedicator of cytokinesis protein 11-like,protein_coding,NW_026061988.1,ptg000599l,unplaced-scaffold,na,na,Unplaced scaffold,infected_diet33_vs50,Infected: diet 50 vs 33,Diet comparison among infected,"50
vs
33",1,-1,Infected diet 50,Infected diet 33,inf33 vs inf50_log2FC,inf33 vs inf50_padj,TRUE,Unplaced scaffold,245.5139604875917,-5.467302926181041,1.819748938906386,-3.004427044461817,0.00266081563617366,0.00954323392089672,TRUE,5.467302926181041,Upregulated,Infected diet 50,FALSE,,,N.S.
Immune,Cellular Immunity,Actin Dynamics & Hemocyte Migration (DOCK GEFs),LOC126316821,dedicator of cytokinesis protein 11-like,dedicator of cytokinesis protein 11-like,protein_coding,NW_026061988.1,ptg000599l,unplaced-scaffold,na,na,Unplaced scaffold,infected_diet83_vs33,Infected: diet 83 vs 33,Diet comparison among infected,"83
vs
33",2,1,Infected diet 83,Infected diet 33,inf83 vs inf33_log2FC,inf83 vs inf33_padj,TRUE,Unplaced scaffold,245.5139604875917,4.525033716629829,2.0338760533220017,2.224832584679352,0.02609247906012586,0.11037509132111405,FALSE,4.525033716629829,N.S.,Not significant,FALSE,,,N.S.
Immune,Cellular Immunity,Actin Dynamics & Hemocyte Migration (DOCK GEFs),LOC126316821,dedicator of cytokinesis protein 11-like,dedicator of cytokinesis protein 11-like,protein_coding,NW_026061988.1,ptg000599l,unplaced-scaffold,na,na,Unplaced scaffold,infected_diet83_vs50,Infected: diet 83 vs 50,Diet comparison among infected,"83
vs
50",3,1,Infected diet 83,Infected diet 50,inf83 vs inf50_log2FC,inf83 vs inf50_padj,TRUE,Unplaced scaffold,245.5139604875917,-0.9422692095512124,2.030325375943901,-0.46409763711550434,0.6425777945824166,0.8410735678958844,FALSE,-0.9422692095512124,N.S.,Not significant,FALSE,,,N.S.
Immune,Cellular Immunity,Actin Dynamics & Hemocyte Migration (DOCK GEFs),LOC126316821,dedicator of cytokinesis protein 11-like,dedicator of cytokinesis protein 11-like,protein_coding,NW_026061988.1,ptg000599l,unplaced-scaffold,na,na,Unplaced scaffold,infection_diet33,Diet 33: infected vs control,Within-diet infection response,33,1,1,Infected diet 33,Control diet 33,Diet 33 log2FC,Diet 33 padj,TRUE,Unplaced scaffold,245.5139604875917,-2.169730706295162,1.945972730597612,-1.1149851548170635,0.2648567833257299,0.29794533384765587,FALSE,-2.169730706295162,N.S.,Not significant,FALSE,,,N.S.
Immune,Cellular Immunity,Actin Dynamics & Hemocyte Migration (DOCK GEFs),LOC126316821,dedicator of cytokinesis protein 11-like,dedicator of cytokinesis protein 11-like,protein_coding,NW_026061988.1,ptg000599l,unplaced-scaffold,na,na,Unplaced scaffold,infection_diet50,Diet 50: infected vs control,Within-diet infection response,50,2,1,Infected diet 50,Control diet 50,Diet 50 log2FC,Diet 50 padj,TRUE,Unplaced scaffold,245.5139604875917,0.6608891102926578,2.0300868015036824,0.32554721788405216,0.7447669523404601,0.8889466092032516,FALSE,0.6608891102926578,N.S.,Not significant,FALSE,,,N.S.
Immune,Cellular Immunity,Actin Dynamics & Hemocyte Migration (DOCK GEFs),LOC126316821,dedicator of cytokinesis protein 11-like,dedicator of cytokinesis protein 11-like,protein_coding,NW_026061988.1,ptg000599l,unplaced-scaffold,na,na,Unplaced scaffold,infection_diet83,Diet 83: infected vs control,Within-diet infection response,83,3,1,Infected diet 83,Control diet 83,Diet 83 log2FC,Diet 83 padj,TRUE,Unplaced scaffold,245.5139604875917,1.6007930588367294,2.1438365087980804,0.7466954929945648,0.45524739093473826,1,FALSE,1.6007930588367294,N.S.,Not significant,FALSE,,,N.S.
Immune,Cellular Immunity,Actin Dynamics & Hemocyte Migration (DOCK GEFs),LOC126316823,dedicator of cytokinesis protein 9-like,dedicator of cytokinesis protein 9-like,protein_coding,NW_026061988.1,ptg000599l,unplaced-scaffold,na,na,Unplaced scaffold,control_diet33_vs50,Control: diet 50 vs 33,Diet comparison among controls,"50
vs
33",1,-1,Control diet 50,Control diet 33,cont33 vs cont50_log2FC,cont33 vs cont50_padj,FALSE,Unplaced scaffold,195.7172816745154,-2.451897500859152,2.1925999638078917,-1.1182603034440164,0.2634558357486927,0.44644723317239354,FALSE,2.451897500859152,N.S.,Not significant,FALSE,,,N.S.
Immune,Cellular Immunity,Actin Dynamics & Hemocyte Migration (DOCK GEFs),LOC126316823,dedicator of cytokinesis protein 9-like,dedicator of cytokinesis protein 9-like,protein_coding,NW_026061988.1,ptg000599l,unplaced-scaffold,na,na,Unplaced scaffold,control_diet83_vs33,Control: diet 83 vs 33,Diet comparison among controls,"83
vs
33",2,1,Control diet 83,Control diet 33,cont83 vs cont33_log2FC,cont83 vs cont33_padj,FALSE,Unplaced scaffold,195.7172816745154,-0.2479733070186096,2.107652100774028,-0.11765381341993882,0.9063419640641768,0.9930597908525568,FALSE,-0.2479733070186096,N.S.,Not significant,FALSE,,,N.S.
Immune,Cellular Immunity,Actin Dynamics & Hemocyte Migration (DOCK GEFs),LOC126316823,dedicator of cytokinesis protein 9-like,dedicator of cytokinesis protein 9-like,protein_coding,NW_026061988.1,ptg000599l,unplaced-scaffold,na,na,Unplaced scaffold,control_diet83_vs50,Control: diet 83 vs 50,Diet comparison among controls,"83
vs
50",3,1,Control diet 83,Control diet 50,cont83 vs cont50_log2FC,cont83 vs cont50_padj,FALSE,Unplaced scaffold,195.7172816745154,-2.6998708078777613,2.192912857725807,-1.2311801622056713,0.2182554892278148,0.2935872775367536,FALSE,-2.6998708078777613,N.S.,Not significant,FALSE,,,N.S.
Immune,Cellular Immunity,Actin Dynamics & Hemocyte Migration (DOCK GEFs),LOC126316823,dedicator of cytokinesis protein 9-like,dedicator of cytokinesis protein 9-like,protein_coding,NW_026061988.1,ptg000599l,unplaced-scaffold,na,na,Unplaced scaffold,infected_diet33_vs50,Infected: diet 50 vs 33,Diet comparison among infected,"50
vs
33",1,-1,Infected diet 50,Infected diet 33,inf33 vs inf50_log2FC,inf33 vs inf50_padj,TRUE,Unplaced scaffold,195.7172816745154,-5.438464991600003,1.8634405379821009,-2.918507395727935,0.00351711532052473,0.01037149347359283,TRUE,5.438464991600003,Upregulated,Infected diet 50,FALSE,,,N.S.
Immune,Cellular Immunity,Actin Dynamics & Hemocyte Migration (DOCK GEFs),LOC126316823,dedicator of cytokinesis protein 9-like,dedicator of cytokinesis protein 9-like,protein_coding,NW_026061988.1,ptg000599l,unplaced-scaffold,na,na,Unplaced scaffold,infected_diet83_vs33,Infected: diet 83 vs 33,Diet comparison among infected,"83
vs
33",2,1,Infected diet 83,Infected diet 33,inf83 vs inf33_log2FC,inf83 vs inf33_padj,TRUE,Unplaced scaffold,195.7172816745154,4.1999445625737035,2.0825541315483154,2.016727680183359,0.04372393964739934,0.11566969488539282,FALSE,4.1999445625737035,N.S.,Not significant,FALSE,,,N.S.
Immune,Cellular Immunity,Actin Dynamics & Hemocyte Migration (DOCK GEFs),LOC126316823,dedicator of cytokinesis protein 9-like,dedicator of cytokinesis protein 9-like,protein_coding,NW_026061988.1,ptg000599l,unplaced-scaffold,na,na,Unplaced scaffold,infected_diet83_vs50,Infected: diet 83 vs 50,Diet comparison among infected,"83
vs
50",3,1,Infected diet 83,Infected diet 50,inf83 vs inf50_log2FC,inf83 vs inf50_padj,TRUE,Unplaced scaffold,195.7172816745154,-1.2385204290262994,2.0772590879398476,-0.5962281913781975,0.5510227949169955,0.8410735678958844,FALSE,-1.2385204290262994,N.S.,Not significant,FALSE,,,N.S.
Immune,Cellular Immunity,Actin Dynamics & Hemocyte Migration (DOCK GEFs),LOC126316823,dedicator of cytokinesis protein 9-like,dedicator of cytokinesis protein 9-like,protein_coding,NW_026061988.1,ptg000599l,unplaced-scaffold,na,na,Unplaced scaffold,infection_diet33,Diet 33: infected vs control,Within-diet infection response,33,1,1,Infected diet 33,Control diet 33,Diet 33 log2FC,Diet 33 padj,TRUE,Unplaced scaffold,195.7172816745154,-3.3387999997638036,1.9918913384775367,-1.6761958522876803,0.09369983636962333,0.1268707157317624,FALSE,-3.3387999997638036,N.S.,Not significant,FALSE,,,N.S.
Immune,Cellular Immunity,Actin Dynamics & Hemocyte Migration (DOCK GEFs),LOC126316823,dedicator of cytokinesis protein 9-like,dedicator of cytokinesis protein 9-like,protein_coding,NW_026061988.1,ptg000599l,unplaced-scaffold,na,na,Unplaced scaffold,infection_diet50,Diet 50: infected vs control,Within-diet infection response,50,2,1,Infected diet 50,Control diet 50,Diet 50 log2FC,Diet 50 padj,TRUE,Unplaced scaffold,195.7172816745154,-0.3522325090229523,2.0766015832565365,-0.1696196862522755,0.865309239505869,0.9448334038661595,FALSE,-0.3522325090229523,N.S.,Not significant,FALSE,,,N.S.
Immune,Cellular Immunity,Actin Dynamics & Hemocyte Migration (DOCK GEFs),LOC126316823,dedicator of cytokinesis protein 9-like,dedicator of cytokinesis protein 9-like,protein_coding,NW_026061988.1,ptg000599l,unplaced-scaffold,na,na,Unplaced scaffold,infection_diet83,Diet 83: infected vs control,Within-diet infection response,83,3,1,Infected diet 83,Control diet 83,Diet 83 log2FC,Diet 83 padj,TRUE,Unplaced scaffold,195.7172816745154,1.1091178698285098,2.1935354987837097,0.505630235044522,0.6131162521943863,1,FALSE,1.1091178698285098,N.S.,Not significant,FALSE,,,N.S.
Immune,Cellular Immunity,Actin Dynamics & Hemocyte Migration (DOCK GEFs),LOC126320437,dedicator of cytokinesis protein 8-like,dedicator of cytokinesis protein 8-like,protein_coding,NW_026062097.1,ptg000720l,unplaced-scaffold,na,na,Unplaced scaffold,control_diet33_vs50,Control: diet 50 vs 33,Diet comparison among controls,"50
vs
33",1,-1,Control diet 50,Control diet 33,cont33 vs cont50_log2FC,cont33 vs cont50_padj,FALSE,Unplaced scaffold,68.36748726484849,-2.545071978845651,2.139021443255532,-1.1898300444207428,0.23411319831179625,0.44644723317239354,FALSE,2.545071978845651,N.S.,Not significant,FALSE,,,N.S.
Immune,Cellular Immunity,Actin Dynamics & Hemocyte Migration (DOCK GEFs),LOC126320437,dedicator of cytokinesis protein 8-like,dedicator of cytokinesis protein 8-like,protein_coding,NW_026062097.1,ptg000720l,unplaced-scaffold,na,na,Unplaced scaffold,control_diet83_vs33,Control: diet 83 vs 33,Diet comparison among controls,"83
vs
33",2,1,Control diet 83,Control diet 33,cont83 vs cont33_log2FC,cont83 vs cont33_padj,FALSE,Unplaced scaffold,68.36748726484849,-0.30413324194332864,2.058633071576296,-0.14773552710413504,0.882551492696132,0.9930597908525568,FALSE,-0.30413324194332864,N.S.,Not significant,FALSE,,,N.S.
Immune,Cellular Immunity,Actin Dynamics & Hemocyte Migration (DOCK GEFs),LOC126320437,dedicator of cytokinesis protein 8-like,dedicator of cytokinesis protein 8-like,protein_coding,NW_026062097.1,ptg000720l,unplaced-scaffold,na,na,Unplaced scaffold,control_diet83_vs50,Control: diet 83 vs 50,Diet comparison among controls,"83
vs
50",3,1,Control diet 83,Control diet 50,cont83 vs cont50_log2FC,cont83 vs cont50_padj,FALSE,Unplaced scaffold,68.36748726484849,-2.8492052207889795,2.140142443746072,-1.33131569308152,0.18308515667608916,0.2719530636478865,FALSE,-2.8492052207889795,N.S.,Not significant,FALSE,,,N.S.
Immune,Cellular Immunity,Actin Dynamics & Hemocyte Migration (DOCK GEFs),LOC126320437,dedicator of cytokinesis protein 8-like,dedicator of cytokinesis protein 8-like,protein_coding,NW_026062097.1,ptg000720l,unplaced-scaffold,na,na,Unplaced scaffold,infected_diet33_vs50,Infected: diet 50 vs 33,Diet comparison among infected,"50
vs
33",1,-1,Infected diet 50,Infected diet 33,inf33 vs inf50_log2FC,inf33 vs inf50_padj,TRUE,Unplaced scaffold,68.36748726484849,-4.608632505638441,1.8217520828016984,-2.5297802863223624,0.01141339730160164,0.01907132388773744,TRUE,4.608632505638441,Upregulated,Infected diet 50,FALSE,,,N.S.
Immune,Cellular Immunity,Actin Dynamics & Hemocyte Migration (DOCK GEFs),LOC126320437,dedicator of cytokinesis protein 8-like,dedicator of cytokinesis protein 8-like,protein_coding,NW_026062097.1,ptg000720l,unplaced-scaffold,na,na,Unplaced scaffold,infected_diet83_vs33,Infected: diet 83 vs 33,Diet comparison among infected,"83
vs
33",2,1,Infected diet 83,Infected diet 33,inf83 vs inf33_log2FC,inf83 vs inf33_padj,TRUE,Unplaced scaffold,68.36748726484849,3.9035570853726904,2.035257057926146,1.9179675953809368,0.05511512014428504,0.12095053068892236,FALSE,3.9035570853726904,N.S.,Not significant,FALSE,,,N.S.
Immune,Cellular Immunity,Actin Dynamics & Hemocyte Migration (DOCK GEFs),LOC126320437,dedicator of cytokinesis protein 8-like,dedicator of cytokinesis protein 8-like,protein_coding,NW_026062097.1,ptg000720l,unplaced-scaffold,na,na,Unplaced scaffold,infected_diet83_vs50,Infected: diet 83 vs 50,Diet comparison among infected,"83
vs
50",3,1,Infected diet 83,Infected diet 50,inf83 vs inf50_log2FC,inf83 vs inf50_padj,TRUE,Unplaced scaffold,68.36748726484849,-0.7050754202657509,2.0260832715089756,-0.3479992309203701,0.7278407610768529,0.8410735678958844,FALSE,-0.7050754202657509,N.S.,Not significant,FALSE,,,N.S.
Immune,Cellular Immunity,Actin Dynamics & Hemocyte Migration (DOCK GEFs),LOC126320437,dedicator of cytokinesis protein 8-like,dedicator of cytokinesis protein 8-like,protein_coding,NW_026062097.1,ptg000720l,unplaced-scaffold,na,na,Unplaced scaffold,infection_diet33,Diet 33: infected vs control,Within-diet infection response,33,1,1,Infected diet 33,Control diet 33,Diet 33 log2FC,Diet 33 padj,TRUE,Unplaced scaffold,68.36748726484849,-2.525669279230855,1.947974807141154,-1.296561572548017,0.19478208158256213,0.23007201165752045,FALSE,-2.525669279230855,N.S.,Not significant,FALSE,,,N.S.
Immune,Cellular Immunity,Actin Dynamics & Hemocyte Migration (DOCK GEFs),LOC126320437,dedicator of cytokinesis protein 8-like,dedicator of cytokinesis protein 8-like,protein_coding,NW_026062097.1,ptg000720l,unplaced-scaffold,na,na,Unplaced scaffold,infection_diet50,Diet 50: infected vs control,Within-diet infection response,50,2,1,Infected diet 50,Control diet 50,Diet 50 log2FC,Diet 50 padj,TRUE,Unplaced scaffold,68.36748726484849,-0.4621087524380648,2.024743820003581,-0.2282307262146614,0.8194668756493422,0.9211863279853596,FALSE,-0.4621087524380648,N.S.,Not significant,FALSE,,,N.S.
Immune,Cellular Immunity,Actin Dynamics & Hemocyte Migration (DOCK GEFs),LOC126320437,dedicator of cytokinesis protein 8-like,dedicator of cytokinesis protein 8-like,protein_coding,NW_026062097.1,ptg000720l,unplaced-scaffold,na,na,Unplaced scaffold,infection_diet83,Diet 83: infected vs control,Within-diet infection response,83,3,1,Infected diet 83,Control diet 83,Diet 83 log2FC,Diet 83 padj,TRUE,Unplaced scaffold,68.36748726484849,1.6820210480851638,2.1414097146434243,0.7854737169553023,0.4321758744850709,1,FALSE,1.6820210480851638,N.S.,Not significant,FALSE,,,N.S.
Immune,Cellular Immunity,Inflammasome Assembly & Pyroptosis,LOC126284648,CARD- and ANK-domain containing inflammasome adapter protein-like,CARD- and ANK-domain containing inflammasome adapter protein-like,protein_coding,NC_064927.1,Chromosome8,assembled-molecule,8,Chromosome,Nuclear chromosome,control_diet33_vs50,Control: diet 50 vs 33,Diet comparison among controls,"50
vs
33",1,-1,Control diet 50,Control diet 33,cont33 vs cont50_log2FC,cont33 vs cont50_padj,FALSE,Placed/host-assigned,457.5698484227803,-0.03359265679488885,0.5048137148266355,-0.06654465956105281,0.9469442032921496,1,FALSE,0.03359265679488885,N.S.,Not significant,TRUE,,,N.S.
Immune,Cellular Immunity,Inflammasome Assembly & Pyroptosis,LOC126284648,CARD- and ANK-domain containing inflammasome adapter protein-like,CARD- and ANK-domain containing inflammasome adapter protein-like,protein_coding,NC_064927.1,Chromosome8,assembled-molecule,8,Chromosome,Nuclear chromosome,control_diet83_vs33,Control: diet 83 vs 33,Diet comparison among controls,"83
vs
33",2,1,Control diet 83,Control diet 33,cont83 vs cont33_log2FC,cont83 vs cont33_padj,FALSE,Placed/host-assigned,457.5698484227803,1.2536469356358824,0.4846412214580162,2.586752591668441,0.00968851298960693,0.580950827283474,FALSE,1.2536469356358824,N.S.,Not significant,TRUE,,,N.S.
Immune,Cellular Immunity,Inflammasome Assembly & Pyroptosis,LOC126284648,CARD- and ANK-domain containing inflammasome adapter protein-like,CARD- and ANK-domain containing inflammasome adapter protein-like,protein_coding,NC_064927.1,Chromosome8,assembled-molecule,8,Chromosome,Nuclear chromosome,control_diet83_vs50,Control: diet 83 vs 50,Diet comparison among controls,"83
vs
50",3,1,Control diet 83,Control diet 50,cont83 vs cont50_log2FC,cont83 vs cont50_padj,FALSE,Placed/host-assigned,457.5698484227803,1.2200542788409936,0.5041905774078119,2.4198276078732803,0.01552786657856505,0.45140918463777147,FALSE,1.2200542788409936,N.S.,Not significant,TRUE,,,N.S.
Immune,Cellular Immunity,Inflammasome Assembly & Pyroptosis,LOC126284648,CARD- and ANK-domain containing inflammasome adapter protein-like,CARD- and ANK-domain containing inflammasome adapter protein-like,protein_coding,NC_064927.1,Chromosome8,assembled-molecule,8,Chromosome,Nuclear chromosome,infected_diet33_vs50,Infected: diet 50 vs 33,Diet comparison among infected,"50
vs
33",1,-1,Infected diet 50,Infected diet 33,inf33 vs inf50_log2FC,inf33 vs inf50_padj,TRUE,Placed/host-assigned,457.5698484227803,-1.2088815147441427,0.42709015702712017,-2.830506615181438,0.00464743501217551,0.1209401479030502,FALSE,1.2088815147441427,N.S.,Not significant,TRUE,,,N.S.
Immune,Cellular Immunity,Inflammasome Assembly & Pyroptosis,LOC126284648,CARD- and ANK-domain containing inflammasome adapter protein-like,CARD- and ANK-domain containing inflammasome adapter protein-like,protein_coding,NC_064927.1,Chromosome8,assembled-molecule,8,Chromosome,Nuclear chromosome,infected_diet83_vs33,Infected: diet 83 vs 33,Diet comparison among infected,"83
vs
33",2,1,Infected diet 83,Infected diet 33,inf83 vs inf33_log2FC,inf83 vs inf33_padj,TRUE,Placed/host-assigned,457.5698484227803,1.226565394175546,0.4775072248141177,2.5686844731051326,0.01020853610741543,0.27138851868390906,FALSE,1.226565394175546,N.S.,Not significant,TRUE,,,N.S.
Immune,Cellular Immunity,Inflammasome Assembly & Pyroptosis,LOC126284648,CARD- and ANK-domain containing inflammasome adapter protein-like,CARD- and ANK-domain containing inflammasome adapter protein-like,protein_coding,NC_064927.1,Chromosome8,assembled-molecule,8,Chromosome,Nuclear chromosome,infected_diet83_vs50,Infected: diet 83 vs 50,Diet comparison among infected,"83
vs
50",3,1,Infected diet 83,Infected diet 50,inf83 vs inf50_log2FC,inf83 vs inf50_padj,TRUE,Placed/host-assigned,457.5698484227803,0.01768387943140332,0.4772932630025931,0.0370503436821132,0.9704448648183548,0.9930485160307848,FALSE,0.01768387943140332,N.S.,Not significant,TRUE,,,N.S.
Immune,Cellular Immunity,Inflammasome Assembly & Pyroptosis,LOC126284648,CARD- and ANK-domain containing inflammasome adapter protein-like,CARD- and ANK-domain containing inflammasome adapter protein-like,protein_coding,NC_064927.1,Chromosome8,assembled-molecule,8,Chromosome,Nuclear chromosome,infection_diet33,Diet 33: infected vs control,Within-diet infection response,33,1,1,Infected diet 33,Control diet 33,Diet 33 log2FC,Diet 33 padj,TRUE,Placed/host-assigned,457.5698484227803,0.26578979290125343,0.457228692744687,0.5813060228257994,0.5610342221303696,0.753290174170808,FALSE,0.26578979290125343,N.S.,Not significant,TRUE,,,N.S.
Immune,Cellular Immunity,Inflammasome Assembly & Pyroptosis,LOC126284648,CARD- and ANK-domain containing inflammasome adapter protein-like,CARD- and ANK-domain containing inflammasome adapter protein-like,protein_coding,NC_064927.1,Chromosome8,assembled-molecule,8,Chromosome,Nuclear chromosome,infection_diet50,Diet 50: infected vs control,Within-diet infection response,50,2,1,Infected diet 50,Control diet 50,Diet 50 log2FC,Diet 50 padj,TRUE,Placed/host-assigned,457.5698484227803,1.4410786508505071,0.4776869387344628,3.0167847056240653,0.00255471186640785,0.0167814225305922,TRUE,1.4410786508505071,Upregulated,Infected diet 50,TRUE,,,N.S.
Immune,Cellular Immunity,Inflammasome Assembly & Pyroptosis,LOC126284648,CARD- and ANK-domain containing inflammasome adapter protein-like,CARD- and ANK-domain containing inflammasome adapter protein-like,protein_coding,NC_064927.1,Chromosome8,assembled-molecule,8,Chromosome,Nuclear chromosome,infection_diet83,Diet 83: infected vs control,Within-diet infection response,83,3,1,Infected diet 83,Control diet 83,Diet 83 log2FC,Diet 83 padj,TRUE,Placed/host-assigned,457.5698484227803,0.23870825144091715,0.50381761165821,0.47379894215142454,0.6356432890193956,0.7970330017914774,FALSE,0.23870825144091715,N.S.,Not significant,TRUE,,,N.S.
Immune,Cellular Immunity,Inflammasome Assembly & Pyroptosis,LOC126295087,CARD- and ANK-domain containing inflammasome adapter protein-like,CARD- and ANK-domain containing inflammasome adapter protein-like,protein_coding,NC_064930.1,Chromosome11,assembled-molecule,11,Chromosome,Nuclear chromosome,control_diet33_vs50,Control: diet 50 vs 33,Diet comparison among controls,"50
vs
33",1,-1,Control diet 50,Control diet 33,cont33 vs cont50_log2FC,cont33 vs cont50_padj,FALSE,Placed/host-assigned,1025.669085046606,0.2039838905163792,0.7880770371448571,0.25883750052583343,0.795760622351633,1,FALSE,-0.2039838905163792,N.S.,Not significant,TRUE,,,N.S.
Immune,Cellular Immunity,Inflammasome Assembly & Pyroptosis,LOC126295087,CARD- and ANK-domain containing inflammasome adapter protein-like,CARD- and ANK-domain containing inflammasome adapter protein-like,protein_coding,NC_064930.1,Chromosome11,assembled-molecule,11,Chromosome,Nuclear chromosome,control_diet83_vs33,Control: diet 83 vs 33,Diet comparison among controls,"83
vs
33",2,1,Control diet 83,Control diet 33,cont83 vs cont33_log2FC,cont83 vs cont33_padj,FALSE,Placed/host-assigned,1025.669085046606,0.609037308424833,0.7570987000481425,0.8044358131721867,0.4211453250504952,0.9999697606274288,FALSE,0.609037308424833,N.S.,Not significant,TRUE,,,N.S.
Immune,Cellular Immunity,Inflammasome Assembly & Pyroptosis,LOC126295087,CARD- and ANK-domain containing inflammasome adapter protein-like,CARD- and ANK-domain containing inflammasome adapter protein-like,protein_coding,NC_064930.1,Chromosome11,assembled-molecule,11,Chromosome,Nuclear chromosome,control_diet83_vs50,Control: diet 83 vs 50,Diet comparison among controls,"83
vs
50",3,1,Control diet 83,Control diet 50,cont83 vs cont50_log2FC,cont83 vs cont50_padj,FALSE,Placed/host-assigned,1025.669085046606,0.813021198941212,0.7879927615020675,1.0317622682109864,0.30218349913291853,0.9989643578317658,FALSE,0.813021198941212,N.S.,Not significant,TRUE,,,N.S.
Immune,Cellular Immunity,Inflammasome Assembly & Pyroptosis,LOC126295087,CARD- and ANK-domain containing inflammasome adapter protein-like,CARD- and ANK-domain containing inflammasome adapter protein-like,protein_coding,NC_064930.1,Chromosome11,assembled-molecule,11,Chromosome,Nuclear chromosome,infected_diet33_vs50,Infected: diet 50 vs 33,Diet comparison among infected,"50
vs
33",1,-1,Infected diet 50,Infected diet 33,inf33 vs inf50_log2FC,inf33 vs inf50_padj,TRUE,Placed/host-assigned,1025.669085046606,-0.00610655327520821,0.6673624942316926,-0.00915027938787366,0.9926992352287928,0.9988212033479424,FALSE,0.00610655327520821,N.S.,Not significant,TRUE,,,N.S.
Immune,Cellular Immunity,Inflammasome Assembly & Pyroptosis,LOC126295087,CARD- and ANK-domain containing inflammasome adapter protein-like,CARD- and ANK-domain containing inflammasome adapter protein-like,protein_coding,NC_064930.1,Chromosome11,assembled-molecule,11,Chromosome,Nuclear chromosome,infected_diet83_vs33,Infected: diet 83 vs 33,Diet comparison among infected,"83
vs
33",2,1,Infected diet 83,Infected diet 33,inf83 vs inf33_log2FC,inf83 vs inf33_padj,TRUE,Placed/host-assigned,1025.669085046606,-0.40514843743405327,0.7462492072770994,-0.5429130556967042,0.5871896664422681,0.8833460085844842,FALSE,-0.40514843743405327,N.S.,Not significant,TRUE,,,N.S.
Immune,Cellular Immunity,Inflammasome Assembly & Pyroptosis,LOC126295087,CARD- and ANK-domain containing inflammasome adapter protein-like,CARD- and ANK-domain containing inflammasome adapter protein-like,protein_coding,NC_064930.1,Chromosome11,assembled-molecule,11,Chromosome,Nuclear chromosome,infected_diet83_vs50,Infected: diet 83 vs 50,Diet comparison among infected,"83
vs
50",3,1,Infected diet 83,Infected diet 50,inf83 vs inf50_log2FC,inf83 vs inf50_padj,TRUE,Placed/host-assigned,1025.669085046606,-0.4112549907092615,0.7463069649489201,-0.551053400308825,0.5815970686458924,0.9195232735413212,FALSE,-0.4112549907092615,N.S.,Not significant,TRUE,,,N.S.
Immune,Cellular Immunity,Inflammasome Assembly & Pyroptosis,LOC126295087,CARD- and ANK-domain containing inflammasome adapter protein-like,CARD- and ANK-domain containing inflammasome adapter protein-like,protein_coding,NC_064930.1,Chromosome11,assembled-molecule,11,Chromosome,Nuclear chromosome,infection_diet33,Diet 33: infected vs control,Within-diet infection response,33,1,1,Infected diet 33,Control diet 33,Diet 33 log2FC,Diet 33 padj,TRUE,Placed/host-assigned,1025.669085046606,1.4966131603492412,0.7136587973420934,2.097099014155132,0.03598481124817213,0.14138945888758617,FALSE,1.4966131603492412,N.S.,Not significant,TRUE,,,N.S.
Immune,Cellular Immunity,Inflammasome Assembly & Pyroptosis,LOC126295087,CARD- and ANK-domain containing inflammasome adapter protein-like,CARD- and ANK-domain containing inflammasome adapter protein-like,protein_coding,NC_064930.1,Chromosome11,assembled-molecule,11,Chromosome,Nuclear chromosome,infection_diet50,Diet 50: infected vs control,Within-diet infection response,50,2,1,Infected diet 50,Control diet 50,Diet 50 log2FC,Diet 50 padj,TRUE,Placed/host-assigned,1025.669085046606,1.7067036041408286,0.7464109030275478,2.286546990696677,0.0222222783500629,0.07403235210822463,FALSE,1.7067036041408286,N.S.,Not significant,TRUE,,,N.S.
Immune,Cellular Immunity,Inflammasome Assembly & Pyroptosis,LOC126295087,CARD- and ANK-domain containing inflammasome adapter protein-like,CARD- and ANK-domain containing inflammasome adapter protein-like,protein_coding,NC_064930.1,Chromosome11,assembled-molecule,11,Chromosome,Nuclear chromosome,infection_diet83,Diet 83: infected vs control,Within-diet infection response,83,3,1,Infected diet 83,Control diet 83,Diet 83 log2FC,Diet 83 padj,TRUE,Placed/host-assigned,1025.669085046606,0.4824274144903549,0.7878943088717696,0.6122996562586802,0.5403395170605209,0.7305853477898279,FALSE,0.4824274144903549,N.S.,Not significant,TRUE,,,N.S.
Immune,Cellular Immunity,Lysosomal Processing & Antigen Presentation (GILT),LOC126268069,gamma-interferon-inducible lysosomal thiol reductase-like,gamma-interferon-inducible lysosomal thiol reductase-like,protein_coding,NC_064923.1,Chromosome4,assembled-molecule,4,Chromosome,Nuclear chromosome,control_diet33_vs50,Control: diet 50 vs 33,Diet comparison among controls,"50
vs
33",1,-1,Control diet 50,Control diet 33,cont33 vs cont50_log2FC,cont33 vs cont50_padj,FALSE,Placed/host-assigned,1224.1641414576727,0.27115743859348557,0.3565379273519076,0.760529014703812,0.4469384326544529,1,FALSE,-0.27115743859348557,N.S.,Not significant,TRUE,,,N.S.
Immune,Cellular Immunity,Lysosomal Processing & Antigen Presentation (GILT),LOC126268069,gamma-interferon-inducible lysosomal thiol reductase-like,gamma-interferon-inducible lysosomal thiol reductase-like,protein_coding,NC_064923.1,Chromosome4,assembled-molecule,4,Chromosome,Nuclear chromosome,control_diet83_vs33,Control: diet 83 vs 33,Diet comparison among controls,"83
vs
33",2,1,Control diet 83,Control diet 33,cont83 vs cont33_log2FC,cont83 vs cont33_padj,FALSE,Placed/host-assigned,1224.1641414576727,-0.4009369286760711,0.3426858287344903,-1.1699839767424791,0.2420074170953032,0.9999697606274288,FALSE,-0.4009369286760711,N.S.,Not significant,TRUE,,,N.S.
Immune,Cellular Immunity,Lysosomal Processing & Antigen Presentation (GILT),LOC126268069,gamma-interferon-inducible lysosomal thiol reductase-like,gamma-interferon-inducible lysosomal thiol reductase-like,protein_coding,NC_064923.1,Chromosome4,assembled-molecule,4,Chromosome,Nuclear chromosome,control_diet83_vs50,Control: diet 83 vs 50,Diet comparison among controls,"83
vs
50",3,1,Control diet 83,Control diet 50,cont83 vs cont50_log2FC,cont83 vs cont50_padj,FALSE,Placed/host-assigned,1224.1641414576727,-0.12977949008258552,0.3566634437732053,-0.36387101719656345,0.715954328150524,0.9993806165316672,FALSE,-0.12977949008258552,N.S.,Not significant,TRUE,,,N.S.
Immune,Cellular Immunity,Lysosomal Processing & Antigen Presentation (GILT),LOC126268069,gamma-interferon-inducible lysosomal thiol reductase-like,gamma-interferon-inducible lysosomal thiol reductase-like,protein_coding,NC_064923.1,Chromosome4,assembled-molecule,4,Chromosome,Nuclear chromosome,infected_diet33_vs50,Infected: diet 50 vs 33,Diet comparison among infected,"50
vs
33",1,-1,Infected diet 50,Infected diet 33,inf33 vs inf50_log2FC,inf33 vs inf50_padj,TRUE,Placed/host-assigned,1224.1641414576727,0.20719889257534513,0.3028136397942728,0.6842455733371623,0.4938201088747332,0.9284239844011354,FALSE,-0.20719889257534513,N.S.,Not significant,TRUE,,,N.S.
Immune,Cellular Immunity,Lysosomal Processing & Antigen Presentation (GILT),LOC126268069,gamma-interferon-inducible lysosomal thiol reductase-like,gamma-interferon-inducible lysosomal thiol reductase-like,protein_coding,NC_064923.1,Chromosome4,assembled-molecule,4,Chromosome,Nuclear chromosome,infected_diet83_vs33,Infected: diet 83 vs 33,Diet comparison among infected,"83
vs
33",2,1,Infected diet 83,Infected diet 33,inf83 vs inf33_log2FC,inf83 vs inf33_padj,TRUE,Placed/host-assigned,1224.1641414576727,0.3184526694146299,0.338396692540249,0.9410631854114622,0.34667248012314456,0.7925900918372383,FALSE,0.3184526694146299,N.S.,Not significant,TRUE,,,N.S.
Immune,Cellular Immunity,Lysosomal Processing & Antigen Presentation (GILT),LOC126268069,gamma-interferon-inducible lysosomal thiol reductase-like,gamma-interferon-inducible lysosomal thiol reductase-like,protein_coding,NC_064923.1,Chromosome4,assembled-molecule,4,Chromosome,Nuclear chromosome,infected_diet83_vs50,Infected: diet 83 vs 50,Diet comparison among infected,"83
vs
50",3,1,Infected diet 83,Infected diet 50,inf83 vs inf50_log2FC,inf83 vs inf50_padj,TRUE,Placed/host-assigned,1224.1641414576727,0.5256515619899751,0.33870131737825576,1.5519619647742218,0.12067132474093288,0.6355949109270385,FALSE,0.5256515619899751,N.S.,Not significant,TRUE,,,N.S.
Immune,Cellular Immunity,Lysosomal Processing & Antigen Presentation (GILT),LOC126268069,gamma-interferon-inducible lysosomal thiol reductase-like,gamma-interferon-inducible lysosomal thiol reductase-like,protein_coding,NC_064923.1,Chromosome4,assembled-molecule,4,Chromosome,Nuclear chromosome,infection_diet33,Diet 33: infected vs control,Within-diet infection response,33,1,1,Infected diet 33,Control diet 33,Diet 33 log2FC,Diet 33 padj,TRUE,Placed/host-assigned,1224.1641414576727,-1.1499333355986308,0.32313611551909954,-3.55866546749604,3.727439327040738e-4,0.00634427333029567,TRUE,-1.1499333355986308,Downregulated,Control diet 33,TRUE,,,N.S.
Immune,Cellular Immunity,Lysosomal Processing & Antigen Presentation (GILT),LOC126268069,gamma-interferon-inducible lysosomal thiol reductase-like,gamma-interferon-inducible lysosomal thiol reductase-like,protein_coding,NC_064923.1,Chromosome4,assembled-molecule,4,Chromosome,Nuclear chromosome,infection_diet50,Diet 50: infected vs control,Within-diet infection response,50,2,1,Infected diet 50,Control diet 50,Diet 50 log2FC,Diet 50 padj,TRUE,Placed/host-assigned,1224.1641414576727,-1.0859747895804903,0.3382283916720725,-3.210773596538848,0.00132378185690043,0.01055738442534819,TRUE,-1.0859747895804903,Downregulated,Control diet 50,TRUE,,,N.S.
Immune,Cellular Immunity,Lysosomal Processing & Antigen Presentation (GILT),LOC126268069,gamma-interferon-inducible lysosomal thiol reductase-like,gamma-interferon-inducible lysosomal thiol reductase-like,protein_coding,NC_064923.1,Chromosome4,assembled-molecule,4,Chromosome,Nuclear chromosome,infection_diet83,Diet 83: infected vs control,Within-diet infection response,83,3,1,Infected diet 83,Control diet 83,Diet 83 log2FC,Diet 83 padj,TRUE,Placed/host-assigned,1224.1641414576727,-0.4305437375079298,0.35711195665344425,-1.205626777503131,0.2279614295504246,0.4520472810138937,FALSE,-0.4305437375079298,N.S.,Not significant,TRUE,,,N.S.
Immune,Cellular Immunity,Lysosomal Processing & Antigen Presentation (GILT),LOC126291948,gamma-interferon-inducible lysosomal thiol reductase-like,gamma-interferon-inducible lysosomal thiol reductase-like,protein_coding,NC_064928.1,Chromosome9,assembled-molecule,9,Chromosome,Nuclear chromosome,control_diet33_vs50,Control: diet 50 vs 33,Diet comparison among controls,"50
vs
33",1,-1,Control diet 50,Control diet 33,cont33 vs cont50_log2FC,cont33 vs cont50_padj,FALSE,Placed/host-assigned,5247.496826755901,0.2743488915059786,0.927348541124115,0.2958422635500325,0.7673505452320423,1,FALSE,-0.2743488915059786,N.S.,Not significant,TRUE,,,N.S.
Immune,Cellular Immunity,Lysosomal Processing & Antigen Presentation (GILT),LOC126291948,gamma-interferon-inducible lysosomal thiol reductase-like,gamma-interferon-inducible lysosomal thiol reductase-like,protein_coding,NC_064928.1,Chromosome9,assembled-molecule,9,Chromosome,Nuclear chromosome,control_diet83_vs33,Control: diet 83 vs 33,Diet comparison among controls,"83
vs
33",2,1,Control diet 83,Control diet 33,cont83 vs cont33_log2FC,cont83 vs cont33_padj,FALSE,Placed/host-assigned,5247.496826755901,1.1750637817247782,0.8909035118344011,1.3189574023625537,0.18718335389449128,0.9999697606274288,FALSE,1.1750637817247782,N.S.,Not significant,TRUE,,,N.S.
Immune,Cellular Immunity,Lysosomal Processing & Antigen Presentation (GILT),LOC126291948,gamma-interferon-inducible lysosomal thiol reductase-like,gamma-interferon-inducible lysosomal thiol reductase-like,protein_coding,NC_064928.1,Chromosome9,assembled-molecule,9,Chromosome,Nuclear chromosome,control_diet83_vs50,Control: diet 83 vs 50,Diet comparison among controls,"83
vs
50",3,1,Control diet 83,Control diet 50,cont83 vs cont50_log2FC,cont83 vs cont50_padj,FALSE,Placed/host-assigned,5247.496826755901,1.4494126732307568,0.9272843809485728,1.5630724543727013,0.11803555378255225,0.8793031858886483,FALSE,1.4494126732307568,N.S.,Not significant,TRUE,,,N.S.
Immune,Cellular Immunity,Lysosomal Processing & Antigen Presentation (GILT),LOC126291948,gamma-interferon-inducible lysosomal thiol reductase-like,gamma-interferon-inducible lysosomal thiol reductase-like,protein_coding,NC_064928.1,Chromosome9,assembled-molecule,9,Chromosome,Nuclear chromosome,infected_diet33_vs50,Infected: diet 50 vs 33,Diet comparison among infected,"50
vs
33",1,-1,Infected diet 50,Infected diet 33,inf33 vs inf50_log2FC,inf33 vs inf50_padj,TRUE,Placed/host-assigned,5247.496826755901,0.0855151460245048,0.7855534967474016,0.10885973568774349,0.9133137430564554,0.9907330067984538,FALSE,-0.0855151460245048,N.S.,Not significant,TRUE,,,N.S.
Immune,Cellular Immunity,Lysosomal Processing & Antigen Presentation (GILT),LOC126291948,gamma-interferon-inducible lysosomal thiol reductase-like,gamma-interferon-inducible lysosomal thiol reductase-like,protein_coding,NC_064928.1,Chromosome9,assembled-molecule,9,Chromosome,Nuclear chromosome,infected_diet83_vs33,Infected: diet 83 vs 33,Diet comparison among infected,"83
vs
33",2,1,Infected diet 83,Infected diet 33,inf83 vs inf33_log2FC,inf83 vs inf33_padj,TRUE,Placed/host-assigned,5247.496826755901,-0.6559936308304957,0.878297731635575,-0.7468920927404624,0.45512869938875894,0.8406202207289646,FALSE,-0.6559936308304957,N.S.,Not significant,TRUE,,,N.S.
Immune,Cellular Immunity,Lysosomal Processing & Antigen Presentation (GILT),LOC126291948,gamma-interferon-inducible lysosomal thiol reductase-like,gamma-interferon-inducible lysosomal thiol reductase-like,protein_coding,NC_064928.1,Chromosome9,assembled-molecule,9,Chromosome,Nuclear chromosome,infected_diet83_vs50,Infected: diet 83 vs 50,Diet comparison among infected,"83
vs
50",3,1,Infected diet 83,Infected diet 50,inf83 vs inf50_log2FC,inf83 vs inf50_padj,TRUE,Placed/host-assigned,5247.496826755901,-0.5704784848059908,0.8783068883719016,-0.649520677064795,0.5160018859557174,0.8979839419289232,FALSE,-0.5704784848059908,N.S.,Not significant,TRUE,,,N.S.
Immune,Cellular Immunity,Lysosomal Processing & Antigen Presentation (GILT),LOC126291948,gamma-interferon-inducible lysosomal thiol reductase-like,gamma-interferon-inducible lysosomal thiol reductase-like,protein_coding,NC_064928.1,Chromosome9,assembled-molecule,9,Chromosome,Nuclear chromosome,infection_diet33,Diet 33: infected vs control,Within-diet infection response,33,1,1,Infected diet 33,Control diet 33,Diet 33 log2FC,Diet 33 padj,TRUE,Placed/host-assigned,5247.496826755901,2.909307245029532,0.8399125765397997,3.463821505108363,5.325597638725732e-4,0.00829049176274146,TRUE,2.909307245029532,Upregulated,Infected diet 33,TRUE,,,N.S.
Immune,Cellular Immunity,Lysosomal Processing & Antigen Presentation (GILT),LOC126291948,gamma-interferon-inducible lysosomal thiol reductase-like,gamma-interferon-inducible lysosomal thiol reductase-like,protein_coding,NC_064928.1,Chromosome9,assembled-molecule,9,Chromosome,Nuclear chromosome,infection_diet50,Diet 50: infected vs control,Within-diet infection response,50,2,1,Infected diet 50,Control diet 50,Diet 50 log2FC,Diet 50 padj,TRUE,Placed/host-assigned,5247.496826755901,3.0981409905110056,0.8784170289488754,3.5269591645078635,4.203615904633074e-4,0.00462659657042637,TRUE,3.0981409905110056,Upregulated,Infected diet 50,TRUE,,,N.S.
Immune,Cellular Immunity,Lysosomal Processing & Antigen Presentation (GILT),LOC126291948,gamma-interferon-inducible lysosomal thiol reductase-like,gamma-interferon-inducible lysosomal thiol reductase-like,protein_coding,NC_064928.1,Chromosome9,assembled-molecule,9,Chromosome,Nuclear chromosome,infection_diet83,Diet 83: infected vs control,Within-diet infection response,83,3,1,Infected diet 83,Control diet 83,Diet 83 log2FC,Diet 83 padj,TRUE,Placed/host-assigned,5247.496826755901,1.078249832474258,0.9271800453878096,1.1629346833313918,0.24485600413599132,0.4710224256194283,FALSE,1.078249832474258,N.S.,Not significant,TRUE,,,N.S.
Immune,Cellular Immunity,Lysosomal Processing & Antigen Presentation (GILT),LOC126291966,gamma-interferon-inducible lysosomal thiol reductase-like,gamma-interferon-inducible lysosomal thiol reductase-like,protein_coding,NC_064928.1,Chromosome9,assembled-molecule,9,Chromosome,Nuclear chromosome,control_diet33_vs50,Control: diet 50 vs 33,Diet comparison among controls,"50
vs
33",1,-1,Control diet 50,Control diet 33,cont33 vs cont50_log2FC,cont33 vs cont50_padj,FALSE,Placed/host-assigned,79.5023676712682,0.44085068453929555,0.4949690786984807,0.8906630808100391,0.3731099467120103,1,FALSE,-0.44085068453929555,N.S.,Not significant,TRUE,,,N.S.
Immune,Cellular Immunity,Lysosomal Processing & Antigen Presentation (GILT),LOC126291966,gamma-interferon-inducible lysosomal thiol reductase-like,gamma-interferon-inducible lysosomal thiol reductase-like,protein_coding,NC_064928.1,Chromosome9,assembled-molecule,9,Chromosome,Nuclear chromosome,control_diet83_vs33,Control: diet 83 vs 33,Diet comparison among controls,"83
vs
33",2,1,Control diet 83,Control diet 33,cont83 vs cont33_log2FC,cont83 vs cont33_padj,FALSE,Placed/host-assigned,79.5023676712682,-0.8575602724739523,0.477834527977811,-1.7946804223276525,0.0727046315241502,0.9999697606274288,FALSE,-0.8575602724739523,N.S.,Not significant,TRUE,,,N.S.
Immune,Cellular Immunity,Lysosomal Processing & Antigen Presentation (GILT),LOC126291966,gamma-interferon-inducible lysosomal thiol reductase-like,gamma-interferon-inducible lysosomal thiol reductase-like,protein_coding,NC_064928.1,Chromosome9,assembled-molecule,9,Chromosome,Nuclear chromosome,control_diet83_vs50,Control: diet 83 vs 50,Diet comparison among controls,"83
vs
50",3,1,Control diet 83,Control diet 50,cont83 vs cont50_log2FC,cont83 vs cont50_padj,FALSE,Placed/host-assigned,79.5023676712682,-0.4167095879346568,0.4974270775511955,-0.8377300045387432,0.4021823579996917,0.9989643578317658,FALSE,-0.4167095879346568,N.S.,Not significant,TRUE,,,N.S.
Immune,Cellular Immunity,Lysosomal Processing & Antigen Presentation (GILT),LOC126291966,gamma-interferon-inducible lysosomal thiol reductase-like,gamma-interferon-inducible lysosomal thiol reductase-like,protein_coding,NC_064928.1,Chromosome9,assembled-molecule,9,Chromosome,Nuclear chromosome,infected_diet33_vs50,Infected: diet 50 vs 33,Diet comparison among infected,"50
vs
33",1,-1,Infected diet 50,Infected diet 33,inf33 vs inf50_log2FC,inf33 vs inf50_padj,TRUE,Placed/host-assigned,79.5023676712682,0.079287692806657,0.42598785730017946,0.18612664996877035,0.8523454434107195,0.9845358763299428,FALSE,-0.079287692806657,N.S.,Not significant,TRUE,,,N.S.
Immune,Cellular Immunity,Lysosomal Processing & Antigen Presentation (GILT),LOC126291966,gamma-interferon-inducible lysosomal thiol reductase-like,gamma-interferon-inducible lysosomal thiol reductase-like,protein_coding,NC_064928.1,Chromosome9,assembled-molecule,9,Chromosome,Nuclear chromosome,infected_diet83_vs33,Infected: diet 83 vs 33,Diet comparison among infected,"83
vs
33",2,1,Infected diet 83,Infected diet 33,inf83 vs inf33_log2FC,inf83 vs inf33_padj,TRUE,Placed/host-assigned,79.5023676712682,-0.22583464474930545,0.47900261499332936,-0.4714685007564112,0.6373062086047001,0.90278206733405,FALSE,-0.22583464474930545,N.S.,Not significant,TRUE,,,N.S.
Immune,Cellular Immunity,Lysosomal Processing & Antigen Presentation (GILT),LOC126291966,gamma-interferon-inducible lysosomal thiol reductase-like,gamma-interferon-inducible lysosomal thiol reductase-like,protein_coding,NC_064928.1,Chromosome9,assembled-molecule,9,Chromosome,Nuclear chromosome,infected_diet83_vs50,Infected: diet 83 vs 50,Diet comparison among infected,"83
vs
50",3,1,Infected diet 83,Infected diet 50,inf83 vs inf50_log2FC,inf83 vs inf50_padj,TRUE,Placed/host-assigned,79.5023676712682,-0.1465469519426484,0.48138143704865566,-0.30443000220599736,0.7608003133529813,0.9619053850136724,FALSE,-0.1465469519426484,N.S.,Not significant,TRUE,,,N.S.
Immune,Cellular Immunity,Lysosomal Processing & Antigen Presentation (GILT),LOC126291966,gamma-interferon-inducible lysosomal thiol reductase-like,gamma-interferon-inducible lysosomal thiol reductase-like,protein_coding,NC_064928.1,Chromosome9,assembled-molecule,9,Chromosome,Nuclear chromosome,infection_diet33,Diet 33: infected vs control,Within-diet infection response,33,1,1,Infected diet 33,Control diet 33,Diet 33 log2FC,Diet 33 padj,TRUE,Placed/host-assigned,79.5023676712682,-1.258820778882685,0.4500375536090817,-2.7971460798939027,0.00515562173048152,0.04008254978546093,TRUE,-1.258820778882685,Downregulated,Control diet 33,TRUE,,,N.S.
Immune,Cellular Immunity,Lysosomal Processing & Antigen Presentation (GILT),LOC126291966,gamma-interferon-inducible lysosomal thiol reductase-like,gamma-interferon-inducible lysosomal thiol reductase-like,protein_coding,NC_064928.1,Chromosome9,assembled-molecule,9,Chromosome,Nuclear chromosome,infection_diet50,Diet 50: infected vs control,Within-diet infection response,50,2,1,Infected diet 50,Control diet 50,Diet 50 log2FC,Diet 50 padj,TRUE,Placed/host-assigned,79.5023676712682,-0.8972577871500466,0.4732084570000558,-1.8961152825507104,0.05794480218066135,0.14426107603672472,FALSE,-0.8972577871500466,N.S.,Not significant,TRUE,,,N.S.
Immune,Cellular Immunity,Lysosomal Processing & Antigen Presentation (GILT),LOC126291966,gamma-interferon-inducible lysosomal thiol reductase-like,gamma-interferon-inducible lysosomal thiol reductase-like,protein_coding,NC_064928.1,Chromosome9,assembled-molecule,9,Chromosome,Nuclear chromosome,infection_diet83,Diet 83: infected vs control,Within-diet infection response,83,3,1,Infected diet 83,Control diet 83,Diet 83 log2FC,Diet 83 padj,TRUE,Placed/host-assigned,79.5023676712682,-0.6270951511580382,0.5052084140627293,-1.2412603070387,0.21450960281835535,0.43845092667471774,FALSE,-0.6270951511580382,N.S.,Not significant,TRUE,,,N.S.
Immune,Detoxification,Oxidative Stress & ROS Detoxification,LOC126281410,glutathione S-transferase D7-like,glutathione S-transferase D7-like,protein_coding,NC_064926.1,Chromosome7,assembled-molecule,7,Chromosome,Nuclear chromosome,control_diet33_vs50,Control: diet 50 vs 33,Diet comparison among controls,"50
vs
33",1,-1,Control diet 50,Control diet 33,cont33 vs cont50_log2FC,cont33 vs cont50_padj,FALSE,Placed/host-assigned,372.5175719305173,0.2860813729733964,0.7355665748419397,0.38892655370436086,0.6973304785771747,1,FALSE,-0.2860813729733964,N.S.,Not significant,TRUE,,,N.S.
Immune,Detoxification,Oxidative Stress & ROS Detoxification,LOC126281410,glutathione S-transferase D7-like,glutathione S-transferase D7-like,protein_coding,NC_064926.1,Chromosome7,assembled-molecule,7,Chromosome,Nuclear chromosome,control_diet83_vs33,Control: diet 83 vs 33,Diet comparison among controls,"83
vs
33",2,1,Control diet 83,Control diet 33,cont83 vs cont33_log2FC,cont83 vs cont33_padj,FALSE,Placed/host-assigned,372.5175719305173,0.00190104005295054,0.7076097851533821,0.00268656552359359,0.9978564334257196,0.9999697606274288,FALSE,0.00190104005295054,N.S.,Not significant,TRUE,,,N.S.
Immune,Detoxification,Oxidative Stress & ROS Detoxification,LOC126281410,glutathione S-transferase D7-like,glutathione S-transferase D7-like,protein_coding,NC_064926.1,Chromosome7,assembled-molecule,7,Chromosome,Nuclear chromosome,control_diet83_vs50,Control: diet 83 vs 50,Diet comparison among controls,"83
vs
50",3,1,Control diet 83,Control diet 50,cont83 vs cont50_log2FC,cont83 vs cont50_padj,FALSE,Placed/host-assigned,372.5175719305173,0.2879824130263469,0.7364578764614754,0.39103718247952157,0.6957697520083952,0.9993806165316672,FALSE,0.2879824130263469,N.S.,Not significant,TRUE,,,N.S.
Immune,Detoxification,Oxidative Stress & ROS Detoxification,LOC126281410,glutathione S-transferase D7-like,glutathione S-transferase D7-like,protein_coding,NC_064926.1,Chromosome7,assembled-molecule,7,Chromosome,Nuclear chromosome,infected_diet33_vs50,Infected: diet 50 vs 33,Diet comparison among infected,"50
vs
33",1,-1,Infected diet 50,Infected diet 33,inf33 vs inf50_log2FC,inf33 vs inf50_padj,TRUE,Placed/host-assigned,372.5175719305173,-1.9686887197645395,0.615348370297187,-3.1993076032910377,0.00137758100540211,0.05670624356782504,FALSE,1.9686887197645395,N.S.,Not significant,TRUE,,,N.S.
Immune,Detoxification,Oxidative Stress & ROS Detoxification,LOC126281410,glutathione S-transferase D7-like,glutathione S-transferase D7-like,protein_coding,NC_064926.1,Chromosome7,assembled-molecule,7,Chromosome,Nuclear chromosome,infected_diet83_vs33,Infected: diet 83 vs 33,Diet comparison among infected,"83
vs
33",2,1,Infected diet 83,Infected diet 33,inf83 vs inf33_log2FC,inf83 vs inf33_padj,TRUE,Placed/host-assigned,372.5175719305173,1.8121526498411704,0.6879728650455055,2.6340466927010366,0.0084373884026653,0.25363411818684556,FALSE,1.8121526498411704,N.S.,Not significant,TRUE,,,N.S.
Immune,Detoxification,Oxidative Stress & ROS Detoxification,LOC126281410,glutathione S-transferase D7-like,glutathione S-transferase D7-like,protein_coding,NC_064926.1,Chromosome7,assembled-molecule,7,Chromosome,Nuclear chromosome,infected_diet83_vs50,Infected: diet 83 vs 50,Diet comparison among infected,"83
vs
50",3,1,Infected diet 83,Infected diet 50,inf83 vs inf50_log2FC,inf83 vs inf50_padj,TRUE,Placed/host-assigned,372.5175719305173,-0.15653606992336916,0.6876120599802731,-0.22765172258302163,0.8199170067085464,0.9704280949360954,FALSE,-0.15653606992336916,N.S.,Not significant,TRUE,,,N.S.
Immune,Detoxification,Oxidative Stress & ROS Detoxification,LOC126281410,glutathione S-transferase D7-like,glutathione S-transferase D7-like,protein_coding,NC_064926.1,Chromosome7,assembled-molecule,7,Chromosome,Nuclear chromosome,infection_diet33,Diet 33: infected vs control,Within-diet infection response,33,1,1,Infected diet 33,Control diet 33,Diet 33 log2FC,Diet 33 padj,TRUE,Placed/host-assigned,372.5175719305173,2.477761885926127,0.6627780643259791,3.738448840255326,1.8515916130898424e-4,0.00372276198946009,TRUE,2.477761885926127,Upregulated,Infected diet 33,TRUE,,,N.S.
Immune,Detoxification,Oxidative Stress & ROS Detoxification,LOC126281410,glutathione S-transferase D7-like,glutathione S-transferase D7-like,protein_coding,NC_064926.1,Chromosome7,assembled-molecule,7,Chromosome,Nuclear chromosome,infection_diet50,Diet 50: infected vs control,Within-diet infection response,50,2,1,Infected diet 50,Control diet 50,Diet 50 log2FC,Diet 50 padj,TRUE,Placed/host-assigned,372.5175719305173,4.7325319786640625,0.6931356579345888,6.827713917887444,8.627841958753437e-12,2.216884773838246e-9,TRUE,4.7325319786640625,Upregulated,Infected diet 50,TRUE,,,N.S.
Immune,Detoxification,Oxidative Stress & ROS Detoxification,LOC126281410,glutathione S-transferase D7-like,glutathione S-transferase D7-like,protein_coding,NC_064926.1,Chromosome7,assembled-molecule,7,Chromosome,Nuclear chromosome,infection_diet83,Diet 83: infected vs control,Within-diet infection response,83,3,1,Infected diet 83,Control diet 83,Diet 83 log2FC,Diet 83 padj,TRUE,Placed/host-assigned,372.5175719305173,4.288013495714346,0.7312615869386586,5.86385716452797,4.522365447754953e-9,1.5587821587237315e-6,TRUE,4.288013495714346,Upregulated,Infected diet 83,TRUE,,,N.S.
Immune,Detoxification,Oxidative Stress & ROS Detoxification,LOC126318362,vegetative catalase-like,vegetative catalase-like,protein_coding,NW_026062048.1,ptg000665l,unplaced-scaffold,na,na,Unplaced scaffold,control_diet33_vs50,Control: diet 50 vs 33,Diet comparison among controls,"50
vs
33",1,-1,Control diet 50,Control diet 33,cont33 vs cont50_log2FC,cont33 vs cont50_padj,FALSE,Unplaced scaffold,65.8822115446212,-2.8032631226060194,2.18982679969787,-1.280130064620994,0.20049939665776725,0.44644723317239354,FALSE,2.8032631226060194,N.S.,Not significant,FALSE,,,N.S.
Immune,Detoxification,Oxidative Stress & ROS Detoxification,LOC126318362,vegetative catalase-like,vegetative catalase-like,protein_coding,NW_026062048.1,ptg000665l,unplaced-scaffold,na,na,Unplaced scaffold,control_diet83_vs33,Control: diet 83 vs 33,Diet comparison among controls,"83
vs
33",2,1,Control diet 83,Control diet 33,cont83 vs cont33_log2FC,cont83 vs cont33_padj,FALSE,Unplaced scaffold,65.8822115446212,-1.2048936619225488,2.108247418405406,-0.5715143542468475,0.5676510329604525,0.9930597908525568,FALSE,-1.2048936619225488,N.S.,Not significant,FALSE,,,N.S.
Immune,Detoxification,Oxidative Stress & ROS Detoxification,LOC126318362,vegetative catalase-like,vegetative catalase-like,protein_coding,NW_026062048.1,ptg000665l,unplaced-scaffold,na,na,Unplaced scaffold,control_diet83_vs50,Control: diet 83 vs 50,Diet comparison among controls,"83
vs
50",3,1,Control diet 83,Control diet 50,cont83 vs cont50_log2FC,cont83 vs cont50_padj,FALSE,Unplaced scaffold,65.8822115446212,-4.008156784528568,2.1925049253071607,-1.8281175737687532,0.06753190801047264,0.26338736786134126,FALSE,-4.008156784528568,N.S.,Not significant,FALSE,,,N.S.
Immune,Detoxification,Oxidative Stress & ROS Detoxification,LOC126318362,vegetative catalase-like,vegetative catalase-like,protein_coding,NW_026062048.1,ptg000665l,unplaced-scaffold,na,na,Unplaced scaffold,infected_diet33_vs50,Infected: diet 50 vs 33,Diet comparison among infected,"50
vs
33",1,-1,Infected diet 50,Infected diet 33,inf33 vs inf50_log2FC,inf33 vs inf50_padj,TRUE,Unplaced scaffold,65.8822115446212,-6.721641098605515,1.9517538329474424,-3.443897988126312,5.733920010064513e-4,0.00588123416052071,TRUE,6.721641098605515,Upregulated,Infected diet 50,FALSE,,,N.S.
Immune,Detoxification,Oxidative Stress & ROS Detoxification,LOC126318362,vegetative catalase-like,vegetative catalase-like,protein_coding,NW_026062048.1,ptg000665l,unplaced-scaffold,na,na,Unplaced scaffold,infected_diet83_vs33,Infected: diet 83 vs 33,Diet comparison among infected,"83
vs
33",2,1,Infected diet 83,Infected diet 33,inf83 vs inf33_log2FC,inf83 vs inf33_padj,TRUE,Unplaced scaffold,65.8822115446212,5.103731788342068,2.166626576000119,2.3556121044929834,0.01849221631666254,0.11037509132111405,FALSE,5.103731788342068,N.S.,Not significant,FALSE,,,N.S.
Immune,Detoxification,Oxidative Stress & ROS Detoxification,LOC126318362,vegetative catalase-like,vegetative catalase-like,protein_coding,NW_026062048.1,ptg000665l,unplaced-scaffold,na,na,Unplaced scaffold,infected_diet83_vs50,Infected: diet 83 vs 50,Diet comparison among infected,"83
vs
50",3,1,Infected diet 83,Infected diet 50,inf83 vs inf50_log2FC,inf83 vs inf50_padj,TRUE,Unplaced scaffold,65.8822115446212,-1.6179093102634474,2.0820516862176968,-0.7770745178774014,0.4371148070717384,0.8410735678958844,FALSE,-1.6179093102634474,N.S.,Not significant,FALSE,,,N.S.
Immune,Detoxification,Oxidative Stress & ROS Detoxification,LOC126318362,vegetative catalase-like,vegetative catalase-like,protein_coding,NW_026062048.1,ptg000665l,unplaced-scaffold,na,na,Unplaced scaffold,infection_diet33,Diet 33: infected vs control,Within-diet infection response,33,1,1,Infected diet 33,Control diet 33,Diet 33 log2FC,Diet 33 padj,TRUE,Unplaced scaffold,65.8822115446212,-6.51260158188561,2.073842479862561,-3.1403549908560153,0.00168743223089267,0.02028960430917665,TRUE,-6.51260158188561,Downregulated,Control diet 33,FALSE,,,N.S.
Immune,Detoxification,Oxidative Stress & ROS Detoxification,LOC126318362,vegetative catalase-like,vegetative catalase-like,protein_coding,NW_026062048.1,ptg000665l,unplaced-scaffold,na,na,Unplaced scaffold,infection_diet50,Diet 50: infected vs control,Within-diet infection response,50,2,1,Infected diet 50,Control diet 50,Diet 50 log2FC,Diet 50 padj,TRUE,Unplaced scaffold,65.8822115446212,-2.594223605886115,2.074575090426363,-1.2504843125986609,0.21112268237585655,0.8147311843699152,FALSE,-2.594223605886115,N.S.,Not significant,FALSE,,,N.S.
Immune,Detoxification,Oxidative Stress & ROS Detoxification,LOC126318362,vegetative catalase-like,vegetative catalase-like,protein_coding,NW_026062048.1,ptg000665l,unplaced-scaffold,na,na,Unplaced scaffold,infection_diet83,Diet 83: infected vs control,Within-diet infection response,83,3,1,Infected diet 83,Control diet 83,Diet 83 log2FC,Diet 83 padj,TRUE,Unplaced scaffold,65.8822115446212,-0.20397613162099448,2.199580702261356,-0.09273409764474189,0.9261148077147292,1,FALSE,-0.20397613162099448,N.S.,Not significant,FALSE,,,N.S.
Immune,Detoxification,Oxidative Stress & ROS Detoxification,LOC126322593,glutathione S-transferase D4-like,glutathione S-transferase D4-like,protein_coding,NW_026062185.1,ptg000818l,unplaced-scaffold,na,na,Unplaced scaffold,control_diet33_vs50,Control: diet 50 vs 33,Diet comparison among controls,"50
vs
33",1,-1,Control diet 50,Control diet 33,cont33 vs cont50_log2FC,cont33 vs cont50_padj,FALSE,Unplaced scaffold,105.1769610465206,-2.3004932073477646,2.3837517424201504,-0.96507248066535,0.3345085094858365,0.44644723317239354,FALSE,2.3004932073477646,N.S.,Not significant,FALSE,,,N.S.
Immune,Detoxification,Oxidative Stress & ROS Detoxification,LOC126322593,glutathione S-transferase D4-like,glutathione S-transferase D4-like,protein_coding,NW_026062185.1,ptg000818l,unplaced-scaffold,na,na,Unplaced scaffold,control_diet83_vs33,Control: diet 83 vs 33,Diet comparison among controls,"83
vs
33",2,1,Control diet 83,Control diet 33,cont83 vs cont33_log2FC,cont83 vs cont33_padj,FALSE,Unplaced scaffold,105.1769610465206,-1.0912520903218326,2.2921161605609996,-0.4760893488289645,0.6340107248356,0.9930597908525568,FALSE,-1.0912520903218326,N.S.,Not significant,FALSE,,,N.S.
Immune,Detoxification,Oxidative Stress & ROS Detoxification,LOC126322593,glutathione S-transferase D4-like,glutathione S-transferase D4-like,protein_coding,NW_026062185.1,ptg000818l,unplaced-scaffold,na,na,Unplaced scaffold,control_diet83_vs50,Control: diet 83 vs 50,Diet comparison among controls,"83
vs
50",3,1,Control diet 83,Control diet 50,cont83 vs cont50_log2FC,cont83 vs cont50_padj,FALSE,Unplaced scaffold,105.1769610465206,-3.391745297669597,2.384885432095993,-1.4221837460295568,0.1549729160621273,0.2663185088283005,FALSE,-3.391745297669597,N.S.,Not significant,FALSE,,,N.S.
Immune,Detoxification,Oxidative Stress & ROS Detoxification,LOC126322593,glutathione S-transferase D4-like,glutathione S-transferase D4-like,protein_coding,NW_026062185.1,ptg000818l,unplaced-scaffold,na,na,Unplaced scaffold,infected_diet33_vs50,Infected: diet 50 vs 33,Diet comparison among infected,"50
vs
33",1,-1,Infected diet 50,Infected diet 33,inf33 vs inf50_log2FC,inf33 vs inf50_padj,TRUE,Unplaced scaffold,105.1769610465206,-6.226033160338361,2.0518595750615223,-3.0343368698375386,0.00241065086777259,0.00927062141414004,TRUE,6.226033160338361,Upregulated,Infected diet 50,FALSE,,,N.S.
Immune,Detoxification,Oxidative Stress & ROS Detoxification,LOC126322593,glutathione S-transferase D4-like,glutathione S-transferase D4-like,protein_coding,NW_026062185.1,ptg000818l,unplaced-scaffold,na,na,Unplaced scaffold,infected_diet83_vs33,Infected: diet 83 vs 33,Diet comparison among infected,"83
vs
33",2,1,Infected diet 83,Infected diet 33,inf83 vs inf33_log2FC,inf83 vs inf33_padj,TRUE,Unplaced scaffold,105.1769610465206,4.111517201477737,2.290565966821428,1.7949787349644448,0.07265708807077677,0.13067353334362408,FALSE,4.111517201477737,N.S.,Not significant,FALSE,,,N.S.
Immune,Detoxification,Oxidative Stress & ROS Detoxification,LOC126322593,glutathione S-transferase D4-like,glutathione S-transferase D4-like,protein_coding,NW_026062185.1,ptg000818l,unplaced-scaffold,na,na,Unplaced scaffold,infected_diet83_vs50,Infected: diet 83 vs 50,Diet comparison among infected,"83
vs
50",3,1,Infected diet 83,Infected diet 50,inf83 vs inf50_log2FC,inf83 vs inf50_padj,TRUE,Unplaced scaffold,105.1769610465206,-2.1145159588606246,2.2624854377165,-0.9345987044207368,0.3499951469650113,0.8410735678958844,FALSE,-2.1145159588606246,N.S.,Not significant,FALSE,,,N.S.
Immune,Detoxification,Oxidative Stress & ROS Detoxification,LOC126322593,glutathione S-transferase D4-like,glutathione S-transferase D4-like,protein_coding,NW_026062185.1,ptg000818l,unplaced-scaffold,na,na,Unplaced scaffold,infection_diet33,Diet 33: infected vs control,Within-diet infection response,33,1,1,Infected diet 33,Control diet 33,Diet 33 log2FC,Diet 33 padj,TRUE,Unplaced scaffold,105.1769610465206,-5.799698510793388,2.1893343905197895,-2.649069295173512,0.00807137801412693,0.03700302979992437,TRUE,-5.799698510793388,Downregulated,Control diet 33,FALSE,,,N.S.
Immune,Detoxification,Oxidative Stress & ROS Detoxification,LOC126322593,glutathione S-transferase D4-like,glutathione S-transferase D4-like,protein_coding,NW_026062185.1,ptg000818l,unplaced-scaffold,na,na,Unplaced scaffold,infection_diet50,Diet 50: infected vs control,Within-diet infection response,50,2,1,Infected diet 50,Control diet 50,Diet 50 log2FC,Diet 50 padj,TRUE,Unplaced scaffold,105.1769610465206,-1.874158557802791,2.25814415211919,-0.8299552338339243,0.4065640944226124,0.8147311843699152,FALSE,-1.874158557802791,N.S.,Not significant,FALSE,,,N.S.
Immune,Detoxification,Oxidative Stress & ROS Detoxification,LOC126322593,glutathione S-transferase D4-like,glutathione S-transferase D4-like,protein_coding,NW_026062185.1,ptg000818l,unplaced-scaffold,na,na,Unplaced scaffold,infection_diet83,Diet 83: infected vs control,Within-diet infection response,83,3,1,Infected diet 83,Control diet 83,Diet 83 log2FC,Diet 83 padj,TRUE,Unplaced scaffold,105.1769610465206,-0.5969292189938183,2.3889964144704825,-0.24986610083553715,0.8026908994425329,1,FALSE,-0.5969292189938183,N.S.,Not significant,FALSE,,,N.S.
Immune,Detoxification,Oxidative Stress & ROS Detoxification,LOC126328223,peroxiredoxin-1-like,peroxiredoxin-1-like,protein_coding,NW_026062445.1,ptg001104l,unplaced-scaffold,na,na,Unplaced scaffold,control_diet33_vs50,Control: diet 50 vs 33,Diet comparison among controls,"50
vs
33",1,-1,Control diet 50,Control diet 33,cont33 vs cont50_log2FC,cont33 vs cont50_padj,FALSE,Unplaced scaffold,42.307248815857555,-2.87743681927761,2.292746285533084,-1.2550175470499476,0.20947239014733224,0.44644723317239354,FALSE,2.87743681927761,N.S.,Not significant,FALSE,,,N.S.
Immune,Detoxification,Oxidative Stress & ROS Detoxification,LOC126328223,peroxiredoxin-1-like,peroxiredoxin-1-like,protein_coding,NW_026062445.1,ptg001104l,unplaced-scaffold,na,na,Unplaced scaffold,control_diet83_vs33,Control: diet 83 vs 33,Diet comparison among controls,"83
vs
33",2,1,Control diet 83,Control diet 33,cont83 vs cont33_log2FC,cont83 vs cont33_padj,FALSE,Unplaced scaffold,42.307248815857555,-1.051169663465091,2.208830649203249,-0.4758941858418438,0.6341497645497569,0.9930597908525568,FALSE,-1.051169663465091,N.S.,Not significant,FALSE,,,N.S.
Immune,Detoxification,Oxidative Stress & ROS Detoxification,LOC126328223,peroxiredoxin-1-like,peroxiredoxin-1-like,protein_coding,NW_026062445.1,ptg001104l,unplaced-scaffold,na,na,Unplaced scaffold,control_diet83_vs50,Control: diet 83 vs 50,Diet comparison among controls,"83
vs
50",3,1,Control diet 83,Control diet 50,cont83 vs cont50_log2FC,cont83 vs cont50_padj,FALSE,Unplaced scaffold,42.307248815857555,-3.928606482742701,2.2962316715969004,-1.7108929082972606,0.08710088400598757,0.26338736786134126,FALSE,-3.928606482742701,N.S.,Not significant,FALSE,,,N.S.
Immune,Detoxification,Oxidative Stress & ROS Detoxification,LOC126328223,peroxiredoxin-1-like,peroxiredoxin-1-like,protein_coding,NW_026062445.1,ptg001104l,unplaced-scaffold,na,na,Unplaced scaffold,infected_diet33_vs50,Infected: diet 50 vs 33,Diet comparison among infected,"50
vs
33",1,-1,Infected diet 50,Infected diet 33,inf33 vs inf50_log2FC,inf33 vs inf50_padj,TRUE,Unplaced scaffold,42.307248815857555,-5.704711946335809,2.0182103177021955,-2.826619156734283,0.00470422385761204,0.01179713693206091,TRUE,5.704711946335809,Upregulated,Infected diet 50,FALSE,,,N.S.
Immune,Detoxification,Oxidative Stress & ROS Detoxification,LOC126328223,peroxiredoxin-1-like,peroxiredoxin-1-like,protein_coding,NW_026062445.1,ptg001104l,unplaced-scaffold,na,na,Unplaced scaffold,infected_diet83_vs33,Infected: diet 83 vs 33,Diet comparison among infected,"83
vs
33",2,1,Infected diet 83,Infected diet 33,inf83 vs inf33_log2FC,inf83 vs inf33_padj,TRUE,Unplaced scaffold,42.307248815857555,3.8463641615485833,2.2502404898254413,1.7093124841278446,0.08739308204362913,0.14192699727916608,FALSE,3.8463641615485833,N.S.,Not significant,FALSE,,,N.S.
Immune,Detoxification,Oxidative Stress & ROS Detoxification,LOC126328223,peroxiredoxin-1-like,peroxiredoxin-1-like,protein_coding,NW_026062445.1,ptg001104l,unplaced-scaffold,na,na,Unplaced scaffold,infected_diet83_vs50,Infected: diet 83 vs 50,Diet comparison among infected,"83
vs
50",3,1,Infected diet 83,Infected diet 50,inf83 vs inf50_log2FC,inf83 vs inf50_padj,TRUE,Unplaced scaffold,42.307248815857555,-1.8583477847872256,2.1852771137783535,-0.8503945669270908,0.39510575574827345,0.8410735678958844,FALSE,-1.8583477847872256,N.S.,Not significant,FALSE,,,N.S.
Immune,Detoxification,Oxidative Stress & ROS Detoxification,LOC126328223,peroxiredoxin-1-like,peroxiredoxin-1-like,protein_coding,NW_026062445.1,ptg001104l,unplaced-scaffold,na,na,Unplaced scaffold,infection_diet33,Diet 33: infected vs control,Within-diet infection response,33,1,1,Infected diet 33,Control diet 33,Diet 33 log2FC,Diet 33 padj,TRUE,Unplaced scaffold,42.307248815857555,-5.443683119189001,2.1475867341700883,-2.5347908108086976,0.01125144932754669,0.04126868849397309,TRUE,-5.443683119189001,Downregulated,Control diet 33,FALSE,,,N.S.
Immune,Detoxification,Oxidative Stress & ROS Detoxification,LOC126328223,peroxiredoxin-1-like,peroxiredoxin-1-like,protein_coding,NW_026062445.1,ptg001104l,unplaced-scaffold,na,na,Unplaced scaffold,infection_diet50,Diet 50: infected vs control,Within-diet infection response,50,2,1,Infected diet 50,Control diet 50,Diet 50 log2FC,Diet 50 padj,TRUE,Unplaced scaffold,42.307248815857555,-2.616407992130802,2.1720335254139163,-1.2045891380208795,0.2283619519750471,0.8147311843699152,FALSE,-2.616407992130802,N.S.,Not significant,FALSE,,,N.S.
Immune,Detoxification,Oxidative Stress & ROS Detoxification,LOC126328223,peroxiredoxin-1-like,peroxiredoxin-1-like,protein_coding,NW_026062445.1,ptg001104l,unplaced-scaffold,na,na,Unplaced scaffold,infection_diet83,Diet 83: infected vs control,Within-diet infection response,83,3,1,Infected diet 83,Control diet 83,Diet 83 log2FC,Diet 83 padj,TRUE,Unplaced scaffold,42.307248815857555,-0.5461492941753266,2.308762941084715,-0.2365549465718347,0.8130020756128665,1,FALSE,-0.5461492941753266,N.S.,Not significant,FALSE,,,N.S.
Immune,Detoxification,Xenobiotic & Chemical Defense,LOC126272143,cytochrome P450 6k1-like,cytochrome P450 6k1-like,protein_coding,NC_064924.1,Chromosome5,assembled-molecule,5,Chromosome,Nuclear chromosome,control_diet33_vs50,Control: diet 50 vs 33,Diet comparison among controls,"50
vs
33",1,-1,Control diet 50,Control diet 33,cont33 vs cont50_log2FC,cont33 vs cont50_padj,FALSE,Placed/host-assigned,115.3836388060272,-0.7264281007997966,0.951916323960076,-0.7631218023216331,0.44539075866707073,1,FALSE,0.7264281007997966,N.S.,Not significant,TRUE,,,N.S.
Immune,Detoxification,Xenobiotic & Chemical Defense,LOC126272143,cytochrome P450 6k1-like,cytochrome P450 6k1-like,protein_coding,NC_064924.1,Chromosome5,assembled-molecule,5,Chromosome,Nuclear chromosome,control_diet83_vs33,Control: diet 83 vs 33,Diet comparison among controls,"83
vs
33",2,1,Control diet 83,Control diet 33,cont83 vs cont33_log2FC,cont83 vs cont33_padj,FALSE,Placed/host-assigned,115.3836388060272,2.8497318658017785,0.9130364121192563,3.12115905562544,0.00180140708392153,0.2272989724105277,FALSE,2.8497318658017785,N.S.,Not significant,TRUE,,,N.S.
Immune,Detoxification,Xenobiotic & Chemical Defense,LOC126272143,cytochrome P450 6k1-like,cytochrome P450 6k1-like,protein_coding,NC_064924.1,Chromosome5,assembled-molecule,5,Chromosome,Nuclear chromosome,control_diet83_vs50,Control: diet 83 vs 50,Diet comparison among controls,"83
vs
50",3,1,Control diet 83,Control diet 50,cont83 vs cont50_log2FC,cont83 vs cont50_padj,FALSE,Placed/host-assigned,115.3836388060272,2.123303765001982,0.9477056244892348,2.240467620044289,0.02506058062533747,0.5425018209679447,FALSE,2.123303765001982,N.S.,Not significant,TRUE,,,N.S.
Immune,Detoxification,Xenobiotic & Chemical Defense,LOC126272143,cytochrome P450 6k1-like,cytochrome P450 6k1-like,protein_coding,NC_064924.1,Chromosome5,assembled-molecule,5,Chromosome,Nuclear chromosome,infected_diet33_vs50,Infected: diet 50 vs 33,Diet comparison among infected,"50
vs
33",1,-1,Infected diet 50,Infected diet 33,inf33 vs inf50_log2FC,inf33 vs inf50_padj,TRUE,Placed/host-assigned,115.3836388060272,-0.31457737207953596,0.8023867041259812,-0.39205207471900577,0.695019737365073,0.9659923539615048,FALSE,0.31457737207953596,N.S.,Not significant,TRUE,,,N.S.
Immune,Detoxification,Xenobiotic & Chemical Defense,LOC126272143,cytochrome P450 6k1-like,cytochrome P450 6k1-like,protein_coding,NC_064924.1,Chromosome5,assembled-molecule,5,Chromosome,Nuclear chromosome,infected_diet83_vs33,Infected: diet 83 vs 33,Diet comparison among infected,"83
vs
33",2,1,Infected diet 83,Infected diet 33,inf83 vs inf33_log2FC,inf83 vs inf33_padj,TRUE,Placed/host-assigned,115.3836388060272,-0.04412329446449332,0.8979539633126663,-0.04913759086458829,0.9608096463983284,0.9911984396459818,FALSE,-0.04412329446449332,N.S.,Not significant,TRUE,,,N.S.
Immune,Detoxification,Xenobiotic & Chemical Defense,LOC126272143,cytochrome P450 6k1-like,cytochrome P450 6k1-like,protein_coding,NC_064924.1,Chromosome5,assembled-molecule,5,Chromosome,Nuclear chromosome,infected_diet83_vs50,Infected: diet 83 vs 50,Diet comparison among infected,"83
vs
50",3,1,Infected diet 83,Infected diet 50,inf83 vs inf50_log2FC,inf83 vs inf50_padj,TRUE,Placed/host-assigned,115.3836388060272,-0.35870066654402927,0.8982604784986375,-0.3993281182130662,0.6896514512465112,0.9459987189470472,FALSE,-0.35870066654402927,N.S.,Not significant,TRUE,,,N.S.
Immune,Detoxification,Xenobiotic & Chemical Defense,LOC126272143,cytochrome P450 6k1-like,cytochrome P450 6k1-like,protein_coding,NC_064924.1,Chromosome5,assembled-molecule,5,Chromosome,Nuclear chromosome,infection_diet33,Diet 33: infected vs control,Within-diet infection response,33,1,1,Infected diet 33,Control diet 33,Diet 33 log2FC,Diet 33 padj,TRUE,Placed/host-assigned,115.3836388060272,1.8430247131611832,0.8616577287250481,2.1389290105808194,0.03244141811414772,0.13218400977205533,FALSE,1.8430247131611832,N.S.,Not significant,TRUE,,,N.S.
Immune,Detoxification,Xenobiotic & Chemical Defense,LOC126272143,cytochrome P450 6k1-like,cytochrome P450 6k1-like,protein_coding,NC_064924.1,Chromosome5,assembled-molecule,5,Chromosome,Nuclear chromosome,infection_diet50,Diet 50: infected vs control,Within-diet infection response,50,2,1,Infected diet 50,Control diet 50,Diet 50 log2FC,Diet 50 padj,TRUE,Placed/host-assigned,115.3836388060272,1.4311739844409226,0.8986184225288343,1.592638152702684,0.11124138937305789,0.2280335530345306,FALSE,1.4311739844409226,N.S.,Not significant,TRUE,,,N.S.
Immune,Detoxification,Xenobiotic & Chemical Defense,LOC126272143,cytochrome P450 6k1-like,cytochrome P450 6k1-like,protein_coding,NC_064924.1,Chromosome5,assembled-molecule,5,Chromosome,Nuclear chromosome,infection_diet83,Diet 83: infected vs control,Within-diet infection response,83,3,1,Infected diet 83,Control diet 83,Diet 83 log2FC,Diet 83 padj,TRUE,Placed/host-assigned,115.3836388060272,-1.0508304471050889,0.9473662272917066,-1.1092124849216565,0.26733852791726975,0.49710895743774425,FALSE,-1.0508304471050889,N.S.,Not significant,TRUE,,,N.S.
Immune,Detoxification,Xenobiotic & Chemical Defense,LOC126272144,cytochrome P450 6k1-like,cytochrome P450 6k1-like,protein_coding,NC_064924.1,Chromosome5,assembled-molecule,5,Chromosome,Nuclear chromosome,control_diet33_vs50,Control: diet 50 vs 33,Diet comparison among controls,"50
vs
33",1,-1,Control diet 50,Control diet 33,cont33 vs cont50_log2FC,cont33 vs cont50_padj,FALSE,Placed/host-assigned,208.45055121121305,-0.3213194027809432,0.5445106290665508,-0.5901067594066581,0.5551190774366197,1,FALSE,0.3213194027809432,N.S.,Not significant,TRUE,,,N.S.
Immune,Detoxification,Xenobiotic & Chemical Defense,LOC126272144,cytochrome P450 6k1-like,cytochrome P450 6k1-like,protein_coding,NC_064924.1,Chromosome5,assembled-molecule,5,Chromosome,Nuclear chromosome,control_diet83_vs33,Control: diet 83 vs 33,Diet comparison among controls,"83
vs
33",2,1,Control diet 83,Control diet 33,cont83 vs cont33_log2FC,cont83 vs cont33_padj,FALSE,Placed/host-assigned,208.45055121121305,0.6071639031549402,0.5236936636446032,1.1593875299720693,0.24629825743759604,0.9999697606274288,FALSE,0.6071639031549402,N.S.,Not significant,TRUE,,,N.S.
Immune,Detoxification,Xenobiotic & Chemical Defense,LOC126272144,cytochrome P450 6k1-like,cytochrome P450 6k1-like,protein_coding,NC_064924.1,Chromosome5,assembled-molecule,5,Chromosome,Nuclear chromosome,control_diet83_vs50,Control: diet 83 vs 50,Diet comparison among controls,"83
vs
50",3,1,Control diet 83,Control diet 50,cont83 vs cont50_log2FC,cont83 vs cont50_padj,FALSE,Placed/host-assigned,208.45055121121305,0.285844500373997,0.5437386236441785,0.5257020339262364,0.5990952504151341,0.9993806165316672,FALSE,0.285844500373997,N.S.,Not significant,TRUE,,,N.S.
Immune,Detoxification,Xenobiotic & Chemical Defense,LOC126272144,cytochrome P450 6k1-like,cytochrome P450 6k1-like,protein_coding,NC_064924.1,Chromosome5,assembled-molecule,5,Chromosome,Nuclear chromosome,infected_diet33_vs50,Infected: diet 50 vs 33,Diet comparison among infected,"50
vs
33",1,-1,Infected diet 50,Infected diet 33,inf33 vs inf50_log2FC,inf33 vs inf50_padj,TRUE,Placed/host-assigned,208.45055121121305,2.6118814137602713,0.4604129383290407,5.672910546865763,1.4039154794655994e-8,3.4579138537218144e-5,TRUE,-2.6118814137602713,Downregulated,Infected diet 33,TRUE,,,N.S.
Immune,Detoxification,Xenobiotic & Chemical Defense,LOC126272144,cytochrome P450 6k1-like,cytochrome P450 6k1-like,protein_coding,NC_064924.1,Chromosome5,assembled-molecule,5,Chromosome,Nuclear chromosome,infected_diet83_vs33,Infected: diet 83 vs 33,Diet comparison among infected,"83
vs
33",2,1,Infected diet 83,Infected diet 33,inf83 vs inf33_log2FC,inf83 vs inf33_padj,TRUE,Placed/host-assigned,208.45055121121305,-1.1419707747265635,0.5123700169804906,-2.228800938541348,0.02582715248045145,0.3798925293699651,FALSE,-1.1419707747265635,N.S.,Not significant,TRUE,,,N.S.
Immune,Detoxification,Xenobiotic & Chemical Defense,LOC126272144,cytochrome P450 6k1-like,cytochrome P450 6k1-like,protein_coding,NC_064924.1,Chromosome5,assembled-molecule,5,Chromosome,Nuclear chromosome,infected_diet83_vs50,Infected: diet 83 vs 50,Diet comparison among infected,"83
vs
50",3,1,Infected diet 83,Infected diet 50,inf83 vs inf50_log2FC,inf83 vs inf50_padj,TRUE,Placed/host-assigned,208.45055121121305,1.4699106390337078,0.5155431479129491,2.851188392250548,0.00435561545990425,0.2091792266818299,FALSE,1.4699106390337078,N.S.,Not significant,TRUE,,,N.S.
Immune,Detoxification,Xenobiotic & Chemical Defense,LOC126272144,cytochrome P450 6k1-like,cytochrome P450 6k1-like,protein_coding,NC_064924.1,Chromosome5,assembled-molecule,5,Chromosome,Nuclear chromosome,infection_diet33,Diet 33: infected vs control,Within-diet infection response,33,1,1,Infected diet 33,Control diet 33,Diet 33 log2FC,Diet 33 padj,TRUE,Placed/host-assigned,208.45055121121305,2.798818010724997,0.49184019680525726,5.690502787093632,1.2666584460985998e-8,1.652865089958075e-6,TRUE,2.798818010724997,Upregulated,Infected diet 33,TRUE,,,N.S.
Immune,Detoxification,Xenobiotic & Chemical Defense,LOC126272144,cytochrome P450 6k1-like,cytochrome P450 6k1-like,protein_coding,NC_064924.1,Chromosome5,assembled-molecule,5,Chromosome,Nuclear chromosome,infection_diet50,Diet 50: infected vs control,Within-diet infection response,50,2,1,Infected diet 50,Control diet 50,Diet 50 log2FC,Diet 50 padj,TRUE,Placed/host-assigned,208.45055121121305,-0.13438280581621742,0.5162994477566266,-0.2602807467645459,0.7946472227868124,0.8740920956857539,FALSE,-0.13438280581621742,N.S.,Not significant,TRUE,,,N.S.
Immune,Detoxification,Xenobiotic & Chemical Defense,LOC126272144,cytochrome P450 6k1-like,cytochrome P450 6k1-like,protein_coding,NC_064924.1,Chromosome5,assembled-molecule,5,Chromosome,Nuclear chromosome,infection_diet83,Diet 83: infected vs control,Within-diet infection response,83,3,1,Infected diet 83,Control diet 83,Diet 83 log2FC,Diet 83 padj,TRUE,Placed/host-assigned,208.45055121121305,1.0496833328434934,0.5430205414610582,1.933045350400929,0.05323061137741281,0.19175503440876823,FALSE,1.0496833328434934,N.S.,Not significant,TRUE,,,N.S.
Immune,Detoxification,Xenobiotic & Chemical Defense,LOC126272799,probable cytochrome P450 6a14,probable cytochrome P450 6a14,protein_coding,NC_064924.1,Chromosome5,assembled-molecule,5,Chromosome,Nuclear chromosome,control_diet33_vs50,Control: diet 50 vs 33,Diet comparison among controls,"50
vs
33",1,-1,Control diet 50,Control diet 33,cont33 vs cont50_log2FC,cont33 vs cont50_padj,FALSE,Placed/host-assigned,21.472159668491756,-2.240127031664442,0.7675953789816999,-2.9183696163416433,0.00351866992437179,0.422470620069074,FALSE,2.240127031664442,N.S.,Not significant,TRUE,,,N.S.
Immune,Detoxification,Xenobiotic & Chemical Defense,LOC126272799,probable cytochrome P450 6a14,probable cytochrome P450 6a14,protein_coding,NC_064924.1,Chromosome5,assembled-molecule,5,Chromosome,Nuclear chromosome,control_diet83_vs33,Control: diet 83 vs 33,Diet comparison among controls,"83
vs
33",2,1,Control diet 83,Control diet 33,cont83 vs cont33_log2FC,cont83 vs cont33_padj,FALSE,Placed/host-assigned,21.472159668491756,-0.4499607191922018,0.760074743662384,-0.5919953569619844,0.5538536975365235,0.9999697606274288,FALSE,-0.4499607191922018,N.S.,Not significant,TRUE,,,N.S.
Immune,Detoxification,Xenobiotic & Chemical Defense,LOC126272799,probable cytochrome P450 6a14,probable cytochrome P450 6a14,protein_coding,NC_064924.1,Chromosome5,assembled-molecule,5,Chromosome,Nuclear chromosome,control_diet83_vs50,Control: diet 83 vs 50,Diet comparison among controls,"83
vs
50",3,1,Control diet 83,Control diet 50,cont83 vs cont50_log2FC,cont83 vs cont50_padj,FALSE,Placed/host-assigned,21.472159668491756,-2.6900877508566436,0.7767187391931102,-3.4634000895243315,5.33394640207765e-4,0.06670737217182421,FALSE,-2.6900877508566436,N.S.,Not significant,TRUE,,,N.S.
Immune,Detoxification,Xenobiotic & Chemical Defense,LOC126272799,probable cytochrome P450 6a14,probable cytochrome P450 6a14,protein_coding,NC_064924.1,Chromosome5,assembled-molecule,5,Chromosome,Nuclear chromosome,infected_diet33_vs50,Infected: diet 50 vs 33,Diet comparison among infected,"50
vs
33",1,-1,Infected diet 50,Infected diet 33,inf33 vs inf50_log2FC,inf33 vs inf50_padj,TRUE,Placed/host-assigned,21.472159668491756,-1.7216309967318892,0.6671808800586989,-2.5804561374426966,0.00986698900027241,0.19595493944400652,FALSE,1.7216309967318892,N.S.,Not significant,TRUE,,,N.S.
Immune,Detoxification,Xenobiotic & Chemical Defense,LOC126272799,probable cytochrome P450 6a14,probable cytochrome P450 6a14,protein_coding,NC_064924.1,Chromosome5,assembled-molecule,5,Chromosome,Nuclear chromosome,infected_diet83_vs33,Infected: diet 83 vs 33,Diet comparison among infected,"83
vs
33",2,1,Infected diet 83,Infected diet 33,inf83 vs inf33_log2FC,inf83 vs inf33_padj,TRUE,Placed/host-assigned,21.472159668491756,1.6068919403764683,0.7464101572923575,2.1528270009153605,0.03133227727124539,0.40808524288056264,FALSE,1.6068919403764683,N.S.,Not significant,TRUE,,,N.S.
Immune,Detoxification,Xenobiotic & Chemical Defense,LOC126272799,probable cytochrome P450 6a14,probable cytochrome P450 6a14,protein_coding,NC_064924.1,Chromosome5,assembled-molecule,5,Chromosome,Nuclear chromosome,infected_diet83_vs50,Infected: diet 83 vs 50,Diet comparison among infected,"83
vs
50",3,1,Infected diet 83,Infected diet 50,inf83 vs inf50_log2FC,inf83 vs inf50_padj,TRUE,Placed/host-assigned,21.472159668491756,-0.11473905635542078,0.7366953760274402,-0.15574830532280554,0.8762314196001075,0.9792822025869768,FALSE,-0.11473905635542078,N.S.,Not significant,TRUE,,,N.S.
Immune,Detoxification,Xenobiotic & Chemical Defense,LOC126272799,probable cytochrome P450 6a14,probable cytochrome P450 6a14,protein_coding,NC_064924.1,Chromosome5,assembled-molecule,5,Chromosome,Nuclear chromosome,infection_diet33,Diet 33: infected vs control,Within-diet infection response,33,1,1,Infected diet 33,Control diet 33,Diet 33 log2FC,Diet 33 padj,TRUE,Placed/host-assigned,21.472159668491756,-0.8829484633073679,0.715249136503727,-1.2344628161641509,0.2170304943071748,0.4396766939464987,FALSE,-0.8829484633073679,N.S.,Not significant,TRUE,,,N.S.
Immune,Detoxification,Xenobiotic & Chemical Defense,LOC126272799,probable cytochrome P450 6a14,probable cytochrome P450 6a14,protein_coding,NC_064924.1,Chromosome5,assembled-molecule,5,Chromosome,Nuclear chromosome,infection_diet50,Diet 50: infected vs control,Within-diet infection response,50,2,1,Infected diet 50,Control diet 50,Diet 50 log2FC,Diet 50 padj,TRUE,Placed/host-assigned,21.472159668491756,-1.4014444982399206,0.7230156742980284,-1.9383321109885685,0.05258271719307834,0.1342788144872756,FALSE,-1.4014444982399206,N.S.,Not significant,TRUE,,,N.S.
Immune,Detoxification,Xenobiotic & Chemical Defense,LOC126272799,probable cytochrome P450 6a14,probable cytochrome P450 6a14,protein_coding,NC_064924.1,Chromosome5,assembled-molecule,5,Chromosome,Nuclear chromosome,infection_diet83,Diet 83: infected vs control,Within-diet infection response,83,3,1,Infected diet 83,Control diet 83,Diet 83 log2FC,Diet 83 padj,TRUE,Placed/host-assigned,21.472159668491756,1.1739041962613024,0.7894684360969181,1.4869551999634214,0.13702664364133588,0.3382073242747555,FALSE,1.1739041962613024,N.S.,Not significant,TRUE,,,N.S.
Immune,Detoxification,Xenobiotic & Chemical Defense,LOC126281508,probable cytochrome P450 6a13,probable cytochrome P450 6a13,protein_coding,NC_064926.1,Chromosome7,assembled-molecule,7,Chromosome,Nuclear chromosome,control_diet33_vs50,Control: diet 50 vs 33,Diet comparison among controls,"50
vs
33",1,-1,Control diet 50,Control diet 33,cont33 vs cont50_log2FC,cont33 vs cont50_padj,FALSE,Placed/host-assigned,39.32451222280101,0.3107058270865035,0.7775282477760527,0.39960712421086786,0.6894459083542714,1,FALSE,-0.3107058270865035,N.S.,Not significant,TRUE,,,N.S.
Immune,Detoxification,Xenobiotic & Chemical Defense,LOC126281508,probable cytochrome P450 6a13,probable cytochrome P450 6a13,protein_coding,NC_064926.1,Chromosome7,assembled-molecule,7,Chromosome,Nuclear chromosome,control_diet83_vs33,Control: diet 83 vs 33,Diet comparison among controls,"83
vs
33",2,1,Control diet 83,Control diet 33,cont83 vs cont33_log2FC,cont83 vs cont33_padj,FALSE,Placed/host-assigned,39.32451222280101,1.7390092576890903,0.7379994912489607,2.3563827323865234,0.01845389323109936,0.7738301634801634,FALSE,1.7390092576890903,N.S.,Not significant,TRUE,,,N.S.
Immune,Detoxification,Xenobiotic & Chemical Defense,LOC126281508,probable cytochrome P450 6a13,probable cytochrome P450 6a13,protein_coding,NC_064926.1,Chromosome7,assembled-molecule,7,Chromosome,Nuclear chromosome,control_diet83_vs50,Control: diet 83 vs 50,Diet comparison among controls,"83
vs
50",3,1,Control diet 83,Control diet 50,cont83 vs cont50_log2FC,cont83 vs cont50_padj,FALSE,Placed/host-assigned,39.32451222280101,2.0497150847755936,0.7694716571341759,2.663795431282762,0.00772645333111899,0.30163049302589406,FALSE,2.0497150847755936,N.S.,Not significant,TRUE,,,N.S.
Immune,Detoxification,Xenobiotic & Chemical Defense,LOC126281508,probable cytochrome P450 6a13,probable cytochrome P450 6a13,protein_coding,NC_064926.1,Chromosome7,assembled-molecule,7,Chromosome,Nuclear chromosome,infected_diet33_vs50,Infected: diet 50 vs 33,Diet comparison among infected,"50
vs
33",1,-1,Infected diet 50,Infected diet 33,inf33 vs inf50_log2FC,inf33 vs inf50_padj,TRUE,Placed/host-assigned,39.32451222280101,-3.212103654473371,0.653543533357952,-4.914903890134694,8.88260243577214e-7,6.033063574376438e-4,TRUE,3.212103654473371,Upregulated,Infected diet 50,TRUE,,,N.S.
Immune,Detoxification,Xenobiotic & Chemical Defense,LOC126281508,probable cytochrome P450 6a13,probable cytochrome P450 6a13,protein_coding,NC_064926.1,Chromosome7,assembled-molecule,7,Chromosome,Nuclear chromosome,infected_diet83_vs33,Infected: diet 83 vs 33,Diet comparison among infected,"83
vs
33",2,1,Infected diet 83,Infected diet 33,inf83 vs inf33_log2FC,inf83 vs inf33_padj,TRUE,Placed/host-assigned,39.32451222280101,2.2709071252138577,0.7319019677097949,3.102747670319546,0.00191733040552537,0.13487494801914054,FALSE,2.2709071252138577,N.S.,Not significant,TRUE,,,N.S.
Immune,Detoxification,Xenobiotic & Chemical Defense,LOC126281508,probable cytochrome P450 6a13,probable cytochrome P450 6a13,protein_coding,NC_064926.1,Chromosome7,assembled-molecule,7,Chromosome,Nuclear chromosome,infected_diet83_vs50,Infected: diet 83 vs 50,Diet comparison among infected,"83
vs
50",3,1,Infected diet 83,Infected diet 50,inf83 vs inf50_log2FC,inf83 vs inf50_padj,TRUE,Placed/host-assigned,39.32451222280101,-0.9411965292595136,0.7201824102750661,-1.3068863052348547,0.1912513278360506,0.7277501580475356,FALSE,-0.9411965292595136,N.S.,Not significant,TRUE,,,N.S.
Immune,Detoxification,Xenobiotic & Chemical Defense,LOC126281508,probable cytochrome P450 6a13,probable cytochrome P450 6a13,protein_coding,NC_064926.1,Chromosome7,assembled-molecule,7,Chromosome,Nuclear chromosome,infection_diet33,Diet 33: infected vs control,Within-diet infection response,33,1,1,Infected diet 33,Control diet 33,Diet 33 log2FC,Diet 33 padj,TRUE,Placed/host-assigned,39.32451222280101,-0.6359864712565532,0.707546369612081,-0.8988618959422247,0.3687262262634657,0.5994420931332914,FALSE,-0.6359864712565532,N.S.,Not significant,TRUE,,,N.S.
Immune,Detoxification,Xenobiotic & Chemical Defense,LOC126281508,probable cytochrome P450 6a13,probable cytochrome P450 6a13,protein_coding,NC_064926.1,Chromosome7,assembled-molecule,7,Chromosome,Nuclear chromosome,infection_diet50,Diet 50: infected vs control,Within-diet infection response,50,2,1,Infected diet 50,Control diet 50,Diet 50 log2FC,Diet 50 padj,TRUE,Placed/host-assigned,39.32451222280101,2.886823010303322,0.72873003295627925,3.961443716807153,7.44979439718066e-5,0.00133266448634122,TRUE,2.886823010303322,Upregulated,Infected diet 50,TRUE,,,N.S.
Immune,Detoxification,Xenobiotic & Chemical Defense,LOC126281508,probable cytochrome P450 6a13,probable cytochrome P450 6a13,protein_coding,NC_064926.1,Chromosome7,assembled-molecule,7,Chromosome,Nuclear chromosome,infection_diet83,Diet 83: infected vs control,Within-diet infection response,83,3,1,Infected diet 83,Control diet 83,Diet 83 log2FC,Diet 83 padj,TRUE,Placed/host-assigned,39.32451222280101,-0.10408860373178544,0.761381556297471,-0.13671017227940066,0.8912598887143662,0.9467700328512144,FALSE,-0.10408860373178544,N.S.,Not significant,TRUE,,,N.S.
Immune,Humoral Immunity,Antimicrobial Peptides (AMPs),LOC126334779,defensin-1-like,defensin-1-like,protein_coding,NC_064921.1,Chromosome2,assembled-molecule,2,Chromosome,Nuclear chromosome,control_diet33_vs50,Control: diet 50 vs 33,Diet comparison among controls,"50
vs
33",1,-1,Control diet 50,Control diet 33,cont33 vs cont50_log2FC,cont33 vs cont50_padj,FALSE,Placed/host-assigned,2195.3509759445515,0.8350053589327157,0.9805622324127922,0.8515577403772566,0.39445960314332257,1,FALSE,-0.8350053589327157,N.S.,Not significant,TRUE,,,N.S.
Immune,Humoral Immunity,Antimicrobial Peptides (AMPs),LOC126334779,defensin-1-like,defensin-1-like,protein_coding,NC_064921.1,Chromosome2,assembled-molecule,2,Chromosome,Nuclear chromosome,control_diet83_vs33,Control: diet 83 vs 33,Diet comparison among controls,"83
vs
33",2,1,Control diet 83,Control diet 33,cont83 vs cont33_log2FC,cont83 vs cont33_padj,FALSE,Placed/host-assigned,2195.3509759445515,-0.2710879421938851,0.9420915230086032,-0.2877511744593095,0.7735372143388971,0.9999697606274288,FALSE,-0.2710879421938851,N.S.,Not significant,TRUE,,,N.S.
Immune,Humoral Immunity,Antimicrobial Peptides (AMPs),LOC126334779,defensin-1-like,defensin-1-like,protein_coding,NC_064921.1,Chromosome2,assembled-molecule,2,Chromosome,Nuclear chromosome,control_diet83_vs50,Control: diet 83 vs 50,Diet comparison among controls,"83
vs
50",3,1,Control diet 83,Control diet 50,cont83 vs cont50_log2FC,cont83 vs cont50_padj,FALSE,Placed/host-assigned,2195.3509759445515,0.5639174167388306,0.9805773373047112,0.575087140284984,0.5652323646321089,0.9989643578317658,FALSE,0.5639174167388306,N.S.,Not significant,TRUE,,,N.S.
Immune,Humoral Immunity,Antimicrobial Peptides (AMPs),LOC126334779,defensin-1-like,defensin-1-like,protein_coding,NC_064921.1,Chromosome2,assembled-molecule,2,Chromosome,Nuclear chromosome,infected_diet33_vs50,Infected: diet 50 vs 33,Diet comparison among infected,"50
vs
33",1,-1,Infected diet 50,Infected diet 33,inf33 vs inf50_log2FC,inf33 vs inf50_padj,TRUE,Placed/host-assigned,2195.3509759445515,1.6256557403926974,0.831373307866042,1.9553860161392589,0.0505375254003806,0.4814177735194741,FALSE,-1.6256557403926974,N.S.,Not significant,TRUE,,,N.S.
Immune,Humoral Immunity,Antimicrobial Peptides (AMPs),LOC126334779,defensin-1-like,defensin-1-like,protein_coding,NC_064921.1,Chromosome2,assembled-molecule,2,Chromosome,Nuclear chromosome,infected_diet83_vs33,Infected: diet 83 vs 33,Diet comparison among infected,"83
vs
33",2,1,Infected diet 83,Infected diet 33,inf83 vs inf33_log2FC,inf83 vs inf33_padj,TRUE,Placed/host-assigned,2195.3509759445515,0.6248509039976597,0.92907127125847,0.672554327453555,0.5012308664692198,0.8556397228840127,FALSE,0.6248509039976597,N.S.,Not significant,TRUE,,,N.S.
Immune,Humoral Immunity,Antimicrobial Peptides (AMPs),LOC126334779,defensin-1-like,defensin-1-like,protein_coding,NC_064921.1,Chromosome2,assembled-molecule,2,Chromosome,Nuclear chromosome,infected_diet83_vs50,Infected: diet 83 vs 50,Diet comparison among infected,"83
vs
50",3,1,Infected diet 83,Infected diet 50,inf83 vs inf50_log2FC,inf83 vs inf50_padj,TRUE,Placed/host-assigned,2195.3509759445515,2.250506644390357,0.9294334493677712,2.4213747051187156,0.01546193022994636,0.3312852685230149,FALSE,2.250506644390357,N.S.,Not significant,TRUE,,,N.S.
Immune,Humoral Immunity,Antimicrobial Peptides (AMPs),LOC126334779,defensin-1-like,defensin-1-like,protein_coding,NC_064921.1,Chromosome2,assembled-molecule,2,Chromosome,Nuclear chromosome,infection_diet33,Diet 33: infected vs control,Within-diet infection response,33,1,1,Infected diet 33,Control diet 33,Diet 33 log2FC,Diet 33 padj,TRUE,Placed/host-assigned,2195.3509759445515,-1.8503075220086016,0.888261020823753,-2.083067340152637,0.03724508585571336,0.14440200778897316,FALSE,-1.8503075220086016,N.S.,Not significant,TRUE,,,N.S.
Immune,Humoral Immunity,Antimicrobial Peptides (AMPs),LOC126334779,defensin-1-like,defensin-1-like,protein_coding,NC_064921.1,Chromosome2,assembled-molecule,2,Chromosome,Nuclear chromosome,infection_diet50,Diet 50: infected vs control,Within-diet infection response,50,2,1,Infected diet 50,Control diet 50,Diet 50 log2FC,Diet 50 padj,TRUE,Placed/host-assigned,2195.3509759445515,-2.6409579034685833,0.9293418249232236,-2.841750831225919,0.00448665423068313,0.02486486179922119,TRUE,-2.6409579034685833,Downregulated,Control diet 50,TRUE,,,N.S.
Immune,Humoral Immunity,Antimicrobial Peptides (AMPs),LOC126334779,defensin-1-like,defensin-1-like,protein_coding,NC_064921.1,Chromosome2,assembled-molecule,2,Chromosome,Nuclear chromosome,infection_diet83,Diet 83: infected vs control,Within-diet infection response,83,3,1,Infected diet 83,Control diet 83,Diet 83 log2FC,Diet 83 padj,TRUE,Placed/host-assigned,2195.3509759445515,-0.9543686758170566,0.9806641747752608,-0.9731860308201528,0.3304608522798953,0.5604561036142449,FALSE,-0.9543686758170566,N.S.,Not significant,TRUE,,,N.S.
Immune,Humoral Immunity,Antimicrobial Peptides (AMPs),LOC126334780,defensin-1-like,defensin-1-like,protein_coding,NC_064921.1,Chromosome2,assembled-molecule,2,Chromosome,Nuclear chromosome,control_diet33_vs50,Control: diet 50 vs 33,Diet comparison among controls,"50
vs
33",1,-1,Control diet 50,Control diet 33,cont33 vs cont50_log2FC,cont33 vs cont50_padj,FALSE,Placed/host-assigned,463.81952201985933,0.9297268041568288,1.0219083427662254,0.9097947098074682,0.3629307850340572,1,FALSE,-0.9297268041568288,N.S.,Not significant,TRUE,,,N.S.
Immune,Humoral Immunity,Antimicrobial Peptides (AMPs),LOC126334780,defensin-1-like,defensin-1-like,protein_coding,NC_064921.1,Chromosome2,assembled-molecule,2,Chromosome,Nuclear chromosome,control_diet83_vs33,Control: diet 83 vs 33,Diet comparison among controls,"83
vs
33",2,1,Control diet 83,Control diet 33,cont83 vs cont33_log2FC,cont83 vs cont33_padj,FALSE,Placed/host-assigned,463.81952201985933,-0.2149789700667194,0.9817806649070444,-0.21896842925407756,0.8266746407833581,0.9999697606274288,FALSE,-0.2149789700667194,N.S.,Not significant,TRUE,,,N.S.
Immune,Humoral Immunity,Antimicrobial Peptides (AMPs),LOC126334780,defensin-1-like,defensin-1-like,protein_coding,NC_064921.1,Chromosome2,assembled-molecule,2,Chromosome,Nuclear chromosome,control_diet83_vs50,Control: diet 83 vs 50,Diet comparison among controls,"83
vs
50",3,1,Control diet 83,Control diet 50,cont83 vs cont50_log2FC,cont83 vs cont50_padj,FALSE,Placed/host-assigned,463.81952201985933,0.7147478340901093,1.0219680771086226,0.6993837186307146,0.4843122600133812,0.9989643578317658,FALSE,0.7147478340901093,N.S.,Not significant,TRUE,,,N.S.
Immune,Humoral Immunity,Antimicrobial Peptides (AMPs),LOC126334780,defensin-1-like,defensin-1-like,protein_coding,NC_064921.1,Chromosome2,assembled-molecule,2,Chromosome,Nuclear chromosome,infected_diet33_vs50,Infected: diet 50 vs 33,Diet comparison among infected,"50
vs
33",1,-1,Infected diet 50,Infected diet 33,inf33 vs inf50_log2FC,inf33 vs inf50_padj,TRUE,Placed/host-assigned,463.81952201985933,1.6045313688544502,0.868590005371018,1.8472827904220184,0.06470616582456153,0.5374701433815197,FALSE,-1.6045313688544502,N.S.,Not significant,TRUE,,,N.S.
Immune,Humoral Immunity,Antimicrobial Peptides (AMPs),LOC126334780,defensin-1-like,defensin-1-like,protein_coding,NC_064921.1,Chromosome2,assembled-molecule,2,Chromosome,Nuclear chromosome,infected_diet83_vs33,Infected: diet 83 vs 33,Diet comparison among infected,"83
vs
33",2,1,Infected diet 83,Infected diet 33,inf83 vs inf33_log2FC,inf83 vs inf33_padj,TRUE,Placed/host-assigned,463.81952201985933,1.0141610440705833,0.9687387348217078,1.0468880902725906,0.2951511954076855,0.7582695746526529,FALSE,1.0141610440705833,N.S.,Not significant,TRUE,,,N.S.
Immune,Humoral Immunity,Antimicrobial Peptides (AMPs),LOC126334780,defensin-1-like,defensin-1-like,protein_coding,NC_064921.1,Chromosome2,assembled-molecule,2,Chromosome,Nuclear chromosome,infected_diet83_vs50,Infected: diet 83 vs 50,Diet comparison among infected,"83
vs
50",3,1,Infected diet 83,Infected diet 50,inf83 vs inf50_log2FC,inf83 vs inf50_padj,TRUE,Placed/host-assigned,463.81952201985933,2.6186924129250335,0.9705712275667506,2.698094007474515,0.00697377441980577,0.24414020583699345,FALSE,2.6186924129250335,N.S.,Not significant,TRUE,,,N.S.
Immune,Humoral Immunity,Antimicrobial Peptides (AMPs),LOC126334780,defensin-1-like,defensin-1-like,protein_coding,NC_064921.1,Chromosome2,assembled-molecule,2,Chromosome,Nuclear chromosome,infection_diet33,Diet 33: infected vs control,Within-diet infection response,33,1,1,Infected diet 33,Control diet 33,Diet 33 log2FC,Diet 33 padj,TRUE,Placed/host-assigned,463.81952201985933,-2.046791875118255,0.9259227857562948,-2.210542721925169,0.0270675189534143,0.11870467125863075,FALSE,-2.046791875118255,N.S.,Not significant,TRUE,,,N.S.
Immune,Humoral Immunity,Antimicrobial Peptides (AMPs),LOC126334780,defensin-1-like,defensin-1-like,protein_coding,NC_064921.1,Chromosome2,assembled-molecule,2,Chromosome,Nuclear chromosome,infection_diet50,Diet 50: infected vs control,Within-diet infection response,50,2,1,Infected diet 50,Control diet 50,Diet 50 log2FC,Diet 50 padj,TRUE,Placed/host-assigned,463.81952201985933,-2.721596439815877,0.9702640121446025,-2.8050060661327163,0.00503156328102833,0.02701597731287708,TRUE,-2.721596439815877,Downregulated,Control diet 50,TRUE,,,N.S.
Immune,Humoral Immunity,Antimicrobial Peptides (AMPs),LOC126334780,defensin-1-like,defensin-1-like,protein_coding,NC_064921.1,Chromosome2,assembled-molecule,2,Chromosome,Nuclear chromosome,infection_diet83,Diet 83: infected vs control,Within-diet infection response,83,3,1,Infected diet 83,Control diet 83,Diet 83 log2FC,Diet 83 padj,TRUE,Placed/host-assigned,463.81952201985933,-0.8176518609809528,1.0222597542437948,-0.7998474532393204,0.4237991855756272,0.6450201779765501,FALSE,-0.8176518609809528,N.S.,Not significant,TRUE,,,N.S.
Immune,Humoral Immunity,Antimicrobial Peptides (AMPs),LOC126336322,defensin-like,defensin-like,protein_coding,NC_064921.1,Chromosome2,assembled-molecule,2,Chromosome,Nuclear chromosome,control_diet33_vs50,Control: diet 50 vs 33,Diet comparison among controls,"50
vs
33",1,-1,Control diet 50,Control diet 33,cont33 vs cont50_log2FC,cont33 vs cont50_padj,FALSE,Placed/host-assigned,3.175613124346336,0.1234814991570137,1.5650565802740382,0.07889906391460451,0.9371129078100292,,FALSE,-0.1234814991570137,N.S.,Not significant,TRUE,,,N.S.
Immune,Humoral Immunity,Antimicrobial Peptides (AMPs),LOC126336322,defensin-like,defensin-like,protein_coding,NC_064921.1,Chromosome2,assembled-molecule,2,Chromosome,Nuclear chromosome,control_diet83_vs33,Control: diet 83 vs 33,Diet comparison among controls,"83
vs
33",2,1,Control diet 83,Control diet 33,cont83 vs cont33_log2FC,cont83 vs cont33_padj,FALSE,Placed/host-assigned,3.175613124346336,-0.2706131036549554,1.534547144749263,-0.17634720743569737,0.8600211769411807,0.9999697606274288,FALSE,-0.2706131036549554,N.S.,Not significant,TRUE,,,N.S.
Immune,Humoral Immunity,Antimicrobial Peptides (AMPs),LOC126336322,defensin-like,defensin-like,protein_coding,NC_064921.1,Chromosome2,assembled-molecule,2,Chromosome,Nuclear chromosome,control_diet83_vs50,Control: diet 83 vs 50,Diet comparison among controls,"83
vs
50",3,1,Control diet 83,Control diet 50,cont83 vs cont50_log2FC,cont83 vs cont50_padj,FALSE,Placed/host-assigned,3.175613124346336,-0.14713160449794166,1.620856558138372,-0.09077398228682804,0.9276721838090108,0.9993806165316672,FALSE,-0.14713160449794166,N.S.,Not significant,TRUE,,,N.S.
Immune,Humoral Immunity,Antimicrobial Peptides (AMPs),LOC126336322,defensin-like,defensin-like,protein_coding,NC_064921.1,Chromosome2,assembled-molecule,2,Chromosome,Nuclear chromosome,infected_diet33_vs50,Infected: diet 50 vs 33,Diet comparison among infected,"50
vs
33",1,-1,Infected diet 50,Infected diet 33,inf33 vs inf50_log2FC,inf33 vs inf50_padj,TRUE,Placed/host-assigned,3.175613124346336,-0.7655975466410057,1.123008951458398,-0.681737706228219,0.49540482034336,,FALSE,0.7655975466410057,N.S.,Not significant,TRUE,,,N.S.
Immune,Humoral Immunity,Antimicrobial Peptides (AMPs),LOC126336322,defensin-like,defensin-like,protein_coding,NC_064921.1,Chromosome2,assembled-molecule,2,Chromosome,Nuclear chromosome,infected_diet83_vs33,Infected: diet 83 vs 33,Diet comparison among infected,"83
vs
33",2,1,Infected diet 83,Infected diet 33,inf83 vs inf33_log2FC,inf83 vs inf33_padj,TRUE,Placed/host-assigned,3.175613124346336,1.7467319195929376,1.2390530483646056,1.409731344350756,0.15861902576892148,,FALSE,1.7467319195929376,N.S.,Not significant,TRUE,,,N.S.
Immune,Humoral Immunity,Antimicrobial Peptides (AMPs),LOC126336322,defensin-like,defensin-like,protein_coding,NC_064921.1,Chromosome2,assembled-molecule,2,Chromosome,Nuclear chromosome,infected_diet83_vs50,Infected: diet 83 vs 50,Diet comparison among infected,"83
vs
50",3,1,Infected diet 83,Infected diet 50,inf83 vs inf50_log2FC,inf83 vs inf50_padj,TRUE,Placed/host-assigned,3.175613124346336,0.981134372951932,1.236772654741899,0.7933021232238386,0.42760182008696623,,FALSE,0.981134372951932,N.S.,Not significant,TRUE,,,N.S.
Immune,Humoral Immunity,Antimicrobial Peptides (AMPs),LOC126336322,defensin-like,defensin-like,protein_coding,NC_064921.1,Chromosome2,assembled-molecule,2,Chromosome,Nuclear chromosome,infection_diet33,Diet 33: infected vs control,Within-diet infection response,33,1,1,Infected diet 33,Control diet 33,Diet 33 log2FC,Diet 33 padj,TRUE,Placed/host-assigned,3.175613124346336,2.2477955216610592,1.3122225457324304,1.7129682224796932,0.08671838590141114,,FALSE,2.2477955216610592,N.S.,Not significant,TRUE,,,N.S.
Immune,Humoral Immunity,Antimicrobial Peptides (AMPs),LOC126336322,defensin-like,defensin-like,protein_coding,NC_064921.1,Chromosome2,assembled-molecule,2,Chromosome,Nuclear chromosome,infection_diet50,Diet 50: infected vs control,Within-diet infection response,50,2,1,Infected diet 50,Control diet 50,Diet 50 log2FC,Diet 50 padj,TRUE,Placed/host-assigned,3.175613124346336,3.1368745674590786,1.4101855179323948,2.224441059399294,0.02611878393460032,0.08261988124243151,FALSE,3.1368745674590786,N.S.,Not significant,TRUE,,,N.S.
Immune,Humoral Immunity,Antimicrobial Peptides (AMPs),LOC126336322,defensin-like,defensin-like,protein_coding,NC_064921.1,Chromosome2,assembled-molecule,2,Chromosome,Nuclear chromosome,infection_diet83,Diet 83: infected vs control,Within-diet infection response,83,3,1,Infected diet 83,Control diet 83,Diet 83 log2FC,Diet 83 padj,TRUE,Placed/host-assigned,3.175613124346336,4.265140544908952,1.4724671088317174,2.8965947825435596,0.00377236668258107,0.0349351808376381,TRUE,4.265140544908952,Upregulated,Infected diet 83,TRUE,,,N.S.
Immune,Humoral Immunity,Antimicrobial Peptides (AMPs),LOC126336325,defensin-like,defensin-like,protein_coding,NC_064921.1,Chromosome2,assembled-molecule,2,Chromosome,Nuclear chromosome,control_diet33_vs50,Control: diet 50 vs 33,Diet comparison among controls,"50
vs
33",1,-1,Control diet 50,Control diet 33,cont33 vs cont50_log2FC,cont33 vs cont50_padj,FALSE,Placed/host-assigned,349.96457751782424,-1.8354211214648737,1.0308434663110932,-1.7805042001507636,0.07499348256316517,1,FALSE,1.8354211214648737,N.S.,Not significant,TRUE,,,N.S.
Immune,Humoral Immunity,Antimicrobial Peptides (AMPs),LOC126336325,defensin-like,defensin-like,protein_coding,NC_064921.1,Chromosome2,assembled-molecule,2,Chromosome,Nuclear chromosome,control_diet83_vs33,Control: diet 83 vs 33,Diet comparison among controls,"83
vs
33",2,1,Control diet 83,Control diet 33,cont83 vs cont33_log2FC,cont83 vs cont33_padj,FALSE,Placed/host-assigned,349.96457751782424,-0.39730008843667336,1.0219530433982729,-0.38876550248878566,0.6974496222921388,0.9999697606274288,FALSE,-0.39730008843667336,N.S.,Not significant,TRUE,,,N.S.
Immune,Humoral Immunity,Antimicrobial Peptides (AMPs),LOC126336325,defensin-like,defensin-like,protein_coding,NC_064921.1,Chromosome2,assembled-molecule,2,Chromosome,Nuclear chromosome,control_diet83_vs50,Control: diet 83 vs 50,Diet comparison among controls,"83
vs
50",3,1,Control diet 83,Control diet 50,cont83 vs cont50_log2FC,cont83 vs cont50_padj,FALSE,Placed/host-assigned,349.96457751782424,-2.232721209901547,1.0434789612526256,-2.139689723328314,0.03237985011327166,0.6058206001322474,FALSE,-2.232721209901547,N.S.,Not significant,TRUE,,,N.S.
Immune,Humoral Immunity,Antimicrobial Peptides (AMPs),LOC126336325,defensin-like,defensin-like,protein_coding,NC_064921.1,Chromosome2,assembled-molecule,2,Chromosome,Nuclear chromosome,infected_diet33_vs50,Infected: diet 50 vs 33,Diet comparison among infected,"50
vs
33",1,-1,Infected diet 50,Infected diet 33,inf33 vs inf50_log2FC,inf33 vs inf50_padj,TRUE,Placed/host-assigned,349.96457751782424,-0.02566121417562791,0.8497072164669296,-0.0302000661855349,0.9759074957483076,0.9978935546350348,FALSE,0.02566121417562791,N.S.,Not significant,TRUE,,,N.S.
Immune,Humoral Immunity,Antimicrobial Peptides (AMPs),LOC126336325,defensin-like,defensin-like,protein_coding,NC_064921.1,Chromosome2,assembled-molecule,2,Chromosome,Nuclear chromosome,infected_diet83_vs33,Infected: diet 83 vs 33,Diet comparison among infected,"83
vs
33",2,1,Infected diet 83,Infected diet 33,inf83 vs inf33_log2FC,inf83 vs inf33_padj,TRUE,Placed/host-assigned,349.96457751782424,-0.2418263925559852,0.950148120956209,-0.25451441435532834,0.7990981696148985,0.9537312544571482,FALSE,-0.2418263925559852,N.S.,Not significant,TRUE,,,N.S.
Immune,Humoral Immunity,Antimicrobial Peptides (AMPs),LOC126336325,defensin-like,defensin-like,protein_coding,NC_064921.1,Chromosome2,assembled-molecule,2,Chromosome,Nuclear chromosome,infected_diet83_vs50,Infected: diet 83 vs 50,Diet comparison among infected,"83
vs
50",3,1,Infected diet 83,Infected diet 50,inf83 vs inf50_log2FC,inf83 vs inf50_padj,TRUE,Placed/host-assigned,349.96457751782424,-0.26748760673161315,0.9502466192177768,-0.2814928265167661,0.7783324293564545,0.964413729852967,FALSE,-0.26748760673161315,N.S.,Not significant,TRUE,,,N.S.
Immune,Humoral Immunity,Antimicrobial Peptides (AMPs),LOC126336325,defensin-like,defensin-like,protein_coding,NC_064921.1,Chromosome2,assembled-molecule,2,Chromosome,Nuclear chromosome,infection_diet33,Diet 33: infected vs control,Within-diet infection response,33,1,1,Infected diet 33,Control diet 33,Diet 33 log2FC,Diet 33 padj,TRUE,Placed/host-assigned,349.96457751782424,6.666701143512503,0.9327360560491326,7.147468032651382,8.83930954665074e-13,4.902133752746723e-10,TRUE,6.666701143512503,Upregulated,Infected diet 33,TRUE,,,N.S.
Immune,Humoral Immunity,Antimicrobial Peptides (AMPs),LOC126336325,defensin-like,defensin-like,protein_coding,NC_064921.1,Chromosome2,assembled-molecule,2,Chromosome,Nuclear chromosome,infection_diet50,Diet 50: infected vs control,Within-diet infection response,50,2,1,Infected diet 50,Control diet 50,Diet 50 log2FC,Diet 50 padj,TRUE,Placed/host-assigned,349.96457751782424,4.856941236223257,0.95637025021597,5.078515601176898,3.803952003541118e-7,1.899556526997989e-5,TRUE,4.856941236223257,Upregulated,Infected diet 50,TRUE,,,N.S.
Immune,Humoral Immunity,Antimicrobial Peptides (AMPs),LOC126336325,defensin-like,defensin-like,protein_coding,NC_064921.1,Chromosome2,assembled-molecule,2,Chromosome,Nuclear chromosome,infection_diet83,Diet 83: infected vs control,Within-diet infection response,83,3,1,Infected diet 83,Control diet 83,Diet 83 log2FC,Diet 83 padj,TRUE,Placed/host-assigned,349.96457751782424,6.822174839393191,1.0378694158773136,6.573249712370019,4.9228793060117137e-11,3.1622786523889794e-8,TRUE,6.822174839393191,Upregulated,Infected diet 83,TRUE,,,N.S.
Immune,Humoral Immunity,Lytic Enzymes,LOC126271975,lysozyme-like,lysozyme-like,protein_coding,NC_064924.1,Chromosome5,assembled-molecule,5,Chromosome,Nuclear chromosome,control_diet33_vs50,Control: diet 50 vs 33,Diet comparison among controls,"50
vs
33",1,-1,Control diet 50,Control diet 33,cont33 vs cont50_log2FC,cont33 vs cont50_padj,FALSE,Placed/host-assigned,4203.12176427776,0.40525486148294926,0.9329770395453388,0.4343674541877679,0.6640216276519857,1,FALSE,-0.40525486148294926,N.S.,Not significant,TRUE,,,N.S.
Immune,Humoral Immunity,Lytic Enzymes,LOC126271975,lysozyme-like,lysozyme-like,protein_coding,NC_064924.1,Chromosome5,assembled-molecule,5,Chromosome,Nuclear chromosome,control_diet83_vs33,Control: diet 83 vs 33,Diet comparison among controls,"83
vs
33",2,1,Control diet 83,Control diet 33,cont83 vs cont33_log2FC,cont83 vs cont33_padj,FALSE,Placed/host-assigned,4203.12176427776,0.15688152444630005,0.8963445213500546,0.17502368867052204,0.8610610200130389,0.9999697606274288,FALSE,0.15688152444630005,N.S.,Not significant,TRUE,,,N.S.
Immune,Humoral Immunity,Lytic Enzymes,LOC126271975,lysozyme-like,lysozyme-like,protein_coding,NC_064924.1,Chromosome5,assembled-molecule,5,Chromosome,Nuclear chromosome,control_diet83_vs50,Control: diet 83 vs 50,Diet comparison among controls,"83
vs
50",3,1,Control diet 83,Control diet 50,cont83 vs cont50_log2FC,cont83 vs cont50_padj,FALSE,Placed/host-assigned,4203.12176427776,0.5621363859292493,0.9330470192400656,0.6024738028605352,0.5468587961639055,0.9989643578317658,FALSE,0.5621363859292493,N.S.,Not significant,TRUE,,,N.S.
Immune,Humoral Immunity,Lytic Enzymes,LOC126271975,lysozyme-like,lysozyme-like,protein_coding,NC_064924.1,Chromosome5,assembled-molecule,5,Chromosome,Nuclear chromosome,infected_diet33_vs50,Infected: diet 50 vs 33,Diet comparison among infected,"50
vs
33",1,-1,Infected diet 50,Infected diet 33,inf33 vs inf50_log2FC,inf33 vs inf50_padj,TRUE,Placed/host-assigned,4203.12176427776,-1.7322361653654927,0.788330435777528,-2.197347821103714,0.02799561477405133,0.35310346433678114,FALSE,1.7322361653654927,N.S.,Not significant,TRUE,,,N.S.
Immune,Humoral Immunity,Lytic Enzymes,LOC126271975,lysozyme-like,lysozyme-like,protein_coding,NC_064924.1,Chromosome5,assembled-molecule,5,Chromosome,Nuclear chromosome,infected_diet83_vs33,Infected: diet 83 vs 33,Diet comparison among infected,"83
vs
33",2,1,Infected diet 83,Infected diet 33,inf83 vs inf33_log2FC,inf83 vs inf33_padj,TRUE,Placed/host-assigned,4203.12176427776,0.7885891142495758,0.8814012581339797,0.8946993290196826,0.3709478374785766,0.8035017828548068,FALSE,0.7885891142495758,N.S.,Not significant,TRUE,,,N.S.
Immune,Humoral Immunity,Lytic Enzymes,LOC126271975,lysozyme-like,lysozyme-like,protein_coding,NC_064924.1,Chromosome5,assembled-molecule,5,Chromosome,Nuclear chromosome,infected_diet83_vs50,Infected: diet 83 vs 50,Diet comparison among infected,"83
vs
50",3,1,Infected diet 83,Infected diet 50,inf83 vs inf50_log2FC,inf83 vs inf50_padj,TRUE,Placed/host-assigned,4203.12176427776,-0.943647051115917,0.8813854163900338,-1.070640645474818,0.2843310402873381,0.793859789889017,FALSE,-0.943647051115917,N.S.,Not significant,TRUE,,,N.S.
Immune,Humoral Immunity,Lytic Enzymes,LOC126271975,lysozyme-like,lysozyme-like,protein_coding,NC_064924.1,Chromosome5,assembled-molecule,5,Chromosome,Nuclear chromosome,infection_diet33,Diet 33: infected vs control,Within-diet infection response,33,1,1,Infected diet 33,Control diet 33,Diet 33 log2FC,Diet 33 padj,TRUE,Placed/host-assigned,4203.12176427776,4.7283726068442995,0.8440366457531889,5.602093973804733,2.1177767989714093e-8,2.5860191921384823e-6,TRUE,4.7283726068442995,Upregulated,Infected diet 33,TRUE,,,N.S.
Immune,Humoral Immunity,Lytic Enzymes,LOC126271975,lysozyme-like,lysozyme-like,protein_coding,NC_064924.1,Chromosome5,assembled-molecule,5,Chromosome,Nuclear chromosome,infection_diet50,Diet 50: infected vs control,Within-diet infection response,50,2,1,Infected diet 50,Control diet 50,Diet 50 log2FC,Diet 50 padj,TRUE,Placed/host-assigned,4203.12176427776,6.865863633692741,0.8829004320520394,7.776486888487622,7.456630840050051e-15,5.58670596374444e-12,TRUE,6.865863633692741,Upregulated,Infected diet 50,TRUE,,,N.S.
Immune,Humoral Immunity,Lytic Enzymes,LOC126271975,lysozyme-like,lysozyme-like,protein_coding,NC_064924.1,Chromosome5,assembled-molecule,5,Chromosome,Nuclear chromosome,infection_diet83,Diet 83: infected vs control,Within-diet infection response,83,3,1,Infected diet 83,Control diet 83,Diet 83 log2FC,Diet 83 padj,TRUE,Placed/host-assigned,4203.12176427776,5.360080196647575,0.931613556910872,5.75354465044606,8.739135264579557e-9,2.537701150769314e-6,TRUE,5.360080196647575,Upregulated,Infected diet 83,TRUE,,,N.S.
Immune,Humoral Immunity,Lytic Enzymes,LOC126272361,lysozyme-like,lysozyme-like,protein_coding,NC_064924.1,Chromosome5,assembled-molecule,5,Chromosome,Nuclear chromosome,control_diet33_vs50,Control: diet 50 vs 33,Diet comparison among controls,"50
vs
33",1,-1,Control diet 50,Control diet 33,cont33 vs cont50_log2FC,cont33 vs cont50_padj,FALSE,Placed/host-assigned,512.6927862645726,0.8565042166223763,0.7633970690000478,1.1219642456111167,0.26187764240067823,1,FALSE,-0.8565042166223763,N.S.,Not significant,TRUE,,,N.S.
Immune,Humoral Immunity,Lytic Enzymes,LOC126272361,lysozyme-like,lysozyme-like,protein_coding,NC_064924.1,Chromosome5,assembled-molecule,5,Chromosome,Nuclear chromosome,control_diet83_vs33,Control: diet 83 vs 33,Diet comparison among controls,"83
vs
33",2,1,Control diet 83,Control diet 33,cont83 vs cont33_log2FC,cont83 vs cont33_padj,FALSE,Placed/host-assigned,512.6927862645726,-0.7980833748861988,0.7339232402515921,-1.0874207697968692,0.2768508962294843,0.9999697606274288,FALSE,-0.7980833748861988,N.S.,Not significant,TRUE,,,N.S.
Immune,Humoral Immunity,Lytic Enzymes,LOC126272361,lysozyme-like,lysozyme-like,protein_coding,NC_064924.1,Chromosome5,assembled-molecule,5,Chromosome,Nuclear chromosome,control_diet83_vs50,Control: diet 83 vs 50,Diet comparison among controls,"83
vs
50",3,1,Control diet 83,Control diet 50,cont83 vs cont50_log2FC,cont83 vs cont50_padj,FALSE,Placed/host-assigned,512.6927862645726,0.05842084173617747,0.7642847815008302,0.07643857780532558,0.939070178719003,0.9995880178822484,FALSE,0.05842084173617747,N.S.,Not significant,TRUE,,,N.S.
Immune,Humoral Immunity,Lytic Enzymes,LOC126272361,lysozyme-like,lysozyme-like,protein_coding,NC_064924.1,Chromosome5,assembled-molecule,5,Chromosome,Nuclear chromosome,infected_diet33_vs50,Infected: diet 50 vs 33,Diet comparison among infected,"50
vs
33",1,-1,Infected diet 50,Infected diet 33,inf33 vs inf50_log2FC,inf33 vs inf50_padj,TRUE,Placed/host-assigned,512.6927862645726,-0.3721037851022803,0.6455101014981823,-0.5764492054247552,0.564311593585326,0.9472421950981896,FALSE,0.3721037851022803,N.S.,Not significant,TRUE,,,N.S.
Immune,Humoral Immunity,Lytic Enzymes,LOC126272361,lysozyme-like,lysozyme-like,protein_coding,NC_064924.1,Chromosome5,assembled-molecule,5,Chromosome,Nuclear chromosome,infected_diet83_vs33,Infected: diet 83 vs 33,Diet comparison among infected,"83
vs
33",2,1,Infected diet 83,Infected diet 33,inf83 vs inf33_log2FC,inf83 vs inf33_padj,TRUE,Placed/host-assigned,512.6927862645726,1.088062385167773,0.7215619831497116,1.5079264298518609,0.1315733573954082,0.6256965469238462,FALSE,1.088062385167773,N.S.,Not significant,TRUE,,,N.S.
Immune,Humoral Immunity,Lytic Enzymes,LOC126272361,lysozyme-like,lysozyme-like,protein_coding,NC_064924.1,Chromosome5,assembled-molecule,5,Chromosome,Nuclear chromosome,infected_diet83_vs50,Infected: diet 83 vs 50,Diet comparison among infected,"83
vs
50",3,1,Infected diet 83,Infected diet 50,inf83 vs inf50_log2FC,inf83 vs inf50_padj,TRUE,Placed/host-assigned,512.6927862645726,0.715958600065493,0.7216257313712728,0.9921467166989584,0.32112596032633645,0.820635006940218,FALSE,0.715958600065493,N.S.,Not significant,TRUE,,,N.S.
Immune,Humoral Immunity,Lytic Enzymes,LOC126272361,lysozyme-like,lysozyme-like,protein_coding,NC_064924.1,Chromosome5,assembled-molecule,5,Chromosome,Nuclear chromosome,infection_diet33,Diet 33: infected vs control,Within-diet infection response,33,1,1,Infected diet 33,Control diet 33,Diet 33 log2FC,Diet 33 padj,TRUE,Placed/host-assigned,512.6927862645726,1.2743456888085287,0.6906078738298246,1.845252185935177,0.06500086233444068,0.20623634747828495,FALSE,1.2743456888085287,N.S.,Not significant,TRUE,,,N.S.
Immune,Humoral Immunity,Lytic Enzymes,LOC126272361,lysozyme-like,lysozyme-like,protein_coding,NC_064924.1,Chromosome5,assembled-molecule,5,Chromosome,Nuclear chromosome,infection_diet50,Diet 50: infected vs control,Within-diet infection response,50,2,1,Infected diet 50,Control diet 50,Diet 50 log2FC,Diet 50 padj,TRUE,Placed/host-assigned,512.6927862645726,2.502953690533185,0.7228548545166633,3.4625951183613264,5.349927781990428e-4,0.0055153990574399,TRUE,2.502953690533185,Upregulated,Infected diet 50,TRUE,,,N.S.
Immune,Humoral Immunity,Lytic Enzymes,LOC126272361,lysozyme-like,lysozyme-like,protein_coding,NC_064924.1,Chromosome5,assembled-molecule,5,Chromosome,Nuclear chromosome,infection_diet83,Diet 83: infected vs control,Within-diet infection response,83,3,1,Infected diet 83,Control diet 83,Diet 83 log2FC,Diet 83 padj,TRUE,Placed/host-assigned,512.6927862645726,3.160491448862501,0.7631223903887172,4.141526298622451,3.4500230591140365e-5,0.00125659087297421,TRUE,3.160491448862501,Upregulated,Infected diet 83,TRUE,,,N.S.
Immune,Humoral Immunity,Lytic Enzymes,LOC126272362,lysozyme c-1-like,lysozyme c-1-like,protein_coding,NC_064924.1,Chromosome5,assembled-molecule,5,Chromosome,Nuclear chromosome,control_diet33_vs50,Control: diet 50 vs 33,Diet comparison among controls,"50
vs
33",1,-1,Control diet 50,Control diet 33,cont33 vs cont50_log2FC,cont33 vs cont50_padj,FALSE,Placed/host-assigned,39.34713386161856,0.46722995918514665,0.44516810882234464,1.0495584699927514,0.2939211595349489,1,FALSE,-0.46722995918514665,N.S.,Not significant,TRUE,,,N.S.
Immune,Humoral Immunity,Lytic Enzymes,LOC126272362,lysozyme c-1-like,lysozyme c-1-like,protein_coding,NC_064924.1,Chromosome5,assembled-molecule,5,Chromosome,Nuclear chromosome,control_diet83_vs33,Control: diet 83 vs 33,Diet comparison among controls,"83
vs
33",2,1,Control diet 83,Control diet 33,cont83 vs cont33_log2FC,cont83 vs cont33_padj,FALSE,Placed/host-assigned,39.34713386161856,-0.08566451263117647,0.42860869407378294,-0.19986648384792152,0.8415850035472816,0.9999697606274288,FALSE,-0.08566451263117647,N.S.,Not significant,TRUE,,,N.S.
Immune,Humoral Immunity,Lytic Enzymes,LOC126272362,lysozyme c-1-like,lysozyme c-1-like,protein_coding,NC_064924.1,Chromosome5,assembled-molecule,5,Chromosome,Nuclear chromosome,control_diet83_vs50,Control: diet 83 vs 50,Diet comparison among controls,"83
vs
50",3,1,Control diet 83,Control diet 50,cont83 vs cont50_log2FC,cont83 vs cont50_padj,FALSE,Placed/host-assigned,39.34713386161856,0.3815654465539702,0.448039045771266,0.8516343612354891,0.394417062068706,0.9989643578317658,FALSE,0.3815654465539702,N.S.,Not significant,TRUE,,,N.S.
Immune,Humoral Immunity,Lytic Enzymes,LOC126272362,lysozyme c-1-like,lysozyme c-1-like,protein_coding,NC_064924.1,Chromosome5,assembled-molecule,5,Chromosome,Nuclear chromosome,infected_diet33_vs50,Infected: diet 50 vs 33,Diet comparison among infected,"50
vs
33",1,-1,Infected diet 50,Infected diet 33,inf33 vs inf50_log2FC,inf33 vs inf50_padj,TRUE,Placed/host-assigned,39.34713386161856,-0.30326904091962126,0.3703535080659186,-0.8188636918909458,0.4128641871679639,0.8940062926235985,FALSE,0.30326904091962126,N.S.,Not significant,TRUE,,,N.S.
Immune,Humoral Immunity,Lytic Enzymes,LOC126272362,lysozyme c-1-like,lysozyme c-1-like,protein_coding,NC_064924.1,Chromosome5,assembled-molecule,5,Chromosome,Nuclear chromosome,infected_diet83_vs33,Infected: diet 83 vs 33,Diet comparison among infected,"83
vs
33",2,1,Infected diet 83,Infected diet 33,inf83 vs inf33_log2FC,inf83 vs inf33_padj,TRUE,Placed/host-assigned,39.34713386161856,0.2057905583342529,0.416662398062584,0.4939023998593281,0.6213751096363105,0.8994280576395008,FALSE,0.2057905583342529,N.S.,Not significant,TRUE,,,N.S.
Immune,Humoral Immunity,Lytic Enzymes,LOC126272362,lysozyme c-1-like,lysozyme c-1-like,protein_coding,NC_064924.1,Chromosome5,assembled-molecule,5,Chromosome,Nuclear chromosome,infected_diet83_vs50,Infected: diet 83 vs 50,Diet comparison among infected,"83
vs
50",3,1,Infected diet 83,Infected diet 50,inf83 vs inf50_log2FC,inf83 vs inf50_padj,TRUE,Placed/host-assigned,39.34713386161856,-0.09747848258536834,0.418154426457687,-0.23311598877749096,0.8156713396477351,0.9704280949360954,FALSE,-0.09747848258536834,N.S.,Not significant,TRUE,,,N.S.
Immune,Humoral Immunity,Lytic Enzymes,LOC126272362,lysozyme c-1-like,lysozyme c-1-like,protein_coding,NC_064924.1,Chromosome5,assembled-molecule,5,Chromosome,Nuclear chromosome,infection_diet33,Diet 33: infected vs control,Within-diet infection response,33,1,1,Infected diet 33,Control diet 33,Diet 33 log2FC,Diet 33 padj,TRUE,Placed/host-assigned,39.34713386161856,0.4504005169366412,0.39815651554527415,1.131214734285634,0.2579647218168223,0.4875399445959747,FALSE,0.4504005169366412,N.S.,Not significant,TRUE,,,N.S.
Immune,Humoral Immunity,Lytic Enzymes,LOC126272362,lysozyme c-1-like,lysozyme c-1-like,protein_coding,NC_064924.1,Chromosome5,assembled-molecule,5,Chromosome,Nuclear chromosome,infection_diet50,Diet 50: infected vs control,Within-diet infection response,50,2,1,Infected diet 50,Control diet 50,Diet 50 log2FC,Diet 50 padj,TRUE,Placed/host-assigned,39.34713386161856,1.220899517041409,0.420485142636504,2.903549717324585,0.00368958384350995,0.02159055854098663,TRUE,1.220899517041409,Upregulated,Infected diet 50,TRUE,,,N.S.
Immune,Humoral Immunity,Lytic Enzymes,LOC126272362,lysozyme c-1-like,lysozyme c-1-like,protein_coding,NC_064924.1,Chromosome5,assembled-molecule,5,Chromosome,Nuclear chromosome,infection_diet83,Diet 83: infected vs control,Within-diet infection response,83,3,1,Infected diet 83,Control diet 83,Diet 83 log2FC,Diet 83 padj,TRUE,Placed/host-assigned,39.34713386161856,0.7418555879020705,0.4458523923046087,1.663904020044443,0.0961316115364296,0.27483955780554786,FALSE,0.7418555879020705,N.S.,Not significant,TRUE,,,N.S.
Immune,Humoral Immunity,Lytic Enzymes,LOC126277383,putative lysozyme-like protein,putative lysozyme-like protein,protein_coding,NC_064920.1,Chromosome1,assembled-molecule,1,Chromosome,Nuclear chromosome,control_diet33_vs50,Control: diet 50 vs 33,Diet comparison among controls,"50
vs
33",1,-1,Control diet 50,Control diet 33,cont33 vs cont50_log2FC,cont33 vs cont50_padj,FALSE,Placed/host-assigned,15003.627109211764,0.3880842185755928,0.8538829540036232,0.4544934604397151,0.6494736977295125,1,FALSE,-0.3880842185755928,N.S.,Not significant,TRUE,,,N.S.
Immune,Humoral Immunity,Lytic Enzymes,LOC126277383,putative lysozyme-like protein,putative lysozyme-like protein,protein_coding,NC_064920.1,Chromosome1,assembled-molecule,1,Chromosome,Nuclear chromosome,control_diet83_vs33,Control: diet 83 vs 33,Diet comparison among controls,"83
vs
33",2,1,Control diet 83,Control diet 33,cont83 vs cont33_log2FC,cont83 vs cont33_padj,FALSE,Placed/host-assigned,15003.627109211764,-0.835510133046988,0.8203894888736192,-1.018431055466263,0.3084731499126906,0.9999697606274288,FALSE,-0.835510133046988,N.S.,Not significant,TRUE,,,N.S.
Immune,Humoral Immunity,Lytic Enzymes,LOC126277383,putative lysozyme-like protein,putative lysozyme-like protein,protein_coding,NC_064920.1,Chromosome1,assembled-molecule,1,Chromosome,Nuclear chromosome,control_diet83_vs50,Control: diet 83 vs 50,Diet comparison among controls,"83
vs
50",3,1,Control diet 83,Control diet 50,cont83 vs cont50_log2FC,cont83 vs cont50_padj,FALSE,Placed/host-assigned,15003.627109211764,-0.4474259144713951,0.8538883363735104,-0.5239864457823918,0.600287967278468,0.9993806165316672,FALSE,-0.4474259144713951,N.S.,Not significant,TRUE,,,N.S.
Immune,Humoral Immunity,Lytic Enzymes,LOC126277383,putative lysozyme-like protein,putative lysozyme-like protein,protein_coding,NC_064920.1,Chromosome1,assembled-molecule,1,Chromosome,Nuclear chromosome,infected_diet33_vs50,Infected: diet 50 vs 33,Diet comparison among infected,"50
vs
33",1,-1,Infected diet 50,Infected diet 33,inf33 vs inf50_log2FC,inf33 vs inf50_padj,TRUE,Placed/host-assigned,15003.627109211764,0.12971963961262534,0.7235985441644811,0.17927017772321385,0.8577255622244944,0.984876031452356,FALSE,-0.12971963961262534,N.S.,Not significant,TRUE,,,N.S.
Immune,Humoral Immunity,Lytic Enzymes,LOC126277383,putative lysozyme-like protein,putative lysozyme-like protein,protein_coding,NC_064920.1,Chromosome1,assembled-molecule,1,Chromosome,Nuclear chromosome,infected_diet83_vs33,Infected: diet 83 vs 33,Diet comparison among infected,"83
vs
33",2,1,Infected diet 83,Infected diet 33,inf83 vs inf33_log2FC,inf83 vs inf33_padj,TRUE,Placed/host-assigned,15003.627109211764,-0.3527056949627033,0.8090363044924013,-0.43595780931486744,0.6628673408733521,0.9119443671024436,FALSE,-0.3527056949627033,N.S.,Not significant,TRUE,,,N.S.
Immune,Humoral Immunity,Lytic Enzymes,LOC126277383,putative lysozyme-like protein,putative lysozyme-like protein,protein_coding,NC_064920.1,Chromosome1,assembled-molecule,1,Chromosome,Nuclear chromosome,infected_diet83_vs50,Infected: diet 83 vs 50,Diet comparison among infected,"83
vs
50",3,1,Infected diet 83,Infected diet 50,inf83 vs inf50_log2FC,inf83 vs inf50_padj,TRUE,Placed/host-assigned,15003.627109211764,-0.22298605535007796,0.8090607325788691,-0.27561102198015863,0.7828468431326325,0.9651180103180048,FALSE,-0.22298605535007796,N.S.,Not significant,TRUE,,,N.S.
Immune,Humoral Immunity,Lytic Enzymes,LOC126277383,putative lysozyme-like protein,putative lysozyme-like protein,protein_coding,NC_064920.1,Chromosome1,assembled-molecule,1,Chromosome,Nuclear chromosome,infection_diet33,Diet 33: infected vs control,Within-diet infection response,33,1,1,Infected diet 33,Control diet 33,Diet 33 log2FC,Diet 33 padj,TRUE,Placed/host-assigned,15003.627109211764,-3.1911651915136514,0.7734937128704318,-4.125651105386819,3.6968735778688406e-5,0.00108621164064976,TRUE,-3.1911651915136514,Downregulated,Control diet 33,TRUE,,,N.S.
Immune,Humoral Immunity,Lytic Enzymes,LOC126277383,putative lysozyme-like protein,putative lysozyme-like protein,protein_coding,NC_064920.1,Chromosome1,assembled-molecule,1,Chromosome,Nuclear chromosome,infection_diet50,Diet 50: infected vs control,Within-diet infection response,50,2,1,Infected diet 50,Control diet 50,Diet 50 log2FC,Diet 50 padj,TRUE,Placed/host-assigned,15003.627109211764,-2.932800612550684,0.8089613268907386,-3.6253903803077585,2.885252672567238e-4,0.00354559919728001,TRUE,-2.932800612550684,Downregulated,Control diet 50,TRUE,,,N.S.
Immune,Humoral Immunity,Lytic Enzymes,LOC126277383,putative lysozyme-like protein,putative lysozyme-like protein,protein_coding,NC_064920.1,Chromosome1,assembled-molecule,1,Chromosome,Nuclear chromosome,infection_diet83,Diet 83: infected vs control,Within-diet infection response,83,3,1,Infected diet 83,Control diet 83,Diet 83 log2FC,Diet 83 padj,TRUE,Placed/host-assigned,15003.627109211764,-2.7083607534293668,0.8539825124620254,-3.171447557656869,0.00151681252392443,0.01915602733521011,TRUE,-2.7083607534293668,Downregulated,Control diet 83,TRUE,,,N.S.
Immune,Humoral Immunity,Lytic Enzymes,LOC126322960,lysozyme-like,lysozyme-like,protein_coding,NC_064921.1,Chromosome2,assembled-molecule,2,Chromosome,Nuclear chromosome,control_diet33_vs50,Control: diet 50 vs 33,Diet comparison among controls,"50
vs
33",1,-1,Control diet 50,Control diet 33,cont33 vs cont50_log2FC,cont33 vs cont50_padj,FALSE,Placed/host-assigned,162.03226911901095,0.14390742133298054,0.5074478256759413,0.28359057631450085,0.7767241597579502,1,FALSE,-0.14390742133298054,N.S.,Not significant,TRUE,,,N.S.
Immune,Humoral Immunity,Lytic Enzymes,LOC126322960,lysozyme-like,lysozyme-like,protein_coding,NC_064921.1,Chromosome2,assembled-molecule,2,Chromosome,Nuclear chromosome,control_diet83_vs33,Control: diet 83 vs 33,Diet comparison among controls,"83
vs
33",2,1,Control diet 83,Control diet 33,cont83 vs cont33_log2FC,cont83 vs cont33_padj,FALSE,Placed/host-assigned,162.03226911901095,-0.4721599394466404,0.4885158526879332,-0.9665191760895812,0.3337844561433308,0.9999697606274288,FALSE,-0.4721599394466404,N.S.,Not significant,TRUE,,,N.S.
Immune,Humoral Immunity,Lytic Enzymes,LOC126322960,lysozyme-like,lysozyme-like,protein_coding,NC_064921.1,Chromosome2,assembled-molecule,2,Chromosome,Nuclear chromosome,control_diet83_vs50,Control: diet 83 vs 50,Diet comparison among controls,"83
vs
50",3,1,Control diet 83,Control diet 50,cont83 vs cont50_log2FC,cont83 vs cont50_padj,FALSE,Placed/host-assigned,162.03226911901095,-0.3282525181136599,0.5082531448200526,-0.6458445392007913,0.5183800401725287,0.9989643578317658,FALSE,-0.3282525181136599,N.S.,Not significant,TRUE,,,N.S.
Immune,Humoral Immunity,Lytic Enzymes,LOC126322960,lysozyme-like,lysozyme-like,protein_coding,NC_064921.1,Chromosome2,assembled-molecule,2,Chromosome,Nuclear chromosome,infected_diet33_vs50,Infected: diet 50 vs 33,Diet comparison among infected,"50
vs
33",1,-1,Infected diet 50,Infected diet 33,inf33 vs inf50_log2FC,inf33 vs inf50_padj,TRUE,Placed/host-assigned,162.03226911901095,0.450970646982332,0.4339424460604045,1.0392406898115636,0.29869281091815153,0.8388524997256183,FALSE,-0.450970646982332,N.S.,Not significant,TRUE,,,N.S.
Immune,Humoral Immunity,Lytic Enzymes,LOC126322960,lysozyme-like,lysozyme-like,protein_coding,NC_064921.1,Chromosome2,assembled-molecule,2,Chromosome,Nuclear chromosome,infected_diet83_vs33,Infected: diet 83 vs 33,Diet comparison among infected,"83
vs
33",2,1,Infected diet 83,Infected diet 33,inf83 vs inf33_log2FC,inf83 vs inf33_padj,TRUE,Placed/host-assigned,162.03226911901095,0.594802104327018,0.4830632338899355,1.231313133763647,0.21820577159032617,0.7079145893842055,FALSE,0.594802104327018,N.S.,Not significant,TRUE,,,N.S.
Immune,Humoral Immunity,Lytic Enzymes,LOC126322960,lysozyme-like,lysozyme-like,protein_coding,NC_064921.1,Chromosome2,assembled-molecule,2,Chromosome,Nuclear chromosome,infected_diet83_vs50,Infected: diet 83 vs 50,Diet comparison among infected,"83
vs
50",3,1,Infected diet 83,Infected diet 50,inf83 vs inf50_log2FC,inf83 vs inf50_padj,TRUE,Placed/host-assigned,162.03226911901095,1.04577275130935,0.4851069736975692,2.1557569938405323,0.03110264522426472,0.4356379247826068,FALSE,1.04577275130935,N.S.,Not significant,TRUE,,,N.S.
Immune,Humoral Immunity,Lytic Enzymes,LOC126322960,lysozyme-like,lysozyme-like,protein_coding,NC_064921.1,Chromosome2,assembled-molecule,2,Chromosome,Nuclear chromosome,infection_diet33,Diet 33: infected vs control,Within-diet infection response,33,1,1,Infected diet 33,Control diet 33,Diet 33 log2FC,Diet 33 padj,TRUE,Placed/host-assigned,162.03226911901095,-0.9731598044911784,0.4605198874045838,-2.113176501400951,0.03458566377718413,0.13757775997439353,FALSE,-0.9731598044911784,N.S.,Not significant,TRUE,,,N.S.
Immune,Humoral Immunity,Lytic Enzymes,LOC126322960,lysozyme-like,lysozyme-like,protein_coding,NC_064921.1,Chromosome2,assembled-molecule,2,Chromosome,Nuclear chromosome,infection_diet50,Diet 50: infected vs control,Within-diet infection response,50,2,1,Infected diet 50,Control diet 50,Diet 50 log2FC,Diet 50 padj,TRUE,Placed/host-assigned,162.03226911901095,-1.28022303014053,0.48345710831571914,-2.6480591724064317,0.00809553539130909,0.03707262026895014,TRUE,-1.28022303014053,Downregulated,Control diet 50,TRUE,,,N.S.
Immune,Humoral Immunity,Lytic Enzymes,LOC126322960,lysozyme-like,lysozyme-like,protein_coding,NC_064921.1,Chromosome2,assembled-molecule,2,Chromosome,Nuclear chromosome,infection_diet83,Diet 83: infected vs control,Within-diet infection response,83,3,1,Infected diet 83,Control diet 83,Diet 83 log2FC,Diet 83 padj,TRUE,Placed/host-assigned,162.03226911901095,0.09380223928247997,0.5098227727048787,0.18398989669451132,0.8540213808882459,0.9271964526640328,FALSE,0.09380223928247997,N.S.,Not significant,TRUE,,,N.S.
Immune,Humoral Immunity,Prophenoloxidase (proPO) System,LOC126293579,melanization protease 1-like,melanization protease 1-like,protein_coding,NC_064929.1,Chromosome10,assembled-molecule,10,Chromosome,Nuclear chromosome,control_diet33_vs50,Control: diet 50 vs 33,Diet comparison among controls,"50
vs
33",1,-1,Control diet 50,Control diet 33,cont33 vs cont50_log2FC,cont33 vs cont50_padj,FALSE,Placed/host-assigned,54.88483787861062,-0.7597680121361883,0.7895160931220965,-0.962321121450139,0.33588832238868854,1,FALSE,0.7597680121361883,N.S.,Not significant,TRUE,,,N.S.
Immune,Humoral Immunity,Prophenoloxidase (proPO) System,LOC126293579,melanization protease 1-like,melanization protease 1-like,protein_coding,NC_064929.1,Chromosome10,assembled-molecule,10,Chromosome,Nuclear chromosome,control_diet83_vs33,Control: diet 83 vs 33,Diet comparison among controls,"83
vs
33",2,1,Control diet 83,Control diet 33,cont83 vs cont33_log2FC,cont83 vs cont33_padj,FALSE,Placed/host-assigned,54.88483787861062,0.8196220005729715,0.7649423087491197,1.0714821120474658,0.28395270957916624,0.9999697606274288,FALSE,0.8196220005729715,N.S.,Not significant,TRUE,,,N.S.
Immune,Humoral Immunity,Prophenoloxidase (proPO) System,LOC126293579,melanization protease 1-like,melanization protease 1-like,protein_coding,NC_064929.1,Chromosome10,assembled-molecule,10,Chromosome,Nuclear chromosome,control_diet83_vs50,Control: diet 83 vs 50,Diet comparison among controls,"83
vs
50",3,1,Control diet 83,Control diet 50,cont83 vs cont50_log2FC,cont83 vs cont50_padj,FALSE,Placed/host-assigned,54.88483787861062,0.05985398843678333,0.7812155200026547,0.07661648662148947,0.9389286430780708,0.9995880178822484,FALSE,0.05985398843678333,N.S.,Not significant,TRUE,,,N.S.
Immune,Humoral Immunity,Prophenoloxidase (proPO) System,LOC126293579,melanization protease 1-like,melanization protease 1-like,protein_coding,NC_064929.1,Chromosome10,assembled-molecule,10,Chromosome,Nuclear chromosome,infected_diet33_vs50,Infected: diet 50 vs 33,Diet comparison among infected,"50
vs
33",1,-1,Infected diet 50,Infected diet 33,inf33 vs inf50_log2FC,inf33 vs inf50_padj,TRUE,Placed/host-assigned,54.88483787861062,-0.8922502149808831,0.6351298114192083,-1.4048312627416035,0.16007146032763467,0.7260135950218997,FALSE,0.8922502149808831,N.S.,Not significant,TRUE,,,N.S.
Immune,Humoral Immunity,Prophenoloxidase (proPO) System,LOC126293579,melanization protease 1-like,melanization protease 1-like,protein_coding,NC_064929.1,Chromosome10,assembled-molecule,10,Chromosome,Nuclear chromosome,infected_diet83_vs33,Infected: diet 83 vs 33,Diet comparison among infected,"83
vs
33",2,1,Infected diet 83,Infected diet 33,inf83 vs inf33_log2FC,inf83 vs inf33_padj,TRUE,Placed/host-assigned,54.88483787861062,0.8647036608019231,0.7103829315966969,1.2172359756144002,0.22351444602249815,0.7098428553677976,FALSE,0.8647036608019231,N.S.,Not significant,TRUE,,,N.S.
Immune,Humoral Immunity,Prophenoloxidase (proPO) System,LOC126293579,melanization protease 1-like,melanization protease 1-like,protein_coding,NC_064929.1,Chromosome10,assembled-molecule,10,Chromosome,Nuclear chromosome,infected_diet83_vs50,Infected: diet 83 vs 50,Diet comparison among infected,"83
vs
50",3,1,Infected diet 83,Infected diet 50,inf83 vs inf50_log2FC,inf83 vs inf50_padj,TRUE,Placed/host-assigned,54.88483787861062,-0.02754655417895997,0.7100852979099465,-0.03879330308631942,0.969055184180062,0.9930485160307848,FALSE,-0.02754655417895997,N.S.,Not significant,TRUE,,,N.S.
Immune,Humoral Immunity,Prophenoloxidase (proPO) System,LOC126293579,melanization protease 1-like,melanization protease 1-like,protein_coding,NC_064929.1,Chromosome10,assembled-molecule,10,Chromosome,Nuclear chromosome,infection_diet33,Diet 33: infected vs control,Within-diet infection response,33,1,1,Infected diet 33,Control diet 33,Diet 33 log2FC,Diet 33 padj,TRUE,Placed/host-assigned,54.88483787861062,3.2224504887854843,0.7078090720207156,4.552711481340228,5.295888013442092e-6,2.3733424060240488e-4,TRUE,3.2224504887854843,Upregulated,Infected diet 33,TRUE,,,N.S.
Immune,Humoral Immunity,Prophenoloxidase (proPO) System,LOC126293579,melanization protease 1-like,melanization protease 1-like,protein_coding,NC_064929.1,Chromosome10,assembled-molecule,10,Chromosome,Nuclear chromosome,infection_diet50,Diet 50: infected vs control,Within-diet infection response,50,2,1,Infected diet 50,Control diet 50,Diet 50 log2FC,Diet 50 padj,TRUE,Placed/host-assigned,54.88483787861062,3.354932691630179,0.7250736901980044,4.627023069495196,3.709592074280244e-6,1.2452245889246652e-4,TRUE,3.354932691630179,Upregulated,Infected diet 50,TRUE,,,N.S.
Immune,Humoral Immunity,Prophenoloxidase (proPO) System,LOC126293579,melanization protease 1-like,melanization protease 1-like,protein_coding,NC_064929.1,Chromosome10,assembled-molecule,10,Chromosome,Nuclear chromosome,infection_diet83,Diet 83: infected vs control,Within-diet infection response,83,3,1,Infected diet 83,Control diet 83,Diet 83 log2FC,Diet 83 padj,TRUE,Placed/host-assigned,54.88483787861062,3.2675321490144356,0.7673245485344024,4.258344341068528,2.0594654793276058e-5,8.43604816053847e-4,TRUE,3.2675321490144356,Upregulated,Infected diet 83,TRUE,,,N.S.
Immune,Humoral Immunity,Prophenoloxidase (proPO) System,LOC126334632,phenoloxidase 2-like,phenoloxidase 2-like,protein_coding,NC_064921.1,Chromosome2,assembled-molecule,2,Chromosome,Nuclear chromosome,control_diet33_vs50,Control: diet 50 vs 33,Diet comparison among controls,"50
vs
33",1,-1,Control diet 50,Control diet 33,cont33 vs cont50_log2FC,cont33 vs cont50_padj,FALSE,Placed/host-assigned,4181.665721067508,0.20250721013919085,0.5973591940297356,0.33900409027455325,0.7346066488386722,1,FALSE,-0.20250721013919085,N.S.,Not significant,TRUE,,,N.S.
Immune,Humoral Immunity,Prophenoloxidase (proPO) System,LOC126334632,phenoloxidase 2-like,phenoloxidase 2-like,protein_coding,NC_064921.1,Chromosome2,assembled-molecule,2,Chromosome,Nuclear chromosome,control_diet83_vs33,Control: diet 83 vs 33,Diet comparison among controls,"83
vs
33",2,1,Control diet 83,Control diet 33,cont83 vs cont33_log2FC,cont83 vs cont33_padj,FALSE,Placed/host-assigned,4181.665721067508,-0.6093017376502108,0.5740499020388063,-1.0614090090185595,0.2885040644670287,0.9999697606274288,FALSE,-0.6093017376502108,N.S.,Not significant,TRUE,,,N.S.
Immune,Humoral Immunity,Prophenoloxidase (proPO) System,LOC126334632,phenoloxidase 2-like,phenoloxidase 2-like,protein_coding,NC_064921.1,Chromosome2,assembled-molecule,2,Chromosome,Nuclear chromosome,control_diet83_vs50,Control: diet 83 vs 50,Diet comparison among controls,"83
vs
50",3,1,Control diet 83,Control diet 50,cont83 vs cont50_log2FC,cont83 vs cont50_padj,FALSE,Placed/host-assigned,4181.665721067508,-0.4067945275110199,0.597470306982777,-0.6808614968086546,0.4959591331622882,0.9989643578317658,FALSE,-0.4067945275110199,N.S.,Not significant,TRUE,,,N.S.
Immune,Humoral Immunity,Prophenoloxidase (proPO) System,LOC126334632,phenoloxidase 2-like,phenoloxidase 2-like,protein_coding,NC_064921.1,Chromosome2,assembled-molecule,2,Chromosome,Nuclear chromosome,infected_diet33_vs50,Infected: diet 50 vs 33,Diet comparison among infected,"50
vs
33",1,-1,Infected diet 50,Infected diet 33,inf33 vs inf50_log2FC,inf33 vs inf50_padj,TRUE,Placed/host-assigned,4181.665721067508,0.5880366294951058,0.5059991996643316,1.162129564404837,0.2451828400290035,0.7993500330403893,FALSE,-0.5880366294951058,N.S.,Not significant,TRUE,,,N.S.
Immune,Humoral Immunity,Prophenoloxidase (proPO) System,LOC126334632,phenoloxidase 2-like,phenoloxidase 2-like,protein_coding,NC_064921.1,Chromosome2,assembled-molecule,2,Chromosome,Nuclear chromosome,infected_diet83_vs33,Infected: diet 83 vs 33,Diet comparison among infected,"83
vs
33",2,1,Infected diet 83,Infected diet 33,inf83 vs inf33_log2FC,inf83 vs inf33_padj,TRUE,Placed/host-assigned,4181.665721067508,-0.17684527999534316,0.5657170222488601,-0.31260378076010686,0.7545817053643722,0.9389416604955976,FALSE,-0.17684527999534316,N.S.,Not significant,TRUE,,,N.S.
Immune,Humoral Immunity,Prophenoloxidase (proPO) System,LOC126334632,phenoloxidase 2-like,phenoloxidase 2-like,protein_coding,NC_064921.1,Chromosome2,assembled-molecule,2,Chromosome,Nuclear chromosome,infected_diet83_vs50,Infected: diet 83 vs 50,Diet comparison among infected,"83
vs
50",3,1,Infected diet 83,Infected diet 50,inf83 vs inf50_log2FC,inf83 vs inf50_padj,TRUE,Placed/host-assigned,4181.665721067508,0.41119134949976266,0.5657516199651447,0.7268054301375146,0.4673451561510504,0.8810530630869943,FALSE,0.41119134949976266,N.S.,Not significant,TRUE,,,N.S.
Immune,Humoral Immunity,Prophenoloxidase (proPO) System,LOC126334632,phenoloxidase 2-like,phenoloxidase 2-like,protein_coding,NC_064921.1,Chromosome2,assembled-molecule,2,Chromosome,Nuclear chromosome,infection_diet33,Diet 33: infected vs control,Within-diet infection response,33,1,1,Infected diet 33,Control diet 33,Diet 33 log2FC,Diet 33 padj,TRUE,Placed/host-assigned,4181.665721067508,2.0297079280136505,0.5410159761164177,3.751659872567037,1.7566767857699734e-4,0.00358060765981597,TRUE,2.0297079280136505,Upregulated,Infected diet 33,TRUE,,,N.S.
Immune,Humoral Immunity,Prophenoloxidase (proPO) System,LOC126334632,phenoloxidase 2-like,phenoloxidase 2-like,protein_coding,NC_064921.1,Chromosome2,assembled-molecule,2,Chromosome,Nuclear chromosome,infection_diet50,Diet 50: infected vs control,Within-diet infection response,50,2,1,Infected diet 50,Control diet 50,Diet 50 log2FC,Diet 50 padj,TRUE,Placed/host-assigned,4181.665721067508,1.6441785086577354,0.5658400041881089,2.9057304122865477,0.00366396976703255,0.02147845513343094,TRUE,1.6441785086577354,Upregulated,Infected diet 50,TRUE,,,N.S.
Immune,Humoral Immunity,Prophenoloxidase (proPO) System,LOC126334632,phenoloxidase 2-like,phenoloxidase 2-like,protein_coding,NC_064921.1,Chromosome2,assembled-molecule,2,Chromosome,Nuclear chromosome,infection_diet83,Diet 83: infected vs control,Within-diet infection response,83,3,1,Infected diet 83,Control diet 83,Diet 83 log2FC,Diet 83 padj,TRUE,Placed/host-assigned,4181.665721067508,2.462164385668518,0.597386602527777,4.12155943111234,3.76316359512392e-5,0.00134977228239317,TRUE,2.462164385668518,Upregulated,Infected diet 83,TRUE,,,N.S.
Immune,Innate Immune Recognition & Signaling,Immune Activation & Sensing,LOC126266672,cytokine receptor-like,cytokine receptor-like,protein_coding,NC_064923.1,Chromosome4,assembled-molecule,4,Chromosome,Nuclear chromosome,control_diet33_vs50,Control: diet 50 vs 33,Diet comparison among controls,"50
vs
33",1,-1,Control diet 50,Control diet 33,cont33 vs cont50_log2FC,cont33 vs cont50_padj,FALSE,Placed/host-assigned,1091.9493416710163,0.15487166107448494,0.4173675289428824,0.3710678247221274,0.7105870150934857,1,FALSE,-0.15487166107448494,N.S.,Not significant,TRUE,,,N.S.
Immune,Innate Immune Recognition & Signaling,Immune Activation & Sensing,LOC126266672,cytokine receptor-like,cytokine receptor-like,protein_coding,NC_064923.1,Chromosome4,assembled-molecule,4,Chromosome,Nuclear chromosome,control_diet83_vs33,Control: diet 83 vs 33,Diet comparison among controls,"83
vs
33",2,1,Control diet 83,Control diet 33,cont83 vs cont33_log2FC,cont83 vs cont33_padj,FALSE,Placed/host-assigned,1091.9493416710163,0.4080203900374792,0.40098763396866216,1.0175385859140151,0.3088972860570696,0.9999697606274288,FALSE,0.4080203900374792,N.S.,Not significant,TRUE,,,N.S.
Immune,Innate Immune Recognition & Signaling,Immune Activation & Sensing,LOC126266672,cytokine receptor-like,cytokine receptor-like,protein_coding,NC_064923.1,Chromosome4,assembled-molecule,4,Chromosome,Nuclear chromosome,control_diet83_vs50,Control: diet 83 vs 50,Diet comparison among controls,"83
vs
50",3,1,Control diet 83,Control diet 50,cont83 vs cont50_log2FC,cont83 vs cont50_padj,FALSE,Placed/host-assigned,1091.9493416710163,0.5628920511119642,0.41729974696094246,1.3488914268731838,0.17737184231382788,0.96144758901768,FALSE,0.5628920511119642,N.S.,Not significant,TRUE,,,N.S.
Immune,Innate Immune Recognition & Signaling,Immune Activation & Sensing,LOC126266672,cytokine receptor-like,cytokine receptor-like,protein_coding,NC_064923.1,Chromosome4,assembled-molecule,4,Chromosome,Nuclear chromosome,infected_diet33_vs50,Infected: diet 50 vs 33,Diet comparison among infected,"50
vs
33",1,-1,Infected diet 50,Infected diet 33,inf33 vs inf50_log2FC,inf33 vs inf50_padj,TRUE,Placed/host-assigned,1091.9493416710163,-0.07115805356821461,0.35310932354859953,-0.2015184783372646,0.8402931821717313,0.9837324170497688,FALSE,0.07115805356821461,N.S.,Not significant,TRUE,,,N.S.
Immune,Innate Immune Recognition & Signaling,Immune Activation & Sensing,LOC126266672,cytokine receptor-like,cytokine receptor-like,protein_coding,NC_064923.1,Chromosome4,assembled-molecule,4,Chromosome,Nuclear chromosome,infected_diet83_vs33,Infected: diet 83 vs 33,Diet comparison among infected,"83
vs
33",2,1,Infected diet 83,Infected diet 33,inf83 vs inf33_log2FC,inf83 vs inf33_padj,TRUE,Placed/host-assigned,1091.9493416710163,0.4141070476654096,0.3947517594001981,1.049031544012928,0.2941636006182978,0.7572950357362755,FALSE,0.4141070476654096,N.S.,Not significant,TRUE,,,N.S.
Immune,Innate Immune Recognition & Signaling,Immune Activation & Sensing,LOC126266672,cytokine receptor-like,cytokine receptor-like,protein_coding,NC_064923.1,Chromosome4,assembled-molecule,4,Chromosome,Nuclear chromosome,infected_diet83_vs50,Infected: diet 83 vs 50,Diet comparison among infected,"83
vs
50",3,1,Infected diet 83,Infected diet 50,inf83 vs inf50_log2FC,inf83 vs inf50_padj,TRUE,Placed/host-assigned,1091.9493416710163,0.342948994097195,0.394857939297632,0.8685376687808989,0.3851000602104889,0.8486458165256663,FALSE,0.342948994097195,N.S.,Not significant,TRUE,,,N.S.
Immune,Innate Immune Recognition & Signaling,Immune Activation & Sensing,LOC126266672,cytokine receptor-like,cytokine receptor-like,protein_coding,NC_064923.1,Chromosome4,assembled-molecule,4,Chromosome,Nuclear chromosome,infection_diet33,Diet 33: infected vs control,Within-diet infection response,33,1,1,Infected diet 33,Control diet 33,Diet 33 log2FC,Diet 33 padj,TRUE,Placed/host-assigned,1091.9493416710163,1.176554389502663,0.3777896317384425,3.1143109568375715,0.00184375063978828,0.0199956362262707,TRUE,1.176554389502663,Upregulated,Infected diet 33,TRUE,,,N.S.
Immune,Innate Immune Recognition & Signaling,Immune Activation & Sensing,LOC126266672,cytokine receptor-like,cytokine receptor-like,protein_coding,NC_064923.1,Chromosome4,assembled-molecule,4,Chromosome,Nuclear chromosome,infection_diet50,Diet 50: infected vs control,Within-diet infection response,50,2,1,Infected diet 50,Control diet 50,Diet 50 log2FC,Diet 50 padj,TRUE,Placed/host-assigned,1091.9493416710163,1.4025841041453622,0.39516685430811294,3.5493465326212874,3.8618849892302815e-4,0.00437308963684313,TRUE,1.4025841041453622,Upregulated,Infected diet 50,TRUE,,,N.S.
Immune,Innate Immune Recognition & Signaling,Immune Activation & Sensing,LOC126266672,cytokine receptor-like,cytokine receptor-like,protein_coding,NC_064923.1,Chromosome4,assembled-molecule,4,Chromosome,Nuclear chromosome,infection_diet83,Diet 83: infected vs control,Within-diet infection response,83,3,1,Infected diet 83,Control diet 83,Diet 83 log2FC,Diet 83 padj,TRUE,Placed/host-assigned,1091.9493416710163,1.182641047130593,0.41700722811034074,2.8360204989484363,0.00456795139959267,0.03965251178073938,TRUE,1.182641047130593,Upregulated,Infected diet 83,TRUE,,,N.S.
Immune,Innate Immune Recognition & Signaling,Immune Activation & Sensing,LOC126267038,signal transducer and activator of transcription 5A,signal transducer and activator of transcription 5A,protein_coding,NC_064923.1,Chromosome4,assembled-molecule,4,Chromosome,Nuclear chromosome,control_diet33_vs50,Control: diet 50 vs 33,Diet comparison among controls,"50
vs
33",1,-1,Control diet 50,Control diet 33,cont33 vs cont50_log2FC,cont33 vs cont50_padj,FALSE,Placed/host-assigned,1868.9339573442835,-0.03485305320854851,0.2324730319499501,-0.1499229950080926,0.8808253693657003,1,FALSE,0.03485305320854851,N.S.,Not significant,TRUE,,,N.S.
Immune,Innate Immune Recognition & Signaling,Immune Activation & Sensing,LOC126267038,signal transducer and activator of transcription 5A,signal transducer and activator of transcription 5A,protein_coding,NC_064923.1,Chromosome4,assembled-molecule,4,Chromosome,Nuclear chromosome,control_diet83_vs33,Control: diet 83 vs 33,Diet comparison among controls,"83
vs
33",2,1,Control diet 83,Control diet 33,cont83 vs cont33_log2FC,cont83 vs cont33_padj,FALSE,Placed/host-assigned,1868.9339573442835,0.05741493203132921,0.223572767217382,0.2568064650535193,0.7973281790238327,0.9999697606274288,FALSE,0.05741493203132921,N.S.,Not significant,TRUE,,,N.S.
Immune,Innate Immune Recognition & Signaling,Immune Activation & Sensing,LOC126267038,signal transducer and activator of transcription 5A,signal transducer and activator of transcription 5A,protein_coding,NC_064923.1,Chromosome4,assembled-molecule,4,Chromosome,Nuclear chromosome,control_diet83_vs50,Control: diet 83 vs 50,Diet comparison among controls,"83
vs
50",3,1,Control diet 83,Control diet 50,cont83 vs cont50_log2FC,cont83 vs cont50_padj,FALSE,Placed/host-assigned,1868.9339573442835,0.02256187882278069,0.23255447679021135,0.09701760694606576,0.9227124120870244,0.9993806165316672,FALSE,0.02256187882278069,N.S.,Not significant,TRUE,,,N.S.
Immune,Innate Immune Recognition & Signaling,Immune Activation & Sensing,LOC126267038,signal transducer and activator of transcription 5A,signal transducer and activator of transcription 5A,protein_coding,NC_064923.1,Chromosome4,assembled-molecule,4,Chromosome,Nuclear chromosome,infected_diet33_vs50,Infected: diet 50 vs 33,Diet comparison among infected,"50
vs
33",1,-1,Infected diet 50,Infected diet 33,inf33 vs inf50_log2FC,inf33 vs inf50_padj,TRUE,Placed/host-assigned,1868.9339573442835,-0.25178155298535054,0.1965289227919469,-1.2811424873676036,0.2001436227155386,0.7642850390671955,FALSE,0.25178155298535054,N.S.,Not significant,TRUE,,,N.S.
Immune,Innate Immune Recognition & Signaling,Immune Activation & Sensing,LOC126267038,signal transducer and activator of transcription 5A,signal transducer and activator of transcription 5A,protein_coding,NC_064923.1,Chromosome4,assembled-molecule,4,Chromosome,Nuclear chromosome,infected_diet83_vs33,Infected: diet 83 vs 33,Diet comparison among infected,"83
vs
33",2,1,Infected diet 83,Infected diet 33,inf83 vs inf33_log2FC,inf83 vs inf33_padj,TRUE,Placed/host-assigned,1868.9339573442835,0.00913232865716468,0.21986294902525377,0.04153646031608414,0.9668682267945524,0.9916345557484038,FALSE,0.00913232865716468,N.S.,Not significant,TRUE,,,N.S.
Immune,Innate Immune Recognition & Signaling,Immune Activation & Sensing,LOC126267038,signal transducer and activator of transcription 5A,signal transducer and activator of transcription 5A,protein_coding,NC_064923.1,Chromosome4,assembled-molecule,4,Chromosome,Nuclear chromosome,infected_diet83_vs50,Infected: diet 83 vs 50,Diet comparison among infected,"83
vs
50",3,1,Infected diet 83,Infected diet 50,inf83 vs inf50_log2FC,inf83 vs inf50_padj,TRUE,Placed/host-assigned,1868.9339573442835,-0.24264922432818584,0.21993584202556613,-1.1032727639725928,0.2699087305937185,0.7856285684506082,FALSE,-0.24264922432818584,N.S.,Not significant,TRUE,,,N.S.
Immune,Innate Immune Recognition & Signaling,Immune Activation & Sensing,LOC126267038,signal transducer and activator of transcription 5A,signal transducer and activator of transcription 5A,protein_coding,NC_064923.1,Chromosome4,assembled-molecule,4,Chromosome,Nuclear chromosome,infection_diet33,Diet 33: infected vs control,Within-diet infection response,33,1,1,Infected diet 33,Control diet 33,Diet 33 log2FC,Diet 33 padj,TRUE,Placed/host-assigned,1868.9339573442835,1.076434805610123,0.21040255154158752,5.116072964530367,3.1196242277136293e-7,2.428198740986456e-5,TRUE,1.076434805610123,Upregulated,Infected diet 33,TRUE,,,N.S.
Immune,Innate Immune Recognition & Signaling,Immune Activation & Sensing,LOC126267038,signal transducer and activator of transcription 5A,signal transducer and activator of transcription 5A,protein_coding,NC_064923.1,Chromosome4,assembled-molecule,4,Chromosome,Nuclear chromosome,infection_diet50,Diet 50: infected vs control,Within-diet infection response,50,2,1,Infected diet 50,Control diet 50,Diet 50 log2FC,Diet 50 padj,TRUE,Placed/host-assigned,1868.9339573442835,1.293363305386925,0.21999566900863105,5.879039852080828,4.1265302420265475e-9,3.898310900924825e-7,TRUE,1.293363305386925,Upregulated,Infected diet 50,TRUE,,,N.S.
Immune,Innate Immune Recognition & Signaling,Immune Activation & Sensing,LOC126267038,signal transducer and activator of transcription 5A,signal transducer and activator of transcription 5A,protein_coding,NC_064923.1,Chromosome4,assembled-molecule,4,Chromosome,Nuclear chromosome,infection_diet83,Diet 83: infected vs control,Within-diet infection response,83,3,1,Infected diet 83,Control diet 83,Diet 83 log2FC,Diet 83 padj,TRUE,Placed/host-assigned,1868.9339573442835,1.0281522022359584,0.2324978814959582,4.422200304022263,9.770081622085572e-6,4.778391159020857e-4,TRUE,1.0281522022359584,Upregulated,Infected diet 83,TRUE,,,N.S.
Immune,Innate Immune Recognition & Signaling,Immune Activation & Sensing,LOC126267869,cytokine receptor-like,cytokine receptor-like,protein_coding,NC_064923.1,Chromosome4,assembled-molecule,4,Chromosome,Nuclear chromosome,control_diet33_vs50,Control: diet 50 vs 33,Diet comparison among controls,"50
vs
33",1,-1,Control diet 50,Control diet 33,cont33 vs cont50_log2FC,cont33 vs cont50_padj,FALSE,Placed/host-assigned,2270.9727282454032,-0.2258721125127565,0.21192755842155445,-1.0657986823189096,0.28651465670437026,1,FALSE,0.2258721125127565,N.S.,Not significant,TRUE,,,N.S.
Immune,Innate Immune Recognition & Signaling,Immune Activation & Sensing,LOC126267869,cytokine receptor-like,cytokine receptor-like,protein_coding,NC_064923.1,Chromosome4,assembled-molecule,4,Chromosome,Nuclear chromosome,control_diet83_vs33,Control: diet 83 vs 33,Diet comparison among controls,"83
vs
33",2,1,Control diet 83,Control diet 33,cont83 vs cont33_log2FC,cont83 vs cont33_padj,FALSE,Placed/host-assigned,2270.9727282454032,0.3244602510556776,0.20375929264409337,1.592370325030588,0.11130151989322144,0.9999697606274288,FALSE,0.3244602510556776,N.S.,Not significant,TRUE,,,N.S.
Immune,Innate Immune Recognition & Signaling,Immune Activation & Sensing,LOC126267869,cytokine receptor-like,cytokine receptor-like,protein_coding,NC_064923.1,Chromosome4,assembled-molecule,4,Chromosome,Nuclear chromosome,control_diet83_vs50,Control: diet 83 vs 50,Diet comparison among controls,"83
vs
50",3,1,Control diet 83,Control diet 50,cont83 vs cont50_log2FC,cont83 vs cont50_padj,FALSE,Placed/host-assigned,2270.9727282454032,0.09858813854292112,0.21189896764315425,0.4652601173071651,0.6417451919706566,0.9993806165316672,FALSE,0.09858813854292112,N.S.,Not significant,TRUE,,,N.S.
Immune,Innate Immune Recognition & Signaling,Immune Activation & Sensing,LOC126267869,cytokine receptor-like,cytokine receptor-like,protein_coding,NC_064923.1,Chromosome4,assembled-molecule,4,Chromosome,Nuclear chromosome,infected_diet33_vs50,Infected: diet 50 vs 33,Diet comparison among infected,"50
vs
33",1,-1,Infected diet 50,Infected diet 33,inf33 vs inf50_log2FC,inf33 vs inf50_padj,TRUE,Placed/host-assigned,2270.9727282454032,-0.09197269658897704,0.17930972526090175,-0.5129264263561478,0.6080027871292082,0.9525179256835726,FALSE,0.09197269658897704,N.S.,Not significant,TRUE,,,N.S.
Immune,Innate Immune Recognition & Signaling,Immune Activation & Sensing,LOC126267869,cytokine receptor-like,cytokine receptor-like,protein_coding,NC_064923.1,Chromosome4,assembled-molecule,4,Chromosome,Nuclear chromosome,infected_diet83_vs33,Infected: diet 83 vs 33,Diet comparison among infected,"83
vs
33",2,1,Infected diet 83,Infected diet 33,inf83 vs inf33_log2FC,inf83 vs inf33_padj,TRUE,Placed/host-assigned,2270.9727282454032,0.2705861377481059,0.20048413118710348,1.3496636174938912,0.17712390766730116,0.672332551467133,FALSE,0.2705861377481059,N.S.,Not significant,TRUE,,,N.S.
Immune,Innate Immune Recognition & Signaling,Immune Activation & Sensing,LOC126267869,cytokine receptor-like,cytokine receptor-like,protein_coding,NC_064923.1,Chromosome4,assembled-molecule,4,Chromosome,Nuclear chromosome,infected_diet83_vs50,Infected: diet 83 vs 50,Diet comparison among infected,"83
vs
50",3,1,Infected diet 83,Infected diet 50,inf83 vs inf50_log2FC,inf83 vs inf50_padj,TRUE,Placed/host-assigned,2270.9727282454032,0.17861344115912892,0.20058460082455457,0.8904643747570474,0.37321658934675295,0.8459879077574682,FALSE,0.17861344115912892,N.S.,Not significant,TRUE,,,N.S.
Immune,Innate Immune Recognition & Signaling,Immune Activation & Sensing,LOC126267869,cytokine receptor-like,cytokine receptor-like,protein_coding,NC_064923.1,Chromosome4,assembled-molecule,4,Chromosome,Nuclear chromosome,infection_diet33,Diet 33: infected vs control,Within-diet infection response,33,1,1,Infected diet 33,Control diet 33,Diet 33 log2FC,Diet 33 padj,TRUE,Placed/host-assigned,2270.9727282454032,0.9356664487620168,0.19188753113757812,4.876119064198963,1.0819331934762426e-6,6.486725587913869e-5,FALSE,0.9356664487620168,N.S.,Not significant,TRUE,,,N.S.
Immune,Innate Immune Recognition & Signaling,Immune Activation & Sensing,LOC126267869,cytokine receptor-like,cytokine receptor-like,protein_coding,NC_064923.1,Chromosome4,assembled-molecule,4,Chromosome,Nuclear chromosome,infection_diet50,Diet 50: infected vs control,Within-diet infection response,50,2,1,Infected diet 50,Control diet 50,Diet 50 log2FC,Diet 50 padj,TRUE,Placed/host-assigned,2270.9727282454032,0.8017670328382374,0.2006101766750292,3.9966418759354823,6.424738289634563e-5,0.00119309331812241,FALSE,0.8017670328382374,N.S.,Not significant,TRUE,,,N.S.
Immune,Innate Immune Recognition & Signaling,Immune Activation & Sensing,LOC126267869,cytokine receptor-like,cytokine receptor-like,protein_coding,NC_064923.1,Chromosome4,assembled-molecule,4,Chromosome,Nuclear chromosome,infection_diet83,Diet 83: infected vs control,Within-diet infection response,83,3,1,Infected diet 83,Control diet 83,Diet 83 log2FC,Diet 83 padj,TRUE,Placed/host-assigned,2270.9727282454032,0.8817923354544451,0.21187475449093504,4.161856553288288,3.156706328645155e-5,0.00117705999568372,FALSE,0.8817923354544451,N.S.,Not significant,TRUE,,,N.S.
Immune,Innate Immune Recognition & Signaling,Immune Activation & Sensing,LOC126282030,nuclear factor NF-kappa-B p110 subunit,nuclear factor NF-kappa-B p110 subunit,protein_coding,NC_064920.1,Chromosome1,assembled-molecule,1,Chromosome,Nuclear chromosome,control_diet33_vs50,Control: diet 50 vs 33,Diet comparison among controls,"50
vs
33",1,-1,Control diet 50,Control diet 33,cont33 vs cont50_log2FC,cont33 vs cont50_padj,FALSE,Placed/host-assigned,1647.1866586780502,-0.14493415692541642,0.3594856183208009,-0.4031709463160744,0.6868224715419384,1,FALSE,0.14493415692541642,N.S.,Not significant,TRUE,,,N.S.
Immune,Innate Immune Recognition & Signaling,Immune Activation & Sensing,LOC126282030,nuclear factor NF-kappa-B p110 subunit,nuclear factor NF-kappa-B p110 subunit,protein_coding,NC_064920.1,Chromosome1,assembled-molecule,1,Chromosome,Nuclear chromosome,control_diet83_vs33,Control: diet 83 vs 33,Diet comparison among controls,"83
vs
33",2,1,Control diet 83,Control diet 33,cont83 vs cont33_log2FC,cont83 vs cont33_padj,FALSE,Placed/host-assigned,1647.1866586780502,0.04330664150078791,0.34563938469253125,0.12529429057777078,0.9002905720251823,0.9999697606274288,FALSE,0.04330664150078791,N.S.,Not significant,TRUE,,,N.S.
Immune,Innate Immune Recognition & Signaling,Immune Activation & Sensing,LOC126282030,nuclear factor NF-kappa-B p110 subunit,nuclear factor NF-kappa-B p110 subunit,protein_coding,NC_064920.1,Chromosome1,assembled-molecule,1,Chromosome,Nuclear chromosome,control_diet83_vs50,Control: diet 83 vs 50,Diet comparison among controls,"83
vs
50",3,1,Control diet 83,Control diet 50,cont83 vs cont50_log2FC,cont83 vs cont50_padj,FALSE,Placed/host-assigned,1647.1866586780502,-0.1016275154246285,0.35956987350543085,-0.28263634668240234,0.7774556152277398,0.9993806165316672,FALSE,-0.1016275154246285,N.S.,Not significant,TRUE,,,N.S.
Immune,Innate Immune Recognition & Signaling,Immune Activation & Sensing,LOC126282030,nuclear factor NF-kappa-B p110 subunit,nuclear factor NF-kappa-B p110 subunit,protein_coding,NC_064920.1,Chromosome1,assembled-molecule,1,Chromosome,Nuclear chromosome,infected_diet33_vs50,Infected: diet 50 vs 33,Diet comparison among infected,"50
vs
33",1,-1,Infected diet 50,Infected diet 33,inf33 vs inf50_log2FC,inf33 vs inf50_padj,TRUE,Placed/host-assigned,1647.1866586780502,-0.6660372854975145,0.30405672132199574,-2.1905034120004925,0.0284877476208073,0.3560883905960303,FALSE,0.6660372854975145,N.S.,Not significant,TRUE,,,N.S.
Immune,Innate Immune Recognition & Signaling,Immune Activation & Sensing,LOC126282030,nuclear factor NF-kappa-B p110 subunit,nuclear factor NF-kappa-B p110 subunit,protein_coding,NC_064920.1,Chromosome1,assembled-molecule,1,Chromosome,Nuclear chromosome,infected_diet83_vs33,Infected: diet 83 vs 33,Diet comparison among infected,"83
vs
33",2,1,Infected diet 83,Infected diet 33,inf83 vs inf33_log2FC,inf83 vs inf33_padj,TRUE,Placed/host-assigned,1647.1866586780502,0.3139953244708148,0.3400435969501193,0.9233972563726128,0.35580022099266584,0.7970446980157094,FALSE,0.3139953244708148,N.S.,Not significant,TRUE,,,N.S.
Immune,Innate Immune Recognition & Signaling,Immune Activation & Sensing,LOC126282030,nuclear factor NF-kappa-B p110 subunit,nuclear factor NF-kappa-B p110 subunit,protein_coding,NC_064920.1,Chromosome1,assembled-molecule,1,Chromosome,Nuclear chromosome,infected_diet83_vs50,Infected: diet 83 vs 50,Diet comparison among infected,"83
vs
50",3,1,Infected diet 83,Infected diet 50,inf83 vs inf50_log2FC,inf83 vs inf50_padj,TRUE,Placed/host-assigned,1647.1866586780502,-0.3520419610266997,0.3400480284419008,-1.0352712898814769,0.3005422338008253,0.8066070082202464,FALSE,-0.3520419610266997,N.S.,Not significant,TRUE,,,N.S.
Immune,Innate Immune Recognition & Signaling,Immune Activation & Sensing,LOC126282030,nuclear factor NF-kappa-B p110 subunit,nuclear factor NF-kappa-B p110 subunit,protein_coding,NC_064920.1,Chromosome1,assembled-molecule,1,Chromosome,Nuclear chromosome,infection_diet33,Diet 33: infected vs control,Within-diet infection response,33,1,1,Infected diet 33,Control diet 33,Diet 33 log2FC,Diet 33 padj,TRUE,Placed/host-assigned,1647.1866586780502,1.3276034747864855,0.3254638812971739,4.079111542255222,4.520814328341713e-5,0.00128499040164302,TRUE,1.3276034747864855,Upregulated,Infected diet 33,TRUE,,,N.S.
Immune,Innate Immune Recognition & Signaling,Immune Activation & Sensing,LOC126282030,nuclear factor NF-kappa-B p110 subunit,nuclear factor NF-kappa-B p110 subunit,protein_coding,NC_064920.1,Chromosome1,assembled-molecule,1,Chromosome,Nuclear chromosome,infection_diet50,Diet 50: infected vs control,Within-diet infection response,50,2,1,Infected diet 50,Control diet 50,Diet 50 log2FC,Diet 50 padj,TRUE,Placed/host-assigned,1647.1866586780502,1.8487066033585835,0.3402258977966689,5.4337621425381215,5.5178122745932026e-8,3.5284037585769745e-6,TRUE,1.8487066033585835,Upregulated,Infected diet 50,TRUE,,,N.S.
Immune,Innate Immune Recognition & Signaling,Immune Activation & Sensing,LOC126282030,nuclear factor NF-kappa-B p110 subunit,nuclear factor NF-kappa-B p110 subunit,protein_coding,NC_064920.1,Chromosome1,assembled-molecule,1,Chromosome,Nuclear chromosome,infection_diet83,Diet 83: infected vs control,Within-diet infection response,83,3,1,Infected diet 83,Control diet 83,Diet 83 log2FC,Diet 83 padj,TRUE,Placed/host-assigned,1647.1866586780502,1.5982921577565123,0.3594015776932343,4.447092770195706,8.704025440276918e-6,4.386037177088299e-4,TRUE,1.5982921577565123,Upregulated,Infected diet 83,TRUE,,,N.S.
Immune,Innate Immune Recognition & Signaling,Immune Activation & Sensing,LOC126284033,toll-like receptor 2,toll-like receptor 2,protein_coding,NC_064920.1,Chromosome1,assembled-molecule,1,Chromosome,Nuclear chromosome,control_diet33_vs50,Control: diet 50 vs 33,Diet comparison among controls,"50
vs
33",1,-1,Control diet 50,Control diet 33,cont33 vs cont50_log2FC,cont33 vs cont50_padj,FALSE,Placed/host-assigned,407.484785987829,0.06193756382932863,0.6903793899255216,0.08971525618111294,0.9285134921531868,1,FALSE,-0.06193756382932863,N.S.,Not significant,TRUE,,,N.S.
Immune,Innate Immune Recognition & Signaling,Immune Activation & Sensing,LOC126284033,toll-like receptor 2,toll-like receptor 2,protein_coding,NC_064920.1,Chromosome1,assembled-molecule,1,Chromosome,Nuclear chromosome,control_diet83_vs33,Control: diet 83 vs 33,Diet comparison among controls,"83
vs
33",2,1,Control diet 83,Control diet 33,cont83 vs cont33_log2FC,cont83 vs cont33_padj,FALSE,Placed/host-assigned,407.484785987829,-0.6325359614922469,0.6668271863789162,-0.9485755446281644,0.34283653389760577,0.9999697606274288,FALSE,-0.6325359614922469,N.S.,Not significant,TRUE,,,N.S.
Immune,Innate Immune Recognition & Signaling,Immune Activation & Sensing,LOC126284033,toll-like receptor 2,toll-like receptor 2,protein_coding,NC_064920.1,Chromosome1,assembled-molecule,1,Chromosome,Nuclear chromosome,control_diet83_vs50,Control: diet 83 vs 50,Diet comparison among controls,"83
vs
50",3,1,Control diet 83,Control diet 50,cont83 vs cont50_log2FC,cont83 vs cont50_padj,FALSE,Placed/host-assigned,407.484785987829,-0.5705983976629183,0.6932463654243124,-0.8230817009962607,0.4104615341228721,0.9989643578317658,FALSE,-0.5705983976629183,N.S.,Not significant,TRUE,,,N.S.
Immune,Innate Immune Recognition & Signaling,Immune Activation & Sensing,LOC126284033,toll-like receptor 2,toll-like receptor 2,protein_coding,NC_064920.1,Chromosome1,assembled-molecule,1,Chromosome,Nuclear chromosome,infected_diet33_vs50,Infected: diet 50 vs 33,Diet comparison among infected,"50
vs
33",1,-1,Infected diet 50,Infected diet 33,inf33 vs inf50_log2FC,inf33 vs inf50_padj,TRUE,Placed/host-assigned,407.484785987829,-0.6331576857374233,0.5797278897340551,-1.092163576997958,0.2747612087372498,0.8227069565790066,FALSE,0.6331576857374233,N.S.,Not significant,TRUE,,,N.S.
Immune,Innate Immune Recognition & Signaling,Immune Activation & Sensing,LOC126284033,toll-like receptor 2,toll-like receptor 2,protein_coding,NC_064920.1,Chromosome1,assembled-molecule,1,Chromosome,Nuclear chromosome,infected_diet83_vs33,Infected: diet 83 vs 33,Diet comparison among infected,"83
vs
33",2,1,Infected diet 83,Infected diet 33,inf83 vs inf33_log2FC,inf83 vs inf33_padj,TRUE,Placed/host-assigned,407.484785987829,0.22980460120711949,0.6483528334097007,0.354443737059916,0.7230063618242224,0.9297052432343584,FALSE,0.22980460120711949,N.S.,Not significant,TRUE,,,N.S.
Immune,Innate Immune Recognition & Signaling,Immune Activation & Sensing,LOC126284033,toll-like receptor 2,toll-like receptor 2,protein_coding,NC_064920.1,Chromosome1,assembled-molecule,1,Chromosome,Nuclear chromosome,infected_diet83_vs50,Infected: diet 83 vs 50,Diet comparison among infected,"83
vs
50",3,1,Infected diet 83,Infected diet 50,inf83 vs inf50_log2FC,inf83 vs inf50_padj,TRUE,Placed/host-assigned,407.484785987829,-0.4033530845303038,0.6483671508671314,-0.622105984226462,0.5338721803017896,0.9031051771492709,FALSE,-0.4033530845303038,N.S.,Not significant,TRUE,,,N.S.
Immune,Innate Immune Recognition & Signaling,Immune Activation & Sensing,LOC126284033,toll-like receptor 2,toll-like receptor 2,protein_coding,NC_064920.1,Chromosome1,assembled-molecule,1,Chromosome,Nuclear chromosome,infection_diet33,Diet 33: infected vs control,Within-diet infection response,33,1,1,Infected diet 33,Control diet 33,Diet 33 log2FC,Diet 33 padj,TRUE,Placed/host-assigned,407.484785987829,3.1424158224282213,0.6232004235221059,5.042383964806074,4.597675579290357e-7,3.272463206436077e-5,TRUE,3.1424158224282213,Upregulated,Infected diet 33,TRUE,,,N.S.
Immune,Innate Immune Recognition & Signaling,Immune Activation & Sensing,LOC126284033,toll-like receptor 2,toll-like receptor 2,protein_coding,NC_064920.1,Chromosome1,assembled-molecule,1,Chromosome,Nuclear chromosome,infection_diet50,Diet 50: infected vs control,Within-diet infection response,50,2,1,Infected diet 50,Control diet 50,Diet 50 log2FC,Diet 50 padj,TRUE,Placed/host-assigned,407.484785987829,3.837511071994973,0.6514056802725195,5.891123132959981,3.8357959526539535e-9,3.712840301568881e-7,TRUE,3.837511071994973,Upregulated,Infected diet 50,TRUE,,,N.S.
Immune,Innate Immune Recognition & Signaling,Immune Activation & Sensing,LOC126284033,toll-like receptor 2,toll-like receptor 2,protein_coding,NC_064920.1,Chromosome1,assembled-molecule,1,Chromosome,Nuclear chromosome,infection_diet83,Diet 83: infected vs control,Within-diet infection response,83,3,1,Infected diet 83,Control diet 83,Diet 83 log2FC,Diet 83 padj,TRUE,Placed/host-assigned,407.484785987829,4.004756385127588,0.6903920083592197,5.800699221077691,6.603896282208057e-9,2.1210514150037332e-6,TRUE,4.004756385127588,Upregulated,Infected diet 83,TRUE,,,N.S.
Immune,Innate Immune Recognition & Signaling,Immune Activation & Sensing,LOC126284043,toll-like receptor 2,toll-like receptor 2,protein_coding,NC_064920.1,Chromosome1,assembled-molecule,1,Chromosome,Nuclear chromosome,control_diet33_vs50,Control: diet 50 vs 33,Diet comparison among controls,"50
vs
33",1,-1,Control diet 50,Control diet 33,cont33 vs cont50_log2FC,cont33 vs cont50_padj,FALSE,Placed/host-assigned,99.84207970702538,-0.14245309015295513,0.5483289993966375,-0.25979492295630113,0.795021967423098,1,FALSE,0.14245309015295513,N.S.,Not significant,TRUE,,,N.S.
Immune,Innate Immune Recognition & Signaling,Immune Activation & Sensing,LOC126284043,toll-like receptor 2,toll-like receptor 2,protein_coding,NC_064920.1,Chromosome1,assembled-molecule,1,Chromosome,Nuclear chromosome,control_diet83_vs33,Control: diet 83 vs 33,Diet comparison among controls,"83
vs
33",2,1,Control diet 83,Control diet 33,cont83 vs cont33_log2FC,cont83 vs cont33_padj,FALSE,Placed/host-assigned,99.84207970702538,0.6622614198205509,0.5269784950358792,1.2567143176790565,0.20885710169250665,0.9999697606274288,FALSE,0.6622614198205509,N.S.,Not significant,TRUE,,,N.S.
Immune,Innate Immune Recognition & Signaling,Immune Activation & Sensing,LOC126284043,toll-like receptor 2,toll-like receptor 2,protein_coding,NC_064920.1,Chromosome1,assembled-molecule,1,Chromosome,Nuclear chromosome,control_diet83_vs50,Control: diet 83 vs 50,Diet comparison among controls,"83
vs
50",3,1,Control diet 83,Control diet 50,cont83 vs cont50_log2FC,cont83 vs cont50_padj,FALSE,Placed/host-assigned,99.84207970702538,0.5198083296675957,0.5464501959222203,0.9512455728748302,0.34147972894649037,0.9989643578317658,FALSE,0.5198083296675957,N.S.,Not significant,TRUE,,,N.S.
Immune,Innate Immune Recognition & Signaling,Immune Activation & Sensing,LOC126284043,toll-like receptor 2,toll-like receptor 2,protein_coding,NC_064920.1,Chromosome1,assembled-molecule,1,Chromosome,Nuclear chromosome,infected_diet33_vs50,Infected: diet 50 vs 33,Diet comparison among infected,"50
vs
33",1,-1,Infected diet 50,Infected diet 33,inf33 vs inf50_log2FC,inf33 vs inf50_padj,TRUE,Placed/host-assigned,99.84207970702538,-0.5735906540325912,0.4558137463610891,-1.258388231183798,0.20825138601845647,0.7714444580514624,FALSE,0.5735906540325912,N.S.,Not significant,TRUE,,,N.S.
Immune,Innate Immune Recognition & Signaling,Immune Activation & Sensing,LOC126284043,toll-like receptor 2,toll-like receptor 2,protein_coding,NC_064920.1,Chromosome1,assembled-molecule,1,Chromosome,Nuclear chromosome,infected_diet83_vs33,Infected: diet 83 vs 33,Diet comparison among infected,"83
vs
33",2,1,Infected diet 83,Infected diet 33,inf83 vs inf33_log2FC,inf83 vs inf33_padj,TRUE,Placed/host-assigned,99.84207970702538,0.3135977133909824,0.5105080487932133,0.6142855418877216,0.539026654893543,0.8674556536296302,FALSE,0.3135977133909824,N.S.,Not significant,TRUE,,,N.S.
Immune,Innate Immune Recognition & Signaling,Immune Activation & Sensing,LOC126284043,toll-like receptor 2,toll-like receptor 2,protein_coding,NC_064920.1,Chromosome1,assembled-molecule,1,Chromosome,Nuclear chromosome,infected_diet83_vs50,Infected: diet 83 vs 50,Diet comparison among infected,"83
vs
50",3,1,Infected diet 83,Infected diet 50,inf83 vs inf50_log2FC,inf83 vs inf50_padj,TRUE,Placed/host-assigned,99.84207970702538,-0.2599929406416088,0.5106539209794958,-0.5091372649071431,0.6106560129028037,0.9268534960943294,FALSE,-0.2599929406416088,N.S.,Not significant,TRUE,,,N.S.
Immune,Innate Immune Recognition & Signaling,Immune Activation & Sensing,LOC126284043,toll-like receptor 2,toll-like receptor 2,protein_coding,NC_064920.1,Chromosome1,assembled-molecule,1,Chromosome,Nuclear chromosome,infection_diet33,Diet 33: infected vs control,Within-diet infection response,33,1,1,Infected diet 33,Control diet 33,Diet 33 log2FC,Diet 33 padj,TRUE,Placed/host-assigned,99.84207970702538,1.7832284025805476,0.4936498867764566,3.612334268371991,3.034530478835125e-4,0.00547643794722378,TRUE,1.7832284025805476,Upregulated,Infected diet 33,TRUE,,,N.S.
Immune,Innate Immune Recognition & Signaling,Immune Activation & Sensing,LOC126284043,toll-like receptor 2,toll-like receptor 2,protein_coding,NC_064920.1,Chromosome1,assembled-molecule,1,Chromosome,Nuclear chromosome,infection_diet50,Diet 50: infected vs control,Within-diet infection response,50,2,1,Infected diet 50,Control diet 50,Diet 50 log2FC,Diet 50 padj,TRUE,Placed/host-assigned,99.84207970702538,2.214365966460184,0.514529544571194,4.303671168787059,1.6799094678629577e-5,4.086141239215029e-4,TRUE,2.214365966460184,Upregulated,Infected diet 50,TRUE,,,N.S.
Immune,Innate Immune Recognition & Signaling,Immune Activation & Sensing,LOC126284043,toll-like receptor 2,toll-like receptor 2,protein_coding,NC_064920.1,Chromosome1,assembled-molecule,1,Chromosome,Nuclear chromosome,infection_diet83,Diet 83: infected vs control,Within-diet infection response,83,3,1,Infected diet 83,Control diet 83,Diet 83 log2FC,Diet 83 padj,TRUE,Placed/host-assigned,99.84207970702538,1.4345646961509793,0.5428025344437197,2.642885036675748,0.00822029410810161,0.0593002533617621,FALSE,1.4345646961509793,N.S.,Not significant,TRUE,,,N.S.
Immune,Innate Immune Recognition & Signaling,Immune Activation & Sensing,LOC126318464,"TNF receptor-associated protein 1 homolog, mitochondrial-like","TNF receptor-associated protein 1 homolog, mitochondrial-like",protein_coding,NW_026062051.1,ptg000668l,unplaced-scaffold,na,na,Unplaced scaffold,control_diet33_vs50,Control: diet 50 vs 33,Diet comparison among controls,"50
vs
33",1,-1,Control diet 50,Control diet 33,cont33 vs cont50_log2FC,cont33 vs cont50_padj,FALSE,Unplaced scaffold,19.039342359984413,-2.698117603072714,2.323481705861755,-1.16123901310082,0.2455447133393684,0.44644723317239354,FALSE,2.698117603072714,N.S.,Not significant,FALSE,,,N.S.
Immune,Innate Immune Recognition & Signaling,Immune Activation & Sensing,LOC126318464,"TNF receptor-associated protein 1 homolog, mitochondrial-like","TNF receptor-associated protein 1 homolog, mitochondrial-like",protein_coding,NW_026062051.1,ptg000668l,unplaced-scaffold,na,na,Unplaced scaffold,control_diet83_vs33,Control: diet 83 vs 33,Diet comparison among controls,"83
vs
33",2,1,Control diet 83,Control diet 33,cont83 vs cont33_log2FC,cont83 vs cont33_padj,FALSE,Unplaced scaffold,19.039342359984413,-0.9893713017709947,2.243873888634922,-0.4409210815198204,0.6592701310835765,0.9930597908525568,FALSE,-0.9893713017709947,N.S.,Not significant,FALSE,,,N.S.
Immune,Innate Immune Recognition & Signaling,Immune Activation & Sensing,LOC126318464,"TNF receptor-associated protein 1 homolog, mitochondrial-like","TNF receptor-associated protein 1 homolog, mitochondrial-like",protein_coding,NW_026062051.1,ptg000668l,unplaced-scaffold,na,na,Unplaced scaffold,control_diet83_vs50,Control: diet 83 vs 50,Diet comparison among controls,"83
vs
50",3,1,Control diet 83,Control diet 50,cont83 vs cont50_log2FC,cont83 vs cont50_padj,FALSE,Unplaced scaffold,19.039342359984413,-3.687488904843709,2.3300052371092184,-1.5826097066711693,0.1135104497294597,0.26338736786134126,FALSE,-3.687488904843709,N.S.,Not significant,FALSE,,,N.S.
Immune,Innate Immune Recognition & Signaling,Immune Activation & Sensing,LOC126318464,"TNF receptor-associated protein 1 homolog, mitochondrial-like","TNF receptor-associated protein 1 homolog, mitochondrial-like",protein_coding,NW_026062051.1,ptg000668l,unplaced-scaffold,na,na,Unplaced scaffold,infected_diet33_vs50,Infected: diet 50 vs 33,Diet comparison among infected,"50
vs
33",1,-1,Infected diet 50,Infected diet 33,inf33 vs inf50_log2FC,inf33 vs inf50_padj,TRUE,Unplaced scaffold,19.039342359984413,-5.457498196000198,2.0775135612418993,-2.6269374591893424,0.00861571675820217,0.01613509550762383,TRUE,5.457498196000198,Upregulated,Infected diet 50,FALSE,,,N.S.
Immune,Innate Immune Recognition & Signaling,Immune Activation & Sensing,LOC126318464,"TNF receptor-associated protein 1 homolog, mitochondrial-like","TNF receptor-associated protein 1 homolog, mitochondrial-like",protein_coding,NW_026062051.1,ptg000668l,unplaced-scaffold,na,na,Unplaced scaffold,infected_diet83_vs33,Infected: diet 83 vs 33,Diet comparison among infected,"83
vs
33",2,1,Infected diet 83,Infected diet 33,inf83 vs inf33_log2FC,inf83 vs inf33_padj,TRUE,Unplaced scaffold,19.039342359984413,3.596892056852819,2.320292196808557,1.550189265731342,0.12109609548447052,0.16992869818435646,FALSE,3.596892056852819,N.S.,Not significant,FALSE,,,N.S.
Immune,Innate Immune Recognition & Signaling,Immune Activation & Sensing,LOC126318464,"TNF receptor-associated protein 1 homolog, mitochondrial-like","TNF receptor-associated protein 1 homolog, mitochondrial-like",protein_coding,NW_026062051.1,ptg000668l,unplaced-scaffold,na,na,Unplaced scaffold,infected_diet83_vs50,Infected: diet 83 vs 50,Diet comparison among infected,"83
vs
50",3,1,Infected diet 83,Infected diet 50,inf83 vs inf50_log2FC,inf83 vs inf50_padj,TRUE,Unplaced scaffold,19.039342359984413,-1.8606061391473785,2.228643520118792,-0.8348603634233095,0.40379633400300347,0.8410735678958844,FALSE,-1.8606061391473785,N.S.,Not significant,FALSE,,,N.S.
Immune,Innate Immune Recognition & Signaling,Immune Activation & Sensing,LOC126318464,"TNF receptor-associated protein 1 homolog, mitochondrial-like","TNF receptor-associated protein 1 homolog, mitochondrial-like",protein_coding,NW_026062051.1,ptg000668l,unplaced-scaffold,na,na,Unplaced scaffold,infection_diet33,Diet 33: infected vs control,Within-diet infection response,33,1,1,Infected diet 33,Control diet 33,Diet 33 log2FC,Diet 33 padj,TRUE,Unplaced scaffold,19.039342359984413,-5.235790519515527,2.2065334120020332,-2.3728580274544706,0.01765104710411723,0.05007822377248344,FALSE,-5.235790519515527,N.S.,Not significant,FALSE,,,N.S.
Immune,Innate Immune Recognition & Signaling,Immune Activation & Sensing,LOC126318464,"TNF receptor-associated protein 1 homolog, mitochondrial-like","TNF receptor-associated protein 1 homolog, mitochondrial-like",protein_coding,NW_026062051.1,ptg000668l,unplaced-scaffold,na,na,Unplaced scaffold,infection_diet50,Diet 50: infected vs control,Within-diet infection response,50,2,1,Infected diet 50,Control diet 50,Diet 50 log2FC,Diet 50 padj,TRUE,Unplaced scaffold,19.039342359984413,-2.4764099265880444,2.2013269035599676,-1.1249623681894838,0.26060498121474795,0.8147311843699152,FALSE,-2.4764099265880444,N.S.,Not significant,FALSE,,,N.S.
Immune,Innate Immune Recognition & Signaling,Immune Activation & Sensing,LOC126318464,"TNF receptor-associated protein 1 homolog, mitochondrial-like","TNF receptor-associated protein 1 homolog, mitochondrial-like",protein_coding,NW_026062051.1,ptg000668l,unplaced-scaffold,na,na,Unplaced scaffold,infection_diet83,Diet 83: infected vs control,Within-diet infection response,83,3,1,Infected diet 83,Control diet 83,Diet 83 log2FC,Diet 83 padj,TRUE,Unplaced scaffold,19.039342359984413,-0.6495271608917144,2.3558302588231923,-0.27571050947285675,0.7827704230018923,1,FALSE,-0.6495271608917144,N.S.,Not significant,FALSE,,,N.S.
Immune,Innate Immune Recognition & Signaling,Immune Activation & Sensing,LOC126322280,differentially expressed in FDCP 6 homolog,differentially expressed in FDCP 6 homolog,protein_coding,NC_064920.1,Chromosome1,assembled-molecule,1,Chromosome,Nuclear chromosome,control_diet33_vs50,Control: diet 50 vs 33,Diet comparison among controls,"50
vs
33",1,-1,Control diet 50,Control diet 33,cont33 vs cont50_log2FC,cont33 vs cont50_padj,FALSE,Placed/host-assigned,1153.875449744309,0.09383803572094812,0.18033945337001311,0.520341134274235,0.6028258307050519,1,FALSE,-0.09383803572094812,N.S.,Not significant,TRUE,,,N.S.
Immune,Innate Immune Recognition & Signaling,Immune Activation & Sensing,LOC126322280,differentially expressed in FDCP 6 homolog,differentially expressed in FDCP 6 homolog,protein_coding,NC_064920.1,Chromosome1,assembled-molecule,1,Chromosome,Nuclear chromosome,control_diet83_vs33,Control: diet 83 vs 33,Diet comparison among controls,"83
vs
33",2,1,Control diet 83,Control diet 33,cont83 vs cont33_log2FC,cont83 vs cont33_padj,FALSE,Placed/host-assigned,1153.875449744309,0.00626340931955976,0.17359757348696142,0.03608005108452851,0.9712185288984642,0.9999697606274288,FALSE,0.00626340931955976,N.S.,Not significant,TRUE,,,N.S.
Immune,Innate Immune Recognition & Signaling,Immune Activation & Sensing,LOC126322280,differentially expressed in FDCP 6 homolog,differentially expressed in FDCP 6 homolog,protein_coding,NC_064920.1,Chromosome1,assembled-molecule,1,Chromosome,Nuclear chromosome,control_diet83_vs50,Control: diet 83 vs 50,Diet comparison among controls,"83
vs
50",3,1,Control diet 83,Control diet 50,cont83 vs cont50_log2FC,cont83 vs cont50_padj,FALSE,Placed/host-assigned,1153.875449744309,0.1001014450405079,0.18052515724044357,0.5545013590941323,0.5792357757952157,0.9992179223348928,FALSE,0.1001014450405079,N.S.,Not significant,TRUE,,,N.S.
Immune,Innate Immune Recognition & Signaling,Immune Activation & Sensing,LOC126322280,differentially expressed in FDCP 6 homolog,differentially expressed in FDCP 6 homolog,protein_coding,NC_064920.1,Chromosome1,assembled-molecule,1,Chromosome,Nuclear chromosome,infected_diet33_vs50,Infected: diet 50 vs 33,Diet comparison among infected,"50
vs
33",1,-1,Infected diet 50,Infected diet 33,inf33 vs inf50_log2FC,inf33 vs inf50_padj,TRUE,Placed/host-assigned,1153.875449744309,0.07935750548834566,0.152247362329427,0.5212405934273917,0.6021991791186568,0.9525179256835726,FALSE,-0.07935750548834566,N.S.,Not significant,TRUE,,,N.S.
Immune,Innate Immune Recognition & Signaling,Immune Activation & Sensing,LOC126322280,differentially expressed in FDCP 6 homolog,differentially expressed in FDCP 6 homolog,protein_coding,NC_064920.1,Chromosome1,assembled-molecule,1,Chromosome,Nuclear chromosome,infected_diet83_vs33,Infected: diet 83 vs 33,Diet comparison among infected,"83
vs
33",2,1,Infected diet 83,Infected diet 33,inf83 vs inf33_log2FC,inf83 vs inf33_padj,TRUE,Placed/host-assigned,1153.875449744309,-0.07847306197495371,0.1703877874177768,-0.460555672235735,0.6451174207510348,0.9041051826826956,FALSE,-0.07847306197495371,N.S.,Not significant,TRUE,,,N.S.
Immune,Innate Immune Recognition & Signaling,Immune Activation & Sensing,LOC126322280,differentially expressed in FDCP 6 homolog,differentially expressed in FDCP 6 homolog,protein_coding,NC_064920.1,Chromosome1,assembled-molecule,1,Chromosome,Nuclear chromosome,infected_diet83_vs50,Infected: diet 83 vs 50,Diet comparison among infected,"83
vs
50",3,1,Infected diet 83,Infected diet 50,inf83 vs inf50_log2FC,inf83 vs inf50_padj,TRUE,Placed/host-assigned,1153.875449744309,8.844435133919471e-4,0.1706684930316934,0.00518223075437658,0.9958651965976196,0.9992276009393808,FALSE,8.844435133919471e-4,N.S.,Not significant,TRUE,,,N.S.
Immune,Innate Immune Recognition & Signaling,Immune Activation & Sensing,LOC126322280,differentially expressed in FDCP 6 homolog,differentially expressed in FDCP 6 homolog,protein_coding,NC_064920.1,Chromosome1,assembled-molecule,1,Chromosome,Nuclear chromosome,infection_diet33,Diet 33: infected vs control,Within-diet infection response,33,1,1,Infected diet 33,Control diet 33,Diet 33 log2FC,Diet 33 padj,TRUE,Placed/host-assigned,1153.875449744309,0.8683489817193395,0.16302243172237582,5.326561336038231,1.0008949173356617e-7,9.56047418313786e-6,FALSE,0.8683489817193395,N.S.,Not significant,TRUE,,,N.S.
Immune,Innate Immune Recognition & Signaling,Immune Activation & Sensing,LOC126322280,differentially expressed in FDCP 6 homolog,differentially expressed in FDCP 6 homolog,protein_coding,NC_064920.1,Chromosome1,assembled-molecule,1,Chromosome,Nuclear chromosome,infection_diet50,Diet 50: infected vs control,Within-diet infection response,50,2,1,Infected diet 50,Control diet 50,Diet 50 log2FC,Diet 50 padj,TRUE,Placed/host-assigned,1153.875449744309,0.882829511951942,0.1706612566852426,5.1729931508718465,2.303734613777587e-7,1.210274258806872e-5,FALSE,0.882829511951942,N.S.,Not significant,TRUE,,,N.S.
Immune,Innate Immune Recognition & Signaling,Immune Activation & Sensing,LOC126322280,differentially expressed in FDCP 6 homolog,differentially expressed in FDCP 6 homolog,protein_coding,NC_064920.1,Chromosome1,assembled-molecule,1,Chromosome,Nuclear chromosome,infection_diet83,Diet 83: infected vs control,Within-diet infection response,83,3,1,Infected diet 83,Control diet 83,Diet 83 log2FC,Diet 83 padj,TRUE,Placed/host-assigned,1153.875449744309,0.783612510424826,0.180531998208101,4.340574071093747,1.4211095296310324e-5,6.416332227714297e-4,FALSE,0.783612510424826,N.S.,Not significant,TRUE,,,N.S.
Immune,Innate Immune Recognition & Signaling,Immune Activation & Sensing,LOC126325205,toll-like receptor 4,toll-like receptor 4,protein_coding,NC_064921.1,Chromosome2,assembled-molecule,2,Chromosome,Nuclear chromosome,control_diet33_vs50,Control: diet 50 vs 33,Diet comparison among controls,"50
vs
33",1,-1,Control diet 50,Control diet 33,cont33 vs cont50_log2FC,cont33 vs cont50_padj,FALSE,Placed/host-assigned,467.9664865619929,0.3950628878407664,0.34093043141894686,1.1587785994829536,0.24654644282555768,1,FALSE,-0.3950628878407664,N.S.,Not significant,TRUE,,,N.S.
Immune,Innate Immune Recognition & Signaling,Immune Activation & Sensing,LOC126325205,toll-like receptor 4,toll-like receptor 4,protein_coding,NC_064921.1,Chromosome2,assembled-molecule,2,Chromosome,Nuclear chromosome,control_diet83_vs33,Control: diet 83 vs 33,Diet comparison among controls,"83
vs
33",2,1,Control diet 83,Control diet 33,cont83 vs cont33_log2FC,cont83 vs cont33_padj,FALSE,Placed/host-assigned,467.9664865619929,0.3965057603122153,0.32701215722479793,1.2125107631385257,0.2253169250712528,0.9999697606274288,FALSE,0.3965057603122153,N.S.,Not significant,TRUE,,,N.S.
Immune,Innate Immune Recognition & Signaling,Immune Activation & Sensing,LOC126325205,toll-like receptor 4,toll-like receptor 4,protein_coding,NC_064921.1,Chromosome2,assembled-molecule,2,Chromosome,Nuclear chromosome,control_diet83_vs50,Control: diet 83 vs 50,Diet comparison among controls,"83
vs
50",3,1,Control diet 83,Control diet 50,cont83 vs cont50_log2FC,cont83 vs cont50_padj,FALSE,Placed/host-assigned,467.9664865619929,0.7915686481529818,0.3406701188074196,2.323563484006223,0.02014890145719279,0.5004293064904193,FALSE,0.7915686481529818,N.S.,Not significant,TRUE,,,N.S.
Immune,Innate Immune Recognition & Signaling,Immune Activation & Sensing,LOC126325205,toll-like receptor 4,toll-like receptor 4,protein_coding,NC_064921.1,Chromosome2,assembled-molecule,2,Chromosome,Nuclear chromosome,infected_diet33_vs50,Infected: diet 50 vs 33,Diet comparison among infected,"50
vs
33",1,-1,Infected diet 50,Infected diet 33,inf33 vs inf50_log2FC,inf33 vs inf50_padj,TRUE,Placed/host-assigned,467.9664865619929,-0.16038549586413017,0.284795864582391,-0.5631594970640134,0.573326280318323,0.9484953589598442,FALSE,0.16038549586413017,N.S.,Not significant,TRUE,,,N.S.
Immune,Innate Immune Recognition & Signaling,Immune Activation & Sensing,LOC126325205,toll-like receptor 4,toll-like receptor 4,protein_coding,NC_064921.1,Chromosome2,assembled-molecule,2,Chromosome,Nuclear chromosome,infected_diet83_vs33,Infected: diet 83 vs 33,Diet comparison among infected,"83
vs
33",2,1,Infected diet 83,Infected diet 33,inf83 vs inf33_log2FC,inf83 vs inf33_padj,TRUE,Placed/host-assigned,467.9664865619929,0.06177213957931672,0.3186380203968849,0.1938630534497277,0.8462831138948234,0.965170882425682,FALSE,0.06177213957931672,N.S.,Not significant,TRUE,,,N.S.
Immune,Innate Immune Recognition & Signaling,Immune Activation & Sensing,LOC126325205,toll-like receptor 4,toll-like receptor 4,protein_coding,NC_064921.1,Chromosome2,assembled-molecule,2,Chromosome,Nuclear chromosome,infected_diet83_vs50,Infected: diet 83 vs 50,Diet comparison among infected,"83
vs
50",3,1,Infected diet 83,Infected diet 50,inf83 vs inf50_log2FC,inf83 vs inf50_padj,TRUE,Placed/host-assigned,467.9664865619929,-0.09861335628481344,0.3188489551819913,-0.30927922040242317,0.7571091363472773,0.961298554174747,FALSE,-0.09861335628481344,N.S.,Not significant,TRUE,,,N.S.
Immune,Innate Immune Recognition & Signaling,Immune Activation & Sensing,LOC126325205,toll-like receptor 4,toll-like receptor 4,protein_coding,NC_064921.1,Chromosome2,assembled-molecule,2,Chromosome,Nuclear chromosome,infection_diet33,Diet 33: infected vs control,Within-diet infection response,33,1,1,Infected diet 33,Control diet 33,Diet 33 log2FC,Diet 33 padj,TRUE,Placed/host-assigned,467.9664865619929,2.095773652457789,0.3066664283036974,6.834049830789779,8.255032872888355e-12,3.259365223758763e-9,TRUE,2.095773652457789,Upregulated,Infected diet 33,TRUE,,,N.S.
Immune,Innate Immune Recognition & Signaling,Immune Activation & Sensing,LOC126325205,toll-like receptor 4,toll-like receptor 4,protein_coding,NC_064921.1,Chromosome2,assembled-molecule,2,Chromosome,Nuclear chromosome,infection_diet50,Diet 50: infected vs control,Within-diet infection response,50,2,1,Infected diet 50,Control diet 50,Diet 50 log2FC,Diet 50 padj,TRUE,Placed/host-assigned,467.9664865619929,2.6512220361626855,0.321399977134713,8.24898016421277,1.597519468669463e-16,2.2576145131236858e-13,TRUE,2.6512220361626855,Upregulated,Infected diet 50,TRUE,,,N.S.
Immune,Innate Immune Recognition & Signaling,Immune Activation & Sensing,LOC126325205,toll-like receptor 4,toll-like receptor 4,protein_coding,NC_064921.1,Chromosome2,assembled-molecule,2,Chromosome,Nuclear chromosome,infection_diet83,Diet 83: infected vs control,Within-diet infection response,83,3,1,Infected diet 83,Control diet 83,Diet 83 log2FC,Diet 83 padj,TRUE,Placed/host-assigned,467.9664865619929,1.7610400317248902,0.3382644538917957,5.206104311179598,1.92846268404524e-7,2.7528317829219524e-5,TRUE,1.7610400317248902,Upregulated,Infected diet 83,TRUE,,,N.S.
Immune,Innate Immune Recognition & Signaling,Immune Activation & Sensing,LOC126325232,toll-like receptor 2,toll-like receptor 2,protein_coding,NC_064921.1,Chromosome2,assembled-molecule,2,Chromosome,Nuclear chromosome,control_diet33_vs50,Control: diet 50 vs 33,Diet comparison among controls,"50
vs
33",1,-1,Control diet 50,Control diet 33,cont33 vs cont50_log2FC,cont33 vs cont50_padj,FALSE,Placed/host-assigned,754.8361216255693,0.4196582162675514,0.585905150862722,0.71625623302615,0.47383314636079,1,FALSE,-0.4196582162675514,N.S.,Not significant,TRUE,,,N.S.
Immune,Innate Immune Recognition & Signaling,Immune Activation & Sensing,LOC126325232,toll-like receptor 2,toll-like receptor 2,protein_coding,NC_064921.1,Chromosome2,assembled-molecule,2,Chromosome,Nuclear chromosome,control_diet83_vs33,Control: diet 83 vs 33,Diet comparison among controls,"83
vs
33",2,1,Control diet 83,Control diet 33,cont83 vs cont33_log2FC,cont83 vs cont33_padj,FALSE,Placed/host-assigned,754.8361216255693,0.9094144516823522,0.5617146668197504,1.618997162440439,0.1054478736463508,0.9999697606274288,FALSE,0.9094144516823522,N.S.,Not significant,TRUE,,,N.S.
Immune,Innate Immune Recognition & Signaling,Immune Activation & Sensing,LOC126325232,toll-like receptor 2,toll-like receptor 2,protein_coding,NC_064921.1,Chromosome2,assembled-molecule,2,Chromosome,Nuclear chromosome,control_diet83_vs50,Control: diet 83 vs 50,Diet comparison among controls,"83
vs
50",3,1,Control diet 83,Control diet 50,cont83 vs cont50_log2FC,cont83 vs cont50_padj,FALSE,Placed/host-assigned,754.8361216255693,1.3290726679499036,0.5850036067084012,2.271905083505559,0.02309224380667173,0.5280575881486811,FALSE,1.3290726679499036,N.S.,Not significant,TRUE,,,N.S.
Immune,Innate Immune Recognition & Signaling,Immune Activation & Sensing,LOC126325232,toll-like receptor 2,toll-like receptor 2,protein_coding,NC_064921.1,Chromosome2,assembled-molecule,2,Chromosome,Nuclear chromosome,infected_diet33_vs50,Infected: diet 50 vs 33,Diet comparison among infected,"50
vs
33",1,-1,Infected diet 50,Infected diet 33,inf33 vs inf50_log2FC,inf33 vs inf50_padj,TRUE,Placed/host-assigned,754.8361216255693,-1.5974378544587724,0.49218252854069666,-3.245620804938196,0.00117194828716657,0.05069982653780496,FALSE,1.5974378544587724,N.S.,Not significant,TRUE,,,N.S.
Immune,Innate Immune Recognition & Signaling,Immune Activation & Sensing,LOC126325232,toll-like receptor 2,toll-like receptor 2,protein_coding,NC_064921.1,Chromosome2,assembled-molecule,2,Chromosome,Nuclear chromosome,infected_diet83_vs33,Infected: diet 83 vs 33,Diet comparison among infected,"83
vs
33",2,1,Infected diet 83,Infected diet 33,inf83 vs inf33_log2FC,inf83 vs inf33_padj,TRUE,Placed/host-assigned,754.8361216255693,0.8703527266794028,0.5504284719536974,1.5812276635875366,0.11382599229342308,0.6050139479532178,FALSE,0.8703527266794028,N.S.,Not significant,TRUE,,,N.S.
Immune,Innate Immune Recognition & Signaling,Immune Activation & Sensing,LOC126325232,toll-like receptor 2,toll-like receptor 2,protein_coding,NC_064921.1,Chromosome2,assembled-molecule,2,Chromosome,Nuclear chromosome,infected_diet83_vs50,Infected: diet 83 vs 50,Diet comparison among infected,"83
vs
50",3,1,Infected diet 83,Infected diet 50,inf83 vs inf50_log2FC,inf83 vs inf50_padj,TRUE,Placed/host-assigned,754.8361216255693,-0.7270851277793696,0.5502974226817087,-1.3212584646247103,0.18641519816791097,0.7215797737496932,FALSE,-0.7270851277793696,N.S.,Not significant,TRUE,,,N.S.
Immune,Innate Immune Recognition & Signaling,Immune Activation & Sensing,LOC126325232,toll-like receptor 2,toll-like receptor 2,protein_coding,NC_064921.1,Chromosome2,assembled-molecule,2,Chromosome,Nuclear chromosome,infection_diet33,Diet 33: infected vs control,Within-diet infection response,33,1,1,Infected diet 33,Control diet 33,Diet 33 log2FC,Diet 33 padj,TRUE,Placed/host-assigned,754.8361216255693,2.6163540229903273,0.5286619352638883,4.949011548721285,7.45913215516348e-7,4.866718087511075e-5,TRUE,2.6163540229903273,Upregulated,Infected diet 33,TRUE,,,N.S.
Immune,Innate Immune Recognition & Signaling,Immune Activation & Sensing,LOC126325232,toll-like receptor 2,toll-like receptor 2,protein_coding,NC_064921.1,Chromosome2,assembled-molecule,2,Chromosome,Nuclear chromosome,infection_diet50,Diet 50: infected vs control,Within-diet infection response,50,2,1,Infected diet 50,Control diet 50,Diet 50 log2FC,Diet 50 padj,TRUE,Placed/host-assigned,754.8361216255693,4.633450093716651,0.5532133814462763,8.375520638353567,5.4980266639877237e-17,1.1099730402210644e-13,TRUE,4.633450093716651,Upregulated,Infected diet 50,TRUE,,,N.S.
Immune,Innate Immune Recognition & Signaling,Immune Activation & Sensing,LOC126325232,toll-like receptor 2,toll-like receptor 2,protein_coding,NC_064921.1,Chromosome2,assembled-molecule,2,Chromosome,Nuclear chromosome,infection_diet83,Diet 83: infected vs control,Within-diet infection response,83,3,1,Infected diet 83,Control diet 83,Diet 83 log2FC,Diet 83 padj,TRUE,Placed/host-assigned,754.8361216255693,2.577292297987378,0.582246878790042,4.42645962026144,9.579230419720352e-6,4.716853111201673e-4,TRUE,2.577292297987378,Upregulated,Infected diet 83,TRUE,,,N.S.
Immune,Innate Immune Recognition & Signaling,Immune Activation & Sensing,LOC126331691,toll-like receptor 2 type-2,toll-like receptor 2 type-2,protein_coding,NC_064921.1,Chromosome2,assembled-molecule,2,Chromosome,Nuclear chromosome,control_diet33_vs50,Control: diet 50 vs 33,Diet comparison among controls,"50
vs
33",1,-1,Control diet 50,Control diet 33,cont33 vs cont50_log2FC,cont33 vs cont50_padj,FALSE,Placed/host-assigned,699.4665610337147,0.0958854288577379,0.5364914616538021,0.1787268497473549,0.8581521855772832,1,FALSE,-0.0958854288577379,N.S.,Not significant,TRUE,,,N.S.
Immune,Innate Immune Recognition & Signaling,Immune Activation & Sensing,LOC126331691,toll-like receptor 2 type-2,toll-like receptor 2 type-2,protein_coding,NC_064921.1,Chromosome2,assembled-molecule,2,Chromosome,Nuclear chromosome,control_diet83_vs33,Control: diet 83 vs 33,Diet comparison among controls,"83
vs
33",2,1,Control diet 83,Control diet 33,cont83 vs cont33_log2FC,cont83 vs cont33_padj,FALSE,Placed/host-assigned,699.4665610337147,0.2331085256234022,0.5157016723099254,0.4520220471251626,0.6512530996864279,0.9999697606274288,FALSE,0.2331085256234022,N.S.,Not significant,TRUE,,,N.S.
Immune,Innate Immune Recognition & Signaling,Immune Activation & Sensing,LOC126331691,toll-like receptor 2 type-2,toll-like receptor 2 type-2,protein_coding,NC_064921.1,Chromosome2,assembled-molecule,2,Chromosome,Nuclear chromosome,control_diet83_vs50,Control: diet 83 vs 50,Diet comparison among controls,"83
vs
50",3,1,Control diet 83,Control diet 50,cont83 vs cont50_log2FC,cont83 vs cont50_padj,FALSE,Placed/host-assigned,699.4665610337147,0.3289939544811401,0.5365045636777315,0.6132174388711459,0.5397325754070758,0.9989643578317658,FALSE,0.3289939544811401,N.S.,Not significant,TRUE,,,N.S.
Immune,Innate Immune Recognition & Signaling,Immune Activation & Sensing,LOC126331691,toll-like receptor 2 type-2,toll-like receptor 2 type-2,protein_coding,NC_064921.1,Chromosome2,assembled-molecule,2,Chromosome,Nuclear chromosome,infected_diet33_vs50,Infected: diet 50 vs 33,Diet comparison among infected,"50
vs
33",1,-1,Infected diet 50,Infected diet 33,inf33 vs inf50_log2FC,inf33 vs inf50_padj,TRUE,Placed/host-assigned,699.4665610337147,-0.09493792206792756,0.452114538981443,-0.20998643901567665,0.8336782571781539,0.9837317220011964,FALSE,0.09493792206792756,N.S.,Not significant,TRUE,,,N.S.
Immune,Innate Immune Recognition & Signaling,Immune Activation & Sensing,LOC126331691,toll-like receptor 2 type-2,toll-like receptor 2 type-2,protein_coding,NC_064921.1,Chromosome2,assembled-molecule,2,Chromosome,Nuclear chromosome,infected_diet83_vs33,Infected: diet 83 vs 33,Diet comparison among infected,"83
vs
33",2,1,Infected diet 83,Infected diet 33,inf83 vs inf33_log2FC,inf83 vs inf33_padj,TRUE,Placed/host-assigned,699.4665610337147,0.01007997239894619,0.5055676260342306,0.01993793091146961,0.9840928866605356,0.994426077245275,FALSE,0.01007997239894619,N.S.,Not significant,TRUE,,,N.S.
Immune,Innate Immune Recognition & Signaling,Immune Activation & Sensing,LOC126331691,toll-like receptor 2 type-2,toll-like receptor 2 type-2,protein_coding,NC_064921.1,Chromosome2,assembled-molecule,2,Chromosome,Nuclear chromosome,infected_diet83_vs50,Infected: diet 83 vs 50,Diet comparison among infected,"83
vs
50",3,1,Infected diet 83,Infected diet 50,inf83 vs inf50_log2FC,inf83 vs inf50_padj,TRUE,Placed/host-assigned,699.4665610337147,-0.08485794966898134,0.5056628347203954,-0.16781527896133253,0.8667286020926366,0.9787589583092924,FALSE,-0.08485794966898134,N.S.,Not significant,TRUE,,,N.S.
Immune,Innate Immune Recognition & Signaling,Immune Activation & Sensing,LOC126331691,toll-like receptor 2 type-2,toll-like receptor 2 type-2,protein_coding,NC_064921.1,Chromosome2,assembled-molecule,2,Chromosome,Nuclear chromosome,infection_diet33,Diet 33: infected vs control,Within-diet infection response,33,1,1,Infected diet 33,Control diet 33,Diet 33 log2FC,Diet 33 padj,TRUE,Placed/host-assigned,699.4665610337147,2.7610449287774426,0.48489454257522735,5.694114258563943,1.240140184939178e-8,1.6346720916289451e-6,TRUE,2.7610449287774426,Upregulated,Infected diet 33,TRUE,,,N.S.
Immune,Innate Immune Recognition & Signaling,Immune Activation & Sensing,LOC126331691,toll-like receptor 2 type-2,toll-like receptor 2 type-2,protein_coding,NC_064921.1,Chromosome2,assembled-molecule,2,Chromosome,Nuclear chromosome,infection_diet50,Diet 50: infected vs control,Within-diet infection response,50,2,1,Infected diet 50,Control diet 50,Diet 50 log2FC,Diet 50 padj,TRUE,Placed/host-assigned,699.4665610337147,2.951868279703108,0.5070581104435634,5.821558158533107,5.830151052093431e-9,5.315593204398992e-7,TRUE,2.951868279703108,Upregulated,Infected diet 50,TRUE,,,N.S.
Immune,Innate Immune Recognition & Signaling,Immune Activation & Sensing,LOC126331691,toll-like receptor 2 type-2,toll-like receptor 2 type-2,protein_coding,NC_064921.1,Chromosome2,assembled-molecule,2,Chromosome,Nuclear chromosome,infection_diet83,Diet 83: infected vs control,Within-diet infection response,83,3,1,Infected diet 83,Control diet 83,Diet 83 log2FC,Diet 83 padj,TRUE,Placed/host-assigned,699.4665610337147,2.5380163755529868,0.5351860628771101,4.742306557664914,2.1129855683503185e-6,1.5883357474429097e-4,TRUE,2.5380163755529868,Upregulated,Infected diet 83,TRUE,,,N.S.
Immune,Innate Immune Recognition & Signaling,Immune Activation & Sensing,LOC126335828,toll-like receptor 2,toll-like receptor 2,protein_coding,NC_064921.1,Chromosome2,assembled-molecule,2,Chromosome,Nuclear chromosome,control_diet33_vs50,Control: diet 50 vs 33,Diet comparison among controls,"50
vs
33",1,-1,Control diet 50,Control diet 33,cont33 vs cont50_log2FC,cont33 vs cont50_padj,FALSE,Placed/host-assigned,1909.0419921364776,-0.02810891199166909,0.42709558923859126,-0.06581410040263005,0.9475258300784748,1,FALSE,0.02810891199166909,N.S.,Not significant,TRUE,,,N.S.
Immune,Innate Immune Recognition & Signaling,Immune Activation & Sensing,LOC126335828,toll-like receptor 2,toll-like receptor 2,protein_coding,NC_064921.1,Chromosome2,assembled-molecule,2,Chromosome,Nuclear chromosome,control_diet83_vs33,Control: diet 83 vs 33,Diet comparison among controls,"83
vs
33",2,1,Control diet 83,Control diet 33,cont83 vs cont33_log2FC,cont83 vs cont33_padj,FALSE,Placed/host-assigned,1909.0419921364776,1.0089291209203688,0.4101703809935675,2.459780539190594,0.01390219975926331,0.6672231357003973,FALSE,1.0089291209203688,N.S.,Not significant,TRUE,,,N.S.
Immune,Innate Immune Recognition & Signaling,Immune Activation & Sensing,LOC126335828,toll-like receptor 2,toll-like receptor 2,protein_coding,NC_064921.1,Chromosome2,assembled-molecule,2,Chromosome,Nuclear chromosome,control_diet83_vs50,Control: diet 83 vs 50,Diet comparison among controls,"83
vs
50",3,1,Control diet 83,Control diet 50,cont83 vs cont50_log2FC,cont83 vs cont50_padj,FALSE,Placed/host-assigned,1909.0419921364776,0.9808202089286996,0.42675388784253393,2.2983275299195594,0.02154315471997221,0.5142700380112285,FALSE,0.9808202089286996,N.S.,Not significant,TRUE,,,N.S.
Immune,Innate Immune Recognition & Signaling,Immune Activation & Sensing,LOC126335828,toll-like receptor 2,toll-like receptor 2,protein_coding,NC_064921.1,Chromosome2,assembled-molecule,2,Chromosome,Nuclear chromosome,infected_diet33_vs50,Infected: diet 50 vs 33,Diet comparison among infected,"50
vs
33",1,-1,Infected diet 50,Infected diet 33,inf33 vs inf50_log2FC,inf33 vs inf50_padj,TRUE,Placed/host-assigned,1909.0419921364776,-0.5462195589183245,0.3607664296943254,-1.5140531766803584,0.13001235297449978,0.6900627900549293,FALSE,0.5462195589183245,N.S.,Not significant,TRUE,,,N.S.
Immune,Innate Immune Recognition & Signaling,Immune Activation & Sensing,LOC126335828,toll-like receptor 2,toll-like receptor 2,protein_coding,NC_064921.1,Chromosome2,assembled-molecule,2,Chromosome,Nuclear chromosome,infected_diet83_vs33,Infected: diet 83 vs 33,Diet comparison among infected,"83
vs
33",2,1,Infected diet 83,Infected diet 33,inf83 vs inf33_log2FC,inf83 vs inf33_padj,TRUE,Placed/host-assigned,1909.0419921364776,0.2517945849740715,0.40340938550637706,0.6241664027176956,0.5325183087630688,0.8648351954574719,FALSE,0.2517945849740715,N.S.,Not significant,TRUE,,,N.S.
Immune,Innate Immune Recognition & Signaling,Immune Activation & Sensing,LOC126335828,toll-like receptor 2,toll-like receptor 2,protein_coding,NC_064921.1,Chromosome2,assembled-molecule,2,Chromosome,Nuclear chromosome,infected_diet83_vs50,Infected: diet 83 vs 50,Diet comparison among infected,"83
vs
50",3,1,Infected diet 83,Infected diet 50,inf83 vs inf50_log2FC,inf83 vs inf50_padj,TRUE,Placed/host-assigned,1909.0419921364776,-0.29442497394425304,0.4034213235193036,-0.7298200585328378,0.46550018191464815,0.8810530630869943,FALSE,-0.29442497394425304,N.S.,Not significant,TRUE,,,N.S.
Immune,Innate Immune Recognition & Signaling,Immune Activation & Sensing,LOC126335828,toll-like receptor 2,toll-like receptor 2,protein_coding,NC_064921.1,Chromosome2,assembled-molecule,2,Chromosome,Nuclear chromosome,infection_diet33,Diet 33: infected vs control,Within-diet infection response,33,1,1,Infected diet 33,Control diet 33,Diet 33 log2FC,Diet 33 padj,TRUE,Placed/host-assigned,1909.0419921364776,2.5176910931101033,0.3864416436162817,6.5150615486203955,7.265985887317137e-11,2.0576653651104487e-8,TRUE,2.5176910931101033,Upregulated,Infected diet 33,TRUE,,,N.S.
Immune,Innate Immune Recognition & Signaling,Immune Activation & Sensing,LOC126335828,toll-like receptor 2,toll-like receptor 2,protein_coding,NC_064921.1,Chromosome2,assembled-molecule,2,Chromosome,Nuclear chromosome,infection_diet50,Diet 50: infected vs control,Within-diet infection response,50,2,1,Infected diet 50,Control diet 50,Diet 50 log2FC,Diet 50 padj,TRUE,Placed/host-assigned,1909.0419921364776,3.0358017400367587,0.4040122711262577,7.514132507841678,5.728953600256199e-14,3.3733988449508587e-11,TRUE,3.0358017400367587,Upregulated,Infected diet 50,TRUE,,,N.S.
Immune,Innate Immune Recognition & Signaling,Immune Activation & Sensing,LOC126335828,toll-like receptor 2,toll-like receptor 2,protein_coding,NC_064921.1,Chromosome2,assembled-molecule,2,Chromosome,Nuclear chromosome,infection_diet83,Diet 83: infected vs control,Within-diet infection response,83,3,1,Infected diet 83,Control diet 83,Diet 83 log2FC,Diet 83 padj,TRUE,Placed/host-assigned,1909.0419921364776,1.7605565571638062,0.4261944741994995,4.130876075928892,3.6138336638634746e-5,0.0013110955976255,TRUE,1.7605565571638062,Upregulated,Infected diet 83,TRUE,,,N.S.
Immune,Innate Immune Recognition & Signaling,Immune Activation & Sensing,LOC126356285,toll-like receptor 2,toll-like receptor 2,protein_coding,NC_064922.1,Chromosome3,assembled-molecule,3,Chromosome,Nuclear chromosome,control_diet33_vs50,Control: diet 50 vs 33,Diet comparison among controls,"50
vs
33",1,-1,Control diet 50,Control diet 33,cont33 vs cont50_log2FC,cont33 vs cont50_padj,FALSE,Placed/host-assigned,2663.849833850067,0.7507929245808561,0.6192376376758731,1.2124471752052042,0.2253412518985842,1,FALSE,-0.7507929245808561,N.S.,Not significant,TRUE,,,N.S.
Immune,Innate Immune Recognition & Signaling,Immune Activation & Sensing,LOC126356285,toll-like receptor 2,toll-like receptor 2,protein_coding,NC_064922.1,Chromosome3,assembled-molecule,3,Chromosome,Nuclear chromosome,control_diet83_vs33,Control: diet 83 vs 33,Diet comparison among controls,"83
vs
33",2,1,Control diet 83,Control diet 33,cont83 vs cont33_log2FC,cont83 vs cont33_padj,FALSE,Placed/host-assigned,2663.849833850067,0.4455806550557092,0.5946268022124853,0.7493450570976523,0.4536492572687548,0.9999697606274288,FALSE,0.4455806550557092,N.S.,Not significant,TRUE,,,N.S.
Immune,Innate Immune Recognition & Signaling,Immune Activation & Sensing,LOC126356285,toll-like receptor 2,toll-like receptor 2,protein_coding,NC_064922.1,Chromosome3,assembled-molecule,3,Chromosome,Nuclear chromosome,control_diet83_vs50,Control: diet 83 vs 50,Diet comparison among controls,"83
vs
50",3,1,Control diet 83,Control diet 50,cont83 vs cont50_log2FC,cont83 vs cont50_padj,FALSE,Placed/host-assigned,2663.849833850067,1.196373579636565,0.6191613850676968,1.9322483741549197,0.05332885709340809,0.7268295417623333,FALSE,1.196373579636565,N.S.,Not significant,TRUE,,,N.S.
Immune,Innate Immune Recognition & Signaling,Immune Activation & Sensing,LOC126356285,toll-like receptor 2,toll-like receptor 2,protein_coding,NC_064922.1,Chromosome3,assembled-molecule,3,Chromosome,Nuclear chromosome,infected_diet33_vs50,Infected: diet 50 vs 33,Diet comparison among infected,"50
vs
33",1,-1,Infected diet 50,Infected diet 33,inf33 vs inf50_log2FC,inf33 vs inf50_padj,TRUE,Placed/host-assigned,2663.849833850067,0.1259487216130092,0.5235492939437195,0.2405670737597221,0.8098906721193272,0.9816855921161328,FALSE,-0.1259487216130092,N.S.,Not significant,TRUE,,,N.S.
Immune,Innate Immune Recognition & Signaling,Immune Activation & Sensing,LOC126356285,toll-like receptor 2,toll-like receptor 2,protein_coding,NC_064922.1,Chromosome3,assembled-molecule,3,Chromosome,Nuclear chromosome,infected_diet83_vs33,Infected: diet 83 vs 33,Diet comparison among infected,"83
vs
33",2,1,Infected diet 83,Infected diet 33,inf83 vs inf33_log2FC,inf83 vs inf33_padj,TRUE,Placed/host-assigned,2663.849833850067,0.3561503224204113,0.5853301666769679,0.6084605624247,0.5428820547716113,0.8693087625665744,FALSE,0.3561503224204113,N.S.,Not significant,TRUE,,,N.S.
Immune,Innate Immune Recognition & Signaling,Immune Activation & Sensing,LOC126356285,toll-like receptor 2,toll-like receptor 2,protein_coding,NC_064922.1,Chromosome3,assembled-molecule,3,Chromosome,Nuclear chromosome,infected_diet83_vs50,Infected: diet 83 vs 50,Diet comparison among infected,"83
vs
50",3,1,Infected diet 83,Infected diet 50,inf83 vs inf50_log2FC,inf83 vs inf50_padj,TRUE,Placed/host-assigned,2663.849833850067,0.48209904403342047,0.5853612585831748,0.8235923320246831,0.4101712343774767,0.8597077685208523,FALSE,0.48209904403342047,N.S.,Not significant,TRUE,,,N.S.
Immune,Innate Immune Recognition & Signaling,Immune Activation & Sensing,LOC126356285,toll-like receptor 2,toll-like receptor 2,protein_coding,NC_064922.1,Chromosome3,assembled-molecule,3,Chromosome,Nuclear chromosome,infection_diet33,Diet 33: infected vs control,Within-diet infection response,33,1,1,Infected diet 33,Control diet 33,Diet 33 log2FC,Diet 33 padj,TRUE,Placed/host-assigned,2663.849833850067,3.340124071858907,0.5602423266881348,5.961927388821204,2.492799232634927e-9,4.483669971131201e-7,TRUE,3.340124071858907,Upregulated,Infected diet 33,TRUE,,,N.S.
Immune,Innate Immune Recognition & Signaling,Immune Activation & Sensing,LOC126356285,toll-like receptor 2,toll-like receptor 2,protein_coding,NC_064922.1,Chromosome3,assembled-molecule,3,Chromosome,Nuclear chromosome,infection_diet50,Diet 50: infected vs control,Within-diet infection response,50,2,1,Infected diet 50,Control diet 50,Diet 50 log2FC,Diet 50 padj,TRUE,Placed/host-assigned,2663.849833850067,3.964968274826754,0.5862487957262075,6.763286003709748,1.3489656730464179e-11,3.177263815248663e-9,TRUE,3.964968274826754,Upregulated,Infected diet 50,TRUE,,,N.S.
Immune,Innate Immune Recognition & Signaling,Immune Activation & Sensing,LOC126356285,toll-like receptor 2,toll-like receptor 2,protein_coding,NC_064922.1,Chromosome3,assembled-molecule,3,Chromosome,Nuclear chromosome,infection_diet83,Diet 83: infected vs control,Within-diet infection response,83,3,1,Infected diet 83,Control diet 83,Diet 83 log2FC,Diet 83 padj,TRUE,Placed/host-assigned,2663.849833850067,3.250693739223609,0.6183210924095979,5.257290716956868,1.4619311318293437e-7,2.2955567505569203e-5,TRUE,3.250693739223609,Upregulated,Infected diet 83,TRUE,,,N.S.
Immune,Innate Immune Recognition & Signaling,Immune Activation & Sensing,LOC126359055,toll-like receptor 2,toll-like receptor 2,protein_coding,NC_064920.1,Chromosome1,assembled-molecule,1,Chromosome,Nuclear chromosome,control_diet33_vs50,Control: diet 50 vs 33,Diet comparison among controls,"50
vs
33",1,-1,Control diet 50,Control diet 33,cont33 vs cont50_log2FC,cont33 vs cont50_padj,FALSE,Placed/host-assigned,189.9099070463276,0.7874511420569176,0.6136434593485722,1.28323887439924,0.19940840036213,1,FALSE,-0.7874511420569176,N.S.,Not significant,TRUE,,,N.S.
Immune,Innate Immune Recognition & Signaling,Immune Activation & Sensing,LOC126359055,toll-like receptor 2,toll-like receptor 2,protein_coding,NC_064920.1,Chromosome1,assembled-molecule,1,Chromosome,Nuclear chromosome,control_diet83_vs33,Control: diet 83 vs 33,Diet comparison among controls,"83
vs
33",2,1,Control diet 83,Control diet 33,cont83 vs cont33_log2FC,cont83 vs cont33_padj,FALSE,Placed/host-assigned,189.9099070463276,-0.5668207721262153,0.5909465680333058,-0.9591743192834132,0.33747093538558137,0.9999697606274288,FALSE,-0.5668207721262153,N.S.,Not significant,TRUE,,,N.S.
Immune,Innate Immune Recognition & Signaling,Immune Activation & Sensing,LOC126359055,toll-like receptor 2,toll-like receptor 2,protein_coding,NC_064920.1,Chromosome1,assembled-molecule,1,Chromosome,Nuclear chromosome,control_diet83_vs50,Control: diet 83 vs 50,Diet comparison among controls,"83
vs
50",3,1,Control diet 83,Control diet 50,cont83 vs cont50_log2FC,cont83 vs cont50_padj,FALSE,Placed/host-assigned,189.9099070463276,0.22063036993070229,0.6170115207667694,0.3575790119064903,0.7206583872319332,0.9993806165316672,FALSE,0.22063036993070229,N.S.,Not significant,TRUE,,,N.S.
Immune,Innate Immune Recognition & Signaling,Immune Activation & Sensing,LOC126359055,toll-like receptor 2,toll-like receptor 2,protein_coding,NC_064920.1,Chromosome1,assembled-molecule,1,Chromosome,Nuclear chromosome,infected_diet33_vs50,Infected: diet 50 vs 33,Diet comparison among infected,"50
vs
33",1,-1,Infected diet 50,Infected diet 33,inf33 vs inf50_log2FC,inf33 vs inf50_padj,TRUE,Placed/host-assigned,189.9099070463276,-1.1008114870819037,0.5114591033760525,-2.152296204751541,0.0313740325565864,0.37916802335290894,FALSE,1.1008114870819037,N.S.,Not significant,TRUE,,,N.S.
Immune,Innate Immune Recognition & Signaling,Immune Activation & Sensing,LOC126359055,toll-like receptor 2,toll-like receptor 2,protein_coding,NC_064920.1,Chromosome1,assembled-molecule,1,Chromosome,Nuclear chromosome,infected_diet83_vs33,Infected: diet 83 vs 33,Diet comparison among infected,"83
vs
33",2,1,Infected diet 83,Infected diet 33,inf83 vs inf33_log2FC,inf83 vs inf33_padj,TRUE,Placed/host-assigned,189.9099070463276,0.5615125239165806,0.5723592224383754,0.9810491416988346,0.326568508632185,0.7806665811590745,FALSE,0.5615125239165806,N.S.,Not significant,TRUE,,,N.S.
Immune,Innate Immune Recognition & Signaling,Immune Activation & Sensing,LOC126359055,toll-like receptor 2,toll-like receptor 2,protein_coding,NC_064920.1,Chromosome1,assembled-molecule,1,Chromosome,Nuclear chromosome,infected_diet83_vs50,Infected: diet 83 vs 50,Diet comparison among infected,"83
vs
50",3,1,Infected diet 83,Infected diet 50,inf83 vs inf50_log2FC,inf83 vs inf50_padj,TRUE,Placed/host-assigned,189.9099070463276,-0.5392989631653231,0.57214846455511,-0.9425857038429178,0.3458928550725418,0.8348039725263932,FALSE,-0.5392989631653231,N.S.,Not significant,TRUE,,,N.S.
Immune,Innate Immune Recognition & Signaling,Immune Activation & Sensing,LOC126359055,toll-like receptor 2,toll-like receptor 2,protein_coding,NC_064920.1,Chromosome1,assembled-molecule,1,Chromosome,Nuclear chromosome,infection_diet33,Diet 33: infected vs control,Within-diet infection response,33,1,1,Infected diet 33,Control diet 33,Diet 33 log2FC,Diet 33 padj,TRUE,Placed/host-assigned,189.9099070463276,1.8868087989558315,0.5508650257351755,3.425174427143432,6.144048256312124e-4,0.00929287298767208,TRUE,1.8868087989558315,Upregulated,Infected diet 33,TRUE,,,N.S.
Immune,Innate Immune Recognition & Signaling,Immune Activation & Sensing,LOC126359055,toll-like receptor 2,toll-like receptor 2,protein_coding,NC_064920.1,Chromosome1,assembled-molecule,1,Chromosome,Nuclear chromosome,infection_diet50,Diet 50: infected vs control,Within-diet infection response,50,2,1,Infected diet 50,Control diet 50,Diet 50 log2FC,Diet 50 padj,TRUE,Placed/host-assigned,189.9099070463276,3.775071428094653,0.5785295437998846,6.5252872019280375,6.787135513017095e-11,1.2456597281812672e-8,TRUE,3.775071428094653,Upregulated,Infected diet 50,TRUE,,,N.S.
Immune,Innate Immune Recognition & Signaling,Immune Activation & Sensing,LOC126359055,toll-like receptor 2,toll-like receptor 2,protein_coding,NC_064920.1,Chromosome1,assembled-molecule,1,Chromosome,Nuclear chromosome,infection_diet83,Diet 83: infected vs control,Within-diet infection response,83,3,1,Infected diet 83,Control diet 83,Diet 83 log2FC,Diet 83 padj,TRUE,Placed/host-assigned,189.9099070463276,3.0151420949986276,0.6110324452943466,4.934504081114993,8.035466556465177e-7,8.053703076309637e-5,TRUE,3.0151420949986276,Upregulated,Infected diet 83,TRUE,,,N.S.
Immune,Innate Immune Recognition & Signaling,Immune Activation & Sensing,LOC126359091,toll-like receptor 2 type-2,toll-like receptor 2 type-2,protein_coding,NC_064920.1,Chromosome1,assembled-molecule,1,Chromosome,Nuclear chromosome,control_diet33_vs50,Control: diet 50 vs 33,Diet comparison among controls,"50
vs
33",1,-1,Control diet 50,Control diet 33,cont33 vs cont50_log2FC,cont33 vs cont50_padj,FALSE,Placed/host-assigned,293.010677415878,0.35086263064317846,0.37856002768557984,0.9268348610080778,0.3540122818899501,1,FALSE,-0.35086263064317846,N.S.,Not significant,TRUE,,,N.S.
Immune,Innate Immune Recognition & Signaling,Immune Activation & Sensing,LOC126359091,toll-like receptor 2 type-2,toll-like receptor 2 type-2,protein_coding,NC_064920.1,Chromosome1,assembled-molecule,1,Chromosome,Nuclear chromosome,control_diet83_vs33,Control: diet 83 vs 33,Diet comparison among controls,"83
vs
33",2,1,Control diet 83,Control diet 33,cont83 vs cont33_log2FC,cont83 vs cont33_padj,FALSE,Placed/host-assigned,293.010677415878,-0.4606560614571266,0.3649698280445091,-1.2621757363486723,0.20688555753214985,0.9999697606274288,FALSE,-0.4606560614571266,N.S.,Not significant,TRUE,,,N.S.
Immune,Innate Immune Recognition & Signaling,Immune Activation & Sensing,LOC126359091,toll-like receptor 2 type-2,toll-like receptor 2 type-2,protein_coding,NC_064920.1,Chromosome1,assembled-molecule,1,Chromosome,Nuclear chromosome,control_diet83_vs50,Control: diet 83 vs 50,Diet comparison among controls,"83
vs
50",3,1,Control diet 83,Control diet 50,cont83 vs cont50_log2FC,cont83 vs cont50_padj,FALSE,Placed/host-assigned,293.010677415878,-0.10979343081394811,0.3798827544159322,-0.289019255382506,0.7725666424030224,0.9993806165316672,FALSE,-0.10979343081394811,N.S.,Not significant,TRUE,,,N.S.
Immune,Innate Immune Recognition & Signaling,Immune Activation & Sensing,LOC126359091,toll-like receptor 2 type-2,toll-like receptor 2 type-2,protein_coding,NC_064920.1,Chromosome1,assembled-molecule,1,Chromosome,Nuclear chromosome,infected_diet33_vs50,Infected: diet 50 vs 33,Diet comparison among infected,"50
vs
33",1,-1,Infected diet 50,Infected diet 33,inf33 vs inf50_log2FC,inf33 vs inf50_padj,TRUE,Placed/host-assigned,293.010677415878,-0.632455362940508,0.31896442090203775,-1.9828398451210063,0.04738532172876454,0.4664134231928413,FALSE,0.632455362940508,N.S.,Not significant,TRUE,,,N.S.
Immune,Innate Immune Recognition & Signaling,Immune Activation & Sensing,LOC126359091,toll-like receptor 2 type-2,toll-like receptor 2 type-2,protein_coding,NC_064920.1,Chromosome1,assembled-molecule,1,Chromosome,Nuclear chromosome,infected_diet83_vs33,Infected: diet 83 vs 33,Diet comparison among infected,"83
vs
33",2,1,Infected diet 83,Infected diet 33,inf83 vs inf33_log2FC,inf83 vs inf33_padj,TRUE,Placed/host-assigned,293.010677415878,0.7082726292228604,0.3566835847136329,1.985716919917984,0.04706476518889668,0.4669663800340059,FALSE,0.7082726292228604,N.S.,Not significant,TRUE,,,N.S.
Immune,Innate Immune Recognition & Signaling,Immune Activation & Sensing,LOC126359091,toll-like receptor 2 type-2,toll-like receptor 2 type-2,protein_coding,NC_064920.1,Chromosome1,assembled-molecule,1,Chromosome,Nuclear chromosome,infected_diet83_vs50,Infected: diet 83 vs 50,Diet comparison among infected,"83
vs
50",3,1,Infected diet 83,Infected diet 50,inf83 vs inf50_log2FC,inf83 vs inf50_padj,TRUE,Placed/host-assigned,293.010677415878,0.07581726628235236,0.3567274891845854,0.2125355308492119,0.8316892612775391,0.9732175209374498,FALSE,0.07581726628235236,N.S.,Not significant,TRUE,,,N.S.
Immune,Innate Immune Recognition & Signaling,Immune Activation & Sensing,LOC126359091,toll-like receptor 2 type-2,toll-like receptor 2 type-2,protein_coding,NC_064920.1,Chromosome1,assembled-molecule,1,Chromosome,Nuclear chromosome,infection_diet33,Diet 33: infected vs control,Within-diet infection response,33,1,1,Infected diet 33,Control diet 33,Diet 33 log2FC,Diet 33 padj,TRUE,Placed/host-assigned,293.010677415878,0.6438285129257556,0.3419844606901834,1.8826250515195897,0.05975119892980471,0.19549863759972977,FALSE,0.6438285129257556,N.S.,Not significant,TRUE,,,N.S.
Immune,Innate Immune Recognition & Signaling,Immune Activation & Sensing,LOC126359091,toll-like receptor 2 type-2,toll-like receptor 2 type-2,protein_coding,NC_064920.1,Chromosome1,assembled-molecule,1,Chromosome,Nuclear chromosome,infection_diet50,Diet 50: infected vs control,Within-diet infection response,50,2,1,Infected diet 50,Control diet 50,Diet 50 log2FC,Diet 50 padj,TRUE,Placed/host-assigned,293.010677415878,1.627146506509442,0.3579003003758501,4.546368094133169,5.457954875174594e-6,1.6971439124214085e-4,TRUE,1.627146506509442,Upregulated,Infected diet 50,TRUE,,,N.S.
Immune,Innate Immune Recognition & Signaling,Immune Activation & Sensing,LOC126359091,toll-like receptor 2 type-2,toll-like receptor 2 type-2,protein_coding,NC_064920.1,Chromosome1,assembled-molecule,1,Chromosome,Nuclear chromosome,infection_diet83,Diet 83: infected vs control,Within-diet infection response,83,3,1,Infected diet 83,Control diet 83,Diet 83 log2FC,Diet 83 padj,TRUE,Placed/host-assigned,293.010677415878,1.8127572036057429,0.3787780136616304,4.785803658670413,1.703044835925241e-6,1.3674675921190627e-4,TRUE,1.8127572036057429,Upregulated,Infected diet 83,TRUE,,,N.S.
Immune,Innate Immune Recognition & Signaling,Pattern Recognition Receptors (PRRs),LOC126266760,peptidoglycan recognition protein-like,peptidoglycan recognition protein-like,protein_coding,NC_064923.1,Chromosome4,assembled-molecule,4,Chromosome,Nuclear chromosome,control_diet33_vs50,Control: diet 50 vs 33,Diet comparison among controls,"50
vs
33",1,-1,Control diet 50,Control diet 33,cont33 vs cont50_log2FC,cont33 vs cont50_padj,FALSE,Placed/host-assigned,393.7333185443843,0.14049594730708853,0.3987599108514764,0.35233217653972787,0.7245891599049223,1,FALSE,-0.14049594730708853,N.S.,Not significant,TRUE,,,N.S.
Immune,Innate Immune Recognition & Signaling,Pattern Recognition Receptors (PRRs),LOC126266760,peptidoglycan recognition protein-like,peptidoglycan recognition protein-like,protein_coding,NC_064923.1,Chromosome4,assembled-molecule,4,Chromosome,Nuclear chromosome,control_diet83_vs33,Control: diet 83 vs 33,Diet comparison among controls,"83
vs
33",2,1,Control diet 83,Control diet 33,cont83 vs cont33_log2FC,cont83 vs cont33_padj,FALSE,Placed/host-assigned,393.7333185443843,0.09535555081816244,0.3837217300691215,0.24850182657361003,0.8037461569939899,0.9999697606274288,FALSE,0.09535555081816244,N.S.,Not significant,TRUE,,,N.S.
Immune,Innate Immune Recognition & Signaling,Pattern Recognition Receptors (PRRs),LOC126266760,peptidoglycan recognition protein-like,peptidoglycan recognition protein-like,protein_coding,NC_064923.1,Chromosome4,assembled-molecule,4,Chromosome,Nuclear chromosome,control_diet83_vs50,Control: diet 83 vs 50,Diet comparison among controls,"83
vs
50",3,1,Control diet 83,Control diet 50,cont83 vs cont50_log2FC,cont83 vs cont50_padj,FALSE,Placed/host-assigned,393.7333185443843,0.23585149812525097,0.3990720677497495,0.5909997646669397,0.5545205786369107,0.9989643578317658,FALSE,0.23585149812525097,N.S.,Not significant,TRUE,,,N.S.
Immune,Innate Immune Recognition & Signaling,Pattern Recognition Receptors (PRRs),LOC126266760,peptidoglycan recognition protein-like,peptidoglycan recognition protein-like,protein_coding,NC_064923.1,Chromosome4,assembled-molecule,4,Chromosome,Nuclear chromosome,infected_diet33_vs50,Infected: diet 50 vs 33,Diet comparison among infected,"50
vs
33",1,-1,Infected diet 50,Infected diet 33,inf33 vs inf50_log2FC,inf33 vs inf50_padj,TRUE,Placed/host-assigned,393.7333185443843,-0.604096650676144,0.33424659092284387,-1.8073382558914155,0.07070955464971251,0.5581165545390441,FALSE,0.604096650676144,N.S.,Not significant,TRUE,,,N.S.
Immune,Innate Immune Recognition & Signaling,Pattern Recognition Receptors (PRRs),LOC126266760,peptidoglycan recognition protein-like,peptidoglycan recognition protein-like,protein_coding,NC_064923.1,Chromosome4,assembled-molecule,4,Chromosome,Nuclear chromosome,infected_diet83_vs33,Infected: diet 83 vs 33,Diet comparison among infected,"83
vs
33",2,1,Infected diet 83,Infected diet 33,inf83 vs inf33_log2FC,inf83 vs inf33_padj,TRUE,Placed/host-assigned,393.7333185443843,0.05768067683864149,0.3742203490083856,0.15413559682546543,0.8775028214359758,0.9720421781300898,FALSE,0.05768067683864149,N.S.,Not significant,TRUE,,,N.S.
Immune,Innate Immune Recognition & Signaling,Pattern Recognition Receptors (PRRs),LOC126266760,peptidoglycan recognition protein-like,peptidoglycan recognition protein-like,protein_coding,NC_064923.1,Chromosome4,assembled-molecule,4,Chromosome,Nuclear chromosome,infected_diet83_vs50,Infected: diet 83 vs 50,Diet comparison among infected,"83
vs
50",3,1,Infected diet 83,Infected diet 50,inf83 vs inf50_log2FC,inf83 vs inf50_padj,TRUE,Placed/host-assigned,393.7333185443843,-0.5464159738375025,0.374257811290111,-1.4599988493331426,0.144290390173368,0.6747127917779797,FALSE,-0.5464159738375025,N.S.,Not significant,TRUE,,,N.S.
Immune,Innate Immune Recognition & Signaling,Pattern Recognition Receptors (PRRs),LOC126266760,peptidoglycan recognition protein-like,peptidoglycan recognition protein-like,protein_coding,NC_064923.1,Chromosome4,assembled-molecule,4,Chromosome,Nuclear chromosome,infection_diet33,Diet 33: infected vs control,Within-diet infection response,33,1,1,Infected diet 33,Control diet 33,Diet 33 log2FC,Diet 33 padj,TRUE,Placed/host-assigned,393.7333185443843,1.8881310434676424,0.359642920975301,5.25001587226379,1.5208610523968546e-7,1.2893414399619192e-5,TRUE,1.8881310434676424,Upregulated,Infected diet 33,TRUE,,,N.S.
Immune,Innate Immune Recognition & Signaling,Pattern Recognition Receptors (PRRs),LOC126266760,peptidoglycan recognition protein-like,peptidoglycan recognition protein-like,protein_coding,NC_064923.1,Chromosome4,assembled-molecule,4,Chromosome,Nuclear chromosome,infection_diet50,Diet 50: infected vs control,Within-diet infection response,50,2,1,Infected diet 50,Control diet 50,Diet 50 log2FC,Diet 50 padj,TRUE,Placed/host-assigned,393.7333185443843,2.6327236414508746,0.3760149191696704,7.001646762486311,2.5297124095457607e-12,7.94442128260015e-10,TRUE,2.6327236414508746,Upregulated,Infected diet 50,TRUE,,,N.S.
Immune,Innate Immune Recognition & Signaling,Pattern Recognition Receptors (PRRs),LOC126266760,peptidoglycan recognition protein-like,peptidoglycan recognition protein-like,protein_coding,NC_064923.1,Chromosome4,assembled-molecule,4,Chromosome,Nuclear chromosome,infection_diet83,Diet 83: infected vs control,Within-diet infection response,83,3,1,Infected diet 83,Control diet 83,Diet 83 log2FC,Diet 83 padj,TRUE,Placed/host-assigned,393.7333185443843,1.8504561694881212,0.39741691601082,4.656208870177386,3.220851832259423e-6,2.0975612024649848e-4,TRUE,1.8504561694881212,Upregulated,Infected diet 83,TRUE,,,N.S.
Immune,Innate Immune Recognition & Signaling,Pattern Recognition Receptors (PRRs),LOC126267215,peptidoglycan recognition protein 1-like,peptidoglycan recognition protein 1-like,protein_coding,NC_064923.1,Chromosome4,assembled-molecule,4,Chromosome,Nuclear chromosome,control_diet33_vs50,Control: diet 50 vs 33,Diet comparison among controls,"50
vs
33",1,-1,Control diet 50,Control diet 33,cont33 vs cont50_log2FC,cont33 vs cont50_padj,FALSE,Placed/host-assigned,454.20126239221014,0.362704446133091,0.7448671809792202,0.48693841720381753,0.6263019730215941,1,FALSE,-0.362704446133091,N.S.,Not significant,TRUE,,,N.S.
Immune,Innate Immune Recognition & Signaling,Pattern Recognition Receptors (PRRs),LOC126267215,peptidoglycan recognition protein 1-like,peptidoglycan recognition protein 1-like,protein_coding,NC_064923.1,Chromosome4,assembled-molecule,4,Chromosome,Nuclear chromosome,control_diet83_vs33,Control: diet 83 vs 33,Diet comparison among controls,"83
vs
33",2,1,Control diet 83,Control diet 33,cont83 vs cont33_log2FC,cont83 vs cont33_padj,FALSE,Placed/host-assigned,454.20126239221014,0.7010877488122612,0.7127087203938685,0.9836946409534808,0.32526567556939967,0.9999697606274288,FALSE,0.7010877488122612,N.S.,Not significant,TRUE,,,N.S.
Immune,Innate Immune Recognition & Signaling,Pattern Recognition Receptors (PRRs),LOC126267215,peptidoglycan recognition protein 1-like,peptidoglycan recognition protein 1-like,protein_coding,NC_064923.1,Chromosome4,assembled-molecule,4,Chromosome,Nuclear chromosome,control_diet83_vs50,Control: diet 83 vs 50,Diet comparison among controls,"83
vs
50",3,1,Control diet 83,Control diet 50,cont83 vs cont50_log2FC,cont83 vs cont50_padj,FALSE,Placed/host-assigned,454.20126239221014,1.0637921949453522,0.7426835426225539,1.432362687328312,0.15204005119794103,0.932970040611942,FALSE,1.0637921949453522,N.S.,Not significant,TRUE,,,N.S.
Immune,Innate Immune Recognition & Signaling,Pattern Recognition Receptors (PRRs),LOC126267215,peptidoglycan recognition protein 1-like,peptidoglycan recognition protein 1-like,protein_coding,NC_064923.1,Chromosome4,assembled-molecule,4,Chromosome,Nuclear chromosome,infected_diet33_vs50,Infected: diet 50 vs 33,Diet comparison among infected,"50
vs
33",1,-1,Infected diet 50,Infected diet 33,inf33 vs inf50_log2FC,inf33 vs inf50_padj,TRUE,Placed/host-assigned,454.20126239221014,-1.0693682527236912,0.6157668298014598,-1.7366447833321663,0.08244988962850808,0.5916547051007865,FALSE,1.0693682527236912,N.S.,Not significant,TRUE,,,N.S.
Immune,Innate Immune Recognition & Signaling,Pattern Recognition Receptors (PRRs),LOC126267215,peptidoglycan recognition protein 1-like,peptidoglycan recognition protein 1-like,protein_coding,NC_064923.1,Chromosome4,assembled-molecule,4,Chromosome,Nuclear chromosome,infected_diet83_vs33,Infected: diet 83 vs 33,Diet comparison among infected,"83
vs
33",2,1,Infected diet 83,Infected diet 33,inf83 vs inf33_log2FC,inf83 vs inf33_padj,TRUE,Placed/host-assigned,454.20126239221014,1.5467476804509137,0.6883415410381569,2.2470642671341734,0.0246359201619622,0.3751698698950243,FALSE,1.5467476804509137,N.S.,Not significant,TRUE,,,N.S.
Immune,Innate Immune Recognition & Signaling,Pattern Recognition Receptors (PRRs),LOC126267215,peptidoglycan recognition protein 1-like,peptidoglycan recognition protein 1-like,protein_coding,NC_064923.1,Chromosome4,assembled-molecule,4,Chromosome,Nuclear chromosome,infected_diet83_vs50,Infected: diet 83 vs 50,Diet comparison among infected,"83
vs
50",3,1,Infected diet 83,Infected diet 50,inf83 vs inf50_log2FC,inf83 vs inf50_padj,TRUE,Placed/host-assigned,454.20126239221014,0.47737942772722247,0.6882647401488262,0.6935985528243054,0.48793400155835065,0.8875328705367749,FALSE,0.47737942772722247,N.S.,Not significant,TRUE,,,N.S.
Immune,Innate Immune Recognition & Signaling,Pattern Recognition Receptors (PRRs),LOC126267215,peptidoglycan recognition protein 1-like,peptidoglycan recognition protein 1-like,protein_coding,NC_064923.1,Chromosome4,assembled-molecule,4,Chromosome,Nuclear chromosome,infection_diet33,Diet 33: infected vs control,Within-diet infection response,33,1,1,Infected diet 33,Control diet 33,Diet 33 log2FC,Diet 33 padj,TRUE,Placed/host-assigned,454.20126239221014,4.149294992970982,0.6672617575634776,6.218391726992167,5.022763484596459e-10,1.1526376203444633e-7,TRUE,4.149294992970982,Upregulated,Infected diet 33,TRUE,,,N.S.
Immune,Innate Immune Recognition & Signaling,Pattern Recognition Receptors (PRRs),LOC126267215,peptidoglycan recognition protein 1-like,peptidoglycan recognition protein 1-like,protein_coding,NC_064923.1,Chromosome4,assembled-molecule,4,Chromosome,Nuclear chromosome,infection_diet50,Diet 50: infected vs control,Within-diet infection response,50,2,1,Infected diet 50,Control diet 50,Diet 50 log2FC,Diet 50 padj,TRUE,Placed/host-assigned,454.20126239221014,5.581367691827764,0.6991120460104869,7.983509544254143,1.422303100660869e-15,1.4357133870385284e-12,TRUE,5.581367691827764,Upregulated,Infected diet 50,TRUE,,,N.S.
Immune,Innate Immune Recognition & Signaling,Pattern Recognition Receptors (PRRs),LOC126267215,peptidoglycan recognition protein 1-like,peptidoglycan recognition protein 1-like,protein_coding,NC_064923.1,Chromosome4,assembled-molecule,4,Chromosome,Nuclear chromosome,infection_diet83,Diet 83: infected vs control,Within-diet infection response,83,3,1,Infected diet 83,Control diet 83,Diet 83 log2FC,Diet 83 padj,TRUE,Placed/host-assigned,454.20126239221014,4.994954924609634,0.7324817705155187,6.819220799302894,9.153562379095088e-12,7.670630398407936e-9,TRUE,4.994954924609634,Upregulated,Infected diet 83,TRUE,,,N.S.
Immune,Innate Immune Recognition & Signaling,Pattern Recognition Receptors (PRRs),LOC126267216,peptidoglycan recognition protein 1-like,peptidoglycan recognition protein 1-like,protein_coding,NC_064923.1,Chromosome4,assembled-molecule,4,Chromosome,Nuclear chromosome,control_diet33_vs50,Control: diet 50 vs 33,Diet comparison among controls,"50
vs
33",1,-1,Control diet 50,Control diet 33,cont33 vs cont50_log2FC,cont33 vs cont50_padj,FALSE,Placed/host-assigned,469.2082142742638,0.07807524825808519,0.7235561479742701,0.10790489235240604,0.914071136248676,1,FALSE,-0.07807524825808519,N.S.,Not significant,TRUE,,,N.S.
Immune,Innate Immune Recognition & Signaling,Pattern Recognition Receptors (PRRs),LOC126267216,peptidoglycan recognition protein 1-like,peptidoglycan recognition protein 1-like,protein_coding,NC_064923.1,Chromosome4,assembled-molecule,4,Chromosome,Nuclear chromosome,control_diet83_vs33,Control: diet 83 vs 33,Diet comparison among controls,"83
vs
33",2,1,Control diet 83,Control diet 33,cont83 vs cont33_log2FC,cont83 vs cont33_padj,FALSE,Placed/host-assigned,469.2082142742638,1.0715174662158726,0.6939553216884209,1.544072698525934,0.12257072193944991,0.9999697606274288,FALSE,1.0715174662158726,N.S.,Not significant,TRUE,,,N.S.
Immune,Innate Immune Recognition & Signaling,Pattern Recognition Receptors (PRRs),LOC126267216,peptidoglycan recognition protein 1-like,peptidoglycan recognition protein 1-like,protein_coding,NC_064923.1,Chromosome4,assembled-molecule,4,Chromosome,Nuclear chromosome,control_diet83_vs50,Control: diet 83 vs 50,Diet comparison among controls,"83
vs
50",3,1,Control diet 83,Control diet 50,cont83 vs cont50_log2FC,cont83 vs cont50_padj,FALSE,Placed/host-assigned,469.2082142742638,1.1495927144739575,0.7218202743934232,1.5926301258855746,0.11124319111685305,0.8680777343254376,FALSE,1.1495927144739575,N.S.,Not significant,TRUE,,,N.S.
Immune,Innate Immune Recognition & Signaling,Pattern Recognition Receptors (PRRs),LOC126267216,peptidoglycan recognition protein 1-like,peptidoglycan recognition protein 1-like,protein_coding,NC_064923.1,Chromosome4,assembled-molecule,4,Chromosome,Nuclear chromosome,infected_diet33_vs50,Infected: diet 50 vs 33,Diet comparison among infected,"50
vs
33",1,-1,Infected diet 50,Infected diet 33,inf33 vs inf50_log2FC,inf33 vs inf50_padj,TRUE,Placed/host-assigned,469.2082142742638,-1.845532989140256,0.606958591048186,-3.0406242145005584,0.00236088286398561,0.07746433049367298,FALSE,1.845532989140256,N.S.,Not significant,TRUE,,,N.S.
Immune,Innate Immune Recognition & Signaling,Pattern Recognition Receptors (PRRs),LOC126267216,peptidoglycan recognition protein 1-like,peptidoglycan recognition protein 1-like,protein_coding,NC_064923.1,Chromosome4,assembled-molecule,4,Chromosome,Nuclear chromosome,infected_diet83_vs33,Infected: diet 83 vs 33,Diet comparison among infected,"83
vs
33",2,1,Infected diet 83,Infected diet 33,inf83 vs inf33_log2FC,inf83 vs inf33_padj,TRUE,Placed/host-assigned,469.2082142742638,1.4944820244005472,0.6786584269116285,2.2021122336924157,0.02765738153505948,0.3883365750555307,FALSE,1.4944820244005472,N.S.,Not significant,TRUE,,,N.S.
Immune,Innate Immune Recognition & Signaling,Pattern Recognition Receptors (PRRs),LOC126267216,peptidoglycan recognition protein 1-like,peptidoglycan recognition protein 1-like,protein_coding,NC_064923.1,Chromosome4,assembled-molecule,4,Chromosome,Nuclear chromosome,infected_diet83_vs50,Infected: diet 83 vs 50,Diet comparison among infected,"83
vs
50",3,1,Infected diet 83,Infected diet 50,inf83 vs inf50_log2FC,inf83 vs inf50_padj,TRUE,Placed/host-assigned,469.2082142742638,-0.3510509647397087,0.6784108657703618,-0.5174607047914492,0.6048345929253538,0.9261323356737956,FALSE,-0.3510509647397087,N.S.,Not significant,TRUE,,,N.S.
Immune,Innate Immune Recognition & Signaling,Pattern Recognition Receptors (PRRs),LOC126267216,peptidoglycan recognition protein 1-like,peptidoglycan recognition protein 1-like,protein_coding,NC_064923.1,Chromosome4,assembled-molecule,4,Chromosome,Nuclear chromosome,infection_diet33,Diet 33: infected vs control,Within-diet infection response,33,1,1,Infected diet 33,Control diet 33,Diet 33 log2FC,Diet 33 padj,TRUE,Placed/host-assigned,469.2082142742638,2.657293349900493,0.6529998729386248,4.0693627365380065,4.7141903393972586e-5,0.00133501858334845,TRUE,2.657293349900493,Upregulated,Infected diet 33,TRUE,,,N.S.
Immune,Innate Immune Recognition & Signaling,Pattern Recognition Receptors (PRRs),LOC126267216,peptidoglycan recognition protein 1-like,peptidoglycan recognition protein 1-like,protein_coding,NC_064923.1,Chromosome4,assembled-molecule,4,Chromosome,Nuclear chromosome,infection_diet50,Diet 50: infected vs control,Within-diet infection response,50,2,1,Infected diet 50,Control diet 50,Diet 50 log2FC,Diet 50 padj,TRUE,Placed/host-assigned,469.2082142742638,4.580901587298834,0.6822927498227597,6.713982507492308,1.8938302248940335e-11,4.1818138653441375e-9,TRUE,4.580901587298834,Upregulated,Infected diet 50,TRUE,,,N.S.
Immune,Innate Immune Recognition & Signaling,Pattern Recognition Receptors (PRRs),LOC126267216,peptidoglycan recognition protein 1-like,peptidoglycan recognition protein 1-like,protein_coding,NC_064923.1,Chromosome4,assembled-molecule,4,Chromosome,Nuclear chromosome,infection_diet83,Diet 83: infected vs control,Within-diet infection response,83,3,1,Infected diet 83,Control diet 83,Diet 83 log2FC,Diet 83 padj,TRUE,Placed/host-assigned,469.2082142742638,3.080257908085168,0.7181520833778773,4.289144290436317,1.793628246425502e-5,7.624047753663301e-4,TRUE,3.080257908085168,Upregulated,Infected diet 83,TRUE,,,N.S.
Immune,Innate Immune Recognition & Signaling,Pattern Recognition Receptors (PRRs),LOC126268068,peptidoglycan recognition protein 1-like,peptidoglycan recognition protein 1-like,protein_coding,NC_064923.1,Chromosome4,assembled-molecule,4,Chromosome,Nuclear chromosome,control_diet33_vs50,Control: diet 50 vs 33,Diet comparison among controls,"50
vs
33",1,-1,Control diet 50,Control diet 33,cont33 vs cont50_log2FC,cont33 vs cont50_padj,FALSE,Placed/host-assigned,705.4067385635973,0.27722463344490567,0.41780182759766726,0.663531404443415,0.5069902732157142,1,FALSE,-0.27722463344490567,N.S.,Not significant,TRUE,,,N.S.
Immune,Innate Immune Recognition & Signaling,Pattern Recognition Receptors (PRRs),LOC126268068,peptidoglycan recognition protein 1-like,peptidoglycan recognition protein 1-like,protein_coding,NC_064923.1,Chromosome4,assembled-molecule,4,Chromosome,Nuclear chromosome,control_diet83_vs33,Control: diet 83 vs 33,Diet comparison among controls,"83
vs
33",2,1,Control diet 83,Control diet 33,cont83 vs cont33_log2FC,cont83 vs cont33_padj,FALSE,Placed/host-assigned,705.4067385635973,0.43802512134968113,0.40121503333373554,1.091746532302359,0.2749445261466202,0.9999697606274288,FALSE,0.43802512134968113,N.S.,Not significant,TRUE,,,N.S.
Immune,Innate Immune Recognition & Signaling,Pattern Recognition Receptors (PRRs),LOC126268068,peptidoglycan recognition protein 1-like,peptidoglycan recognition protein 1-like,protein_coding,NC_064923.1,Chromosome4,assembled-molecule,4,Chromosome,Nuclear chromosome,control_diet83_vs50,Control: diet 83 vs 50,Diet comparison among controls,"83
vs
50",3,1,Control diet 83,Control diet 50,cont83 vs cont50_log2FC,cont83 vs cont50_padj,FALSE,Placed/host-assigned,705.4067385635973,0.7152497547945869,0.41760138015691495,1.712757162167016,0.08675722406202524,0.8187970367439543,FALSE,0.7152497547945869,N.S.,Not significant,TRUE,,,N.S.
Immune,Innate Immune Recognition & Signaling,Pattern Recognition Receptors (PRRs),LOC126268068,peptidoglycan recognition protein 1-like,peptidoglycan recognition protein 1-like,protein_coding,NC_064923.1,Chromosome4,assembled-molecule,4,Chromosome,Nuclear chromosome,infected_diet33_vs50,Infected: diet 50 vs 33,Diet comparison among infected,"50
vs
33",1,-1,Infected diet 50,Infected diet 33,inf33 vs inf50_log2FC,inf33 vs inf50_padj,TRUE,Placed/host-assigned,705.4067385635973,-0.4372854397729925,0.3517406727057778,-1.2432040810326497,0.2137926392408029,0.7767011074687551,FALSE,0.4372854397729925,N.S.,Not significant,TRUE,,,N.S.
Immune,Innate Immune Recognition & Signaling,Pattern Recognition Receptors (PRRs),LOC126268068,peptidoglycan recognition protein 1-like,peptidoglycan recognition protein 1-like,protein_coding,NC_064923.1,Chromosome4,assembled-molecule,4,Chromosome,Nuclear chromosome,infected_diet83_vs33,Infected: diet 83 vs 33,Diet comparison among infected,"83
vs
33",2,1,Infected diet 83,Infected diet 33,inf83 vs inf33_log2FC,inf83 vs inf33_padj,TRUE,Placed/host-assigned,705.4067385635973,0.1875179938013095,0.393419638724998,0.47663607848612094,0.6336212877320633,0.9024880210440008,FALSE,0.1875179938013095,N.S.,Not significant,TRUE,,,N.S.
Immune,Innate Immune Recognition & Signaling,Pattern Recognition Receptors (PRRs),LOC126268068,peptidoglycan recognition protein 1-like,peptidoglycan recognition protein 1-like,protein_coding,NC_064923.1,Chromosome4,assembled-molecule,4,Chromosome,Nuclear chromosome,infected_diet83_vs50,Infected: diet 83 vs 50,Diet comparison among infected,"83
vs
50",3,1,Infected diet 83,Infected diet 50,inf83 vs inf50_log2FC,inf83 vs inf50_padj,TRUE,Placed/host-assigned,705.4067385635973,-0.24976744597168304,0.3934756660187024,-0.6347722808347981,0.5255769441991951,0.9004374803968817,FALSE,-0.24976744597168304,N.S.,Not significant,TRUE,,,N.S.
Immune,Innate Immune Recognition & Signaling,Pattern Recognition Receptors (PRRs),LOC126268068,peptidoglycan recognition protein 1-like,peptidoglycan recognition protein 1-like,protein_coding,NC_064923.1,Chromosome4,assembled-molecule,4,Chromosome,Nuclear chromosome,infection_diet33,Diet 33: infected vs control,Within-diet infection response,33,1,1,Infected diet 33,Control diet 33,Diet 33 log2FC,Diet 33 padj,TRUE,Placed/host-assigned,705.4067385635973,2.0456784292433716,0.3773714156034747,5.420862165651891,5.931227963145537e-8,6.16918563885009e-6,TRUE,2.0456784292433716,Upregulated,Infected diet 33,TRUE,,,N.S.
Immune,Innate Immune Recognition & Signaling,Pattern Recognition Receptors (PRRs),LOC126268068,peptidoglycan recognition protein 1-like,peptidoglycan recognition protein 1-like,protein_coding,NC_064923.1,Chromosome4,assembled-molecule,4,Chromosome,Nuclear chromosome,infection_diet50,Diet 50: infected vs control,Within-diet infection response,50,2,1,Infected diet 50,Control diet 50,Diet 50 log2FC,Diet 50 padj,TRUE,Placed/host-assigned,705.4067385635973,2.76018850246127,0.3948046132771166,6.991277228373902,2.7239489026971146e-12,8.368444759329482e-10,TRUE,2.76018850246127,Upregulated,Infected diet 50,TRUE,,,N.S.
Immune,Innate Immune Recognition & Signaling,Pattern Recognition Receptors (PRRs),LOC126268068,peptidoglycan recognition protein 1-like,peptidoglycan recognition protein 1-like,protein_coding,NC_064923.1,Chromosome4,assembled-molecule,4,Chromosome,Nuclear chromosome,infection_diet83,Diet 83: infected vs control,Within-diet infection response,83,3,1,Infected diet 83,Control diet 83,Diet 83 log2FC,Diet 83 padj,TRUE,Placed/host-assigned,705.4067385635973,1.7951713016949995,0.4163452050797848,4.311737663343544,1.6197654460043367e-5,7.06497693917694e-4,TRUE,1.7951713016949995,Upregulated,Infected diet 83,TRUE,,,N.S.
Immune,Innate Immune Recognition & Signaling,Pattern Recognition Receptors (PRRs),LOC126284543,scavenger receptor class B member 1-like,scavenger receptor class B member 1-like,protein_coding,NC_064927.1,Chromosome8,assembled-molecule,8,Chromosome,Nuclear chromosome,control_diet33_vs50,Control: diet 50 vs 33,Diet comparison among controls,"50
vs
33",1,-1,Control diet 50,Control diet 33,cont33 vs cont50_log2FC,cont33 vs cont50_padj,FALSE,Placed/host-assigned,120.93533053548444,0.1442934094785547,0.5862495037561144,0.24612969146082583,0.805581839455449,1,FALSE,-0.1442934094785547,N.S.,Not significant,TRUE,,,N.S.
Immune,Innate Immune Recognition & Signaling,Pattern Recognition Receptors (PRRs),LOC126284543,scavenger receptor class B member 1-like,scavenger receptor class B member 1-like,protein_coding,NC_064927.1,Chromosome8,assembled-molecule,8,Chromosome,Nuclear chromosome,control_diet83_vs33,Control: diet 83 vs 33,Diet comparison among controls,"83
vs
33",2,1,Control diet 83,Control diet 33,cont83 vs cont33_log2FC,cont83 vs cont33_padj,FALSE,Placed/host-assigned,120.93533053548444,-0.05981828205173532,0.5646476989146849,-0.10593912304382476,0.9156306530096436,0.9999697606274288,FALSE,-0.05981828205173532,N.S.,Not significant,TRUE,,,N.S.
Immune,Innate Immune Recognition & Signaling,Pattern Recognition Receptors (PRRs),LOC126284543,scavenger receptor class B member 1-like,scavenger receptor class B member 1-like,protein_coding,NC_064927.1,Chromosome8,assembled-molecule,8,Chromosome,Nuclear chromosome,control_diet83_vs50,Control: diet 83 vs 50,Diet comparison among controls,"83
vs
50",3,1,Control diet 83,Control diet 50,cont83 vs cont50_log2FC,cont83 vs cont50_padj,FALSE,Placed/host-assigned,120.93533053548444,0.08447512742681938,0.5872093124102632,0.14385863037505692,0.8856121039795639,0.9993806165316672,FALSE,0.08447512742681938,N.S.,Not significant,TRUE,,,N.S.
Immune,Innate Immune Recognition & Signaling,Pattern Recognition Receptors (PRRs),LOC126284543,scavenger receptor class B member 1-like,scavenger receptor class B member 1-like,protein_coding,NC_064927.1,Chromosome8,assembled-molecule,8,Chromosome,Nuclear chromosome,infected_diet33_vs50,Infected: diet 50 vs 33,Diet comparison among infected,"50
vs
33",1,-1,Infected diet 50,Infected diet 33,inf33 vs inf50_log2FC,inf33 vs inf50_padj,TRUE,Placed/host-assigned,120.93533053548444,-0.9397185730769616,0.4931552907871231,-1.905522642932778,0.05671216697573698,0.5061616794996132,FALSE,0.9397185730769616,N.S.,Not significant,TRUE,,,N.S.
Immune,Innate Immune Recognition & Signaling,Pattern Recognition Receptors (PRRs),LOC126284543,scavenger receptor class B member 1-like,scavenger receptor class B member 1-like,protein_coding,NC_064927.1,Chromosome8,assembled-molecule,8,Chromosome,Nuclear chromosome,infected_diet83_vs33,Infected: diet 83 vs 33,Diet comparison among infected,"83
vs
33",2,1,Infected diet 83,Infected diet 33,inf83 vs inf33_log2FC,inf83 vs inf33_padj,TRUE,Placed/host-assigned,120.93533053548444,0.9701823552637364,0.5514548505402073,1.7593142109700224,0.07852415416400854,0.5411177167602339,FALSE,0.9701823552637364,N.S.,Not significant,TRUE,,,N.S.
Immune,Innate Immune Recognition & Signaling,Pattern Recognition Receptors (PRRs),LOC126284543,scavenger receptor class B member 1-like,scavenger receptor class B member 1-like,protein_coding,NC_064927.1,Chromosome8,assembled-molecule,8,Chromosome,Nuclear chromosome,infected_diet83_vs50,Infected: diet 83 vs 50,Diet comparison among infected,"83
vs
50",3,1,Infected diet 83,Infected diet 50,inf83 vs inf50_log2FC,inf83 vs inf50_padj,TRUE,Placed/host-assigned,120.93533053548444,0.03046378218677481,0.5511923122759044,0.05526888076683821,0.9559242538084451,0.9908323416230956,FALSE,0.03046378218677481,N.S.,Not significant,TRUE,,,N.S.
Immune,Innate Immune Recognition & Signaling,Pattern Recognition Receptors (PRRs),LOC126284543,scavenger receptor class B member 1-like,scavenger receptor class B member 1-like,protein_coding,NC_064927.1,Chromosome8,assembled-molecule,8,Chromosome,Nuclear chromosome,infection_diet33,Diet 33: infected vs control,Within-diet infection response,33,1,1,Infected diet 33,Control diet 33,Diet 33 log2FC,Diet 33 padj,TRUE,Placed/host-assigned,120.93533053548444,0.7589297275868401,0.5297132978631937,1.4327179073062368,0.15193846983782758,0.3527464269891822,FALSE,0.7589297275868401,N.S.,Not significant,TRUE,,,N.S.
Immune,Innate Immune Recognition & Signaling,Pattern Recognition Receptors (PRRs),LOC126284543,scavenger receptor class B member 1-like,scavenger receptor class B member 1-like,protein_coding,NC_064927.1,Chromosome8,assembled-molecule,8,Chromosome,Nuclear chromosome,infection_diet50,Diet 50: infected vs control,Within-diet infection response,50,2,1,Infected diet 50,Control diet 50,Diet 50 log2FC,Diet 50 padj,TRUE,Placed/host-assigned,120.93533053548444,1.842941710142356,0.5534387441736635,3.329983181596805,8.685122989099193e-4,0.00775841707218393,TRUE,1.842941710142356,Upregulated,Infected diet 50,TRUE,,,N.S.
Immune,Innate Immune Recognition & Signaling,Pattern Recognition Receptors (PRRs),LOC126284543,scavenger receptor class B member 1-like,scavenger receptor class B member 1-like,protein_coding,NC_064927.1,Chromosome8,assembled-molecule,8,Chromosome,Nuclear chromosome,infection_diet83,Diet 83: infected vs control,Within-diet infection response,83,3,1,Infected diet 83,Control diet 83,Diet 83 log2FC,Diet 83 padj,TRUE,Placed/host-assigned,120.93533053548444,1.7889303649023118,0.5850925551918008,3.0575168817792897,0.00223179069878749,0.02501163057515061,TRUE,1.7889303649023118,Upregulated,Infected diet 83,TRUE,,,N.S.
Immune,Innate Immune Recognition & Signaling,Pattern Recognition Receptors (PRRs),LOC126315431,endoplasmic reticulum lectin 1-like,endoplasmic reticulum lectin 1-like,protein_coding,NW_026061960.1,ptg000569l,unplaced-scaffold,na,na,Unplaced scaffold,control_diet33_vs50,Control: diet 50 vs 33,Diet comparison among controls,"50
vs
33",1,-1,Control diet 50,Control diet 33,cont33 vs cont50_log2FC,cont33 vs cont50_padj,FALSE,Unplaced scaffold,4.5371537357007545,-1.9768518053733393,2.46574457003972,-0.8017261112092786,0.42271140817175423,0.471617913146637,FALSE,1.9768518053733393,N.S.,Not significant,FALSE,,,N.S.
Immune,Innate Immune Recognition & Signaling,Pattern Recognition Receptors (PRRs),LOC126315431,endoplasmic reticulum lectin 1-like,endoplasmic reticulum lectin 1-like,protein_coding,NW_026061960.1,ptg000569l,unplaced-scaffold,na,na,Unplaced scaffold,control_diet83_vs33,Control: diet 83 vs 33,Diet comparison among controls,"83
vs
33",2,1,Control diet 83,Control diet 33,cont83 vs cont33_log2FC,cont83 vs cont33_padj,FALSE,Unplaced scaffold,4.5371537357007545,-2.2127939997694313,2.446399283352795,-0.904510565722858,0.365724734409438,0.9930597908525568,FALSE,-2.2127939997694313,N.S.,Not significant,FALSE,,,N.S.
Immune,Innate Immune Recognition & Signaling,Pattern Recognition Receptors (PRRs),LOC126315431,endoplasmic reticulum lectin 1-like,endoplasmic reticulum lectin 1-like,protein_coding,NW_026061960.1,ptg000569l,unplaced-scaffold,na,na,Unplaced scaffold,control_diet83_vs50,Control: diet 83 vs 50,Diet comparison among controls,"83
vs
50",3,1,Control diet 83,Control diet 50,cont83 vs cont50_log2FC,cont83 vs cont50_padj,FALSE,Unplaced scaffold,4.5371537357007545,-4.189645805142771,2.526785762055655,-1.6580930081441905,0.09729869493076886,0.26338736786134126,FALSE,-4.189645805142771,N.S.,Not significant,FALSE,,,N.S.
Immune,Innate Immune Recognition & Signaling,Pattern Recognition Receptors (PRRs),LOC126315431,endoplasmic reticulum lectin 1-like,endoplasmic reticulum lectin 1-like,protein_coding,NW_026061960.1,ptg000569l,unplaced-scaffold,na,na,Unplaced scaffold,infected_diet33_vs50,Infected: diet 50 vs 33,Diet comparison among infected,"50
vs
33",1,-1,Infected diet 50,Infected diet 33,inf33 vs inf50_log2FC,inf33 vs inf50_padj,TRUE,Unplaced scaffold,4.5371537357007545,-5.3047740259670135,2.1908906890073703,-2.4212864898204733,0.01546568327721602,0.02371557187190963,TRUE,5.3047740259670135,Upregulated,Infected diet 50,FALSE,,,N.S.
Immune,Innate Immune Recognition & Signaling,Pattern Recognition Receptors (PRRs),LOC126315431,endoplasmic reticulum lectin 1-like,endoplasmic reticulum lectin 1-like,protein_coding,NW_026061960.1,ptg000569l,unplaced-scaffold,na,na,Unplaced scaffold,infected_diet83_vs33,Infected: diet 83 vs 33,Diet comparison among infected,"83
vs
33",2,1,Infected diet 83,Infected diet 33,inf83 vs inf33_log2FC,inf83 vs inf33_padj,TRUE,Unplaced scaffold,4.5371537357007545,2.738626954169062,2.5001213096452615,1.0953976287485192,0.2733424725130702,0.3147864291871346,FALSE,2.738626954169062,N.S.,Not significant,FALSE,,,N.S.
Immune,Innate Immune Recognition & Signaling,Pattern Recognition Receptors (PRRs),LOC126315431,endoplasmic reticulum lectin 1-like,endoplasmic reticulum lectin 1-like,protein_coding,NW_026061960.1,ptg000569l,unplaced-scaffold,na,na,Unplaced scaffold,infected_diet83_vs50,Infected: diet 83 vs 50,Diet comparison among infected,"83
vs
50",3,1,Infected diet 83,Infected diet 50,inf83 vs inf50_log2FC,inf83 vs inf50_padj,TRUE,Unplaced scaffold,4.5371537357007545,-2.5661470717979515,2.414905232739973,-1.0626284779243191,0.2879504671990201,0.8410735678958844,FALSE,-2.5661470717979515,N.S.,Not significant,FALSE,,,N.S.
Immune,Innate Immune Recognition & Signaling,Pattern Recognition Receptors (PRRs),LOC126315431,endoplasmic reticulum lectin 1-like,endoplasmic reticulum lectin 1-like,protein_coding,NW_026061960.1,ptg000569l,unplaced-scaffold,na,na,Unplaced scaffold,infection_diet33,Diet 33: infected vs control,Within-diet infection response,33,1,1,Infected diet 33,Control diet 33,Diet 33 log2FC,Diet 33 padj,TRUE,Unplaced scaffold,4.5371537357007545,-4.31997592458068,2.3344122110232464,-1.8505625973773925,0.06423250476015141,,FALSE,-4.31997592458068,N.S.,Not significant,FALSE,,,N.S.
Immune,Innate Immune Recognition & Signaling,Pattern Recognition Receptors (PRRs),LOC126315431,endoplasmic reticulum lectin 1-like,endoplasmic reticulum lectin 1-like,protein_coding,NW_026061960.1,ptg000569l,unplaced-scaffold,na,na,Unplaced scaffold,infection_diet50,Diet 50: infected vs control,Within-diet infection response,50,2,1,Infected diet 50,Control diet 50,Diet 50 log2FC,Diet 50 padj,TRUE,Unplaced scaffold,4.5371537357007545,-0.9920537039870052,2.330325712188129,-0.42571461096547175,0.6703158141100918,0.8540870937066172,FALSE,-0.9920537039870052,N.S.,Not significant,FALSE,,,N.S.
Immune,Innate Immune Recognition & Signaling,Pattern Recognition Receptors (PRRs),LOC126315431,endoplasmic reticulum lectin 1-like,endoplasmic reticulum lectin 1-like,protein_coding,NW_026061960.1,ptg000569l,unplaced-scaffold,na,na,Unplaced scaffold,infection_diet83,Diet 83: infected vs control,Within-diet infection response,83,3,1,Infected diet 83,Control diet 83,Diet 83 log2FC,Diet 83 padj,TRUE,Unplaced scaffold,4.5371537357007545,0.6314450293578137,2.6049943657438046,0.24239784840283793,0.8084719014002811,1,FALSE,0.6314450293578137,N.S.,Not significant,FALSE,,,N.S.
Immune,Innate Immune Recognition & Signaling,Post-Translational Regulation & Feedback Control,LOC126278049,cytokine-inducible SH2-containing protein-like,cytokine-inducible SH2-containing protein-like,protein_coding,NC_064925.1,Chromosome6,assembled-molecule,6,Chromosome,Nuclear chromosome,control_diet33_vs50,Control: diet 50 vs 33,Diet comparison among controls,"50
vs
33",1,-1,Control diet 50,Control diet 33,cont33 vs cont50_log2FC,cont33 vs cont50_padj,FALSE,Placed/host-assigned,3877.610633411429,-0.0682435478558289,0.3707872037948842,-0.18405043959818135,0.8539738856622165,1,FALSE,0.0682435478558289,N.S.,Not significant,TRUE,,,N.S.
Immune,Innate Immune Recognition & Signaling,Post-Translational Regulation & Feedback Control,LOC126278049,cytokine-inducible SH2-containing protein-like,cytokine-inducible SH2-containing protein-like,protein_coding,NC_064925.1,Chromosome6,assembled-molecule,6,Chromosome,Nuclear chromosome,control_diet83_vs33,Control: diet 83 vs 33,Diet comparison among controls,"83
vs
33",2,1,Control diet 83,Control diet 33,cont83 vs cont33_log2FC,cont83 vs cont33_padj,FALSE,Placed/host-assigned,3877.610633411429,0.15399844727607157,0.3563680710279596,0.4321331224535806,0.6656446624927894,0.9999697606274288,FALSE,0.15399844727607157,N.S.,Not significant,TRUE,,,N.S.
Immune,Innate Immune Recognition & Signaling,Post-Translational Regulation & Feedback Control,LOC126278049,cytokine-inducible SH2-containing protein-like,cytokine-inducible SH2-containing protein-like,protein_coding,NC_064925.1,Chromosome6,assembled-molecule,6,Chromosome,Nuclear chromosome,control_diet83_vs50,Control: diet 83 vs 50,Diet comparison among controls,"83
vs
50",3,1,Control diet 83,Control diet 50,cont83 vs cont50_log2FC,cont83 vs cont50_padj,FALSE,Placed/host-assigned,3877.610633411429,0.08575489942024266,0.3708121076665287,0.23126240391633063,0.8171109523595773,0.9993806165316672,FALSE,0.08575489942024266,N.S.,Not significant,TRUE,,,N.S.
Immune,Innate Immune Recognition & Signaling,Post-Translational Regulation & Feedback Control,LOC126278049,cytokine-inducible SH2-containing protein-like,cytokine-inducible SH2-containing protein-like,protein_coding,NC_064925.1,Chromosome6,assembled-molecule,6,Chromosome,Nuclear chromosome,infected_diet33_vs50,Infected: diet 50 vs 33,Diet comparison among infected,"50
vs
33",1,-1,Infected diet 50,Infected diet 33,inf33 vs inf50_log2FC,inf33 vs inf50_padj,TRUE,Placed/host-assigned,3877.610633411429,-0.6544706753774566,0.3136525818805277,-2.0866101960759527,0.03692338487205374,0.41557017428050225,FALSE,0.6544706753774566,N.S.,Not significant,TRUE,,,N.S.
Immune,Innate Immune Recognition & Signaling,Post-Translational Regulation & Feedback Control,LOC126278049,cytokine-inducible SH2-containing protein-like,cytokine-inducible SH2-containing protein-like,protein_coding,NC_064925.1,Chromosome6,assembled-molecule,6,Chromosome,Nuclear chromosome,infected_diet83_vs33,Infected: diet 83 vs 33,Diet comparison among infected,"83
vs
33",2,1,Infected diet 83,Infected diet 33,inf83 vs inf33_log2FC,inf83 vs inf33_padj,TRUE,Placed/host-assigned,3877.610633411429,0.173228341558664,0.35072169483659177,0.4939196636791304,0.6213629168125248,0.8994280576395008,FALSE,0.173228341558664,N.S.,Not significant,TRUE,,,N.S.
Immune,Innate Immune Recognition & Signaling,Post-Translational Regulation & Feedback Control,LOC126278049,cytokine-inducible SH2-containing protein-like,cytokine-inducible SH2-containing protein-like,protein_coding,NC_064925.1,Chromosome6,assembled-molecule,6,Chromosome,Nuclear chromosome,infected_diet83_vs50,Infected: diet 83 vs 50,Diet comparison among infected,"83
vs
50",3,1,Infected diet 83,Infected diet 50,inf83 vs inf50_log2FC,inf83 vs inf50_padj,TRUE,Placed/host-assigned,3877.610633411429,-0.48124233381879267,0.3507238226106649,-1.372140421590395,0.17001972813373734,0.7111567954705625,FALSE,-0.48124233381879267,N.S.,Not significant,TRUE,,,N.S.
Immune,Innate Immune Recognition & Signaling,Post-Translational Regulation & Feedback Control,LOC126278049,cytokine-inducible SH2-containing protein-like,cytokine-inducible SH2-containing protein-like,protein_coding,NC_064925.1,Chromosome6,assembled-molecule,6,Chromosome,Nuclear chromosome,infection_diet33,Diet 33: infected vs control,Within-diet infection response,33,1,1,Infected diet 33,Control diet 33,Diet 33 log2FC,Diet 33 padj,TRUE,Placed/host-assigned,3877.610633411429,2.290263845052986,0.3356755747420863,6.82284925500669,8.92522998215003e-12,3.394137458926197e-9,TRUE,2.290263845052986,Upregulated,Infected diet 33,TRUE,,,N.S.
Immune,Innate Immune Recognition & Signaling,Post-Translational Regulation & Feedback Control,LOC126278049,cytokine-inducible SH2-containing protein-like,cytokine-inducible SH2-containing protein-like,protein_coding,NC_064925.1,Chromosome6,assembled-molecule,6,Chromosome,Nuclear chromosome,infection_diet50,Diet 50: infected vs control,Within-diet infection response,50,2,1,Infected diet 50,Control diet 50,Diet 50 log2FC,Diet 50 padj,TRUE,Placed/host-assigned,3877.610633411429,2.8764909725746137,0.35097435966167123,8.195729669105928,2.490775505377458e-16,3.199967221999476e-13,TRUE,2.8764909725746137,Upregulated,Infected diet 50,TRUE,,,N.S.
Immune,Innate Immune Recognition & Signaling,Post-Translational Regulation & Feedback Control,LOC126278049,cytokine-inducible SH2-containing protein-like,cytokine-inducible SH2-containing protein-like,protein_coding,NC_064925.1,Chromosome6,assembled-molecule,6,Chromosome,Nuclear chromosome,infection_diet83,Diet 83: infected vs control,Within-diet infection response,83,3,1,Infected diet 83,Control diet 83,Diet 83 log2FC,Diet 83 padj,TRUE,Placed/host-assigned,3877.610633411429,2.3094937393355783,0.3705749826942049,6.232190102377611,4.5995882162519365e-10,2.3214778811454418e-7,TRUE,2.3094937393355783,Upregulated,Infected diet 83,TRUE,,,N.S.
Immune,Innate Immune Recognition & Signaling,Post-Translational Regulation & Feedback Control,LOC126284375,ankyrin repeat and SOCS box protein 14-like,ankyrin repeat and SOCS box protein 14-like,protein_coding,NC_064927.1,Chromosome8,assembled-molecule,8,Chromosome,Nuclear chromosome,control_diet33_vs50,Control: diet 50 vs 33,Diet comparison among controls,"50
vs
33",1,-1,Control diet 50,Control diet 33,cont33 vs cont50_log2FC,cont33 vs cont50_padj,FALSE,,,,,,,,FALSE,,N.S.,Not significant,TRUE,,,N.S.
Immune,Innate Immune Recognition & Signaling,Post-Translational Regulation & Feedback Control,LOC126284375,ankyrin repeat and SOCS box protein 14-like,ankyrin repeat and SOCS box protein 14-like,protein_coding,NC_064927.1,Chromosome8,assembled-molecule,8,Chromosome,Nuclear chromosome,control_diet83_vs33,Control: diet 83 vs 33,Diet comparison among controls,"83
vs
33",2,1,Control diet 83,Control diet 33,cont83 vs cont33_log2FC,cont83 vs cont33_padj,FALSE,,,,,,,,FALSE,,N.S.,Not significant,TRUE,,,N.S.
Immune,Innate Immune Recognition & Signaling,Post-Translational Regulation & Feedback Control,LOC126284375,ankyrin repeat and SOCS box protein 14-like,ankyrin repeat and SOCS box protein 14-like,protein_coding,NC_064927.1,Chromosome8,assembled-molecule,8,Chromosome,Nuclear chromosome,control_diet83_vs50,Control: diet 83 vs 50,Diet comparison among controls,"83
vs
50",3,1,Control diet 83,Control diet 50,cont83 vs cont50_log2FC,cont83 vs cont50_padj,FALSE,,,,,,,,FALSE,,N.S.,Not significant,TRUE,,,N.S.
Immune,Innate Immune Recognition & Signaling,Post-Translational Regulation & Feedback Control,LOC126284375,ankyrin repeat and SOCS box protein 14-like,ankyrin repeat and SOCS box protein 14-like,protein_coding,NC_064927.1,Chromosome8,assembled-molecule,8,Chromosome,Nuclear chromosome,infected_diet33_vs50,Infected: diet 50 vs 33,Diet comparison among infected,"50
vs
33",1,-1,Infected diet 50,Infected diet 33,inf33 vs inf50_log2FC,inf33 vs inf50_padj,TRUE,,,,,,,,FALSE,,N.S.,Not significant,TRUE,,,N.S.
Immune,Innate Immune Recognition & Signaling,Post-Translational Regulation & Feedback Control,LOC126284375,ankyrin repeat and SOCS box protein 14-like,ankyrin repeat and SOCS box protein 14-like,protein_coding,NC_064927.1,Chromosome8,assembled-molecule,8,Chromosome,Nuclear chromosome,infected_diet83_vs33,Infected: diet 83 vs 33,Diet comparison among infected,"83
vs
33",2,1,Infected diet 83,Infected diet 33,inf83 vs inf33_log2FC,inf83 vs inf33_padj,TRUE,,,,,,,,FALSE,,N.S.,Not significant,TRUE,,,N.S.
Immune,Innate Immune Recognition & Signaling,Post-Translational Regulation & Feedback Control,LOC126284375,ankyrin repeat and SOCS box protein 14-like,ankyrin repeat and SOCS box protein 14-like,protein_coding,NC_064927.1,Chromosome8,assembled-molecule,8,Chromosome,Nuclear chromosome,infected_diet83_vs50,Infected: diet 83 vs 50,Diet comparison among infected,"83
vs
50",3,1,Infected diet 83,Infected diet 50,inf83 vs inf50_log2FC,inf83 vs inf50_padj,TRUE,,,,,,,,FALSE,,N.S.,Not significant,TRUE,,,N.S.
Immune,Innate Immune Recognition & Signaling,Post-Translational Regulation & Feedback Control,LOC126284375,ankyrin repeat and SOCS box protein 14-like,ankyrin repeat and SOCS box protein 14-like,protein_coding,NC_064927.1,Chromosome8,assembled-molecule,8,Chromosome,Nuclear chromosome,infection_diet33,Diet 33: infected vs control,Within-diet infection response,33,1,1,Infected diet 33,Control diet 33,Diet 33 log2FC,Diet 33 padj,TRUE,,,,,,,,FALSE,,N.S.,Not significant,TRUE,,,N.S.
Immune,Innate Immune Recognition & Signaling,Post-Translational Regulation & Feedback Control,LOC126284375,ankyrin repeat and SOCS box protein 14-like,ankyrin repeat and SOCS box protein 14-like,protein_coding,NC_064927.1,Chromosome8,assembled-molecule,8,Chromosome,Nuclear chromosome,infection_diet50,Diet 50: infected vs control,Within-diet infection response,50,2,1,Infected diet 50,Control diet 50,Diet 50 log2FC,Diet 50 padj,TRUE,,,,,,,,FALSE,,N.S.,Not significant,TRUE,,,N.S.
Immune,Innate Immune Recognition & Signaling,Post-Translational Regulation & Feedback Control,LOC126284375,ankyrin repeat and SOCS box protein 14-like,ankyrin repeat and SOCS box protein 14-like,protein_coding,NC_064927.1,Chromosome8,assembled-molecule,8,Chromosome,Nuclear chromosome,infection_diet83,Diet 83: infected vs control,Within-diet infection response,83,3,1,Infected diet 83,Control diet 83,Diet 83 log2FC,Diet 83 padj,TRUE,,,,,,,,FALSE,,N.S.,Not significant,TRUE,,,N.S.
Immune,Innate Immune Recognition & Signaling,Post-Translational Regulation & Feedback Control,LOC126295201,ankyrin repeat and SOCS box protein 16-like,ankyrin repeat and SOCS box protein 16-like,protein_coding,NC_064930.1,Chromosome11,assembled-molecule,11,Chromosome,Nuclear chromosome,control_diet33_vs50,Control: diet 50 vs 33,Diet comparison among controls,"50
vs
33",1,-1,Control diet 50,Control diet 33,cont33 vs cont50_log2FC,cont33 vs cont50_padj,FALSE,Placed/host-assigned,98.43683086568086,0.9909231547072326,0.8298517719515319,1.194096570254848,0.2324401947055456,1,FALSE,-0.9909231547072326,N.S.,Not significant,TRUE,,,N.S.
Immune,Innate Immune Recognition & Signaling,Post-Translational Regulation & Feedback Control,LOC126295201,ankyrin repeat and SOCS box protein 16-like,ankyrin repeat and SOCS box protein 16-like,protein_coding,NC_064930.1,Chromosome11,assembled-molecule,11,Chromosome,Nuclear chromosome,control_diet83_vs33,Control: diet 83 vs 33,Diet comparison among controls,"83
vs
33",2,1,Control diet 83,Control diet 33,cont83 vs cont33_log2FC,cont83 vs cont33_padj,FALSE,Placed/host-assigned,98.43683086568086,0.4936298723314278,0.7945166119673448,0.6212958481876479,0.534404984926228,0.9999697606274288,FALSE,0.4936298723314278,N.S.,Not significant,TRUE,,,N.S.
Immune,Innate Immune Recognition & Signaling,Post-Translational Regulation & Feedback Control,LOC126295201,ankyrin repeat and SOCS box protein 16-like,ankyrin repeat and SOCS box protein 16-like,protein_coding,NC_064930.1,Chromosome11,assembled-molecule,11,Chromosome,Nuclear chromosome,control_diet83_vs50,Control: diet 83 vs 50,Diet comparison among controls,"83
vs
50",3,1,Control diet 83,Control diet 50,cont83 vs cont50_log2FC,cont83 vs cont50_padj,FALSE,Placed/host-assigned,98.43683086568086,1.4845530270386604,0.8293478847893846,1.7900244930577802,0.07344997397445603,0.7793309452633752,FALSE,1.4845530270386604,N.S.,Not significant,TRUE,,,N.S.
Immune,Innate Immune Recognition & Signaling,Post-Translational Regulation & Feedback Control,LOC126295201,ankyrin repeat and SOCS box protein 16-like,ankyrin repeat and SOCS box protein 16-like,protein_coding,NC_064930.1,Chromosome11,assembled-molecule,11,Chromosome,Nuclear chromosome,infected_diet33_vs50,Infected: diet 50 vs 33,Diet comparison among infected,"50
vs
33",1,-1,Infected diet 50,Infected diet 33,inf33 vs inf50_log2FC,inf33 vs inf50_padj,TRUE,Placed/host-assigned,98.43683086568086,0.649014012783258,0.69909260558897,0.9283662959594288,0.35321759541266884,0.872234141255361,FALSE,-0.649014012783258,N.S.,Not significant,TRUE,,,N.S.
Immune,Innate Immune Recognition & Signaling,Post-Translational Regulation & Feedback Control,LOC126295201,ankyrin repeat and SOCS box protein 16-like,ankyrin repeat and SOCS box protein 16-like,protein_coding,NC_064930.1,Chromosome11,assembled-molecule,11,Chromosome,Nuclear chromosome,infected_diet83_vs33,Infected: diet 83 vs 33,Diet comparison among infected,"83
vs
33",2,1,Infected diet 83,Infected diet 33,inf83 vs inf33_log2FC,inf83 vs inf33_padj,TRUE,Placed/host-assigned,98.43683086568086,0.599476746855945,0.7799978286117416,0.7685620714135932,0.4421533289221023,0.8340202786858477,FALSE,0.599476746855945,N.S.,Not significant,TRUE,,,N.S.
Immune,Innate Immune Recognition & Signaling,Post-Translational Regulation & Feedback Control,LOC126295201,ankyrin repeat and SOCS box protein 16-like,ankyrin repeat and SOCS box protein 16-like,protein_coding,NC_064930.1,Chromosome11,assembled-molecule,11,Chromosome,Nuclear chromosome,infected_diet83_vs50,Infected: diet 83 vs 50,Diet comparison among infected,"83
vs
50",3,1,Infected diet 83,Infected diet 50,inf83 vs inf50_log2FC,inf83 vs inf50_padj,TRUE,Placed/host-assigned,98.43683086568086,1.248490759639203,0.7814873024897206,1.597582911023209,0.11013583212286109,0.6267019843884497,FALSE,1.248490759639203,N.S.,Not significant,TRUE,,,N.S.
Immune,Innate Immune Recognition & Signaling,Post-Translational Regulation & Feedback Control,LOC126295201,ankyrin repeat and SOCS box protein 16-like,ankyrin repeat and SOCS box protein 16-like,protein_coding,NC_064930.1,Chromosome11,assembled-molecule,11,Chromosome,Nuclear chromosome,infection_diet33,Diet 33: infected vs control,Within-diet infection response,33,1,1,Infected diet 33,Control diet 33,Diet 33 log2FC,Diet 33 padj,TRUE,Placed/host-assigned,98.43683086568086,1.2263442262258537,0.7478293174161086,1.6398718232431757,0.10103182054153094,0.27359787007279285,FALSE,1.2263442262258537,N.S.,Not significant,TRUE,,,N.S.
Immune,Innate Immune Recognition & Signaling,Post-Translational Regulation & Feedback Control,LOC126295201,ankyrin repeat and SOCS box protein 16-like,ankyrin repeat and SOCS box protein 16-like,protein_coding,NC_064930.1,Chromosome11,assembled-molecule,11,Chromosome,Nuclear chromosome,infection_diet50,Diet 50: infected vs control,Within-diet infection response,50,2,1,Infected diet 50,Control diet 50,Diet 50 log2FC,Diet 50 padj,TRUE,Placed/host-assigned,98.43683086568086,1.568253368149828,0.7862160940945113,1.9946848963400992,0.04607725770278945,0.12265281707587504,FALSE,1.568253368149828,N.S.,Not significant,TRUE,,,N.S.
Immune,Innate Immune Recognition & Signaling,Post-Translational Regulation & Feedback Control,LOC126295201,ankyrin repeat and SOCS box protein 16-like,ankyrin repeat and SOCS box protein 16-like,protein_coding,NC_064930.1,Chromosome11,assembled-molecule,11,Chromosome,Nuclear chromosome,infection_diet83,Diet 83: infected vs control,Within-diet infection response,83,3,1,Infected diet 83,Control diet 83,Diet 83 log2FC,Diet 83 padj,TRUE,Placed/host-assigned,98.43683086568086,1.3321911007503708,0.824866396056996,1.615038637915758,0.1063023278415761,0.2921556781519163,FALSE,1.3321911007503708,N.S.,Not significant,TRUE,,,N.S.
Immune,Innate Immune Recognition & Signaling,Post-Translational Regulation & Feedback Control,LOC126295382,ankyrin repeat and SOCS box protein 2-like,ankyrin repeat and SOCS box protein 2-like,protein_coding,NC_064930.1,Chromosome11,assembled-molecule,11,Chromosome,Nuclear chromosome,control_diet33_vs50,Control: diet 50 vs 33,Diet comparison among controls,"50
vs
33",1,-1,Control diet 50,Control diet 33,cont33 vs cont50_log2FC,cont33 vs cont50_padj,FALSE,Placed/host-assigned,42.407873161976134,-0.4442167732353937,0.49328566168303034,-0.9005264246274267,0.3678401694033725,1,FALSE,0.4442167732353937,N.S.,Not significant,TRUE,,,N.S.
Immune,Innate Immune Recognition & Signaling,Post-Translational Regulation & Feedback Control,LOC126295382,ankyrin repeat and SOCS box protein 2-like,ankyrin repeat and SOCS box protein 2-like,protein_coding,NC_064930.1,Chromosome11,assembled-molecule,11,Chromosome,Nuclear chromosome,control_diet83_vs33,Control: diet 83 vs 33,Diet comparison among controls,"83
vs
33",2,1,Control diet 83,Control diet 33,cont83 vs cont33_log2FC,cont83 vs cont33_padj,FALSE,Placed/host-assigned,42.407873161976134,0.39981081536886554,0.4761146182131157,0.839736483768084,0.40105615316227433,0.9999697606274288,FALSE,0.39981081536886554,N.S.,Not significant,TRUE,,,N.S.
Immune,Innate Immune Recognition & Signaling,Post-Translational Regulation & Feedback Control,LOC126295382,ankyrin repeat and SOCS box protein 2-like,ankyrin repeat and SOCS box protein 2-like,protein_coding,NC_064930.1,Chromosome11,assembled-molecule,11,Chromosome,Nuclear chromosome,control_diet83_vs50,Control: diet 83 vs 50,Diet comparison among controls,"83
vs
50",3,1,Control diet 83,Control diet 50,cont83 vs cont50_log2FC,cont83 vs cont50_padj,FALSE,Placed/host-assigned,42.407873161976134,-0.04440595786652816,0.4926990454223912,-0.09012795595830496,0.928185533976689,0.9993806165316672,FALSE,-0.04440595786652816,N.S.,Not significant,TRUE,,,N.S.
Immune,Innate Immune Recognition & Signaling,Post-Translational Regulation & Feedback Control,LOC126295382,ankyrin repeat and SOCS box protein 2-like,ankyrin repeat and SOCS box protein 2-like,protein_coding,NC_064930.1,Chromosome11,assembled-molecule,11,Chromosome,Nuclear chromosome,infected_diet33_vs50,Infected: diet 50 vs 33,Diet comparison among infected,"50
vs
33",1,-1,Infected diet 50,Infected diet 33,inf33 vs inf50_log2FC,inf33 vs inf50_padj,TRUE,Placed/host-assigned,42.407873161976134,0.2312517303245141,0.43431490468172873,0.5324517483321881,0.5944131524349396,0.9521227864070524,FALSE,-0.2312517303245141,N.S.,Not significant,TRUE,,,N.S.
Immune,Innate Immune Recognition & Signaling,Post-Translational Regulation & Feedback Control,LOC126295382,ankyrin repeat and SOCS box protein 2-like,ankyrin repeat and SOCS box protein 2-like,protein_coding,NC_064930.1,Chromosome11,assembled-molecule,11,Chromosome,Nuclear chromosome,infected_diet83_vs33,Infected: diet 83 vs 33,Diet comparison among infected,"83
vs
33",2,1,Infected diet 83,Infected diet 33,inf83 vs inf33_log2FC,inf83 vs inf33_padj,TRUE,Placed/host-assigned,42.407873161976134,0.9683068894418084,0.4764966949403264,2.0321376826403243,0.04213971949132027,0.4502484446497428,FALSE,0.9683068894418084,N.S.,Not significant,TRUE,,,N.S.
Immune,Innate Immune Recognition & Signaling,Post-Translational Regulation & Feedback Control,LOC126295382,ankyrin repeat and SOCS box protein 2-like,ankyrin repeat and SOCS box protein 2-like,protein_coding,NC_064930.1,Chromosome11,assembled-molecule,11,Chromosome,Nuclear chromosome,infected_diet83_vs50,Infected: diet 83 vs 50,Diet comparison among infected,"83
vs
50",3,1,Infected diet 83,Infected diet 50,inf83 vs inf50_log2FC,inf83 vs inf50_padj,TRUE,Placed/host-assigned,42.407873161976134,1.1995586197663224,0.4828976364205206,2.4840846781898795,0.0129884918445221,0.3138401657936406,FALSE,1.1995586197663224,N.S.,Not significant,TRUE,,,N.S.
Immune,Innate Immune Recognition & Signaling,Post-Translational Regulation & Feedback Control,LOC126295382,ankyrin repeat and SOCS box protein 2-like,ankyrin repeat and SOCS box protein 2-like,protein_coding,NC_064930.1,Chromosome11,assembled-molecule,11,Chromosome,Nuclear chromosome,infection_diet33,Diet 33: infected vs control,Within-diet infection response,33,1,1,Infected diet 33,Control diet 33,Diet 33 log2FC,Diet 33 padj,TRUE,Placed/host-assigned,42.407873161976134,-0.8632796478734062,0.45263226453456606,-1.907242844831448,0.05648914767124712,0.18829715890415707,FALSE,-0.8632796478734062,N.S.,Not significant,TRUE,,,N.S.
Immune,Innate Immune Recognition & Signaling,Post-Translational Regulation & Feedback Control,LOC126295382,ankyrin repeat and SOCS box protein 2-like,ankyrin repeat and SOCS box protein 2-like,protein_coding,NC_064930.1,Chromosome11,assembled-molecule,11,Chromosome,Nuclear chromosome,infection_diet50,Diet 50: infected vs control,Within-diet infection response,50,2,1,Infected diet 50,Control diet 50,Diet 50 log2FC,Diet 50 padj,TRUE,Placed/host-assigned,42.407873161976134,-1.538748151433314,0.4765335387494513,-3.229044812819244,0.00124204430535936,0.01005095837035648,TRUE,-1.538748151433314,Downregulated,Control diet 50,TRUE,,,N.S.
Immune,Innate Immune Recognition & Signaling,Post-Translational Regulation & Feedback Control,LOC126295382,ankyrin repeat and SOCS box protein 2-like,ankyrin repeat and SOCS box protein 2-like,protein_coding,NC_064930.1,Chromosome11,assembled-molecule,11,Chromosome,Nuclear chromosome,infection_diet83,Diet 83: infected vs control,Within-diet infection response,83,3,1,Infected diet 83,Control diet 83,Diet 83 log2FC,Diet 83 padj,TRUE,Placed/host-assigned,42.407873161976134,-0.2947835738004634,0.498856956519187,-0.5909180376221244,0.5545753395901984,0.7408317136864245,FALSE,-0.2947835738004634,N.S.,Not significant,TRUE,,,N.S.
Immune,Innate Immune Recognition & Signaling,Serine Protease Cascades,LOC126266641,serine protease snake-like,serine protease snake-like,protein_coding,NC_064923.1,Chromosome4,assembled-molecule,4,Chromosome,Nuclear chromosome,control_diet33_vs50,Control: diet 50 vs 33,Diet comparison among controls,"50
vs
33",1,-1,Control diet 50,Control diet 33,cont33 vs cont50_log2FC,cont33 vs cont50_padj,FALSE,Placed/host-assigned,21.667743230115885,0.2771102454499141,0.5548398212704111,0.49944188363304126,0.6174681191119771,1,FALSE,-0.2771102454499141,N.S.,Not significant,TRUE,,,N.S.
Immune,Innate Immune Recognition & Signaling,Serine Protease Cascades,LOC126266641,serine protease snake-like,serine protease snake-like,protein_coding,NC_064923.1,Chromosome4,assembled-molecule,4,Chromosome,Nuclear chromosome,control_diet83_vs33,Control: diet 83 vs 33,Diet comparison among controls,"83
vs
33",2,1,Control diet 83,Control diet 33,cont83 vs cont33_log2FC,cont83 vs cont33_padj,FALSE,Placed/host-assigned,21.667743230115885,0.7725343218705423,0.5233415526807362,1.4761570487062503,0.13990173691823704,0.9999697606274288,FALSE,0.7725343218705423,N.S.,Not significant,TRUE,,,N.S.
Immune,Innate Immune Recognition & Signaling,Serine Protease Cascades,LOC126266641,serine protease snake-like,serine protease snake-like,protein_coding,NC_064923.1,Chromosome4,assembled-molecule,4,Chromosome,Nuclear chromosome,control_diet83_vs50,Control: diet 83 vs 50,Diet comparison among controls,"83
vs
50",3,1,Control diet 83,Control diet 50,cont83 vs cont50_log2FC,cont83 vs cont50_padj,FALSE,Placed/host-assigned,21.667743230115885,1.0496445673204564,0.5479710576747169,1.915510961061633,0.05542737263281538,0.7327529787475505,FALSE,1.0496445673204564,N.S.,Not significant,TRUE,,,N.S.
Immune,Innate Immune Recognition & Signaling,Serine Protease Cascades,LOC126266641,serine protease snake-like,serine protease snake-like,protein_coding,NC_064923.1,Chromosome4,assembled-molecule,4,Chromosome,Nuclear chromosome,infected_diet33_vs50,Infected: diet 50 vs 33,Diet comparison among infected,"50
vs
33",1,-1,Infected diet 50,Infected diet 33,inf33 vs inf50_log2FC,inf33 vs inf50_padj,TRUE,Placed/host-assigned,21.667743230115885,0.18761571848801392,0.4353586953506984,0.43094515049683835,0.6665082528049059,0.961879904237242,FALSE,-0.18761571848801392,N.S.,Not significant,TRUE,,,N.S.
Immune,Innate Immune Recognition & Signaling,Serine Protease Cascades,LOC126266641,serine protease snake-like,serine protease snake-like,protein_coding,NC_064923.1,Chromosome4,assembled-molecule,4,Chromosome,Nuclear chromosome,infected_diet83_vs33,Infected: diet 83 vs 33,Diet comparison among infected,"83
vs
33",2,1,Infected diet 83,Infected diet 33,inf83 vs inf33_log2FC,inf83 vs inf33_padj,TRUE,Placed/host-assigned,21.667743230115885,-0.947807505645285,0.5014980259537641,-1.8899526151528032,0.05876429771742687,0.49856490553203286,FALSE,-0.947807505645285,N.S.,Not significant,TRUE,,,N.S.
Immune,Innate Immune Recognition & Signaling,Serine Protease Cascades,LOC126266641,serine protease snake-like,serine protease snake-like,protein_coding,NC_064923.1,Chromosome4,assembled-molecule,4,Chromosome,Nuclear chromosome,infected_diet83_vs50,Infected: diet 83 vs 50,Diet comparison among infected,"83
vs
50",3,1,Infected diet 83,Infected diet 50,inf83 vs inf50_log2FC,inf83 vs inf50_padj,TRUE,Placed/host-assigned,21.667743230115885,-0.7601917871572711,0.5057469190419553,-1.5031071046311362,0.13281142703877644,0.6594453657777073,FALSE,-0.7601917871572711,N.S.,Not significant,TRUE,,,N.S.
Immune,Innate Immune Recognition & Signaling,Serine Protease Cascades,LOC126266641,serine protease snake-like,serine protease snake-like,protein_coding,NC_064923.1,Chromosome4,assembled-molecule,4,Chromosome,Nuclear chromosome,infection_diet33,Diet 33: infected vs control,Within-diet infection response,33,1,1,Infected diet 33,Control diet 33,Diet 33 log2FC,Diet 33 padj,TRUE,Placed/host-assigned,21.667743230115885,1.9068599112679572,0.4830728959034402,3.9473543795119337,7.901955053674585e-5,0.00195492605510053,TRUE,1.9068599112679572,Upregulated,Infected diet 33,TRUE,,,N.S.
Immune,Innate Immune Recognition & Signaling,Serine Protease Cascades,LOC126266641,serine protease snake-like,serine protease snake-like,protein_coding,NC_064923.1,Chromosome4,assembled-molecule,4,Chromosome,Nuclear chromosome,infection_diet50,Diet 50: infected vs control,Within-diet infection response,50,2,1,Infected diet 50,Control diet 50,Diet 50 log2FC,Diet 50 padj,TRUE,Placed/host-assigned,21.667743230115885,1.9963544382298573,0.5138336288413867,3.8852156148894337,1.0223910951294967e-4,0.00166648569277624,TRUE,1.9963544382298573,Upregulated,Infected diet 50,TRUE,,,N.S.
Immune,Innate Immune Recognition & Signaling,Serine Protease Cascades,LOC126266641,serine protease snake-like,serine protease snake-like,protein_coding,NC_064923.1,Chromosome4,assembled-molecule,4,Chromosome,Nuclear chromosome,infection_diet83,Diet 83: infected vs control,Within-diet infection response,83,3,1,Infected diet 83,Control diet 83,Diet 83 log2FC,Diet 83 padj,TRUE,Placed/host-assigned,21.667743230115885,0.18651808375212992,0.5403954367324636,0.3451511080106888,0.7299807728383039,0.8557270526839114,FALSE,0.18651808375212992,N.S.,Not significant,TRUE,,,N.S.
Immune,Innate Immune Recognition & Signaling,Serine Protease Cascades,LOC126267442,CLIP domain-containing serine protease 14D-like,CLIP domain-containing serine protease 14D-like,protein_coding,NC_064923.1,Chromosome4,assembled-molecule,4,Chromosome,Nuclear chromosome,control_diet33_vs50,Control: diet 50 vs 33,Diet comparison among controls,"50
vs
33",1,-1,Control diet 50,Control diet 33,cont33 vs cont50_log2FC,cont33 vs cont50_padj,FALSE,Placed/host-assigned,133.32705147673585,-0.8680278794648945,0.7115020779774445,-1.2199934565650166,0.22246735543223323,1,FALSE,0.8680278794648945,N.S.,Not significant,TRUE,,,N.S.
Immune,Innate Immune Recognition & Signaling,Serine Protease Cascades,LOC126267442,CLIP domain-containing serine protease 14D-like,CLIP domain-containing serine protease 14D-like,protein_coding,NC_064923.1,Chromosome4,assembled-molecule,4,Chromosome,Nuclear chromosome,control_diet83_vs33,Control: diet 83 vs 33,Diet comparison among controls,"83
vs
33",2,1,Control diet 83,Control diet 33,cont83 vs cont33_log2FC,cont83 vs cont33_padj,FALSE,Placed/host-assigned,133.32705147673585,0.022552319673048202,0.693897748388028,0.03250092643395772,0.97407257723383,0.9999697606274288,FALSE,0.022552319673048202,N.S.,Not significant,TRUE,,,N.S.
Immune,Innate Immune Recognition & Signaling,Serine Protease Cascades,LOC126267442,CLIP domain-containing serine protease 14D-like,CLIP domain-containing serine protease 14D-like,protein_coding,NC_064923.1,Chromosome4,assembled-molecule,4,Chromosome,Nuclear chromosome,control_diet83_vs50,Control: diet 83 vs 50,Diet comparison among controls,"83
vs
50",3,1,Control diet 83,Control diet 50,cont83 vs cont50_log2FC,cont83 vs cont50_padj,FALSE,Placed/host-assigned,133.32705147673585,-0.8454755597918463,0.7139025806888537,-1.1843010274259496,0.2362939222780777,0.9880316058231016,FALSE,-0.8454755597918463,N.S.,Not significant,TRUE,,,N.S.
Immune,Innate Immune Recognition & Signaling,Serine Protease Cascades,LOC126267442,CLIP domain-containing serine protease 14D-like,CLIP domain-containing serine protease 14D-like,protein_coding,NC_064923.1,Chromosome4,assembled-molecule,4,Chromosome,Nuclear chromosome,infected_diet33_vs50,Infected: diet 50 vs 33,Diet comparison among infected,"50
vs
33",1,-1,Infected diet 50,Infected diet 33,inf33 vs inf50_log2FC,inf33 vs inf50_padj,TRUE,Placed/host-assigned,133.32705147673585,-1.244585743971724,0.5878108748630209,-2.1173234405738977,0.03423240682239913,0.3991528019531929,FALSE,1.244585743971724,N.S.,Not significant,TRUE,,,N.S.
Immune,Innate Immune Recognition & Signaling,Serine Protease Cascades,LOC126267442,CLIP domain-containing serine protease 14D-like,CLIP domain-containing serine protease 14D-like,protein_coding,NC_064923.1,Chromosome4,assembled-molecule,4,Chromosome,Nuclear chromosome,infected_diet83_vs33,Infected: diet 83 vs 33,Diet comparison among infected,"83
vs
33",2,1,Infected diet 83,Infected diet 33,inf83 vs inf33_log2FC,inf83 vs inf33_padj,TRUE,Placed/host-assigned,133.32705147673585,1.112807993233787,0.6573435830593766,1.6928863716210787,0.09047709790834615,0.5663196128337223,FALSE,1.112807993233787,N.S.,Not significant,TRUE,,,N.S.
Immune,Innate Immune Recognition & Signaling,Serine Protease Cascades,LOC126267442,CLIP domain-containing serine protease 14D-like,CLIP domain-containing serine protease 14D-like,protein_coding,NC_064923.1,Chromosome4,assembled-molecule,4,Chromosome,Nuclear chromosome,infected_diet83_vs50,Infected: diet 83 vs 50,Diet comparison among infected,"83
vs
50",3,1,Infected diet 83,Infected diet 50,inf83 vs inf50_log2FC,inf83 vs inf50_padj,TRUE,Placed/host-assigned,133.32705147673585,-0.13177775073793704,0.6569607704611653,-0.20058694013865289,0.8410215707837934,0.9732175209374498,FALSE,-0.13177775073793704,N.S.,Not significant,TRUE,,,N.S.
Immune,Innate Immune Recognition & Signaling,Serine Protease Cascades,LOC126267442,CLIP domain-containing serine protease 14D-like,CLIP domain-containing serine protease 14D-like,protein_coding,NC_064923.1,Chromosome4,assembled-molecule,4,Chromosome,Nuclear chromosome,infection_diet33,Diet 33: infected vs control,Within-diet infection response,33,1,1,Infected diet 33,Control diet 33,Diet 33 log2FC,Diet 33 padj,TRUE,Placed/host-assigned,133.32705147673585,3.0001808653877604,0.6419101005365286,4.673833396421267,2.9562917739320557e-6,1.473716985432047e-4,TRUE,3.0001808653877604,Upregulated,Infected diet 33,TRUE,,,N.S.
Immune,Innate Immune Recognition & Signaling,Serine Protease Cascades,LOC126267442,CLIP domain-containing serine protease 14D-like,CLIP domain-containing serine protease 14D-like,protein_coding,NC_064923.1,Chromosome4,assembled-molecule,4,Chromosome,Nuclear chromosome,infection_diet50,Diet 50: infected vs control,Within-diet infection response,50,2,1,Infected diet 50,Control diet 50,Diet 50 log2FC,Diet 50 padj,TRUE,Placed/host-assigned,133.32705147673585,3.37673872989459,0.6631050100871165,5.092313703754049,3.537202106431286e-7,1.7789231376543395e-5,TRUE,3.37673872989459,Upregulated,Infected diet 50,TRUE,,,N.S.
Immune,Innate Immune Recognition & Signaling,Serine Protease Cascades,LOC126267442,CLIP domain-containing serine protease 14D-like,CLIP domain-containing serine protease 14D-like,protein_coding,NC_064923.1,Chromosome4,assembled-molecule,4,Chromosome,Nuclear chromosome,infection_diet83,Diet 83: infected vs control,Within-diet infection response,83,3,1,Infected diet 83,Control diet 83,Diet 83 log2FC,Diet 83 padj,TRUE,Placed/host-assigned,133.32705147673585,4.0904365389485,0.708199191073033,5.775827748053264,7.657568294051307e-9,2.404816780700735e-6,TRUE,4.0904365389485,Upregulated,Infected diet 83,TRUE,,,N.S.
Immune,Innate Immune Recognition & Signaling,Serine Protease Cascades,LOC126267545,serine protease Hayan-like,serine protease Hayan-like,protein_coding,NC_064923.1,Chromosome4,assembled-molecule,4,Chromosome,Nuclear chromosome,control_diet33_vs50,Control: diet 50 vs 33,Diet comparison among controls,"50
vs
33",1,-1,Control diet 50,Control diet 33,cont33 vs cont50_log2FC,cont33 vs cont50_padj,FALSE,Placed/host-assigned,487.7738680740886,1.1116315448872838,1.0237416166491624,1.0858516707817314,0.27754462175519423,1,FALSE,-1.1116315448872838,N.S.,Not significant,TRUE,,,N.S.
Immune,Innate Immune Recognition & Signaling,Serine Protease Cascades,LOC126267545,serine protease Hayan-like,serine protease Hayan-like,protein_coding,NC_064923.1,Chromosome4,assembled-molecule,4,Chromosome,Nuclear chromosome,control_diet83_vs33,Control: diet 83 vs 33,Diet comparison among controls,"83
vs
33",2,1,Control diet 83,Control diet 33,cont83 vs cont33_log2FC,cont83 vs cont33_padj,FALSE,Placed/host-assigned,487.7738680740886,3.3442184175704797,0.974412898681677,3.4320342250138616,5.990719512129617e-4,0.1007867239826378,FALSE,3.3442184175704797,N.S.,Not significant,TRUE,,,N.S.
Immune,Innate Immune Recognition & Signaling,Serine Protease Cascades,LOC126267545,serine protease Hayan-like,serine protease Hayan-like,protein_coding,NC_064923.1,Chromosome4,assembled-molecule,4,Chromosome,Nuclear chromosome,control_diet83_vs50,Control: diet 83 vs 50,Diet comparison among controls,"83
vs
50",3,1,Control diet 83,Control diet 50,cont83 vs cont50_log2FC,cont83 vs cont50_padj,FALSE,Placed/host-assigned,487.7738680740886,4.455849962457763,1.0192256096276449,4.37179945280773,1.2322669029293676e-5,0.00829256946295134,TRUE,4.455849962457763,Upregulated,Control diet 83,TRUE,,,N.S.
Immune,Innate Immune Recognition & Signaling,Serine Protease Cascades,LOC126267545,serine protease Hayan-like,serine protease Hayan-like,protein_coding,NC_064923.1,Chromosome4,assembled-molecule,4,Chromosome,Nuclear chromosome,infected_diet33_vs50,Infected: diet 50 vs 33,Diet comparison among infected,"50
vs
33",1,-1,Infected diet 50,Infected diet 33,inf33 vs inf50_log2FC,inf33 vs inf50_padj,TRUE,Placed/host-assigned,487.7738680740886,-2.333358465346489,0.8546398035928988,-2.7302244238298625,0.00632912233587559,0.14900311578948705,FALSE,2.333358465346489,N.S.,Not significant,TRUE,,,N.S.
Immune,Innate Immune Recognition & Signaling,Serine Protease Cascades,LOC126267545,serine protease Hayan-like,serine protease Hayan-like,protein_coding,NC_064923.1,Chromosome4,assembled-molecule,4,Chromosome,Nuclear chromosome,infected_diet83_vs33,Infected: diet 83 vs 33,Diet comparison among infected,"83
vs
33",2,1,Infected diet 83,Infected diet 33,inf83 vs inf33_log2FC,inf83 vs inf33_padj,TRUE,Placed/host-assigned,487.7738680740886,1.54473260918238,0.9556194242892266,1.616472593502717,0.10599217421952184,0.5951619787747469,FALSE,1.54473260918238,N.S.,Not significant,TRUE,,,N.S.
Immune,Innate Immune Recognition & Signaling,Serine Protease Cascades,LOC126267545,serine protease Hayan-like,serine protease Hayan-like,protein_coding,NC_064923.1,Chromosome4,assembled-molecule,4,Chromosome,Nuclear chromosome,infected_diet83_vs50,Infected: diet 83 vs 50,Diet comparison among infected,"83
vs
50",3,1,Infected diet 83,Infected diet 50,inf83 vs inf50_log2FC,inf83 vs inf50_padj,TRUE,Placed/host-assigned,487.7738680740886,-0.788625856164109,0.955349470832956,-0.8254841607611055,0.40909677150155926,0.8591791193687665,FALSE,-0.788625856164109,N.S.,Not significant,TRUE,,,N.S.
Immune,Innate Immune Recognition & Signaling,Serine Protease Cascades,LOC126267545,serine protease Hayan-like,serine protease Hayan-like,protein_coding,NC_064923.1,Chromosome4,assembled-molecule,4,Chromosome,Nuclear chromosome,infection_diet33,Diet 33: infected vs control,Within-diet infection response,33,1,1,Infected diet 33,Control diet 33,Diet 33 log2FC,Diet 33 padj,TRUE,Placed/host-assigned,487.7738680740886,3.1983042239445836,0.91913862338583,3.4796755816472964,5.020212887391151e-4,0.00795702215771978,TRUE,3.1983042239445836,Upregulated,Infected diet 33,TRUE,,,N.S.
Immune,Innate Immune Recognition & Signaling,Serine Protease Cascades,LOC126267545,serine protease Hayan-like,serine protease Hayan-like,protein_coding,NC_064923.1,Chromosome4,assembled-molecule,4,Chromosome,Nuclear chromosome,infection_diet50,Diet 50: infected vs control,Within-diet infection response,50,2,1,Infected diet 50,Control diet 50,Diet 50 log2FC,Diet 50 padj,TRUE,Placed/host-assigned,487.7738680740886,6.643294234178356,0.9662506313297552,6.875332360751833,6.1845496784917775e-12,1.7836746133968531e-9,TRUE,6.643294234178356,Upregulated,Infected diet 50,TRUE,,,N.S.
Immune,Innate Immune Recognition & Signaling,Serine Protease Cascades,LOC126267545,serine protease Hayan-like,serine protease Hayan-like,protein_coding,NC_064923.1,Chromosome4,assembled-molecule,4,Chromosome,Nuclear chromosome,infection_diet83,Diet 83: infected vs control,Within-diet infection response,83,3,1,Infected diet 83,Control diet 83,Diet 83 log2FC,Diet 83 padj,TRUE,Placed/host-assigned,487.7738680740886,1.3988184155564838,1.0088970077250217,1.3864828667801308,0.16559950838092852,0.37642913238977554,FALSE,1.3988184155564838,N.S.,Not significant,TRUE,,,N.S.
Immune,Innate Immune Recognition & Signaling,Serine Protease Cascades,LOC126281581,modular serine protease-like,modular serine protease-like,protein_coding,NC_064926.1,Chromosome7,assembled-molecule,7,Chromosome,Nuclear chromosome,control_diet33_vs50,Control: diet 50 vs 33,Diet comparison among controls,"50
vs
33",1,-1,Control diet 50,Control diet 33,cont33 vs cont50_log2FC,cont33 vs cont50_padj,FALSE,Placed/host-assigned,1341.9568278778995,0.00653941078319802,0.5144285904463476,0.01271198938908907,0.9898575730904536,1,FALSE,-0.00653941078319802,N.S.,Not significant,TRUE,,,N.S.
Immune,Innate Immune Recognition & Signaling,Serine Protease Cascades,LOC126281581,modular serine protease-like,modular serine protease-like,protein_coding,NC_064926.1,Chromosome7,assembled-molecule,7,Chromosome,Nuclear chromosome,control_diet83_vs33,Control: diet 83 vs 33,Diet comparison among controls,"83
vs
33",2,1,Control diet 83,Control diet 33,cont83 vs cont33_log2FC,cont83 vs cont33_padj,FALSE,Placed/host-assigned,1341.9568278778995,-0.08956574020135284,0.494317971525342,-0.18119054001814924,0.8562180196800463,0.9999697606274288,FALSE,-0.08956574020135284,N.S.,Not significant,TRUE,,,N.S.
Immune,Innate Immune Recognition & Signaling,Serine Protease Cascades,LOC126281581,modular serine protease-like,modular serine protease-like,protein_coding,NC_064926.1,Chromosome7,assembled-molecule,7,Chromosome,Nuclear chromosome,control_diet83_vs50,Control: diet 83 vs 50,Diet comparison among controls,"83
vs
50",3,1,Control diet 83,Control diet 50,cont83 vs cont50_log2FC,cont83 vs cont50_padj,FALSE,Placed/host-assigned,1341.9568278778995,-0.08302632941815481,0.5144670368949148,-0.16138318582909286,0.8717916088511402,0.9993806165316672,FALSE,-0.08302632941815481,N.S.,Not significant,TRUE,,,N.S.
Immune,Innate Immune Recognition & Signaling,Serine Protease Cascades,LOC126281581,modular serine protease-like,modular serine protease-like,protein_coding,NC_064926.1,Chromosome7,assembled-molecule,7,Chromosome,Nuclear chromosome,infected_diet33_vs50,Infected: diet 50 vs 33,Diet comparison among infected,"50
vs
33",1,-1,Infected diet 50,Infected diet 33,inf33 vs inf50_log2FC,inf33 vs inf50_padj,TRUE,Placed/host-assigned,1341.9568278778995,0.0244872067939764,0.43644042165621305,0.05610664269146256,0.9552568521739094,0.99412347069673,FALSE,-0.0244872067939764,N.S.,Not significant,TRUE,,,N.S.
Immune,Innate Immune Recognition & Signaling,Serine Protease Cascades,LOC126281581,modular serine protease-like,modular serine protease-like,protein_coding,NC_064926.1,Chromosome7,assembled-molecule,7,Chromosome,Nuclear chromosome,infected_diet83_vs33,Infected: diet 83 vs 33,Diet comparison among infected,"83
vs
33",2,1,Infected diet 83,Infected diet 33,inf83 vs inf33_log2FC,inf83 vs inf33_padj,TRUE,Placed/host-assigned,1341.9568278778995,0.5229570589332407,0.4878290065546622,1.0720089455661397,0.28371601419759174,0.7474492121005027,FALSE,0.5229570589332407,N.S.,Not significant,TRUE,,,N.S.
Immune,Innate Immune Recognition & Signaling,Serine Protease Cascades,LOC126281581,modular serine protease-like,modular serine protease-like,protein_coding,NC_064926.1,Chromosome7,assembled-molecule,7,Chromosome,Nuclear chromosome,infected_diet83_vs50,Infected: diet 83 vs 50,Diet comparison among infected,"83
vs
50",3,1,Infected diet 83,Infected diet 50,inf83 vs inf50_log2FC,inf83 vs inf50_padj,TRUE,Placed/host-assigned,1341.9568278778995,0.5474442657272172,0.48800662885453266,1.1217967817613437,0.2619488548896459,0.7776034188856971,FALSE,0.5474442657272172,N.S.,Not significant,TRUE,,,N.S.
Immune,Innate Immune Recognition & Signaling,Serine Protease Cascades,LOC126281581,modular serine protease-like,modular serine protease-like,protein_coding,NC_064926.1,Chromosome7,assembled-molecule,7,Chromosome,Nuclear chromosome,infection_diet33,Diet 33: infected vs control,Within-diet infection response,33,1,1,Infected diet 33,Control diet 33,Diet 33 log2FC,Diet 33 padj,TRUE,Placed/host-assigned,1341.9568278778995,-1.364955166870567,0.46616392560756326,-2.9280583328956364,0.00341086046182541,0.0300895042519437,TRUE,-1.364955166870567,Downregulated,Control diet 33,TRUE,,,N.S.
Immune,Innate Immune Recognition & Signaling,Serine Protease Cascades,LOC126281581,modular serine protease-like,modular serine protease-like,protein_coding,NC_064926.1,Chromosome7,assembled-molecule,7,Chromosome,Nuclear chromosome,infection_diet50,Diet 50: infected vs control,Within-diet infection response,50,2,1,Infected diet 50,Control diet 50,Diet 50 log2FC,Diet 50 padj,TRUE,Placed/host-assigned,1341.9568278778995,-1.3829029628813454,0.4876558323102631,-2.8358175402719183,0.00457085511970109,0.02518336239829077,TRUE,-1.3829029628813454,Downregulated,Control diet 50,TRUE,,,N.S.
Immune,Innate Immune Recognition & Signaling,Serine Protease Cascades,LOC126281581,modular serine protease-like,modular serine protease-like,protein_coding,NC_064926.1,Chromosome7,assembled-molecule,7,Chromosome,Nuclear chromosome,infection_diet83,Diet 83: infected vs control,Within-diet infection response,83,3,1,Infected diet 83,Control diet 83,Diet 83 log2FC,Diet 83 padj,TRUE,Placed/host-assigned,1341.9568278778995,-0.7524323677359736,0.5147995639772667,-1.461602573869314,0.14385014867006127,0.3479189288046048,FALSE,-0.7524323677359736,N.S.,Not significant,TRUE,,,N.S.
Immune,Innate Immune Recognition & Signaling,Serine Protease Cascades,LOC126282207,modular serine protease-like,modular serine protease-like,protein_coding,NC_064926.1,Chromosome7,assembled-molecule,7,Chromosome,Nuclear chromosome,control_diet33_vs50,Control: diet 50 vs 33,Diet comparison among controls,"50
vs
33",1,-1,Control diet 50,Control diet 33,cont33 vs cont50_log2FC,cont33 vs cont50_padj,FALSE,Placed/host-assigned,805.0909065123436,0.18831047344851945,0.4406853513677725,0.42731275923752127,0.6691515406796997,1,FALSE,-0.18831047344851945,N.S.,Not significant,TRUE,,,N.S.
Immune,Innate Immune Recognition & Signaling,Serine Protease Cascades,LOC126282207,modular serine protease-like,modular serine protease-like,protein_coding,NC_064926.1,Chromosome7,assembled-molecule,7,Chromosome,Nuclear chromosome,control_diet83_vs33,Control: diet 83 vs 33,Diet comparison among controls,"83
vs
33",2,1,Control diet 83,Control diet 33,cont83 vs cont33_log2FC,cont83 vs cont33_padj,FALSE,Placed/host-assigned,805.0909065123436,-0.32840680106131964,0.423937804377735,-0.7746579749908414,0.4385417898841489,0.9999697606274288,FALSE,-0.32840680106131964,N.S.,Not significant,TRUE,,,N.S.
Immune,Innate Immune Recognition & Signaling,Serine Protease Cascades,LOC126282207,modular serine protease-like,modular serine protease-like,protein_coding,NC_064926.1,Chromosome7,assembled-molecule,7,Chromosome,Nuclear chromosome,control_diet83_vs50,Control: diet 83 vs 50,Diet comparison among controls,"83
vs
50",3,1,Control diet 83,Control diet 50,cont83 vs cont50_log2FC,cont83 vs cont50_padj,FALSE,Placed/host-assigned,805.0909065123436,-0.14009632761280022,0.4411350497095902,-0.317581492799153,0.75080241450710306,0.9993806165316672,FALSE,-0.14009632761280022,N.S.,Not significant,TRUE,,,N.S.
Immune,Innate Immune Recognition & Signaling,Serine Protease Cascades,LOC126282207,modular serine protease-like,modular serine protease-like,protein_coding,NC_064926.1,Chromosome7,assembled-molecule,7,Chromosome,Nuclear chromosome,infected_diet33_vs50,Infected: diet 50 vs 33,Diet comparison among infected,"50
vs
33",1,-1,Infected diet 50,Infected diet 33,inf33 vs inf50_log2FC,inf33 vs inf50_padj,TRUE,Placed/host-assigned,805.0909065123436,-0.2472419112672546,0.3723662276236715,-0.663975121602938,0.5067062341519916,0.9319171894381372,FALSE,0.2472419112672546,N.S.,Not significant,TRUE,,,N.S.
Immune,Innate Immune Recognition & Signaling,Serine Protease Cascades,LOC126282207,modular serine protease-like,modular serine protease-like,protein_coding,NC_064926.1,Chromosome7,assembled-molecule,7,Chromosome,Nuclear chromosome,infected_diet83_vs33,Infected: diet 83 vs 33,Diet comparison among infected,"83
vs
33",2,1,Infected diet 83,Infected diet 33,inf83 vs inf33_log2FC,inf83 vs inf33_padj,TRUE,Placed/host-assigned,805.0909065123436,0.3447548972490236,0.4163485961723093,0.8280438565627923,0.4076456631832478,0.8197510702888887,FALSE,0.3447548972490236,N.S.,Not significant,TRUE,,,N.S.
Immune,Innate Immune Recognition & Signaling,Serine Protease Cascades,LOC126282207,modular serine protease-like,modular serine protease-like,protein_coding,NC_064926.1,Chromosome7,assembled-molecule,7,Chromosome,Nuclear chromosome,infected_diet83_vs50,Infected: diet 83 vs 50,Diet comparison among infected,"83
vs
50",3,1,Infected diet 83,Infected diet 50,inf83 vs inf50_log2FC,inf83 vs inf50_padj,TRUE,Placed/host-assigned,805.0909065123436,0.097512985981769,0.4164346931143929,0.2341615326343201,0.8148595773705456,0.9704280949360954,FALSE,0.097512985981769,N.S.,Not significant,TRUE,,,N.S.
Immune,Innate Immune Recognition & Signaling,Serine Protease Cascades,LOC126282207,modular serine protease-like,modular serine protease-like,protein_coding,NC_064926.1,Chromosome7,assembled-molecule,7,Chromosome,Nuclear chromosome,infection_diet33,Diet 33: infected vs control,Within-diet infection response,33,1,1,Infected diet 33,Control diet 33,Diet 33 log2FC,Diet 33 padj,TRUE,Placed/host-assigned,805.0909065123436,1.503877098442538,0.3986926235764384,3.772021375645569,1.6193037981594743e-4,0.00338350605235519,TRUE,1.503877098442538,Upregulated,Infected diet 33,TRUE,,,N.S.
Immune,Innate Immune Recognition & Signaling,Serine Protease Cascades,LOC126282207,modular serine protease-like,modular serine protease-like,protein_coding,NC_064926.1,Chromosome7,assembled-molecule,7,Chromosome,Nuclear chromosome,infection_diet50,Diet 50: infected vs control,Within-diet infection response,50,2,1,Infected diet 50,Control diet 50,Diet 50 log2FC,Diet 50 padj,TRUE,Placed/host-assigned,805.0909065123436,1.939429483158312,0.4170184387896505,4.650704388005695,3.308032157921073e-6,1.1319397204779807e-4,TRUE,1.939429483158312,Upregulated,Infected diet 50,TRUE,,,N.S.
Immune,Innate Immune Recognition & Signaling,Serine Protease Cascades,LOC126282207,modular serine protease-like,modular serine protease-like,protein_coding,NC_064926.1,Chromosome7,assembled-molecule,7,Chromosome,Nuclear chromosome,infection_diet83,Diet 83: infected vs control,Within-diet infection response,83,3,1,Infected diet 83,Control diet 83,Diet 83 log2FC,Diet 83 padj,TRUE,Placed/host-assigned,805.0909065123436,2.1770387967528815,0.4405832582168821,4.941265370735467,7.761718084873429e-7,7.87532508070724e-5,TRUE,2.1770387967528815,Upregulated,Infected diet 83,TRUE,,,N.S.
Immune,Innate Immune Recognition & Signaling,Serine Protease Cascades,LOC126291782,putative inactive serine protease 43,putative inactive serine protease 43,protein_coding,NC_064928.1,Chromosome9,assembled-molecule,9,Chromosome,Nuclear chromosome,control_diet33_vs50,Control: diet 50 vs 33,Diet comparison among controls,"50
vs
33",1,-1,Control diet 50,Control diet 33,cont33 vs cont50_log2FC,cont33 vs cont50_padj,FALSE,Placed/host-assigned,90.84774390866812,-0.39973080185737464,0.5623186175280864,-0.7108617595031149,0.4771699049032872,1,FALSE,0.39973080185737464,N.S.,Not significant,TRUE,,,N.S.
Immune,Innate Immune Recognition & Signaling,Serine Protease Cascades,LOC126291782,putative inactive serine protease 43,putative inactive serine protease 43,protein_coding,NC_064928.1,Chromosome9,assembled-molecule,9,Chromosome,Nuclear chromosome,control_diet83_vs33,Control: diet 83 vs 33,Diet comparison among controls,"83
vs
33",2,1,Control diet 83,Control diet 33,cont83 vs cont33_log2FC,cont83 vs cont33_padj,FALSE,Placed/host-assigned,90.84774390866812,0.4891578696581497,0.5409333601573909,0.904284900298668,0.365844351352473,0.9999697606274288,FALSE,0.4891578696581497,N.S.,Not significant,TRUE,,,N.S.
Immune,Innate Immune Recognition & Signaling,Serine Protease Cascades,LOC126291782,putative inactive serine protease 43,putative inactive serine protease 43,protein_coding,NC_064928.1,Chromosome9,assembled-molecule,9,Chromosome,Nuclear chromosome,control_diet83_vs50,Control: diet 83 vs 50,Diet comparison among controls,"83
vs
50",3,1,Control diet 83,Control diet 50,cont83 vs cont50_log2FC,cont83 vs cont50_padj,FALSE,Placed/host-assigned,90.84774390866812,0.08942706780077508,0.5619222408395592,0.15914491597122674,0.8735547013054511,0.9993806165316672,FALSE,0.08942706780077508,N.S.,Not significant,TRUE,,,N.S.
Immune,Innate Immune Recognition & Signaling,Serine Protease Cascades,LOC126291782,putative inactive serine protease 43,putative inactive serine protease 43,protein_coding,NC_064928.1,Chromosome9,assembled-molecule,9,Chromosome,Nuclear chromosome,infected_diet33_vs50,Infected: diet 50 vs 33,Diet comparison among infected,"50
vs
33",1,-1,Infected diet 50,Infected diet 33,inf33 vs inf50_log2FC,inf33 vs inf50_padj,TRUE,Placed/host-assigned,90.84774390866812,0.2081619418082376,0.483282522711428,0.4307251597685705,0.6666682225303717,0.961879904237242,FALSE,-0.2081619418082376,N.S.,Not significant,TRUE,,,N.S.
Immune,Innate Immune Recognition & Signaling,Serine Protease Cascades,LOC126291782,putative inactive serine protease 43,putative inactive serine protease 43,protein_coding,NC_064928.1,Chromosome9,assembled-molecule,9,Chromosome,Nuclear chromosome,infected_diet83_vs33,Infected: diet 83 vs 33,Diet comparison among infected,"83
vs
33",2,1,Infected diet 83,Infected diet 33,inf83 vs inf33_log2FC,inf83 vs inf33_padj,TRUE,Placed/host-assigned,90.84774390866812,0.41802760292824553,0.5385167044539326,0.7762574484149649,0.43759699200730817,0.8326799240653527,FALSE,0.41802760292824553,N.S.,Not significant,TRUE,,,N.S.
Immune,Innate Immune Recognition & Signaling,Serine Protease Cascades,LOC126291782,putative inactive serine protease 43,putative inactive serine protease 43,protein_coding,NC_064928.1,Chromosome9,assembled-molecule,9,Chromosome,Nuclear chromosome,infected_diet83_vs50,Infected: diet 83 vs 50,Diet comparison among infected,"83
vs
50",3,1,Infected diet 83,Infected diet 50,inf83 vs inf50_log2FC,inf83 vs inf50_padj,TRUE,Placed/host-assigned,90.84774390866812,0.6261895447364831,0.5412681327044825,1.1568934265678734,0.24731590470223488,0.7698633224175793,FALSE,0.6261895447364831,N.S.,Not significant,TRUE,,,N.S.
Immune,Innate Immune Recognition & Signaling,Serine Protease Cascades,LOC126291782,putative inactive serine protease 43,putative inactive serine protease 43,protein_coding,NC_064928.1,Chromosome9,assembled-molecule,9,Chromosome,Nuclear chromosome,infection_diet33,Diet 33: infected vs control,Within-diet infection response,33,1,1,Infected diet 33,Control diet 33,Diet 33 log2FC,Diet 33 padj,TRUE,Placed/host-assigned,90.84774390866812,-0.8940568346167523,0.511686216959457,-1.7472755860601812,0.08058954586542424,0.23741630267126973,FALSE,-0.8940568346167523,N.S.,Not significant,TRUE,,,N.S.
Immune,Innate Immune Recognition & Signaling,Serine Protease Cascades,LOC126291782,putative inactive serine protease 43,putative inactive serine protease 43,protein_coding,NC_064928.1,Chromosome9,assembled-molecule,9,Chromosome,Nuclear chromosome,infection_diet50,Diet 50: infected vs control,Within-diet infection response,50,2,1,Infected diet 50,Control diet 50,Diet 50 log2FC,Diet 50 padj,TRUE,Placed/host-assigned,90.84774390866812,-1.5019495782823646,0.5366017515352888,-2.799002377433707,0.00512607600303301,0.02734681241029164,TRUE,-1.5019495782823646,Downregulated,Control diet 50,TRUE,,,N.S.
Immune,Innate Immune Recognition & Signaling,Serine Protease Cascades,LOC126291782,putative inactive serine protease 43,putative inactive serine protease 43,protein_coding,NC_064928.1,Chromosome9,assembled-molecule,9,Chromosome,Nuclear chromosome,infection_diet83,Diet 83: infected vs control,Within-diet infection response,83,3,1,Infected diet 83,Control diet 83,Diet 83 log2FC,Diet 83 padj,TRUE,Placed/host-assigned,90.84774390866812,-0.9651871013466564,0.566380045976912,-1.70413330801912,0.0883561852074217,0.26054735006697405,FALSE,-0.9651871013466564,N.S.,Not significant,TRUE,,,N.S.
Immune,Innate Immune Recognition & Signaling,Serine Protease Cascades,LOC126335013,serine protease snake-like,serine protease snake-like,protein_coding,NC_064920.1,Chromosome1,assembled-molecule,1,Chromosome,Nuclear chromosome,control_diet33_vs50,Control: diet 50 vs 33,Diet comparison among controls,"50
vs
33",1,-1,Control diet 50,Control diet 33,cont33 vs cont50_log2FC,cont33 vs cont50_padj,FALSE,Placed/host-assigned,129.1363945430254,0.02278214157011164,0.4274382451225908,0.05329925861823068,0.9574934709007998,1,FALSE,-0.02278214157011164,N.S.,Not significant,TRUE,,,N.S.
Immune,Innate Immune Recognition & Signaling,Serine Protease Cascades,LOC126335013,serine protease snake-like,serine protease snake-like,protein_coding,NC_064920.1,Chromosome1,assembled-molecule,1,Chromosome,Nuclear chromosome,control_diet83_vs33,Control: diet 83 vs 33,Diet comparison among controls,"83
vs
33",2,1,Control diet 83,Control diet 33,cont83 vs cont33_log2FC,cont83 vs cont33_padj,FALSE,Placed/host-assigned,129.1363945430254,0.03566067637565429,0.41224898746255995,0.08650276279670174,0.93106675991194,0.9999697606274288,FALSE,0.03566067637565429,N.S.,Not significant,TRUE,,,N.S.
Immune,Innate Immune Recognition & Signaling,Serine Protease Cascades,LOC126335013,serine protease snake-like,serine protease snake-like,protein_coding,NC_064920.1,Chromosome1,assembled-molecule,1,Chromosome,Nuclear chromosome,control_diet83_vs50,Control: diet 83 vs 50,Diet comparison among controls,"83
vs
50",3,1,Control diet 83,Control diet 50,cont83 vs cont50_log2FC,cont83 vs cont50_padj,FALSE,Placed/host-assigned,129.1363945430254,0.05844281794576594,0.42819201821948377,0.13648740625475456,0.891435979736845,0.9993806165316672,FALSE,0.05844281794576594,N.S.,Not significant,TRUE,,,N.S.
Immune,Innate Immune Recognition & Signaling,Serine Protease Cascades,LOC126335013,serine protease snake-like,serine protease snake-like,protein_coding,NC_064920.1,Chromosome1,assembled-molecule,1,Chromosome,Nuclear chromosome,infected_diet33_vs50,Infected: diet 50 vs 33,Diet comparison among infected,"50
vs
33",1,-1,Infected diet 50,Infected diet 33,inf33 vs inf50_log2FC,inf33 vs inf50_padj,TRUE,Placed/host-assigned,129.1363945430254,-0.07729354914786299,0.3586285292330365,-0.21552537750736975,0.829357728547204,0.9835552142870424,FALSE,0.07729354914786299,N.S.,Not significant,TRUE,,,N.S.
Immune,Innate Immune Recognition & Signaling,Serine Protease Cascades,LOC126335013,serine protease snake-like,serine protease snake-like,protein_coding,NC_064920.1,Chromosome1,assembled-molecule,1,Chromosome,Nuclear chromosome,infected_diet83_vs33,Infected: diet 83 vs 33,Diet comparison among infected,"83
vs
33",2,1,Infected diet 83,Infected diet 33,inf83 vs inf33_log2FC,inf83 vs inf33_padj,TRUE,Placed/host-assigned,129.1363945430254,0.08217608390274828,0.4014991305272535,0.20467313041209745,0.8378275148011012,0.9629131901141734,FALSE,0.08217608390274828,N.S.,Not significant,TRUE,,,N.S.
Immune,Innate Immune Recognition & Signaling,Serine Protease Cascades,LOC126335013,serine protease snake-like,serine protease snake-like,protein_coding,NC_064920.1,Chromosome1,assembled-molecule,1,Chromosome,Nuclear chromosome,infected_diet83_vs50,Infected: diet 83 vs 50,Diet comparison among infected,"83
vs
50",3,1,Infected diet 83,Infected diet 50,inf83 vs inf50_log2FC,inf83 vs inf50_padj,TRUE,Placed/host-assigned,129.1363945430254,0.00488253475488529,0.40228783356665576,0.01213691876186531,0.9903163776454436,0.9978743957259496,FALSE,0.00488253475488529,N.S.,Not significant,TRUE,,,N.S.
Immune,Innate Immune Recognition & Signaling,Serine Protease Cascades,LOC126335013,serine protease snake-like,serine protease snake-like,protein_coding,NC_064920.1,Chromosome1,assembled-molecule,1,Chromosome,Nuclear chromosome,infection_diet33,Diet 33: infected vs control,Within-diet infection response,33,1,1,Infected diet 33,Control diet 33,Diet 33 log2FC,Diet 33 padj,TRUE,Placed/host-assigned,129.1363945430254,1.1387909448788558,0.3855416639928488,2.953742879783749,0.00313945456018799,0.0284066214793353,TRUE,1.1387909448788558,Upregulated,Infected diet 33,TRUE,,,N.S.
Immune,Innate Immune Recognition & Signaling,Serine Protease Cascades,LOC126335013,serine protease snake-like,serine protease snake-like,protein_coding,NC_064920.1,Chromosome1,assembled-molecule,1,Chromosome,Nuclear chromosome,infection_diet50,Diet 50: infected vs control,Within-diet infection response,50,2,1,Infected diet 50,Control diet 50,Diet 50 log2FC,Diet 50 padj,TRUE,Placed/host-assigned,129.1363945430254,1.2388666355968303,0.40333051049846974,3.071591668246806,0.00212920774875462,0.0147925419979124,TRUE,1.2388666355968303,Upregulated,Infected diet 50,TRUE,,,N.S.
Immune,Innate Immune Recognition & Signaling,Serine Protease Cascades,LOC126335013,serine protease snake-like,serine protease snake-like,protein_coding,NC_064920.1,Chromosome1,assembled-molecule,1,Chromosome,Nuclear chromosome,infection_diet83,Diet 83: infected vs control,Within-diet infection response,83,3,1,Infected diet 83,Control diet 83,Diet 83 log2FC,Diet 83 padj,TRUE,Placed/host-assigned,129.1363945430254,1.1853063524059495,0.4272100242312577,2.774528417348931,0.00552818041505125,0.04510637738193094,TRUE,1.1853063524059495,Upregulated,Infected diet 83,TRUE,,,N.S.
Immune,Innate Immune Recognition & Signaling,Serine Protease Cascades,LOC126352738,CLIP domain-containing serine protease HP8-like,CLIP domain-containing serine protease HP8-like,protein_coding,NC_064920.1,Chromosome1,assembled-molecule,1,Chromosome,Nuclear chromosome,control_diet33_vs50,Control: diet 50 vs 33,Diet comparison among controls,"50
vs
33",1,-1,Control diet 50,Control diet 33,cont33 vs cont50_log2FC,cont33 vs cont50_padj,FALSE,Placed/host-assigned,143.94893588239242,0.14424801830222173,0.24311222061252327,0.59333923214056306,0.5529541481275925,1,FALSE,-0.14424801830222173,N.S.,Not significant,TRUE,,,N.S.
Immune,Innate Immune Recognition & Signaling,Serine Protease Cascades,LOC126352738,CLIP domain-containing serine protease HP8-like,CLIP domain-containing serine protease HP8-like,protein_coding,NC_064920.1,Chromosome1,assembled-molecule,1,Chromosome,Nuclear chromosome,control_diet83_vs33,Control: diet 83 vs 33,Diet comparison among controls,"83
vs
33",2,1,Control diet 83,Control diet 33,cont83 vs cont33_log2FC,cont83 vs cont33_padj,FALSE,Placed/host-assigned,143.94893588239242,-0.14238556717091655,0.23496739792733523,-0.6059800994815032,0.544527968081546,0.9999697606274288,FALSE,-0.14238556717091655,N.S.,Not significant,TRUE,,,N.S.
Immune,Innate Immune Recognition & Signaling,Serine Protease Cascades,LOC126352738,CLIP domain-containing serine protease HP8-like,CLIP domain-containing serine protease HP8-like,protein_coding,NC_064920.1,Chromosome1,assembled-molecule,1,Chromosome,Nuclear chromosome,control_diet83_vs50,Control: diet 83 vs 50,Diet comparison among controls,"83
vs
50",3,1,Control diet 83,Control diet 50,cont83 vs cont50_log2FC,cont83 vs cont50_padj,FALSE,Placed/host-assigned,143.94893588239242,0.00186245113130519,0.24418312248930396,0.00762727215672645,0.9939143763106412,0.9997779790351212,FALSE,0.00186245113130519,N.S.,Not significant,TRUE,,,N.S.
Immune,Innate Immune Recognition & Signaling,Serine Protease Cascades,LOC126352738,CLIP domain-containing serine protease HP8-like,CLIP domain-containing serine protease HP8-like,protein_coding,NC_064920.1,Chromosome1,assembled-molecule,1,Chromosome,Nuclear chromosome,infected_diet33_vs50,Infected: diet 50 vs 33,Diet comparison among infected,"50
vs
33",1,-1,Infected diet 50,Infected diet 33,inf33 vs inf50_log2FC,inf33 vs inf50_padj,TRUE,Placed/host-assigned,143.94893588239242,0.02647257755575115,0.21095367991974545,0.12549000124492876,0.900135640316408,0.9907330067984538,FALSE,-0.02647257755575115,N.S.,Not significant,TRUE,,,N.S.
Immune,Innate Immune Recognition & Signaling,Serine Protease Cascades,LOC126352738,CLIP domain-containing serine protease HP8-like,CLIP domain-containing serine protease HP8-like,protein_coding,NC_064920.1,Chromosome1,assembled-molecule,1,Chromosome,Nuclear chromosome,infected_diet83_vs33,Infected: diet 83 vs 33,Diet comparison among infected,"83
vs
33",2,1,Infected diet 83,Infected diet 33,inf83 vs inf33_log2FC,inf83 vs inf33_padj,TRUE,Placed/host-assigned,143.94893588239242,0.3941811355101721,0.23516327332638695,1.6762019423121468,0.09369864388461166,0.5720157739880829,FALSE,0.3941811355101721,N.S.,Not significant,TRUE,,,N.S.
Immune,Innate Immune Recognition & Signaling,Serine Protease Cascades,LOC126352738,CLIP domain-containing serine protease HP8-like,CLIP domain-containing serine protease HP8-like,protein_coding,NC_064920.1,Chromosome1,assembled-molecule,1,Chromosome,Nuclear chromosome,infected_diet83_vs50,Infected: diet 83 vs 50,Diet comparison among infected,"83
vs
50",3,1,Infected diet 83,Infected diet 50,inf83 vs inf50_log2FC,inf83 vs inf50_padj,TRUE,Placed/host-assigned,143.94893588239242,0.4206537130659232,0.23727012868048344,1.7728894716131365,0.07624702359492062,0.5733809353812258,FALSE,0.4206537130659232,N.S.,Not significant,TRUE,,,N.S.
Immune,Innate Immune Recognition & Signaling,Serine Protease Cascades,LOC126352738,CLIP domain-containing serine protease HP8-like,CLIP domain-containing serine protease HP8-like,protein_coding,NC_064920.1,Chromosome1,assembled-molecule,1,Chromosome,Nuclear chromosome,infection_diet33,Diet 33: infected vs control,Within-diet infection response,33,1,1,Infected diet 33,Control diet 33,Diet 33 log2FC,Diet 33 padj,TRUE,Placed/host-assigned,143.94893588239242,-0.6686983744938526,0.2215783595260136,-3.0178866560989523,0.00254544088911382,0.02498307057620891,FALSE,-0.6686983744938526,N.S.,Not significant,TRUE,,,N.S.
Immune,Innate Immune Recognition & Signaling,Serine Protease Cascades,LOC126352738,CLIP domain-containing serine protease HP8-like,CLIP domain-containing serine protease HP8-like,protein_coding,NC_064920.1,Chromosome1,assembled-molecule,1,Chromosome,Nuclear chromosome,infection_diet50,Diet 50: infected vs control,Within-diet infection response,50,2,1,Infected diet 50,Control diet 50,Diet 50 log2FC,Diet 50 padj,TRUE,Placed/host-assigned,143.94893588239242,-0.550922933747382,0.2334695643388989,-2.3597205713189893,0.01828870496694876,0.06463015218627656,FALSE,-0.550922933747382,N.S.,Not significant,TRUE,,,N.S.
Immune,Innate Immune Recognition & Signaling,Serine Protease Cascades,LOC126352738,CLIP domain-containing serine protease HP8-like,CLIP domain-containing serine protease HP8-like,protein_coding,NC_064920.1,Chromosome1,assembled-molecule,1,Chromosome,Nuclear chromosome,infection_diet83,Diet 83: infected vs control,Within-diet infection response,83,3,1,Infected diet 83,Control diet 83,Diet 83 log2FC,Diet 83 padj,TRUE,Placed/host-assigned,143.94893588239242,-0.132131671812764,0.24781943789800737,-0.5331771911577983,0.5939109289225477,0.7696417220747417,FALSE,-0.132131671812764,N.S.,Not significant,TRUE,,,N.S.
Immune,Innate Immune Recognition & Signaling,Serine Protease Cascades,LOC126352796,CLIP domain-containing serine protease HP8-like,CLIP domain-containing serine protease HP8-like,protein_coding,NC_064920.1,Chromosome1,assembled-molecule,1,Chromosome,Nuclear chromosome,control_diet33_vs50,Control: diet 50 vs 33,Diet comparison among controls,"50
vs
33",1,-1,Control diet 50,Control diet 33,cont33 vs cont50_log2FC,cont33 vs cont50_padj,FALSE,Placed/host-assigned,127.65411860873348,-0.8526811838464152,1.0349063271464571,-0.8239211235643997,0.4099843771184478,1,FALSE,0.8526811838464152,N.S.,Not significant,TRUE,,,N.S.
Immune,Innate Immune Recognition & Signaling,Serine Protease Cascades,LOC126352796,CLIP domain-containing serine protease HP8-like,CLIP domain-containing serine protease HP8-like,protein_coding,NC_064920.1,Chromosome1,assembled-molecule,1,Chromosome,Nuclear chromosome,control_diet83_vs33,Control: diet 83 vs 33,Diet comparison among controls,"83
vs
33",2,1,Control diet 83,Control diet 33,cont83 vs cont33_log2FC,cont83 vs cont33_padj,FALSE,Placed/host-assigned,127.65411860873348,1.0756587551418375,0.9977669521041924,1.0780661284414954,0.28100424611177394,0.9999697606274288,FALSE,1.0756587551418375,N.S.,Not significant,TRUE,,,N.S.
Immune,Innate Immune Recognition & Signaling,Serine Protease Cascades,LOC126352796,CLIP domain-containing serine protease HP8-like,CLIP domain-containing serine protease HP8-like,protein_coding,NC_064920.1,Chromosome1,assembled-molecule,1,Chromosome,Nuclear chromosome,control_diet83_vs50,Control: diet 83 vs 50,Diet comparison among controls,"83
vs
50",3,1,Control diet 83,Control diet 50,cont83 vs cont50_log2FC,cont83 vs cont50_padj,FALSE,Placed/host-assigned,127.65411860873348,0.22297757129542256,1.025409284957582,0.21745226473607215,0.8278559041090965,0.9993806165316672,FALSE,0.22297757129542256,N.S.,Not significant,TRUE,,,N.S.
Immune,Innate Immune Recognition & Signaling,Serine Protease Cascades,LOC126352796,CLIP domain-containing serine protease HP8-like,CLIP domain-containing serine protease HP8-like,protein_coding,NC_064920.1,Chromosome1,assembled-molecule,1,Chromosome,Nuclear chromosome,infected_diet33_vs50,Infected: diet 50 vs 33,Diet comparison among infected,"50
vs
33",1,-1,Infected diet 50,Infected diet 33,inf33 vs inf50_log2FC,inf33 vs inf50_padj,TRUE,Placed/host-assigned,127.65411860873348,-1.2141810586190454,0.8483211934635619,-1.431275167913388,0.15235136785807843,0.7181191382642571,FALSE,1.2141810586190454,N.S.,Not significant,TRUE,,,N.S.
Immune,Innate Immune Recognition & Signaling,Serine Protease Cascades,LOC126352796,CLIP domain-containing serine protease HP8-like,CLIP domain-containing serine protease HP8-like,protein_coding,NC_064920.1,Chromosome1,assembled-molecule,1,Chromosome,Nuclear chromosome,infected_diet83_vs33,Infected: diet 83 vs 33,Diet comparison among infected,"83
vs
33",2,1,Infected diet 83,Infected diet 33,inf83 vs inf33_log2FC,inf83 vs inf33_padj,TRUE,Placed/host-assigned,127.65411860873348,0.5827327315290614,0.9489520348634812,0.6140802802671631,0.539162278532034,0.8674556536296302,FALSE,0.5827327315290614,N.S.,Not significant,TRUE,,,N.S.
Immune,Innate Immune Recognition & Signaling,Serine Protease Cascades,LOC126352796,CLIP domain-containing serine protease HP8-like,CLIP domain-containing serine protease HP8-like,protein_coding,NC_064920.1,Chromosome1,assembled-molecule,1,Chromosome,Nuclear chromosome,infected_diet83_vs50,Infected: diet 83 vs 50,Diet comparison among infected,"83
vs
50",3,1,Infected diet 83,Infected diet 50,inf83 vs inf50_log2FC,inf83 vs inf50_padj,TRUE,Placed/host-assigned,127.65411860873348,-0.6314483270899841,0.9487234362369285,-0.6655768193042615,0.5056816271029498,0.8940745212480005,FALSE,-0.6314483270899841,N.S.,Not significant,TRUE,,,N.S.
Immune,Innate Immune Recognition & Signaling,Serine Protease Cascades,LOC126352796,CLIP domain-containing serine protease HP8-like,CLIP domain-containing serine protease HP8-like,protein_coding,NC_064920.1,Chromosome1,assembled-molecule,1,Chromosome,Nuclear chromosome,infection_diet33,Diet 33: infected vs control,Within-diet infection response,33,1,1,Infected diet 33,Control diet 33,Diet 33 log2FC,Diet 33 padj,TRUE,Placed/host-assigned,127.65411860873348,4.46925268567962,0.9314473813070762,4.7981805256761065,1.6011343899403604e-6,8.916939747319535e-5,TRUE,4.46925268567962,Upregulated,Infected diet 33,TRUE,,,N.S.
Immune,Innate Immune Recognition & Signaling,Serine Protease Cascades,LOC126352796,CLIP domain-containing serine protease HP8-like,CLIP domain-containing serine protease HP8-like,protein_coding,NC_064920.1,Chromosome1,assembled-molecule,1,Chromosome,Nuclear chromosome,infection_diet50,Diet 50: infected vs control,Within-diet infection response,50,2,1,Infected diet 50,Control diet 50,Diet 50 log2FC,Diet 50 padj,TRUE,Placed/host-assigned,127.65411860873348,4.83075256045225,0.9607735056210708,5.027982695390332,4.956665929174557e-7,2.334920097036495e-5,TRUE,4.83075256045225,Upregulated,Infected diet 50,TRUE,,,N.S.
Immune,Innate Immune Recognition & Signaling,Serine Protease Cascades,LOC126352796,CLIP domain-containing serine protease HP8-like,CLIP domain-containing serine protease HP8-like,protein_coding,NC_064920.1,Chromosome1,assembled-molecule,1,Chromosome,Nuclear chromosome,infection_diet83,Diet 83: infected vs control,Within-diet infection response,83,3,1,Infected diet 83,Control diet 83,Diet 83 log2FC,Diet 83 padj,TRUE,Placed/host-assigned,127.65411860873348,3.9763266620668434,1.0141275220794583,3.920933586254937,8.820657265617154e-5,0.00250811928526562,TRUE,3.9763266620668434,Upregulated,Infected diet 83,TRUE,,,N.S.
Immune,Innate Immune Recognition & Signaling,Serine Protease Cascades,LOC126353952,serine protease snake-like,serine protease snake-like,protein_coding,NC_064920.1,Chromosome1,assembled-molecule,1,Chromosome,Nuclear chromosome,control_diet33_vs50,Control: diet 50 vs 33,Diet comparison among controls,"50
vs
33",1,-1,Control diet 50,Control diet 33,cont33 vs cont50_log2FC,cont33 vs cont50_padj,FALSE,Placed/host-assigned,4194.477949989858,0.04630764101276762,0.4212398625793848,0.10993176364936429,0.9124634914528612,1,FALSE,-0.04630764101276762,N.S.,Not significant,TRUE,,,N.S.
Immune,Innate Immune Recognition & Signaling,Serine Protease Cascades,LOC126353952,serine protease snake-like,serine protease snake-like,protein_coding,NC_064920.1,Chromosome1,assembled-molecule,1,Chromosome,Nuclear chromosome,control_diet83_vs33,Control: diet 83 vs 33,Diet comparison among controls,"83
vs
33",2,1,Control diet 83,Control diet 33,cont83 vs cont33_log2FC,cont83 vs cont33_padj,FALSE,Placed/host-assigned,4194.477949989858,-0.02178370629629319,0.4047838814143106,-0.05381564656226219,0.9570820434302064,0.9999697606274288,FALSE,-0.02178370629629319,N.S.,Not significant,TRUE,,,N.S.
Immune,Innate Immune Recognition & Signaling,Serine Protease Cascades,LOC126353952,serine protease snake-like,serine protease snake-like,protein_coding,NC_064920.1,Chromosome1,assembled-molecule,1,Chromosome,Nuclear chromosome,control_diet83_vs50,Control: diet 83 vs 50,Diet comparison among controls,"83
vs
50",3,1,Control diet 83,Control diet 50,cont83 vs cont50_log2FC,cont83 vs cont50_padj,FALSE,Placed/host-assigned,4194.477949989858,0.02452393471647443,0.42127563728584166,0.05821351283087512,0.9535785572936912,0.9997779790351212,FALSE,0.02452393471647443,N.S.,Not significant,TRUE,,,N.S.
Immune,Innate Immune Recognition & Signaling,Serine Protease Cascades,LOC126353952,serine protease snake-like,serine protease snake-like,protein_coding,NC_064920.1,Chromosome1,assembled-molecule,1,Chromosome,Nuclear chromosome,infected_diet33_vs50,Infected: diet 50 vs 33,Diet comparison among infected,"50
vs
33",1,-1,Infected diet 50,Infected diet 33,inf33 vs inf50_log2FC,inf33 vs inf50_padj,TRUE,Placed/host-assigned,4194.477949989858,-0.7754371576358999,0.35674016784451945,-2.1736749251456993,0.02972955708159409,0.36580281104744033,FALSE,0.7754371576358999,N.S.,Not significant,TRUE,,,N.S.
Immune,Innate Immune Recognition & Signaling,Serine Protease Cascades,LOC126353952,serine protease snake-like,serine protease snake-like,protein_coding,NC_064920.1,Chromosome1,assembled-molecule,1,Chromosome,Nuclear chromosome,infected_diet83_vs33,Infected: diet 83 vs 33,Diet comparison among infected,"83
vs
33",2,1,Infected diet 83,Infected diet 33,inf83 vs inf33_log2FC,inf83 vs inf33_padj,TRUE,Placed/host-assigned,4194.477949989858,0.13421907754136506,0.3989012838150218,0.3364719116913272,0.7365150293151668,0.9338014488955524,FALSE,0.13421907754136506,N.S.,Not significant,TRUE,,,N.S.
Immune,Innate Immune Recognition & Signaling,Serine Protease Cascades,LOC126353952,serine protease snake-like,serine protease snake-like,protein_coding,NC_064920.1,Chromosome1,assembled-molecule,1,Chromosome,Nuclear chromosome,infected_diet83_vs50,Infected: diet 83 vs 50,Diet comparison among infected,"83
vs
50",3,1,Infected diet 83,Infected diet 50,inf83 vs inf50_log2FC,inf83 vs inf50_padj,TRUE,Placed/host-assigned,4194.477949989858,-0.641218080094535,0.39889874472378056,-1.6074707894569826,0.10795113218964356,0.6252896635418622,FALSE,-0.641218080094535,N.S.,Not significant,TRUE,,,N.S.
Immune,Innate Immune Recognition & Signaling,Serine Protease Cascades,LOC126353952,serine protease snake-like,serine protease snake-like,protein_coding,NC_064920.1,Chromosome1,assembled-molecule,1,Chromosome,Nuclear chromosome,infection_diet33,Diet 33: infected vs control,Within-diet infection response,33,1,1,Infected diet 33,Control diet 33,Diet 33 log2FC,Diet 33 padj,TRUE,Placed/host-assigned,4194.477949989858,1.215729488420891,0.38150060481534126,3.1867039608216174,0.00143903984537441,0.01679047350204547,TRUE,1.215729488420891,Upregulated,Infected diet 33,TRUE,,,N.S.
Immune,Innate Immune Recognition & Signaling,Serine Protease Cascades,LOC126353952,serine protease snake-like,serine protease snake-like,protein_coding,NC_064920.1,Chromosome1,assembled-molecule,1,Chromosome,Nuclear chromosome,infection_diet50,Diet 50: infected vs control,Within-diet infection response,50,2,1,Infected diet 50,Control diet 50,Diet 50 log2FC,Diet 50 padj,TRUE,Placed/host-assigned,4194.477949989858,2.0374742870695584,0.3989534530558218,5.107047630402321,3.272312860885906e-7,1.6694702292433073e-5,TRUE,2.0374742870695584,Upregulated,Infected diet 50,TRUE,,,N.S.
Immune,Innate Immune Recognition & Signaling,Serine Protease Cascades,LOC126353952,serine protease snake-like,serine protease snake-like,protein_coding,NC_064920.1,Chromosome1,assembled-molecule,1,Chromosome,Nuclear chromosome,infection_diet83,Diet 83: infected vs control,Within-diet infection response,83,3,1,Infected diet 83,Control diet 83,Diet 83 log2FC,Diet 83 padj,TRUE,Placed/host-assigned,4194.477949989858,1.371732272258549,0.4212238281574726,3.25654006388673,0.00112779013412213,0.01562542174060192,TRUE,1.371732272258549,Upregulated,Infected diet 83,TRUE,,,N.S.
Immune,Innate Immune Recognition & Signaling,Serine Protease Inhibitors (Serpins),LOC126284004,serine protease inhibitor I/II-like,serine protease inhibitor I/II-like,protein_coding,NC_064927.1,Chromosome8,assembled-molecule,8,Chromosome,Nuclear chromosome,control_diet33_vs50,Control: diet 50 vs 33,Diet comparison among controls,"50
vs
33",1,-1,Control diet 50,Control diet 33,cont33 vs cont50_log2FC,cont33 vs cont50_padj,FALSE,,,,,,,,FALSE,,N.S.,Not significant,TRUE,,,N.S.
Immune,Innate Immune Recognition & Signaling,Serine Protease Inhibitors (Serpins),LOC126284004,serine protease inhibitor I/II-like,serine protease inhibitor I/II-like,protein_coding,NC_064927.1,Chromosome8,assembled-molecule,8,Chromosome,Nuclear chromosome,control_diet83_vs33,Control: diet 83 vs 33,Diet comparison among controls,"83
vs
33",2,1,Control diet 83,Control diet 33,cont83 vs cont33_log2FC,cont83 vs cont33_padj,FALSE,,,,,,,,FALSE,,N.S.,Not significant,TRUE,,,N.S.
Immune,Innate Immune Recognition & Signaling,Serine Protease Inhibitors (Serpins),LOC126284004,serine protease inhibitor I/II-like,serine protease inhibitor I/II-like,protein_coding,NC_064927.1,Chromosome8,assembled-molecule,8,Chromosome,Nuclear chromosome,control_diet83_vs50,Control: diet 83 vs 50,Diet comparison among controls,"83
vs
50",3,1,Control diet 83,Control diet 50,cont83 vs cont50_log2FC,cont83 vs cont50_padj,FALSE,,,,,,,,FALSE,,N.S.,Not significant,TRUE,,,N.S.
Immune,Innate Immune Recognition & Signaling,Serine Protease Inhibitors (Serpins),LOC126284004,serine protease inhibitor I/II-like,serine protease inhibitor I/II-like,protein_coding,NC_064927.1,Chromosome8,assembled-molecule,8,Chromosome,Nuclear chromosome,infected_diet33_vs50,Infected: diet 50 vs 33,Diet comparison among infected,"50
vs
33",1,-1,Infected diet 50,Infected diet 33,inf33 vs inf50_log2FC,inf33 vs inf50_padj,TRUE,,,,,,,,FALSE,,N.S.,Not significant,TRUE,,,N.S.
Immune,Innate Immune Recognition & Signaling,Serine Protease Inhibitors (Serpins),LOC126284004,serine protease inhibitor I/II-like,serine protease inhibitor I/II-like,protein_coding,NC_064927.1,Chromosome8,assembled-molecule,8,Chromosome,Nuclear chromosome,infected_diet83_vs33,Infected: diet 83 vs 33,Diet comparison among infected,"83
vs
33",2,1,Infected diet 83,Infected diet 33,inf83 vs inf33_log2FC,inf83 vs inf33_padj,TRUE,,,,,,,,FALSE,,N.S.,Not significant,TRUE,,,N.S.
Immune,Innate Immune Recognition & Signaling,Serine Protease Inhibitors (Serpins),LOC126284004,serine protease inhibitor I/II-like,serine protease inhibitor I/II-like,protein_coding,NC_064927.1,Chromosome8,assembled-molecule,8,Chromosome,Nuclear chromosome,infected_diet83_vs50,Infected: diet 83 vs 50,Diet comparison among infected,"83
vs
50",3,1,Infected diet 83,Infected diet 50,inf83 vs inf50_log2FC,inf83 vs inf50_padj,TRUE,,,,,,,,FALSE,,N.S.,Not significant,TRUE,,,N.S.
Immune,Innate Immune Recognition & Signaling,Serine Protease Inhibitors (Serpins),LOC126284004,serine protease inhibitor I/II-like,serine protease inhibitor I/II-like,protein_coding,NC_064927.1,Chromosome8,assembled-molecule,8,Chromosome,Nuclear chromosome,infection_diet33,Diet 33: infected vs control,Within-diet infection response,33,1,1,Infected diet 33,Control diet 33,Diet 33 log2FC,Diet 33 padj,TRUE,,,,,,,,FALSE,,N.S.,Not significant,TRUE,,,N.S.
Immune,Innate Immune Recognition & Signaling,Serine Protease Inhibitors (Serpins),LOC126284004,serine protease inhibitor I/II-like,serine protease inhibitor I/II-like,protein_coding,NC_064927.1,Chromosome8,assembled-molecule,8,Chromosome,Nuclear chromosome,infection_diet50,Diet 50: infected vs control,Within-diet infection response,50,2,1,Infected diet 50,Control diet 50,Diet 50 log2FC,Diet 50 padj,TRUE,,,,,,,,FALSE,,N.S.,Not significant,TRUE,,,N.S.
Immune,Innate Immune Recognition & Signaling,Serine Protease Inhibitors (Serpins),LOC126284004,serine protease inhibitor I/II-like,serine protease inhibitor I/II-like,protein_coding,NC_064927.1,Chromosome8,assembled-molecule,8,Chromosome,Nuclear chromosome,infection_diet83,Diet 83: infected vs control,Within-diet infection response,83,3,1,Infected diet 83,Control diet 83,Diet 83 log2FC,Diet 83 padj,TRUE,,,,,,,,FALSE,,N.S.,Not significant,TRUE,,,N.S.
Immune,Innate Immune Recognition & Signaling,Serine Protease Inhibitors (Serpins),LOC126284336,serine protease inhibitor I/II-like,serine protease inhibitor I/II-like,protein_coding,NC_064927.1,Chromosome8,assembled-molecule,8,Chromosome,Nuclear chromosome,control_diet33_vs50,Control: diet 50 vs 33,Diet comparison among controls,"50
vs
33",1,-1,Control diet 50,Control diet 33,cont33 vs cont50_log2FC,cont33 vs cont50_padj,FALSE,Placed/host-assigned,34.92457263615157,0.7110330009680095,0.7712437600244635,0.921930312856542,0.3565649264057178,1,FALSE,-0.7110330009680095,N.S.,Not significant,TRUE,,,N.S.
Immune,Innate Immune Recognition & Signaling,Serine Protease Inhibitors (Serpins),LOC126284336,serine protease inhibitor I/II-like,serine protease inhibitor I/II-like,protein_coding,NC_064927.1,Chromosome8,assembled-molecule,8,Chromosome,Nuclear chromosome,control_diet83_vs33,Control: diet 83 vs 33,Diet comparison among controls,"83
vs
33",2,1,Control diet 83,Control diet 33,cont83 vs cont33_log2FC,cont83 vs cont33_padj,FALSE,Placed/host-assigned,34.92457263615157,-0.1990329513422585,0.740541911543607,-0.2687666264930076,0.7881092768432265,0.9999697606274288,FALSE,-0.1990329513422585,N.S.,Not significant,TRUE,,,N.S.
Immune,Innate Immune Recognition & Signaling,Serine Protease Inhibitors (Serpins),LOC126284336,serine protease inhibitor I/II-like,serine protease inhibitor I/II-like,protein_coding,NC_064927.1,Chromosome8,assembled-molecule,8,Chromosome,Nuclear chromosome,control_diet83_vs50,Control: diet 83 vs 50,Diet comparison among controls,"83
vs
50",3,1,Control diet 83,Control diet 50,cont83 vs cont50_log2FC,cont83 vs cont50_padj,FALSE,Placed/host-assigned,34.92457263615157,0.512000049625751,0.7759133194880761,0.6598675867087228,0.5093388063201749,0.9989643578317658,FALSE,0.512000049625751,N.S.,Not significant,TRUE,,,N.S.
Immune,Innate Immune Recognition & Signaling,Serine Protease Inhibitors (Serpins),LOC126284336,serine protease inhibitor I/II-like,serine protease inhibitor I/II-like,protein_coding,NC_064927.1,Chromosome8,assembled-molecule,8,Chromosome,Nuclear chromosome,infected_diet33_vs50,Infected: diet 50 vs 33,Diet comparison among infected,"50
vs
33",1,-1,Infected diet 50,Infected diet 33,inf33 vs inf50_log2FC,inf33 vs inf50_padj,TRUE,Placed/host-assigned,34.92457263615157,-0.86376625716001,0.6338377591370604,-1.362756075523153,0.17295939855153122,0.7372075525334171,FALSE,0.86376625716001,N.S.,Not significant,TRUE,,,N.S.
Immune,Innate Immune Recognition & Signaling,Serine Protease Inhibitors (Serpins),LOC126284336,serine protease inhibitor I/II-like,serine protease inhibitor I/II-like,protein_coding,NC_064927.1,Chromosome8,assembled-molecule,8,Chromosome,Nuclear chromosome,infected_diet83_vs33,Infected: diet 83 vs 33,Diet comparison among infected,"83
vs
33",2,1,Infected diet 83,Infected diet 33,inf83 vs inf33_log2FC,inf83 vs inf33_padj,TRUE,Placed/host-assigned,34.92457263615157,0.907107881439057,0.7089115082161209,1.2795784395173244,0.2006934365674072,0.694053589822033,FALSE,0.907107881439057,N.S.,Not significant,TRUE,,,N.S.
Immune,Innate Immune Recognition & Signaling,Serine Protease Inhibitors (Serpins),LOC126284336,serine protease inhibitor I/II-like,serine protease inhibitor I/II-like,protein_coding,NC_064927.1,Chromosome8,assembled-molecule,8,Chromosome,Nuclear chromosome,infected_diet83_vs50,Infected: diet 83 vs 50,Diet comparison among infected,"83
vs
50",3,1,Infected diet 83,Infected diet 50,inf83 vs inf50_log2FC,inf83 vs inf50_padj,TRUE,Placed/host-assigned,34.92457263615157,0.04334162427904693,0.7084482234652346,0.06117825247277767,0.9512172492971528,0.9891263621833478,FALSE,0.04334162427904693,N.S.,Not significant,TRUE,,,N.S.
Immune,Innate Immune Recognition & Signaling,Serine Protease Inhibitors (Serpins),LOC126284336,serine protease inhibitor I/II-like,serine protease inhibitor I/II-like,protein_coding,NC_064927.1,Chromosome8,assembled-molecule,8,Chromosome,Nuclear chromosome,infection_diet33,Diet 33: infected vs control,Within-diet infection response,33,1,1,Infected diet 33,Control diet 33,Diet 33 log2FC,Diet 33 padj,TRUE,Placed/host-assigned,34.92457263615157,1.195164736865624,0.6868714315024411,1.7400122964080162,0.08185685882810005,0.23998123149824044,FALSE,1.195164736865624,N.S.,Not significant,TRUE,,,N.S.
Immune,Innate Immune Recognition & Signaling,Serine Protease Inhibitors (Serpins),LOC126284336,serine protease inhibitor I/II-like,serine protease inhibitor I/II-like,protein_coding,NC_064927.1,Chromosome8,assembled-molecule,8,Chromosome,Nuclear chromosome,infection_diet50,Diet 50: infected vs control,Within-diet infection response,50,2,1,Infected diet 50,Control diet 50,Diet 50 log2FC,Diet 50 padj,TRUE,Placed/host-assigned,34.92457263615157,2.7699639949936437,0.7244134723142233,3.8237334075865137,1.31446039184461e-4,0.00203015893525115,TRUE,2.7699639949936437,Upregulated,Infected diet 50,TRUE,,,N.S.
Immune,Innate Immune Recognition & Signaling,Serine Protease Inhibitors (Serpins),LOC126284336,serine protease inhibitor I/II-like,serine protease inhibitor I/II-like,protein_coding,NC_064927.1,Chromosome8,assembled-molecule,8,Chromosome,Nuclear chromosome,infection_diet83,Diet 83: infected vs control,Within-diet infection response,83,3,1,Infected diet 83,Control diet 83,Diet 83 log2FC,Diet 83 padj,TRUE,Placed/host-assigned,34.92457263615157,2.3013055696469396,0.7610292279667727,3.0239384836707175,0.00249507167015321,0.02681181668524308,TRUE,2.3013055696469396,Upregulated,Infected diet 83,TRUE,,,N.S.
Immune,Innate Immune Recognition & Signaling,Serine Protease Inhibitors (Serpins),LOC126335167,serine protease inhibitor 88Ea-like,serine protease inhibitor 88Ea-like,protein_coding,NC_064921.1,Chromosome2,assembled-molecule,2,Chromosome,Nuclear chromosome,control_diet33_vs50,Control: diet 50 vs 33,Diet comparison among controls,"50
vs
33",1,-1,Control diet 50,Control diet 33,cont33 vs cont50_log2FC,cont33 vs cont50_padj,FALSE,Placed/host-assigned,571.6467169194964,-0.24775570480510864,0.6272211738052141,-0.39500532691208234,0.6928389566857182,1,FALSE,0.24775570480510864,N.S.,Not significant,TRUE,,,N.S.
Immune,Innate Immune Recognition & Signaling,Serine Protease Inhibitors (Serpins),LOC126335167,serine protease inhibitor 88Ea-like,serine protease inhibitor 88Ea-like,protein_coding,NC_064921.1,Chromosome2,assembled-molecule,2,Chromosome,Nuclear chromosome,control_diet83_vs33,Control: diet 83 vs 33,Diet comparison among controls,"83
vs
33",2,1,Control diet 83,Control diet 33,cont83 vs cont33_log2FC,cont83 vs cont33_padj,FALSE,Placed/host-assigned,571.6467169194964,1.784112323729138,0.602331343922409,2.9620114273165963,0.0030563644041281,0.3077355077088949,FALSE,1.784112323729138,N.S.,Not significant,TRUE,,,N.S.
Immune,Innate Immune Recognition & Signaling,Serine Protease Inhibitors (Serpins),LOC126335167,serine protease inhibitor 88Ea-like,serine protease inhibitor 88Ea-like,protein_coding,NC_064921.1,Chromosome2,assembled-molecule,2,Chromosome,Nuclear chromosome,control_diet83_vs50,Control: diet 83 vs 50,Diet comparison among controls,"83
vs
50",3,1,Control diet 83,Control diet 50,cont83 vs cont50_log2FC,cont83 vs cont50_padj,FALSE,Placed/host-assigned,571.6467169194964,1.5363566189240294,0.6266603343332127,2.451657676018004,0.0142199870583006,0.42856776872770885,FALSE,1.5363566189240294,N.S.,Not significant,TRUE,,,N.S.
Immune,Innate Immune Recognition & Signaling,Serine Protease Inhibitors (Serpins),LOC126335167,serine protease inhibitor 88Ea-like,serine protease inhibitor 88Ea-like,protein_coding,NC_064921.1,Chromosome2,assembled-molecule,2,Chromosome,Nuclear chromosome,infected_diet33_vs50,Infected: diet 50 vs 33,Diet comparison among infected,"50
vs
33",1,-1,Infected diet 50,Infected diet 33,inf33 vs inf50_log2FC,inf33 vs inf50_padj,TRUE,Placed/host-assigned,571.6467169194964,-0.9346717666913488,0.5314564633803004,-1.7586986537832636,0.07862870618104233,0.5770353024112798,FALSE,0.9346717666913488,N.S.,Not significant,TRUE,,,N.S.
Immune,Innate Immune Recognition & Signaling,Serine Protease Inhibitors (Serpins),LOC126335167,serine protease inhibitor 88Ea-like,serine protease inhibitor 88Ea-like,protein_coding,NC_064921.1,Chromosome2,assembled-molecule,2,Chromosome,Nuclear chromosome,infected_diet83_vs33,Infected: diet 83 vs 33,Diet comparison among infected,"83
vs
33",2,1,Infected diet 83,Infected diet 33,inf83 vs inf33_log2FC,inf83 vs inf33_padj,TRUE,Placed/host-assigned,571.6467169194964,2.1301973814165995,0.5937417338087753,3.5877508016013344,3.335428429593592e-4,0.04917273103968936,TRUE,2.1301973814165995,Upregulated,Infected diet 83,TRUE,,,N.S.
Immune,Innate Immune Recognition & Signaling,Serine Protease Inhibitors (Serpins),LOC126335167,serine protease inhibitor 88Ea-like,serine protease inhibitor 88Ea-like,protein_coding,NC_064921.1,Chromosome2,assembled-molecule,2,Chromosome,Nuclear chromosome,infected_diet83_vs50,Infected: diet 83 vs 50,Diet comparison among infected,"83
vs
50",3,1,Infected diet 83,Infected diet 50,inf83 vs inf50_log2FC,inf83 vs inf50_padj,TRUE,Placed/host-assigned,571.6467169194964,1.1955256147252509,0.5936486813487901,2.013860473856315,0.04402418440990777,0.4880573789303524,FALSE,1.1955256147252509,N.S.,Not significant,TRUE,,,N.S.
Immune,Innate Immune Recognition & Signaling,Serine Protease Inhibitors (Serpins),LOC126335167,serine protease inhibitor 88Ea-like,serine protease inhibitor 88Ea-like,protein_coding,NC_064921.1,Chromosome2,assembled-molecule,2,Chromosome,Nuclear chromosome,infection_diet33,Diet 33: infected vs control,Within-diet infection response,33,1,1,Infected diet 33,Control diet 33,Diet 33 log2FC,Diet 33 padj,TRUE,Placed/host-assigned,571.6467169194964,-0.07267286970641601,0.5683584855450571,-0.1278644931934509,0.8982562106687466,0.9499852137874322,FALSE,-0.07267286970641601,N.S.,Not significant,TRUE,,,N.S.
Immune,Innate Immune Recognition & Signaling,Serine Protease Inhibitors (Serpins),LOC126335167,serine protease inhibitor 88Ea-like,serine protease inhibitor 88Ea-like,protein_coding,NC_064921.1,Chromosome2,assembled-molecule,2,Chromosome,Nuclear chromosome,infection_diet50,Diet 50: infected vs control,Within-diet infection response,50,2,1,Infected diet 50,Control diet 50,Diet 50 log2FC,Diet 50 padj,TRUE,Placed/host-assigned,571.6467169194964,0.6142431921798239,0.5939873780201195,1.0341014218639144,0.3010887516345999,0.4539620439667306,FALSE,0.6142431921798239,N.S.,Not significant,TRUE,,,N.S.
Immune,Innate Immune Recognition & Signaling,Serine Protease Inhibitors (Serpins),LOC126335167,serine protease inhibitor 88Ea-like,serine protease inhibitor 88Ea-like,protein_coding,NC_064921.1,Chromosome2,assembled-molecule,2,Chromosome,Nuclear chromosome,infection_diet83,Diet 83: infected vs control,Within-diet infection response,83,3,1,Infected diet 83,Control diet 83,Diet 83 log2FC,Diet 83 padj,TRUE,Placed/host-assigned,571.6467169194964,0.2734121879810454,0.6263393060047845,0.43652407785973574,0.6624565336823864,0.8147811778937758,FALSE,0.2734121879810454,N.S.,Not significant,TRUE,,,N.S.
Immune,Innate Immune Recognition & Signaling,Serine Protease Inhibitors (Serpins),LOC126335463,serpin B8-like,serpin B8-like,protein_coding,NC_064921.1,Chromosome2,assembled-molecule,2,Chromosome,Nuclear chromosome,control_diet33_vs50,Control: diet 50 vs 33,Diet comparison among controls,"50
vs
33",1,-1,Control diet 50,Control diet 33,cont33 vs cont50_log2FC,cont33 vs cont50_padj,FALSE,Placed/host-assigned,960.3501826960348,0.07104169385250521,0.7241233488987036,0.09810717187969466,0.9218471926661352,1,FALSE,-0.07104169385250521,N.S.,Not significant,TRUE,,,N.S.
Immune,Innate Immune Recognition & Signaling,Serine Protease Inhibitors (Serpins),LOC126335463,serpin B8-like,serpin B8-like,protein_coding,NC_064921.1,Chromosome2,assembled-molecule,2,Chromosome,Nuclear chromosome,control_diet83_vs33,Control: diet 83 vs 33,Diet comparison among controls,"83
vs
33",2,1,Control diet 83,Control diet 33,cont83 vs cont33_log2FC,cont83 vs cont33_padj,FALSE,Placed/host-assigned,960.3501826960348,0.25702254340734576,0.6968339202107461,0.3688433297414877,0.7122445057727499,0.9999697606274288,FALSE,0.25702254340734576,N.S.,Not significant,TRUE,,,N.S.
Immune,Innate Immune Recognition & Signaling,Serine Protease Inhibitors (Serpins),LOC126335463,serpin B8-like,serpin B8-like,protein_coding,NC_064921.1,Chromosome2,assembled-molecule,2,Chromosome,Nuclear chromosome,control_diet83_vs50,Control: diet 83 vs 50,Diet comparison among controls,"83
vs
50",3,1,Control diet 83,Control diet 50,cont83 vs cont50_log2FC,cont83 vs cont50_padj,FALSE,Placed/host-assigned,960.3501826960348,0.328064237259851,0.7241265649625398,0.4530482005957374,0.6505140337141687,0.9993806165316672,FALSE,0.328064237259851,N.S.,Not significant,TRUE,,,N.S.
Immune,Innate Immune Recognition & Signaling,Serine Protease Inhibitors (Serpins),LOC126335463,serpin B8-like,serpin B8-like,protein_coding,NC_064921.1,Chromosome2,assembled-molecule,2,Chromosome,Nuclear chromosome,infected_diet33_vs50,Infected: diet 50 vs 33,Diet comparison among infected,"50
vs
33",1,-1,Infected diet 50,Infected diet 33,inf33 vs inf50_log2FC,inf33 vs inf50_padj,TRUE,Placed/host-assigned,960.3501826960348,-1.4778599557106291,0.6000769287455204,-2.4627841613576806,0.0137862879805831,0.239173609103756,FALSE,1.4778599557106291,N.S.,Not significant,TRUE,,,N.S.
Immune,Innate Immune Recognition & Signaling,Serine Protease Inhibitors (Serpins),LOC126335463,serpin B8-like,serpin B8-like,protein_coding,NC_064921.1,Chromosome2,assembled-molecule,2,Chromosome,Nuclear chromosome,infected_diet83_vs33,Infected: diet 83 vs 33,Diet comparison among infected,"83
vs
33",2,1,Infected diet 83,Infected diet 33,inf83 vs inf33_log2FC,inf83 vs inf33_padj,TRUE,Placed/host-assigned,960.3501826960348,-0.01963024681639469,0.6711555582826088,-0.02924843067175915,0.9766664556472878,0.993521976940981,FALSE,-0.01963024681639469,N.S.,Not significant,TRUE,,,N.S.
Immune,Innate Immune Recognition & Signaling,Serine Protease Inhibitors (Serpins),LOC126335463,serpin B8-like,serpin B8-like,protein_coding,NC_064921.1,Chromosome2,assembled-molecule,2,Chromosome,Nuclear chromosome,infected_diet83_vs50,Infected: diet 83 vs 50,Diet comparison among infected,"83
vs
50",3,1,Infected diet 83,Infected diet 50,inf83 vs inf50_log2FC,inf83 vs inf50_padj,TRUE,Placed/host-assigned,960.3501826960348,-1.497490202527024,0.6710955031119465,-2.231411469132174,0.0256538858357843,0.4021486195741482,FALSE,-1.497490202527024,N.S.,Not significant,TRUE,,,N.S.
Immune,Innate Immune Recognition & Signaling,Serine Protease Inhibitors (Serpins),LOC126335463,serpin B8-like,serpin B8-like,protein_coding,NC_064921.1,Chromosome2,assembled-molecule,2,Chromosome,Nuclear chromosome,infection_diet33,Diet 33: infected vs control,Within-diet infection response,33,1,1,Infected diet 33,Control diet 33,Diet 33 log2FC,Diet 33 padj,TRUE,Placed/host-assigned,960.3501826960348,5.3261058787285505,0.650286776822858,8.190395481745147,2.603691925417919e-16,5.775856587885419e-13,TRUE,5.3261058787285505,Upregulated,Infected diet 33,TRUE,,,N.S.
Immune,Innate Immune Recognition & Signaling,Serine Protease Inhibitors (Serpins),LOC126335463,serpin B8-like,serpin B8-like,protein_coding,NC_064921.1,Chromosome2,assembled-molecule,2,Chromosome,Nuclear chromosome,infection_diet50,Diet 50: infected vs control,Within-diet infection response,50,2,1,Infected diet 50,Control diet 50,Diet 50 log2FC,Diet 50 padj,TRUE,Placed/host-assigned,960.3501826960348,6.875007528291685,0.6793924143838144,10.119346908703832,4.53431023944805e-24,6.407887230387984e-20,TRUE,6.875007528291685,Upregulated,Infected diet 50,TRUE,,,N.S.
Immune,Innate Immune Recognition & Signaling,Serine Protease Inhibitors (Serpins),LOC126335463,serpin B8-like,serpin B8-like,protein_coding,NC_064921.1,Chromosome2,assembled-molecule,2,Chromosome,Nuclear chromosome,infection_diet83,Diet 83: infected vs control,Within-diet infection response,83,3,1,Infected diet 83,Control diet 83,Diet 83 log2FC,Diet 83 padj,TRUE,Placed/host-assigned,960.3501826960348,5.04945308850481,0.7163479626963808,7.048883156585435,1.8035951607621569e-12,2.9446033887665326e-9,TRUE,5.04945308850481,Upregulated,Infected diet 83,TRUE,,,N.S.
Immune,Innate Immune Recognition & Signaling,Serine Protease Inhibitors (Serpins),LOC126335465,serpin B6-like,serpin B6-like,protein_coding,NC_064921.1,Chromosome2,assembled-molecule,2,Chromosome,Nuclear chromosome,control_diet33_vs50,Control: diet 50 vs 33,Diet comparison among controls,"50
vs
33",1,-1,Control diet 50,Control diet 33,cont33 vs cont50_log2FC,cont33 vs cont50_padj,FALSE,Placed/host-assigned,268.896723652835,-0.1617625924626767,0.5859405605451078,-0.2760733824471666,0.7824917042266708,1,FALSE,0.1617625924626767,N.S.,Not significant,TRUE,,,N.S.
Immune,Innate Immune Recognition & Signaling,Serine Protease Inhibitors (Serpins),LOC126335465,serpin B6-like,serpin B6-like,protein_coding,NC_064921.1,Chromosome2,assembled-molecule,2,Chromosome,Nuclear chromosome,control_diet83_vs33,Control: diet 83 vs 33,Diet comparison among controls,"83
vs
33",2,1,Control diet 83,Control diet 33,cont83 vs cont33_log2FC,cont83 vs cont33_padj,FALSE,Placed/host-assigned,268.896723652835,0.25872347901932113,0.5631683554491043,0.4594069899630626,0.6459419296260414,0.9999697606274288,FALSE,0.25872347901932113,N.S.,Not significant,TRUE,,,N.S.
Immune,Innate Immune Recognition & Signaling,Serine Protease Inhibitors (Serpins),LOC126335465,serpin B6-like,serpin B6-like,protein_coding,NC_064921.1,Chromosome2,assembled-molecule,2,Chromosome,Nuclear chromosome,control_diet83_vs50,Control: diet 83 vs 50,Diet comparison among controls,"83
vs
50",3,1,Control diet 83,Control diet 50,cont83 vs cont50_log2FC,cont83 vs cont50_padj,FALSE,Placed/host-assigned,268.896723652835,0.0969608865566444,0.585931332242619,0.16548165496719913,0.8685648879806853,0.9993806165316672,FALSE,0.0969608865566444,N.S.,Not significant,TRUE,,,N.S.
Immune,Innate Immune Recognition & Signaling,Serine Protease Inhibitors (Serpins),LOC126335465,serpin B6-like,serpin B6-like,protein_coding,NC_064921.1,Chromosome2,assembled-molecule,2,Chromosome,Nuclear chromosome,infected_diet33_vs50,Infected: diet 50 vs 33,Diet comparison among infected,"50
vs
33",1,-1,Infected diet 50,Infected diet 33,inf33 vs inf50_log2FC,inf33 vs inf50_padj,TRUE,Placed/host-assigned,268.896723652835,-0.5134025673635734,0.4987931514712194,-1.0292895278318532,0.303343642802776,0.8435250857385689,FALSE,0.5134025673635734,N.S.,Not significant,TRUE,,,N.S.
Immune,Innate Immune Recognition & Signaling,Serine Protease Inhibitors (Serpins),LOC126335465,serpin B6-like,serpin B6-like,protein_coding,NC_064921.1,Chromosome2,assembled-molecule,2,Chromosome,Nuclear chromosome,infected_diet83_vs33,Infected: diet 83 vs 33,Diet comparison among infected,"83
vs
33",2,1,Infected diet 83,Infected diet 33,inf83 vs inf33_log2FC,inf83 vs inf33_padj,TRUE,Placed/host-assigned,268.896723652835,0.7666697907531828,0.5575187000472123,1.3751463236807284,0.1690860853355469,0.6654913293325785,FALSE,0.7666697907531828,N.S.,Not significant,TRUE,,,N.S.
Immune,Innate Immune Recognition & Signaling,Serine Protease Inhibitors (Serpins),LOC126335465,serpin B6-like,serpin B6-like,protein_coding,NC_064921.1,Chromosome2,assembled-molecule,2,Chromosome,Nuclear chromosome,infected_diet83_vs50,Infected: diet 83 vs 50,Diet comparison among infected,"83
vs
50",3,1,Infected diet 83,Infected diet 50,inf83 vs inf50_log2FC,inf83 vs inf50_padj,TRUE,Placed/host-assigned,268.896723652835,0.2532672233896095,0.5577145965240622,0.4541161823055898,0.6497452066184739,0.9355687448365992,FALSE,0.2532672233896095,N.S.,Not significant,TRUE,,,N.S.
Immune,Innate Immune Recognition & Signaling,Serine Protease Inhibitors (Serpins),LOC126335465,serpin B6-like,serpin B6-like,protein_coding,NC_064921.1,Chromosome2,assembled-molecule,2,Chromosome,Nuclear chromosome,infection_diet33,Diet 33: infected vs control,Within-diet infection response,33,1,1,Infected diet 33,Control diet 33,Diet 33 log2FC,Diet 33 padj,TRUE,Placed/host-assigned,268.896723652835,-1.4972241057662048,0.5318578516147336,-2.815083205447838,0.00487646063928954,0.03882482092454867,TRUE,-1.4972241057662048,Downregulated,Control diet 33,TRUE,,,N.S.
Immune,Innate Immune Recognition & Signaling,Serine Protease Inhibitors (Serpins),LOC126335465,serpin B6-like,serpin B6-like,protein_coding,NC_064921.1,Chromosome2,assembled-molecule,2,Chromosome,Nuclear chromosome,infection_diet50,Diet 50: infected vs control,Within-diet infection response,50,2,1,Infected diet 50,Control diet 50,Diet 50 log2FC,Diet 50 padj,TRUE,Placed/host-assigned,268.896723652835,-1.145584130865308,0.5561008668598403,-2.0600293923908612,0.03939573101624362,0.10998428896119218,FALSE,-1.145584130865308,N.S.,Not significant,TRUE,,,N.S.
Immune,Innate Immune Recognition & Signaling,Serine Protease Inhibitors (Serpins),LOC126335465,serpin B6-like,serpin B6-like,protein_coding,NC_064921.1,Chromosome2,assembled-molecule,2,Chromosome,Nuclear chromosome,infection_diet83,Diet 83: infected vs control,Within-diet infection response,83,3,1,Infected diet 83,Control diet 83,Diet 83 log2FC,Diet 83 padj,TRUE,Placed/host-assigned,268.896723652835,-0.9892777940323432,0.5874631249341035,-1.683982793206487,0.09218499416886128,0.2672873076722092,FALSE,-0.9892777940323432,N.S.,Not significant,TRUE,,,N.S.
Immune,Innate Immune Recognition & Signaling,Serine Protease Inhibitors (Serpins),LOC126335468,serpin B6-like,serpin B6-like,protein_coding,NC_064921.1,Chromosome2,assembled-molecule,2,Chromosome,Nuclear chromosome,control_diet33_vs50,Control: diet 50 vs 33,Diet comparison among controls,"50
vs
33",1,-1,Control diet 50,Control diet 33,cont33 vs cont50_log2FC,cont33 vs cont50_padj,FALSE,Placed/host-assigned,242.6323166482293,0.4926994797047195,0.6659334708549551,0.7398629161441156,0.45938317809411794,1,FALSE,-0.4926994797047195,N.S.,Not significant,TRUE,,,N.S.
Immune,Innate Immune Recognition & Signaling,Serine Protease Inhibitors (Serpins),LOC126335468,serpin B6-like,serpin B6-like,protein_coding,NC_064921.1,Chromosome2,assembled-molecule,2,Chromosome,Nuclear chromosome,control_diet83_vs33,Control: diet 83 vs 33,Diet comparison among controls,"83
vs
33",2,1,Control diet 83,Control diet 33,cont83 vs cont33_log2FC,cont83 vs cont33_padj,FALSE,Placed/host-assigned,242.6323166482293,2.0101831188458403,0.6348864160429462,3.166209054171768,0.00154439756708482,0.19989005939999355,FALSE,2.0101831188458403,N.S.,Not significant,TRUE,,,N.S.
Immune,Innate Immune Recognition & Signaling,Serine Protease Inhibitors (Serpins),LOC126335468,serpin B6-like,serpin B6-like,protein_coding,NC_064921.1,Chromosome2,assembled-molecule,2,Chromosome,Nuclear chromosome,control_diet83_vs50,Control: diet 83 vs 50,Diet comparison among controls,"83
vs
50",3,1,Control diet 83,Control diet 50,cont83 vs cont50_log2FC,cont83 vs cont50_padj,FALSE,Placed/host-assigned,242.6323166482293,2.50288259855056,0.6621575882947947,3.779889625664561,1.568978951546917e-4,0.03897110414683962,TRUE,2.50288259855056,Upregulated,Control diet 83,TRUE,,,N.S.
Immune,Innate Immune Recognition & Signaling,Serine Protease Inhibitors (Serpins),LOC126335468,serpin B6-like,serpin B6-like,protein_coding,NC_064921.1,Chromosome2,assembled-molecule,2,Chromosome,Nuclear chromosome,infected_diet33_vs50,Infected: diet 50 vs 33,Diet comparison among infected,"50
vs
33",1,-1,Infected diet 50,Infected diet 33,inf33 vs inf50_log2FC,inf33 vs inf50_padj,TRUE,Placed/host-assigned,242.6323166482293,-0.14504223507702663,0.5548018624638992,-0.26143069245097295,0.793760390634333,0.9802479673266614,FALSE,0.14504223507702663,N.S.,Not significant,TRUE,,,N.S.
Immune,Innate Immune Recognition & Signaling,Serine Protease Inhibitors (Serpins),LOC126335468,serpin B6-like,serpin B6-like,protein_coding,NC_064921.1,Chromosome2,assembled-molecule,2,Chromosome,Nuclear chromosome,infected_diet83_vs33,Infected: diet 83 vs 33,Diet comparison among infected,"83
vs
33",2,1,Infected diet 83,Infected diet 33,inf83 vs inf33_log2FC,inf83 vs inf33_padj,TRUE,Placed/host-assigned,242.6323166482293,0.422938027341887,0.6202370126283542,0.6818974339335524,0.49530380811613567,0.854524534698919,FALSE,0.422938027341887,N.S.,Not significant,TRUE,,,N.S.
Immune,Innate Immune Recognition & Signaling,Serine Protease Inhibitors (Serpins),LOC126335468,serpin B6-like,serpin B6-like,protein_coding,NC_064921.1,Chromosome2,assembled-molecule,2,Chromosome,Nuclear chromosome,infected_diet83_vs50,Infected: diet 83 vs 50,Diet comparison among infected,"83
vs
50",3,1,Infected diet 83,Infected diet 50,inf83 vs inf50_log2FC,inf83 vs inf50_padj,TRUE,Placed/host-assigned,242.6323166482293,0.27789579226486044,0.6204682112354368,0.4478807894308268,0.6542392333771962,0.9371601328609837,FALSE,0.27789579226486044,N.S.,Not significant,TRUE,,,N.S.
Immune,Innate Immune Recognition & Signaling,Serine Protease Inhibitors (Serpins),LOC126335468,serpin B6-like,serpin B6-like,protein_coding,NC_064921.1,Chromosome2,assembled-molecule,2,Chromosome,Nuclear chromosome,infection_diet33,Diet 33: infected vs control,Within-diet infection response,33,1,1,Infected diet 33,Control diet 33,Diet 33 log2FC,Diet 33 padj,TRUE,Placed/host-assigned,242.6323166482293,2.98513045740282,0.5981695973627627,4.990441624856561,6.024140430456085e-7,4.099740982824967e-5,TRUE,2.98513045740282,Upregulated,Infected diet 33,TRUE,,,N.S.
Immune,Innate Immune Recognition & Signaling,Serine Protease Inhibitors (Serpins),LOC126335468,serpin B6-like,serpin B6-like,protein_coding,NC_064921.1,Chromosome2,assembled-molecule,2,Chromosome,Nuclear chromosome,infection_diet50,Diet 50: infected vs control,Within-diet infection response,50,2,1,Infected diet 50,Control diet 50,Diet 50 log2FC,Diet 50 padj,TRUE,Placed/host-assigned,242.6323166482293,3.6228721721845663,0.6272683851344726,5.775633298349481,7.666417796661678e-9,6.528051079853188e-7,TRUE,3.6228721721845663,Upregulated,Infected diet 50,TRUE,,,N.S.
Immune,Innate Immune Recognition & Signaling,Serine Protease Inhibitors (Serpins),LOC126335468,serpin B6-like,serpin B6-like,protein_coding,NC_064921.1,Chromosome2,assembled-molecule,2,Chromosome,Nuclear chromosome,infection_diet83,Diet 83: infected vs control,Within-diet infection response,83,3,1,Infected diet 83,Control diet 83,Diet 83 log2FC,Diet 83 padj,TRUE,Placed/host-assigned,242.6323166482293,1.3978853658988668,0.6557193347011147,2.131834905456983,0.03302042102949203,0.1420657672306554,FALSE,1.3978853658988668,N.S.,Not significant,TRUE,,,N.S.
Immune,Innate Immune Recognition & Signaling,Serine Protease Inhibitors (Serpins),LOC126335471,serpin B6-like,serpin B6-like,protein_coding,NC_064921.1,Chromosome2,assembled-molecule,2,Chromosome,Nuclear chromosome,control_diet33_vs50,Control: diet 50 vs 33,Diet comparison among controls,"50
vs
33",1,-1,Control diet 50,Control diet 33,cont33 vs cont50_log2FC,cont33 vs cont50_padj,FALSE,Placed/host-assigned,7.404445002653815,0.2583185120668256,0.5230916035499268,0.49383035459518754,0.6214259937739888,1,FALSE,-0.2583185120668256,N.S.,Not significant,TRUE,,,N.S.
Immune,Innate Immune Recognition & Signaling,Serine Protease Inhibitors (Serpins),LOC126335471,serpin B6-like,serpin B6-like,protein_coding,NC_064921.1,Chromosome2,assembled-molecule,2,Chromosome,Nuclear chromosome,control_diet83_vs33,Control: diet 83 vs 33,Diet comparison among controls,"83
vs
33",2,1,Control diet 83,Control diet 33,cont83 vs cont33_log2FC,cont83 vs cont33_padj,FALSE,Placed/host-assigned,7.404445002653815,0.14869630378630008,0.501617022034036,0.2964339271887999,0.766898718828123,0.9999697606274288,FALSE,0.14869630378630008,N.S.,Not significant,TRUE,,,N.S.
Immune,Innate Immune Recognition & Signaling,Serine Protease Inhibitors (Serpins),LOC126335471,serpin B6-like,serpin B6-like,protein_coding,NC_064921.1,Chromosome2,assembled-molecule,2,Chromosome,Nuclear chromosome,control_diet83_vs50,Control: diet 83 vs 50,Diet comparison among controls,"83
vs
50",3,1,Control diet 83,Control diet 50,cont83 vs cont50_log2FC,cont83 vs cont50_padj,FALSE,Placed/host-assigned,7.404445002653815,0.4070148158531257,0.5331774976109181,0.7633758320200928,0.44523928899038456,0.9989643578317658,FALSE,0.4070148158531257,N.S.,Not significant,TRUE,,,N.S.
Immune,Innate Immune Recognition & Signaling,Serine Protease Inhibitors (Serpins),LOC126335471,serpin B6-like,serpin B6-like,protein_coding,NC_064921.1,Chromosome2,assembled-molecule,2,Chromosome,Nuclear chromosome,infected_diet33_vs50,Infected: diet 50 vs 33,Diet comparison among infected,"50
vs
33",1,-1,Infected diet 50,Infected diet 33,inf33 vs inf50_log2FC,inf33 vs inf50_padj,TRUE,Placed/host-assigned,7.404445002653815,-0.6166604470624707,0.379661486325048,-1.6242375623386658,0.10432511707156916,0.6430612419243522,FALSE,0.6166604470624707,N.S.,Not significant,TRUE,,,N.S.
Immune,Innate Immune Recognition & Signaling,Serine Protease Inhibitors (Serpins),LOC126335471,serpin B6-like,serpin B6-like,protein_coding,NC_064921.1,Chromosome2,assembled-molecule,2,Chromosome,Nuclear chromosome,infected_diet83_vs33,Infected: diet 83 vs 33,Diet comparison among infected,"83
vs
33",2,1,Infected diet 83,Infected diet 33,inf83 vs inf33_log2FC,inf83 vs inf33_padj,TRUE,Placed/host-assigned,7.404445002653815,-0.551891567719331,0.484510265968728,-1.139070947476997,0.2546735638683434,0.7314634080374192,FALSE,-0.551891567719331,N.S.,Not significant,TRUE,,,N.S.
Immune,Innate Immune Recognition & Signaling,Serine Protease Inhibitors (Serpins),LOC126335471,serpin B6-like,serpin B6-like,protein_coding,NC_064921.1,Chromosome2,assembled-molecule,2,Chromosome,Nuclear chromosome,infected_diet83_vs50,Infected: diet 83 vs 50,Diet comparison among infected,"83
vs
50",3,1,Infected diet 83,Infected diet 50,inf83 vs inf50_log2FC,inf83 vs inf50_padj,TRUE,Placed/host-assigned,7.404445002653815,-1.1685520147818018,0.48317931405535786,-2.4184644929727286,0.01558616662817319,0.33289699288852936,FALSE,-1.1685520147818018,N.S.,Not significant,TRUE,,,N.S.
Immune,Innate Immune Recognition & Signaling,Serine Protease Inhibitors (Serpins),LOC126335471,serpin B6-like,serpin B6-like,protein_coding,NC_064921.1,Chromosome2,assembled-molecule,2,Chromosome,Nuclear chromosome,infection_diet33,Diet 33: infected vs control,Within-diet infection response,33,1,1,Infected diet 33,Control diet 33,Diet 33 log2FC,Diet 33 padj,TRUE,Placed/host-assigned,7.404445002653815,0.9307532914480074,0.4395435194816968,2.117545249092827,0.03421359926018304,0.13663960078753046,FALSE,0.9307532914480074,N.S.,Not significant,TRUE,,,N.S.
Immune,Innate Immune Recognition & Signaling,Serine Protease Inhibitors (Serpins),LOC126335471,serpin B6-like,serpin B6-like,protein_coding,NC_064921.1,Chromosome2,assembled-molecule,2,Chromosome,Nuclear chromosome,infection_diet50,Diet 50: infected vs control,Within-diet infection response,50,2,1,Infected diet 50,Control diet 50,Diet 50 log2FC,Diet 50 padj,TRUE,Placed/host-assigned,7.404445002653815,1.805732250577304,0.4738872908030153,3.8104677749796583,1.387040923949913e-4,0.00210522895416216,TRUE,1.805732250577304,Upregulated,Infected diet 50,TRUE,,,N.S.
Immune,Innate Immune Recognition & Signaling,Serine Protease Inhibitors (Serpins),LOC126335471,serpin B6-like,serpin B6-like,protein_coding,NC_064921.1,Chromosome2,assembled-molecule,2,Chromosome,Nuclear chromosome,infection_diet83,Diet 83: infected vs control,Within-diet infection response,83,3,1,Infected diet 83,Control diet 83,Diet 83 log2FC,Diet 83 padj,TRUE,Placed/host-assigned,7.404445002653815,0.23016541994237635,0.541452979588279,0.4250884723497029,0.670772181048621,0.8199257959574985,FALSE,0.23016541994237635,N.S.,Not significant,TRUE,,,N.S.
Immune,Innate Immune Recognition & Signaling,Serine Protease Inhibitors (Serpins),LOC126335472,serpin B4-like,serpin B4-like,protein_coding,NC_064921.1,Chromosome2,assembled-molecule,2,Chromosome,Nuclear chromosome,control_diet33_vs50,Control: diet 50 vs 33,Diet comparison among controls,"50
vs
33",1,-1,Control diet 50,Control diet 33,cont33 vs cont50_log2FC,cont33 vs cont50_padj,FALSE,Placed/host-assigned,63.4090185904366,-0.48762471148275105,0.5026102547907086,-0.9701845651474068,0.3319545028853243,1,FALSE,0.48762471148275105,N.S.,Not significant,TRUE,,,N.S.
Immune,Innate Immune Recognition & Signaling,Serine Protease Inhibitors (Serpins),LOC126335472,serpin B4-like,serpin B4-like,protein_coding,NC_064921.1,Chromosome2,assembled-molecule,2,Chromosome,Nuclear chromosome,control_diet83_vs33,Control: diet 83 vs 33,Diet comparison among controls,"83
vs
33",2,1,Control diet 83,Control diet 33,cont83 vs cont33_log2FC,cont83 vs cont33_padj,FALSE,Placed/host-assigned,63.4090185904366,0.36013462114851685,0.4880208371130795,0.7379492713444732,0.4605452762961537,0.9999697606274288,FALSE,0.36013462114851685,N.S.,Not significant,TRUE,,,N.S.
Immune,Innate Immune Recognition & Signaling,Serine Protease Inhibitors (Serpins),LOC126335472,serpin B4-like,serpin B4-like,protein_coding,NC_064921.1,Chromosome2,assembled-molecule,2,Chromosome,Nuclear chromosome,control_diet83_vs50,Control: diet 83 vs 50,Diet comparison among controls,"83
vs
50",3,1,Control diet 83,Control diet 50,cont83 vs cont50_log2FC,cont83 vs cont50_padj,FALSE,Placed/host-assigned,63.4090185904366,-0.1274900903342342,0.5019308164248484,-0.25399932851766366,0.7994960768579772,0.9993806165316672,FALSE,-0.1274900903342342,N.S.,Not significant,TRUE,,,N.S.
Immune,Innate Immune Recognition & Signaling,Serine Protease Inhibitors (Serpins),LOC126335472,serpin B4-like,serpin B4-like,protein_coding,NC_064921.1,Chromosome2,assembled-molecule,2,Chromosome,Nuclear chromosome,infected_diet33_vs50,Infected: diet 50 vs 33,Diet comparison among infected,"50
vs
33",1,-1,Infected diet 50,Infected diet 33,inf33 vs inf50_log2FC,inf33 vs inf50_padj,TRUE,Placed/host-assigned,63.4090185904366,-0.23726266947639607,0.41323227128274587,-0.5741629731383052,0.5658575227432538,0.9475602303925492,FALSE,0.23726266947639607,N.S.,Not significant,TRUE,,,N.S.
Immune,Innate Immune Recognition & Signaling,Serine Protease Inhibitors (Serpins),LOC126335472,serpin B4-like,serpin B4-like,protein_coding,NC_064921.1,Chromosome2,assembled-molecule,2,Chromosome,Nuclear chromosome,infected_diet83_vs33,Infected: diet 83 vs 33,Diet comparison among infected,"83
vs
33",2,1,Infected diet 83,Infected diet 33,inf83 vs inf33_log2FC,inf83 vs inf33_padj,TRUE,Placed/host-assigned,63.4090185904366,0.70432284728538,0.46112722555733593,1.5273937608739292,0.1266631269601116,0.61980847931258,FALSE,0.70432284728538,N.S.,Not significant,TRUE,,,N.S.
Immune,Innate Immune Recognition & Signaling,Serine Protease Inhibitors (Serpins),LOC126335472,serpin B4-like,serpin B4-like,protein_coding,NC_064921.1,Chromosome2,assembled-molecule,2,Chromosome,Nuclear chromosome,infected_diet83_vs50,Infected: diet 83 vs 50,Diet comparison among infected,"83
vs
50",3,1,Infected diet 83,Infected diet 50,inf83 vs inf50_log2FC,inf83 vs inf50_padj,TRUE,Placed/host-assigned,63.4090185904366,0.467060177808984,0.4621399030892106,1.0106467212350272,0.3121855456722898,0.8153679008675995,FALSE,0.467060177808984,N.S.,Not significant,TRUE,,,N.S.
Immune,Innate Immune Recognition & Signaling,Serine Protease Inhibitors (Serpins),LOC126335472,serpin B4-like,serpin B4-like,protein_coding,NC_064921.1,Chromosome2,assembled-molecule,2,Chromosome,Nuclear chromosome,infection_diet33,Diet 33: infected vs control,Within-diet infection response,33,1,1,Infected diet 33,Control diet 33,Diet 33 log2FC,Diet 33 padj,TRUE,Placed/host-assigned,63.4090185904366,1.8596638036887123,0.45203583892918,4.113974254992786,3.889048282474116e-5,0.00113020158602031,TRUE,1.8596638036887123,Upregulated,Infected diet 33,TRUE,,,N.S.
Immune,Innate Immune Recognition & Signaling,Serine Protease Inhibitors (Serpins),LOC126335472,serpin B4-like,serpin B4-like,protein_coding,NC_064921.1,Chromosome2,assembled-molecule,2,Chromosome,Nuclear chromosome,infection_diet50,Diet 50: infected vs control,Within-diet infection response,50,2,1,Infected diet 50,Control diet 50,Diet 50 log2FC,Diet 50 padj,TRUE,Placed/host-assigned,63.4090185904366,1.6093017616823575,0.46801878015082943,3.438540994367201,5.848579770914191e-4,0.00585769874716933,TRUE,1.6093017616823575,Upregulated,Infected diet 50,TRUE,,,N.S.
Immune,Innate Immune Recognition & Signaling,Serine Protease Inhibitors (Serpins),LOC126335472,serpin B4-like,serpin B4-like,protein_coding,NC_064921.1,Chromosome2,assembled-molecule,2,Chromosome,Nuclear chromosome,infection_diet83,Diet 83: infected vs control,Within-diet infection response,83,3,1,Infected diet 83,Control diet 83,Diet 83 log2FC,Diet 83 padj,TRUE,Placed/host-assigned,63.4090185904366,2.2038520298255757,0.4964536795415554,4.439189637713429,9.029822704018154e-6,4.477524717655598e-4,TRUE,2.2038520298255757,Upregulated,Infected diet 83,TRUE,,,N.S.
Immune,Innate Immune Recognition & Signaling,Serine Protease Inhibitors (Serpins),LOC126335547,serpin B6-like,serpin B6-like,protein_coding,NC_064921.1,Chromosome2,assembled-molecule,2,Chromosome,Nuclear chromosome,control_diet33_vs50,Control: diet 50 vs 33,Diet comparison among controls,"50
vs
33",1,-1,Control diet 50,Control diet 33,cont33 vs cont50_log2FC,cont33 vs cont50_padj,FALSE,Placed/host-assigned,396.29331222471586,0.12880619637265944,0.5272174641569463,0.24431322012184975,0.8069882454796332,1,FALSE,-0.12880619637265944,N.S.,Not significant,TRUE,,,N.S.
Immune,Innate Immune Recognition & Signaling,Serine Protease Inhibitors (Serpins),LOC126335547,serpin B6-like,serpin B6-like,protein_coding,NC_064921.1,Chromosome2,assembled-molecule,2,Chromosome,Nuclear chromosome,control_diet83_vs33,Control: diet 83 vs 33,Diet comparison among controls,"83
vs
33",2,1,Control diet 83,Control diet 33,cont83 vs cont33_log2FC,cont83 vs cont33_padj,FALSE,Placed/host-assigned,396.29331222471586,0.08092352181431878,0.5071967038980908,0.15955056725009484,0.8732351216163835,0.9999697606274288,FALSE,0.08092352181431878,N.S.,Not significant,TRUE,,,N.S.
Immune,Innate Immune Recognition & Signaling,Serine Protease Inhibitors (Serpins),LOC126335547,serpin B6-like,serpin B6-like,protein_coding,NC_064921.1,Chromosome2,assembled-molecule,2,Chromosome,Nuclear chromosome,control_diet83_vs50,Control: diet 83 vs 50,Diet comparison among controls,"83
vs
50",3,1,Control diet 83,Control diet 50,cont83 vs cont50_log2FC,cont83 vs cont50_padj,FALSE,Placed/host-assigned,396.29331222471586,0.20972971818697825,0.5275532554108304,0.3975517467400554,0.6909606353642285,0.9993806165316672,FALSE,0.20972971818697825,N.S.,Not significant,TRUE,,,N.S.
Immune,Innate Immune Recognition & Signaling,Serine Protease Inhibitors (Serpins),LOC126335547,serpin B6-like,serpin B6-like,protein_coding,NC_064921.1,Chromosome2,assembled-molecule,2,Chromosome,Nuclear chromosome,infected_diet33_vs50,Infected: diet 50 vs 33,Diet comparison among infected,"50
vs
33",1,-1,Infected diet 50,Infected diet 33,inf33 vs inf50_log2FC,inf33 vs inf50_padj,TRUE,Placed/host-assigned,396.29331222471586,-0.12118139093188092,0.4429491286332114,-0.2735785739229356,0.7844085015469637,0.9794947118538664,FALSE,0.12118139093188092,N.S.,Not significant,TRUE,,,N.S.
Immune,Innate Immune Recognition & Signaling,Serine Protease Inhibitors (Serpins),LOC126335547,serpin B6-like,serpin B6-like,protein_coding,NC_064921.1,Chromosome2,assembled-molecule,2,Chromosome,Nuclear chromosome,infected_diet83_vs33,Infected: diet 83 vs 33,Diet comparison among infected,"83
vs
33",2,1,Infected diet 83,Infected diet 33,inf83 vs inf33_log2FC,inf83 vs inf33_padj,TRUE,Placed/host-assigned,396.29331222471586,0.6280001208870452,0.4950836962430851,1.268472635339416,0.204629216968663,0.6950827658298979,FALSE,0.6280001208870452,N.S.,Not significant,TRUE,,,N.S.
Immune,Innate Immune Recognition & Signaling,Serine Protease Inhibitors (Serpins),LOC126335547,serpin B6-like,serpin B6-like,protein_coding,NC_064921.1,Chromosome2,assembled-molecule,2,Chromosome,Nuclear chromosome,infected_diet83_vs50,Infected: diet 83 vs 50,Diet comparison among infected,"83
vs
50",3,1,Infected diet 83,Infected diet 50,inf83 vs inf50_log2FC,inf83 vs inf50_padj,TRUE,Placed/host-assigned,396.29331222471586,0.5068187299551642,0.4952695233121107,1.023319033575533,0.30615702728934924,0.8122226487947316,FALSE,0.5068187299551642,N.S.,Not significant,TRUE,,,N.S.
Immune,Innate Immune Recognition & Signaling,Serine Protease Inhibitors (Serpins),LOC126335547,serpin B6-like,serpin B6-like,protein_coding,NC_064921.1,Chromosome2,assembled-molecule,2,Chromosome,Nuclear chromosome,infection_diet33,Diet 33: infected vs control,Within-diet infection response,33,1,1,Infected diet 33,Control diet 33,Diet 33 log2FC,Diet 33 padj,TRUE,Placed/host-assigned,396.29331222471586,2.3951953715151357,0.4758750937921814,5.033243812842068,4.822491465230238e-7,3.4142213511816205e-5,TRUE,2.3951953715151357,Upregulated,Infected diet 33,TRUE,,,N.S.
Immune,Innate Immune Recognition & Signaling,Serine Protease Inhibitors (Serpins),LOC126335547,serpin B6-like,serpin B6-like,protein_coding,NC_064921.1,Chromosome2,assembled-molecule,2,Chromosome,Nuclear chromosome,infection_diet50,Diet 50: infected vs control,Within-diet infection response,50,2,1,Infected diet 50,Control diet 50,Diet 50 log2FC,Diet 50 padj,TRUE,Placed/host-assigned,396.29331222471586,2.645182958819676,0.4976997892075952,5.314816313326476,1.0676497055714249e-7,6.133343755746087e-6,TRUE,2.645182958819676,Upregulated,Infected diet 50,TRUE,,,N.S.
Immune,Innate Immune Recognition & Signaling,Serine Protease Inhibitors (Serpins),LOC126335547,serpin B6-like,serpin B6-like,protein_coding,NC_064921.1,Chromosome2,assembled-molecule,2,Chromosome,Nuclear chromosome,infection_diet83,Diet 83: infected vs control,Within-diet infection response,83,3,1,Infected diet 83,Control diet 83,Diet 83 log2FC,Diet 83 padj,TRUE,Placed/host-assigned,396.29331222471586,2.942271970587862,0.5252611329987071,5.601541377696233,2.1245405744235748e-8,4.967581360384971e-6,TRUE,2.942271970587862,Upregulated,Infected diet 83,TRUE,,,N.S.
Immune,Innate Immune Recognition & Signaling,Serine Protease Inhibitors (Serpins),LOC126336076,serpin B8-like,serpin B8-like,protein_coding,NC_064921.1,Chromosome2,assembled-molecule,2,Chromosome,Nuclear chromosome,control_diet33_vs50,Control: diet 50 vs 33,Diet comparison among controls,"50
vs
33",1,-1,Control diet 50,Control diet 33,cont33 vs cont50_log2FC,cont33 vs cont50_padj,FALSE,Placed/host-assigned,26.257274827562547,-0.11667669513822893,0.621829178413877,-0.18763464177708827,0.8511630683186341,1,FALSE,0.11667669513822893,N.S.,Not significant,TRUE,,,N.S.
Immune,Innate Immune Recognition & Signaling,Serine Protease Inhibitors (Serpins),LOC126336076,serpin B8-like,serpin B8-like,protein_coding,NC_064921.1,Chromosome2,assembled-molecule,2,Chromosome,Nuclear chromosome,control_diet83_vs33,Control: diet 83 vs 33,Diet comparison among controls,"83
vs
33",2,1,Control diet 83,Control diet 33,cont83 vs cont33_log2FC,cont83 vs cont33_padj,FALSE,Placed/host-assigned,26.257274827562547,0.05350476476703449,0.6070930337483117,0.08813272726370382,0.9297711849814512,0.9999697606274288,FALSE,0.05350476476703449,N.S.,Not significant,TRUE,,,N.S.
Immune,Innate Immune Recognition & Signaling,Serine Protease Inhibitors (Serpins),LOC126336076,serpin B8-like,serpin B8-like,protein_coding,NC_064921.1,Chromosome2,assembled-molecule,2,Chromosome,Nuclear chromosome,control_diet83_vs50,Control: diet 83 vs 50,Diet comparison among controls,"83
vs
50",3,1,Control diet 83,Control diet 50,cont83 vs cont50_log2FC,cont83 vs cont50_padj,FALSE,Placed/host-assigned,26.257274827562547,-0.06317193037119444,0.6262910860003765,-0.10086672440865056,0.9196562584267972,0.9993806165316672,FALSE,-0.06317193037119444,N.S.,Not significant,TRUE,,,N.S.
Immune,Innate Immune Recognition & Signaling,Serine Protease Inhibitors (Serpins),LOC126336076,serpin B8-like,serpin B8-like,protein_coding,NC_064921.1,Chromosome2,assembled-molecule,2,Chromosome,Nuclear chromosome,infected_diet33_vs50,Infected: diet 50 vs 33,Diet comparison among infected,"50
vs
33",1,-1,Infected diet 50,Infected diet 33,inf33 vs inf50_log2FC,inf33 vs inf50_padj,TRUE,Placed/host-assigned,26.257274827562547,-1.007293694285838,0.497556065499627,-2.024482795269216,0.04292050043805495,0.4448272836043372,FALSE,1.007293694285838,N.S.,Not significant,TRUE,,,N.S.
Immune,Innate Immune Recognition & Signaling,Serine Protease Inhibitors (Serpins),LOC126336076,serpin B8-like,serpin B8-like,protein_coding,NC_064921.1,Chromosome2,assembled-molecule,2,Chromosome,Nuclear chromosome,infected_diet83_vs33,Infected: diet 83 vs 33,Diet comparison among infected,"83
vs
33",2,1,Infected diet 83,Infected diet 33,inf83 vs inf33_log2FC,inf83 vs inf33_padj,TRUE,Placed/host-assigned,26.257274827562547,-0.03857066592952053,0.565360085826685,-0.06822318535826853,0.9456079707205278,0.989307466071726,FALSE,-0.03857066592952053,N.S.,Not significant,TRUE,,,N.S.
Immune,Innate Immune Recognition & Signaling,Serine Protease Inhibitors (Serpins),LOC126336076,serpin B8-like,serpin B8-like,protein_coding,NC_064921.1,Chromosome2,assembled-molecule,2,Chromosome,Nuclear chromosome,infected_diet83_vs50,Infected: diet 83 vs 50,Diet comparison among infected,"83
vs
50",3,1,Infected diet 83,Infected diet 50,inf83 vs inf50_log2FC,inf83 vs inf50_padj,TRUE,Placed/host-assigned,26.257274827562547,-1.0458643602153588,0.5641181677713101,-1.853980991867905,0.06374187945868882,0.5410950836807419,FALSE,-1.0458643602153588,N.S.,Not significant,TRUE,,,N.S.
Immune,Innate Immune Recognition & Signaling,Serine Protease Inhibitors (Serpins),LOC126336076,serpin B8-like,serpin B8-like,protein_coding,NC_064921.1,Chromosome2,assembled-molecule,2,Chromosome,Nuclear chromosome,infection_diet33,Diet 33: infected vs control,Within-diet infection response,33,1,1,Infected diet 33,Control diet 33,Diet 33 log2FC,Diet 33 padj,TRUE,Placed/host-assigned,26.257274827562547,1.6551755913756148,0.5531535555796602,2.992253371021225,0.00276926322111171,0.02628687007626883,TRUE,1.6551755913756148,Upregulated,Infected diet 33,TRUE,,,N.S.
Immune,Innate Immune Recognition & Signaling,Serine Protease Inhibitors (Serpins),LOC126336076,serpin B8-like,serpin B8-like,protein_coding,NC_064921.1,Chromosome2,assembled-molecule,2,Chromosome,Nuclear chromosome,infection_diet50,Diet 50: infected vs control,Within-diet infection response,50,2,1,Infected diet 50,Control diet 50,Diet 50 log2FC,Diet 50 padj,TRUE,Placed/host-assigned,26.257274827562547,2.545792590523224,0.5729351703220235,4.443421738435673,8.853937142231048e-6,2.472803156008086e-4,TRUE,2.545792590523224,Upregulated,Infected diet 50,TRUE,,,N.S.
Immune,Innate Immune Recognition & Signaling,Serine Protease Inhibitors (Serpins),LOC126336076,serpin B8-like,serpin B8-like,protein_coding,NC_064921.1,Chromosome2,assembled-molecule,2,Chromosome,Nuclear chromosome,infection_diet83,Diet 83: infected vs control,Within-diet infection response,83,3,1,Infected diet 83,Control diet 83,Diet 83 log2FC,Diet 83 padj,TRUE,Placed/host-assigned,26.257274827562547,1.5631001606790598,0.6182354909104337,2.528324859475776,0.01146082517808582,0.07368716170004952,FALSE,1.5631001606790598,N.S.,Not significant,TRUE,,,N.S.
Protein-Anabolism,Nitrogen & Amino Acid Metabolism,Amino Acid Biosynthesis & Interconversion,LOC126293368,phosphoserine aminotransferase (aa metabolism),phosphoserine aminotransferase,protein_coding,NC_064929.1,Chromosome10,assembled-molecule,10,Chromosome,Nuclear chromosome,control_diet33_vs50,Control: diet 50 vs 33,Diet comparison among controls,"50
vs
33",1,-1,Control diet 50,Control diet 33,cont33 vs cont50_log2FC,cont33 vs cont50_padj,FALSE,Placed/host-assigned,1195.1065067801103,-0.2563648079443762,0.4029757570716617,-0.636179232734307,0.5246596073441785,1,FALSE,0.2563648079443762,N.S.,Not significant,TRUE,,,N.S.
Protein-Anabolism,Nitrogen & Amino Acid Metabolism,Amino Acid Biosynthesis & Interconversion,LOC126293368,phosphoserine aminotransferase (aa metabolism),phosphoserine aminotransferase,protein_coding,NC_064929.1,Chromosome10,assembled-molecule,10,Chromosome,Nuclear chromosome,control_diet83_vs33,Control: diet 83 vs 33,Diet comparison among controls,"83
vs
33",2,1,Control diet 83,Control diet 33,cont83 vs cont33_log2FC,cont83 vs cont33_padj,FALSE,Placed/host-assigned,1195.1065067801103,1.6863247681773137,0.3870612396251122,4.356738922788038,1.3201457656155514e-5,0.00571655473072962,TRUE,1.6863247681773137,Upregulated,Control diet 83,TRUE,,,N.S.
Protein-Anabolism,Nitrogen & Amino Acid Metabolism,Amino Acid Biosynthesis & Interconversion,LOC126293368,phosphoserine aminotransferase (aa metabolism),phosphoserine aminotransferase,protein_coding,NC_064929.1,Chromosome10,assembled-molecule,10,Chromosome,Nuclear chromosome,control_diet83_vs50,Control: diet 83 vs 50,Diet comparison among controls,"83
vs
50",3,1,Control diet 83,Control diet 50,cont83 vs cont50_log2FC,cont83 vs cont50_padj,FALSE,Placed/host-assigned,1195.1065067801103,1.4299599602329374,0.40275465378695274,3.5504492543724915,3.8457426833023216e-4,0.06348691478337652,FALSE,1.4299599602329374,N.S.,Not significant,TRUE,,,N.S.
Protein-Anabolism,Nitrogen & Amino Acid Metabolism,Amino Acid Biosynthesis & Interconversion,LOC126293368,phosphoserine aminotransferase (aa metabolism),phosphoserine aminotransferase,protein_coding,NC_064929.1,Chromosome10,assembled-molecule,10,Chromosome,Nuclear chromosome,infected_diet33_vs50,Infected: diet 50 vs 33,Diet comparison among infected,"50
vs
33",1,-1,Infected diet 50,Infected diet 33,inf33 vs inf50_log2FC,inf33 vs inf50_padj,TRUE,Placed/host-assigned,1195.1065067801103,-0.0689318440427839,0.3429538625926148,-0.20099451139486388,0.8407028657671691,0.9837324170497688,FALSE,0.0689318440427839,N.S.,Not significant,TRUE,,,N.S.
Protein-Anabolism,Nitrogen & Amino Acid Metabolism,Amino Acid Biosynthesis & Interconversion,LOC126293368,phosphoserine aminotransferase (aa metabolism),phosphoserine aminotransferase,protein_coding,NC_064929.1,Chromosome10,assembled-molecule,10,Chromosome,Nuclear chromosome,infected_diet83_vs33,Infected: diet 83 vs 33,Diet comparison among infected,"83
vs
33",2,1,Infected diet 83,Infected diet 33,inf83 vs inf33_log2FC,inf83 vs inf33_padj,TRUE,Placed/host-assigned,1195.1065067801103,1.4038597402443782,0.3825958445758949,3.6693021112148982,2.432135212883271e-4,0.03821572675707187,TRUE,1.4038597402443782,Upregulated,Infected diet 83,TRUE,,,N.S.
Protein-Anabolism,Nitrogen & Amino Acid Metabolism,Amino Acid Biosynthesis & Interconversion,LOC126293368,phosphoserine aminotransferase (aa metabolism),phosphoserine aminotransferase,protein_coding,NC_064929.1,Chromosome10,assembled-molecule,10,Chromosome,Nuclear chromosome,infected_diet83_vs50,Infected: diet 83 vs 50,Diet comparison among infected,"83
vs
50",3,1,Infected diet 83,Infected diet 50,inf83 vs inf50_log2FC,inf83 vs inf50_padj,TRUE,Placed/host-assigned,1195.1065067801103,1.3349278962015945,0.3829850368728837,3.485587601806672,4.910574077347403e-4,0.08368504122570018,FALSE,1.3349278962015945,N.S.,Not significant,TRUE,,,N.S.
Protein-Anabolism,Nitrogen & Amino Acid Metabolism,Amino Acid Biosynthesis & Interconversion,LOC126293368,phosphoserine aminotransferase (aa metabolism),phosphoserine aminotransferase,protein_coding,NC_064929.1,Chromosome10,assembled-molecule,10,Chromosome,Nuclear chromosome,infection_diet33,Diet 33: infected vs control,Within-diet infection response,33,1,1,Infected diet 33,Control diet 33,Diet 33 log2FC,Diet 33 padj,TRUE,Placed/host-assigned,1195.1065067801103,-1.553258722254887,0.3655912653127612,-4.248620986407,2.1509047227774284e-5,7.06877576794261e-4,TRUE,-1.553258722254887,Downregulated,Control diet 33,TRUE,,,N.S.
Protein-Anabolism,Nitrogen & Amino Acid Metabolism,Amino Acid Biosynthesis & Interconversion,LOC126293368,phosphoserine aminotransferase (aa metabolism),phosphoserine aminotransferase,protein_coding,NC_064929.1,Chromosome10,assembled-molecule,10,Chromosome,Nuclear chromosome,infection_diet50,Diet 50: infected vs control,Within-diet infection response,50,2,1,Infected diet 50,Control diet 50,Diet 50 log2FC,Diet 50 padj,TRUE,Placed/host-assigned,1195.1065067801103,-1.7406916861564794,0.38255697534052,-4.550150169414797,5.360764348063886e-6,1.6774962491941016e-4,TRUE,-1.7406916861564794,Downregulated,Control diet 50,TRUE,,,N.S.
Protein-Anabolism,Nitrogen & Amino Acid Metabolism,Amino Acid Biosynthesis & Interconversion,LOC126293368,phosphoserine aminotransferase (aa metabolism),phosphoserine aminotransferase,protein_coding,NC_064929.1,Chromosome10,assembled-molecule,10,Chromosome,Nuclear chromosome,infection_diet83,Diet 83: infected vs control,Within-diet infection response,83,3,1,Infected diet 83,Control diet 83,Diet 83 log2FC,Diet 83 padj,TRUE,Placed/host-assigned,1195.1065067801103,-1.8357237501878223,0.4031612707514017,-4.553323653252821,5.280493781402789e-6,2.9379503196371733e-4,TRUE,-1.8357237501878223,Downregulated,Control diet 83,TRUE,,,N.S.
Protein-Anabolism,Nitrogen & Amino Acid Metabolism,Amino Acid Biosynthesis & Interconversion,LOC126298104,aminoacylase-1A-like (cleaves acetylated amino acids),aminoacylase-1A-like,protein_coding,NC_064931.1,ChromosomeX,assembled-molecule,X,Chromosome,Nuclear chromosome,control_diet33_vs50,Control: diet 50 vs 33,Diet comparison among controls,"50
vs
33",1,-1,Control diet 50,Control diet 33,cont33 vs cont50_log2FC,cont33 vs cont50_padj,FALSE,Placed/host-assigned,159.02462681223366,-1.950495926929851,0.5744307651231941,-3.3955283131667606,6.84962890921447e-4,0.1981925234383578,FALSE,1.950495926929851,N.S.,Not significant,TRUE,,,N.S.
Protein-Anabolism,Nitrogen & Amino Acid Metabolism,Amino Acid Biosynthesis & Interconversion,LOC126298104,aminoacylase-1A-like (cleaves acetylated amino acids),aminoacylase-1A-like,protein_coding,NC_064931.1,ChromosomeX,assembled-molecule,X,Chromosome,Nuclear chromosome,control_diet83_vs33,Control: diet 83 vs 33,Diet comparison among controls,"83
vs
33",2,1,Control diet 83,Control diet 33,cont83 vs cont33_log2FC,cont83 vs cont33_padj,FALSE,Placed/host-assigned,159.02462681223366,0.2949172648877537,0.5539741790775438,0.5323664459936355,0.5944722199311447,0.9999697606274288,FALSE,0.2949172648877537,N.S.,Not significant,TRUE,,,N.S.
Protein-Anabolism,Nitrogen & Amino Acid Metabolism,Amino Acid Biosynthesis & Interconversion,LOC126298104,aminoacylase-1A-like (cleaves acetylated amino acids),aminoacylase-1A-like,protein_coding,NC_064931.1,ChromosomeX,assembled-molecule,X,Chromosome,Nuclear chromosome,control_diet83_vs50,Control: diet 83 vs 50,Diet comparison among controls,"83
vs
50",3,1,Control diet 83,Control diet 50,cont83 vs cont50_log2FC,cont83 vs cont50_padj,FALSE,Placed/host-assigned,159.02462681223366,-1.6555786620420971,0.5743489617686774,-2.882530956343735,0.00394494371298012,0.21278604790776773,FALSE,-1.6555786620420971,N.S.,Not significant,TRUE,,,N.S.
Protein-Anabolism,Nitrogen & Amino Acid Metabolism,Amino Acid Biosynthesis & Interconversion,LOC126298104,aminoacylase-1A-like (cleaves acetylated amino acids),aminoacylase-1A-like,protein_coding,NC_064931.1,ChromosomeX,assembled-molecule,X,Chromosome,Nuclear chromosome,infected_diet33_vs50,Infected: diet 50 vs 33,Diet comparison among infected,"50
vs
33",1,-1,Infected diet 50,Infected diet 33,inf33 vs inf50_log2FC,inf33 vs inf50_padj,TRUE,Placed/host-assigned,159.02462681223366,-1.347685767696548,0.4893349719334163,-2.7541170057224673,0.00588507245408939,0.14224701817855942,FALSE,1.347685767696548,N.S.,Not significant,TRUE,,,N.S.
Protein-Anabolism,Nitrogen & Amino Acid Metabolism,Amino Acid Biosynthesis & Interconversion,LOC126298104,aminoacylase-1A-like (cleaves acetylated amino acids),aminoacylase-1A-like,protein_coding,NC_064931.1,ChromosomeX,assembled-molecule,X,Chromosome,Nuclear chromosome,infected_diet83_vs33,Infected: diet 83 vs 33,Diet comparison among infected,"83
vs
33",2,1,Infected diet 83,Infected diet 33,inf83 vs inf33_log2FC,inf83 vs inf33_padj,TRUE,Placed/host-assigned,159.02462681223366,0.888085022479377,0.548207606352221,1.6199793877153654,0.1052367047516139,0.594525175070471,FALSE,0.888085022479377,N.S.,Not significant,TRUE,,,N.S.
Protein-Anabolism,Nitrogen & Amino Acid Metabolism,Amino Acid Biosynthesis & Interconversion,LOC126298104,aminoacylase-1A-like (cleaves acetylated amino acids),aminoacylase-1A-like,protein_coding,NC_064931.1,ChromosomeX,assembled-molecule,X,Chromosome,Nuclear chromosome,infected_diet83_vs50,Infected: diet 83 vs 50,Diet comparison among infected,"83
vs
50",3,1,Infected diet 83,Infected diet 50,inf83 vs inf50_log2FC,inf83 vs inf50_padj,TRUE,Placed/host-assigned,159.02462681223366,-0.4596007452171709,0.5471811810318273,-0.839942529365676,0.4009406103719594,0.8572921849980633,FALSE,-0.4596007452171709,N.S.,Not significant,TRUE,,,N.S.
Protein-Anabolism,Nitrogen & Amino Acid Metabolism,Amino Acid Biosynthesis & Interconversion,LOC126298104,aminoacylase-1A-like (cleaves acetylated amino acids),aminoacylase-1A-like,protein_coding,NC_064931.1,ChromosomeX,assembled-molecule,X,Chromosome,Nuclear chromosome,infection_diet33,Diet 33: infected vs control,Within-diet infection response,33,1,1,Infected diet 33,Control diet 33,Diet 33 log2FC,Diet 33 padj,TRUE,Placed/host-assigned,159.02462681223366,-0.7214702611954167,0.5232372380976065,-1.3788587827168968,0.16793829847828315,0.3743989197921481,FALSE,-0.7214702611954167,N.S.,Not significant,TRUE,,,N.S.
Protein-Anabolism,Nitrogen & Amino Acid Metabolism,Amino Acid Biosynthesis & Interconversion,LOC126298104,aminoacylase-1A-like (cleaves acetylated amino acids),aminoacylase-1A-like,protein_coding,NC_064931.1,ChromosomeX,assembled-molecule,X,Chromosome,Nuclear chromosome,infection_diet50,Diet 50: infected vs control,Within-diet infection response,50,2,1,Infected diet 50,Control diet 50,Diet 50 log2FC,Diet 50 padj,TRUE,Placed/host-assigned,159.02462681223366,-1.3242804204287195,0.5437299066127265,-2.4355482461477753,0.01486924155073274,0.05599044007326274,FALSE,-1.3242804204287195,N.S.,Not significant,TRUE,,,N.S.
Protein-Anabolism,Nitrogen & Amino Acid Metabolism,Amino Acid Biosynthesis & Interconversion,LOC126298104,aminoacylase-1A-like (cleaves acetylated amino acids),aminoacylase-1A-like,protein_coding,NC_064931.1,ChromosomeX,assembled-molecule,X,Chromosome,Nuclear chromosome,infection_diet83,Diet 83: infected vs control,Within-diet infection response,83,3,1,Infected diet 83,Control diet 83,Diet 83 log2FC,Diet 83 padj,TRUE,Placed/host-assigned,159.02462681223366,-0.1283025036037933,0.5776173157160881,-0.22212371428777747,0.8242175776138627,0.911867102608344,FALSE,-0.1283025036037933,N.S.,Not significant,TRUE,,,N.S.
Protein-Anabolism,Nitrogen & Amino Acid Metabolism,Amino Acid Biosynthesis & Interconversion,LOC126317104,type-3 glutamine synthetase-like,type-3 glutamine synthetase-like,protein_coding,NW_026062009.1,ptg000621l,unplaced-scaffold,na,na,Unplaced scaffold,control_diet33_vs50,Control: diet 50 vs 33,Diet comparison among controls,"50
vs
33",1,-1,Control diet 50,Control diet 33,cont33 vs cont50_log2FC,cont33 vs cont50_padj,FALSE,Unplaced scaffold,13.150480551783964,-2.969231832685998,2.218288610112133,-1.3385236795386626,0.18072578652749052,0.44644723317239354,FALSE,2.969231832685998,N.S.,Not significant,FALSE,,,N.S.
Protein-Anabolism,Nitrogen & Amino Acid Metabolism,Amino Acid Biosynthesis & Interconversion,LOC126317104,type-3 glutamine synthetase-like,type-3 glutamine synthetase-like,protein_coding,NW_026062009.1,ptg000621l,unplaced-scaffold,na,na,Unplaced scaffold,control_diet83_vs33,Control: diet 83 vs 33,Diet comparison among controls,"83
vs
33",2,1,Control diet 83,Control diet 33,cont83 vs cont33_log2FC,cont83 vs cont33_padj,FALSE,Unplaced scaffold,13.150480551783964,-1.0746060373787147,2.1564628121249454,-0.4983188355192707,0.6182593340015302,0.9930597908525568,FALSE,-1.0746060373787147,N.S.,Not significant,FALSE,,,N.S.
Protein-Anabolism,Nitrogen & Amino Acid Metabolism,Amino Acid Biosynthesis & Interconversion,LOC126317104,type-3 glutamine synthetase-like,type-3 glutamine synthetase-like,protein_coding,NW_026062009.1,ptg000621l,unplaced-scaffold,na,na,Unplaced scaffold,control_diet83_vs50,Control: diet 83 vs 50,Diet comparison among controls,"83
vs
50",3,1,Control diet 83,Control diet 50,cont83 vs cont50_log2FC,cont83 vs cont50_padj,FALSE,Unplaced scaffold,13.150480551783964,-4.0438378700647135,2.232990639459922,-1.810951554657107,0.07014835110792153,0.26338736786134126,FALSE,-4.0438378700647135,N.S.,Not significant,FALSE,,,N.S.
Protein-Anabolism,Nitrogen & Amino Acid Metabolism,Amino Acid Biosynthesis & Interconversion,LOC126317104,type-3 glutamine synthetase-like,type-3 glutamine synthetase-like,protein_coding,NW_026062009.1,ptg000621l,unplaced-scaffold,na,na,Unplaced scaffold,infected_diet33_vs50,Infected: diet 50 vs 33,Diet comparison among infected,"50
vs
33",1,-1,Infected diet 50,Infected diet 33,inf33 vs inf50_log2FC,inf33 vs inf50_padj,TRUE,Unplaced scaffold,13.150480551783964,-22.773471757843904,1.9948348499693849,-11.416219121193624,3.4700393007719984e-30,3.0015839951677784e-27,TRUE,22.773471757843904,Upregulated,Infected diet 50,FALSE,,,N.S.
Protein-Anabolism,Nitrogen & Amino Acid Metabolism,Amino Acid Biosynthesis & Interconversion,LOC126317104,type-3 glutamine synthetase-like,type-3 glutamine synthetase-like,protein_coding,NW_026062009.1,ptg000621l,unplaced-scaffold,na,na,Unplaced scaffold,infected_diet83_vs33,Infected: diet 83 vs 33,Diet comparison among infected,"83
vs
33",2,1,Infected diet 83,Infected diet 33,inf83 vs inf33_log2FC,inf83 vs inf33_padj,TRUE,Unplaced scaffold,13.150480551783964,21.096284127356924,2.221808006166515,9.495097717176847,2.2000493916360758e-21,1.0243429967457571e-18,TRUE,21.096284127356924,Upregulated,Infected diet 83,FALSE,,,N.S.
Protein-Anabolism,Nitrogen & Amino Acid Metabolism,Amino Acid Biosynthesis & Interconversion,LOC126317104,type-3 glutamine synthetase-like,type-3 glutamine synthetase-like,protein_coding,NW_026062009.1,ptg000621l,unplaced-scaffold,na,na,Unplaced scaffold,infected_diet83_vs50,Infected: diet 83 vs 50,Diet comparison among infected,"83
vs
50",3,1,Infected diet 83,Infected diet 50,inf83 vs inf50_log2FC,inf83 vs inf50_padj,TRUE,Unplaced scaffold,13.150480551783964,-1.6771876304869815,2.119780908875451,-0.7912080080845402,0.4288226191707828,0.8410735678958844,FALSE,-1.6771876304869815,N.S.,Not significant,FALSE,,,N.S.
Protein-Anabolism,Nitrogen & Amino Acid Metabolism,Amino Acid Biosynthesis & Interconversion,LOC126317104,type-3 glutamine synthetase-like,type-3 glutamine synthetase-like,protein_coding,NW_026062009.1,ptg000621l,unplaced-scaffold,na,na,Unplaced scaffold,infection_diet33,Diet 33: infected vs control,Within-diet infection response,33,1,1,Infected diet 33,Control diet 33,Diet 33 log2FC,Diet 33 padj,TRUE,Unplaced scaffold,13.150480551783964,-21.48039408391777,2.122170447348726,-10.121898601855328,4.4176188166862984e-24,7.39214881992174e-22,TRUE,-21.48039408391777,Downregulated,Control diet 33,FALSE,,,N.S.
Protein-Anabolism,Nitrogen & Amino Acid Metabolism,Amino Acid Biosynthesis & Interconversion,LOC126317104,type-3 glutamine synthetase-like,type-3 glutamine synthetase-like,protein_coding,NW_026062009.1,ptg000621l,unplaced-scaffold,na,na,Unplaced scaffold,infection_diet50,Diet 50: infected vs control,Within-diet infection response,50,2,1,Infected diet 50,Control diet 50,Diet 50 log2FC,Diet 50 padj,TRUE,Unplaced scaffold,13.150480551783964,-1.676154158759861,2.0967982804278775,-0.7993874157593363,0.4240658050861406,0.8147311843699152,FALSE,-1.676154158759861,N.S.,Not significant,FALSE,,,N.S.
Protein-Anabolism,Nitrogen & Amino Acid Metabolism,Amino Acid Biosynthesis & Interconversion,LOC126317104,type-3 glutamine synthetase-like,type-3 glutamine synthetase-like,protein_coding,NW_026062009.1,ptg000621l,unplaced-scaffold,na,na,Unplaced scaffold,infection_diet83,Diet 83: infected vs control,Within-diet infection response,83,3,1,Infected diet 83,Control diet 83,Diet 83 log2FC,Diet 83 padj,TRUE,Unplaced scaffold,13.150480551783964,0.6904960808178704,2.2545853873258292,0.30626299837633114,0.7594044094600576,1,FALSE,0.6904960808178704,N.S.,Not significant,FALSE,,,N.S.
Protein-Anabolism,Nitrogen & Amino Acid Metabolism,Amino Acid Biosynthesis & Interconversion,LOC126319940,"aspartate aminotransferase, mitochondrial-like","aspartate aminotransferase, mitochondrial-like",protein_coding,NW_026062071.1,ptg000691l,unplaced-scaffold,na,na,Unplaced scaffold,control_diet33_vs50,Control: diet 50 vs 33,Diet comparison among controls,"50
vs
33",1,-1,Control diet 50,Control diet 33,cont33 vs cont50_log2FC,cont33 vs cont50_padj,FALSE,Unplaced scaffold,11.677958644219126,-2.548603297303834,2.4886302810500274,-1.024098805158194,0.3057886087206194,0.44644723317239354,FALSE,2.548603297303834,N.S.,Not significant,FALSE,,,N.S.
Protein-Anabolism,Nitrogen & Amino Acid Metabolism,Amino Acid Biosynthesis & Interconversion,LOC126319940,"aspartate aminotransferase, mitochondrial-like","aspartate aminotransferase, mitochondrial-like",protein_coding,NW_026062071.1,ptg000691l,unplaced-scaffold,na,na,Unplaced scaffold,control_diet83_vs33,Control: diet 83 vs 33,Diet comparison among controls,"83
vs
33",2,1,Control diet 83,Control diet 33,cont83 vs cont33_log2FC,cont83 vs cont33_padj,FALSE,Unplaced scaffold,11.677958644219126,-1.176449376639174,2.4174972455443338,-0.4866393865835738,0.6265139065974193,0.9930597908525568,FALSE,-1.176449376639174,N.S.,Not significant,FALSE,,,N.S.
Protein-Anabolism,Nitrogen & Amino Acid Metabolism,Amino Acid Biosynthesis & Interconversion,LOC126319940,"aspartate aminotransferase, mitochondrial-like","aspartate aminotransferase, mitochondrial-like",protein_coding,NW_026062071.1,ptg000691l,unplaced-scaffold,na,na,Unplaced scaffold,control_diet83_vs50,Control: diet 83 vs 50,Diet comparison among controls,"83
vs
50",3,1,Control diet 83,Control diet 50,cont83 vs cont50_log2FC,cont83 vs cont50_padj,FALSE,Unplaced scaffold,11.677958644219126,-3.725052673943007,2.505011155449944,-1.4870403534286547,0.13700415337618363,0.26338736786134126,FALSE,-3.725052673943007,N.S.,Not significant,FALSE,,,N.S.
Protein-Anabolism,Nitrogen & Amino Acid Metabolism,Amino Acid Biosynthesis & Interconversion,LOC126319940,"aspartate aminotransferase, mitochondrial-like","aspartate aminotransferase, mitochondrial-like",protein_coding,NW_026062071.1,ptg000691l,unplaced-scaffold,na,na,Unplaced scaffold,infected_diet33_vs50,Infected: diet 50 vs 33,Diet comparison among infected,"50
vs
33",1,-1,Infected diet 50,Infected diet 33,inf33 vs inf50_log2FC,inf33 vs inf50_padj,TRUE,Unplaced scaffold,11.677958644219126,-22.931376105965644,2.2102325556567357,-10.375096524244231,3.2188692617819806e-25,1.5760312706272152e-23,TRUE,22.931376105965644,Upregulated,Infected diet 50,FALSE,,,N.S.
Protein-Anabolism,Nitrogen & Amino Acid Metabolism,Amino Acid Biosynthesis & Interconversion,LOC126319940,"aspartate aminotransferase, mitochondrial-like","aspartate aminotransferase, mitochondrial-like",protein_coding,NW_026062071.1,ptg000691l,unplaced-scaffold,na,na,Unplaced scaffold,infected_diet83_vs33,Infected: diet 83 vs 33,Diet comparison among infected,"83
vs
33",2,1,Infected diet 83,Infected diet 33,inf83 vs inf33_log2FC,inf83 vs inf33_padj,TRUE,Unplaced scaffold,11.677958644219126,22.0201352174717,2.454052985351795,8.97296649620426,2.8863390613783188e-19,2.2963917262023534e-17,TRUE,22.0201352174717,Upregulated,Infected diet 83,FALSE,,,N.S.
Protein-Anabolism,Nitrogen & Amino Acid Metabolism,Amino Acid Biosynthesis & Interconversion,LOC126319940,"aspartate aminotransferase, mitochondrial-like","aspartate aminotransferase, mitochondrial-like",protein_coding,NW_026062071.1,ptg000691l,unplaced-scaffold,na,na,Unplaced scaffold,infected_diet83_vs50,Infected: diet 83 vs 50,Diet comparison among infected,"83
vs
50",3,1,Infected diet 83,Infected diet 50,inf83 vs inf50_log2FC,inf83 vs inf50_padj,TRUE,Unplaced scaffold,11.677958644219126,-0.9112408884939408,2.3615973390319307,-0.38585785706697906,0.6996019433024698,0.8410735678958844,FALSE,-0.9112408884939408,N.S.,Not significant,FALSE,,,N.S.
Protein-Anabolism,Nitrogen & Amino Acid Metabolism,Amino Acid Biosynthesis & Interconversion,LOC126319940,"aspartate aminotransferase, mitochondrial-like","aspartate aminotransferase, mitochondrial-like",protein_coding,NW_026062071.1,ptg000691l,unplaced-scaffold,na,na,Unplaced scaffold,infection_diet33,Diet 33: infected vs control,Within-diet infection response,33,1,1,Infected diet 33,Control diet 33,Diet 33 log2FC,Diet 33 padj,TRUE,Unplaced scaffold,11.677958644219126,-21.302112076680572,2.3550854265101706,-9.045154726402693,1.4945336123604842e-19,4.1680881855831286e-18,TRUE,-21.302112076680572,Downregulated,Control diet 33,FALSE,,,N.S.
Protein-Anabolism,Nitrogen & Amino Acid Metabolism,Amino Acid Biosynthesis & Interconversion,LOC126319940,"aspartate aminotransferase, mitochondrial-like","aspartate aminotransferase, mitochondrial-like",protein_coding,NW_026062071.1,ptg000691l,unplaced-scaffold,na,na,Unplaced scaffold,infection_diet50,Diet 50: infected vs control,Within-diet infection response,50,2,1,Infected diet 50,Control diet 50,Diet 50 log2FC,Diet 50 padj,TRUE,Unplaced scaffold,11.677958644219126,-0.9193392680187644,2.3520164241950883,-0.39087280962903254,0.6958912530782224,0.863500521667719,FALSE,-0.9193392680187644,N.S.,Not significant,FALSE,,,N.S.
Protein-Anabolism,Nitrogen & Amino Acid Metabolism,Amino Acid Biosynthesis & Interconversion,LOC126319940,"aspartate aminotransferase, mitochondrial-like","aspartate aminotransferase, mitochondrial-like",protein_coding,NW_026062071.1,ptg000691l,unplaced-scaffold,na,na,Unplaced scaffold,infection_diet83,Diet 83: infected vs control,Within-diet infection response,83,3,1,Infected diet 83,Control diet 83,Diet 83 log2FC,Diet 83 padj,TRUE,Unplaced scaffold,11.677958644219126,1.8944725174303023,2.514009073366265,0.7535663007347857,0.45110968595965495,1,FALSE,1.8944725174303023,N.S.,Not significant,FALSE,,,N.S.
Protein-Anabolism,Nitrogen & Amino Acid Metabolism,Amino Acid Biosynthesis & Interconversion,LOC126322589,glutamine--fructose-6-phosphate aminotransferase [isomerizing] 2-like,glutamine--fructose-6-phosphate aminotransferase [isomerizing] 2-like,protein_coding,NW_026062185.1,ptg000818l,unplaced-scaffold,na,na,Unplaced scaffold,control_diet33_vs50,Control: diet 50 vs 33,Diet comparison among controls,"50
vs
33",1,-1,Control diet 50,Control diet 33,cont33 vs cont50_log2FC,cont33 vs cont50_padj,FALSE,Unplaced scaffold,32.501639978772396,-2.6531159952628176,2.2755192836812563,-1.1659386999220231,0.2436392306965629,0.44644723317239354,FALSE,2.6531159952628176,N.S.,Not significant,FALSE,,,N.S.
Protein-Anabolism,Nitrogen & Amino Acid Metabolism,Amino Acid Biosynthesis & Interconversion,LOC126322589,glutamine--fructose-6-phosphate aminotransferase [isomerizing] 2-like,glutamine--fructose-6-phosphate aminotransferase [isomerizing] 2-like,protein_coding,NW_026062185.1,ptg000818l,unplaced-scaffold,na,na,Unplaced scaffold,control_diet83_vs33,Control: diet 83 vs 33,Diet comparison among controls,"83
vs
33",2,1,Control diet 83,Control diet 33,cont83 vs cont33_log2FC,cont83 vs cont33_padj,FALSE,Unplaced scaffold,32.501639978772396,-0.4148269769835171,2.1946136630292585,-0.1890205023197227,0.8500767479137861,0.9930597908525568,FALSE,-0.4148269769835171,N.S.,Not significant,FALSE,,,N.S.
Protein-Anabolism,Nitrogen & Amino Acid Metabolism,Amino Acid Biosynthesis & Interconversion,LOC126322589,glutamine--fructose-6-phosphate aminotransferase [isomerizing] 2-like,glutamine--fructose-6-phosphate aminotransferase [isomerizing] 2-like,protein_coding,NW_026062185.1,ptg000818l,unplaced-scaffold,na,na,Unplaced scaffold,control_diet83_vs50,Control: diet 83 vs 50,Diet comparison among controls,"83
vs
50",3,1,Control diet 83,Control diet 50,cont83 vs cont50_log2FC,cont83 vs cont50_padj,FALSE,Unplaced scaffold,32.501639978772396,-3.0679429722463345,2.278578342730905,-1.346428566756834,0.17816434327820002,0.2700974681341141,FALSE,-3.0679429722463345,N.S.,Not significant,FALSE,,,N.S.
Protein-Anabolism,Nitrogen & Amino Acid Metabolism,Amino Acid Biosynthesis & Interconversion,LOC126322589,glutamine--fructose-6-phosphate aminotransferase [isomerizing] 2-like,glutamine--fructose-6-phosphate aminotransferase [isomerizing] 2-like,protein_coding,NW_026062185.1,ptg000818l,unplaced-scaffold,na,na,Unplaced scaffold,infected_diet33_vs50,Infected: diet 50 vs 33,Diet comparison among infected,"50
vs
33",1,-1,Infected diet 50,Infected diet 33,inf33 vs inf50_log2FC,inf33 vs inf50_padj,TRUE,Unplaced scaffold,32.501639978772396,-5.544487566718739,1.961604345134203,-2.8265065687032895,0.00470587788847492,0.01179713693206091,TRUE,5.544487566718739,Upregulated,Infected diet 50,FALSE,,,N.S.
Protein-Anabolism,Nitrogen & Amino Acid Metabolism,Amino Acid Biosynthesis & Interconversion,LOC126322589,glutamine--fructose-6-phosphate aminotransferase [isomerizing] 2-like,glutamine--fructose-6-phosphate aminotransferase [isomerizing] 2-like,protein_coding,NW_026062185.1,ptg000818l,unplaced-scaffold,na,na,Unplaced scaffold,infected_diet83_vs33,Infected: diet 83 vs 33,Diet comparison among infected,"83
vs
33",2,1,Infected diet 83,Infected diet 33,inf83 vs inf33_log2FC,inf83 vs inf33_padj,TRUE,Unplaced scaffold,32.501639978772396,4.621524783605065,2.1870105944926546,2.113169819681268,0.03458623546262706,0.1125061437163228,FALSE,4.621524783605065,N.S.,Not significant,FALSE,,,N.S.
Protein-Anabolism,Nitrogen & Amino Acid Metabolism,Amino Acid Biosynthesis & Interconversion,LOC126322589,glutamine--fructose-6-phosphate aminotransferase [isomerizing] 2-like,glutamine--fructose-6-phosphate aminotransferase [isomerizing] 2-like,protein_coding,NW_026062185.1,ptg000818l,unplaced-scaffold,na,na,Unplaced scaffold,infected_diet83_vs50,Infected: diet 83 vs 50,Diet comparison among infected,"83
vs
50",3,1,Infected diet 83,Infected diet 50,inf83 vs inf50_log2FC,inf83 vs inf50_padj,TRUE,Unplaced scaffold,32.501639978772396,-0.9229627831136736,2.1547331982517615,-0.4283420257610166,0.6684021262157752,0.8410735678958844,FALSE,-0.9229627831136736,N.S.,Not significant,FALSE,,,N.S.
Protein-Anabolism,Nitrogen & Amino Acid Metabolism,Amino Acid Biosynthesis & Interconversion,LOC126322589,glutamine--fructose-6-phosphate aminotransferase [isomerizing] 2-like,glutamine--fructose-6-phosphate aminotransferase [isomerizing] 2-like,protein_coding,NW_026062185.1,ptg000818l,unplaced-scaffold,na,na,Unplaced scaffold,infection_diet33,Diet 33: infected vs control,Within-diet infection response,33,1,1,Infected diet 33,Control diet 33,Diet 33 log2FC,Diet 33 padj,TRUE,Unplaced scaffold,32.501639978772396,-3.185704871998582,2.096476766866482,-1.5195517175991056,0.12862368051785827,0.16203033279790427,FALSE,-3.185704871998582,N.S.,Not significant,FALSE,,,N.S.
Protein-Anabolism,Nitrogen & Amino Acid Metabolism,Amino Acid Biosynthesis & Interconversion,LOC126322589,glutamine--fructose-6-phosphate aminotransferase [isomerizing] 2-like,glutamine--fructose-6-phosphate aminotransferase [isomerizing] 2-like,protein_coding,NW_026062185.1,ptg000818l,unplaced-scaffold,na,na,Unplaced scaffold,infection_diet50,Diet 50: infected vs control,Within-diet infection response,50,2,1,Infected diet 50,Control diet 50,Diet 50 log2FC,Diet 50 padj,TRUE,Unplaced scaffold,32.501639978772396,-0.2943333005426609,2.1518979490774433,-0.13677846603685215,0.8912059052650091,0.953849893169074,FALSE,-0.2943333005426609,N.S.,Not significant,FALSE,,,N.S.
Protein-Anabolism,Nitrogen & Amino Acid Metabolism,Amino Acid Biosynthesis & Interconversion,LOC126322589,glutamine--fructose-6-phosphate aminotransferase [isomerizing] 2-like,glutamine--fructose-6-phosphate aminotransferase [isomerizing] 2-like,protein_coding,NW_026062185.1,ptg000818l,unplaced-scaffold,na,na,Unplaced scaffold,infection_diet83,Diet 83: infected vs control,Within-diet infection response,83,3,1,Infected diet 83,Control diet 83,Diet 83 log2FC,Diet 83 padj,TRUE,Unplaced scaffold,32.501639978772396,1.85064688859,2.281256153168003,0.811240283569203,0.41722769603249427,1,FALSE,1.85064688859,N.S.,Not significant,FALSE,,,N.S.
Protein-Anabolism,Nitrogen & Amino Acid Metabolism,Amino Acid Biosynthesis & Interconversion,LOC126328060,probable ornithine aminotransferase,probable ornithine aminotransferase,protein_coding,NW_026062425.1,ptg001083l,unplaced-scaffold,na,na,Unplaced scaffold,control_diet33_vs50,Control: diet 50 vs 33,Diet comparison among controls,"50
vs
33",1,-1,Control diet 50,Control diet 33,cont33 vs cont50_log2FC,cont33 vs cont50_padj,FALSE,Unplaced scaffold,28.38155522857942,-2.6483661830773095,2.432971016830631,-1.0885317435993416,0.2763604308480192,0.44644723317239354,FALSE,2.6483661830773095,N.S.,Not significant,FALSE,,,N.S.
Protein-Anabolism,Nitrogen & Amino Acid Metabolism,Amino Acid Biosynthesis & Interconversion,LOC126328060,probable ornithine aminotransferase,probable ornithine aminotransferase,protein_coding,NW_026062425.1,ptg001083l,unplaced-scaffold,na,na,Unplaced scaffold,control_diet83_vs33,Control: diet 83 vs 33,Diet comparison among controls,"83
vs
33",2,1,Control diet 83,Control diet 33,cont83 vs cont33_log2FC,cont83 vs cont33_padj,FALSE,Unplaced scaffold,28.38155522857942,1.3693934453921628,2.3429319259154004,0.584478545981284,0.5588983952223233,0.9930597908525568,FALSE,1.3693934453921628,N.S.,Not significant,FALSE,,,N.S.
Protein-Anabolism,Nitrogen & Amino Acid Metabolism,Amino Acid Biosynthesis & Interconversion,LOC126328060,probable ornithine aminotransferase,probable ornithine aminotransferase,protein_coding,NW_026062425.1,ptg001083l,unplaced-scaffold,na,na,Unplaced scaffold,control_diet83_vs50,Control: diet 83 vs 50,Diet comparison among controls,"83
vs
50",3,1,Control diet 83,Control diet 50,cont83 vs cont50_log2FC,cont83 vs cont50_padj,FALSE,Unplaced scaffold,28.38155522857942,-1.2789727376851463,2.425892460083806,-0.5272174091513366,0.5980426204717302,0.6224340868655923,FALSE,-1.2789727376851463,N.S.,Not significant,FALSE,,,N.S.
Protein-Anabolism,Nitrogen & Amino Acid Metabolism,Amino Acid Biosynthesis & Interconversion,LOC126328060,probable ornithine aminotransferase,probable ornithine aminotransferase,protein_coding,NW_026062425.1,ptg001083l,unplaced-scaffold,na,na,Unplaced scaffold,infected_diet33_vs50,Infected: diet 50 vs 33,Diet comparison among infected,"50
vs
33",1,-1,Infected diet 50,Infected diet 33,inf33 vs inf50_log2FC,inf33 vs inf50_padj,TRUE,Unplaced scaffold,28.38155522857942,-5.060007394940728,2.0718961253137667,-2.442210945384361,0.01459761424410249,0.02266954456220584,TRUE,5.060007394940728,Upregulated,Infected diet 50,FALSE,,,N.S.
Protein-Anabolism,Nitrogen & Amino Acid Metabolism,Amino Acid Biosynthesis & Interconversion,LOC126328060,probable ornithine aminotransferase,probable ornithine aminotransferase,protein_coding,NW_026062425.1,ptg001083l,unplaced-scaffold,na,na,Unplaced scaffold,infected_diet83_vs33,Infected: diet 83 vs 33,Diet comparison among infected,"83
vs
33",2,1,Infected diet 83,Infected diet 33,inf83 vs inf33_log2FC,inf83 vs inf33_padj,TRUE,Unplaced scaffold,28.38155522857942,4.31463718001228,2.3129619577728646,1.8654164049316293,0.06212305965439278,0.12549448454647688,FALSE,4.31463718001228,N.S.,Not significant,FALSE,,,N.S.
Protein-Anabolism,Nitrogen & Amino Acid Metabolism,Amino Acid Biosynthesis & Interconversion,LOC126328060,probable ornithine aminotransferase,probable ornithine aminotransferase,protein_coding,NW_026062425.1,ptg001083l,unplaced-scaffold,na,na,Unplaced scaffold,infected_diet83_vs50,Infected: diet 83 vs 50,Diet comparison among infected,"83
vs
50",3,1,Infected diet 83,Infected diet 50,inf83 vs inf50_log2FC,inf83 vs inf50_padj,TRUE,Unplaced scaffold,28.38155522857942,-0.7453702149284481,2.294119959277141,-0.32490463801348396,0.7452532465455821,0.8469169900153483,FALSE,-0.7453702149284481,N.S.,Not significant,FALSE,,,N.S.
Protein-Anabolism,Nitrogen & Amino Acid Metabolism,Amino Acid Biosynthesis & Interconversion,LOC126328060,probable ornithine aminotransferase,probable ornithine aminotransferase,protein_coding,NW_026062425.1,ptg001083l,unplaced-scaffold,na,na,Unplaced scaffold,infection_diet33,Diet 33: infected vs control,Within-diet infection response,33,1,1,Infected diet 33,Control diet 33,Diet 33 log2FC,Diet 33 padj,TRUE,Unplaced scaffold,28.38155522857942,-1.1022807673025654,2.2252285202829163,-0.4953562104994147,0.6203486992607934,0.6401131490830797,FALSE,-1.1022807673025654,N.S.,Not significant,FALSE,,,N.S.
Protein-Anabolism,Nitrogen & Amino Acid Metabolism,Amino Acid Biosynthesis & Interconversion,LOC126328060,probable ornithine aminotransferase,probable ornithine aminotransferase,protein_coding,NW_026062425.1,ptg001083l,unplaced-scaffold,na,na,Unplaced scaffold,infection_diet50,Diet 50: infected vs control,Within-diet infection response,50,2,1,Infected diet 50,Control diet 50,Diet 50 log2FC,Diet 50 padj,TRUE,Unplaced scaffold,28.38155522857942,1.309360444560853,2.2935691738745483,0.5708833461294469,0.5680787206790173,0.8177555036096945,FALSE,1.309360444560853,N.S.,Not significant,FALSE,,,N.S.
Protein-Anabolism,Nitrogen & Amino Acid Metabolism,Amino Acid Biosynthesis & Interconversion,LOC126328060,probable ornithine aminotransferase,probable ornithine aminotransferase,protein_coding,NW_026062425.1,ptg001083l,unplaced-scaffold,na,na,Unplaced scaffold,infection_diet83,Diet 83: infected vs control,Within-diet infection response,83,3,1,Infected diet 83,Control diet 83,Diet 83 log2FC,Diet 83 padj,TRUE,Unplaced scaffold,28.38155522857942,1.842962967317552,2.4264132088532726,0.7595420930751278,0.4475283439867392,1,FALSE,1.842962967317552,N.S.,Not significant,FALSE,,,N.S.
Protein-Anabolism,Nitrogen & Amino Acid Metabolism,Amino Acid Biosynthesis & Interconversion,LOC126330815,probable alanine aminotransferase mitochondrial (aa metabolism),"probable alanine aminotransferase, mitochondrial",protein_coding,NW_026062667.1,ptg001361l,unplaced-scaffold,na,na,Unplaced scaffold,control_diet33_vs50,Control: diet 50 vs 33,Diet comparison among controls,"50
vs
33",1,-1,Control diet 50,Control diet 33,cont33 vs cont50_log2FC,cont33 vs cont50_padj,FALSE,Unplaced scaffold,23.88320513555164,-2.546783513283087,2.3593255870704444,-1.0794540301007831,0.28038537607488434,0.44644723317239354,FALSE,2.546783513283087,N.S.,Not significant,FALSE,,,N.S.
Protein-Anabolism,Nitrogen & Amino Acid Metabolism,Amino Acid Biosynthesis & Interconversion,LOC126330815,probable alanine aminotransferase mitochondrial (aa metabolism),"probable alanine aminotransferase, mitochondrial",protein_coding,NW_026062667.1,ptg001361l,unplaced-scaffold,na,na,Unplaced scaffold,control_diet83_vs33,Control: diet 83 vs 33,Diet comparison among controls,"83
vs
33",2,1,Control diet 83,Control diet 33,cont83 vs cont33_log2FC,cont83 vs cont33_padj,FALSE,Unplaced scaffold,23.88320513555164,-0.3939028014843183,2.274362640230935,-0.17319260988402538,0.8625000323225052,0.9930597908525568,FALSE,-0.3939028014843183,N.S.,Not significant,FALSE,,,N.S.
Protein-Anabolism,Nitrogen & Amino Acid Metabolism,Amino Acid Biosynthesis & Interconversion,LOC126330815,probable alanine aminotransferase mitochondrial (aa metabolism),"probable alanine aminotransferase, mitochondrial",protein_coding,NW_026062667.1,ptg001361l,unplaced-scaffold,na,na,Unplaced scaffold,control_diet83_vs50,Control: diet 83 vs 50,Diet comparison among controls,"83
vs
50",3,1,Control diet 83,Control diet 50,cont83 vs cont50_log2FC,cont83 vs cont50_padj,FALSE,Unplaced scaffold,23.88320513555164,-2.9406863147674054,2.36205284584854,-1.2449705856225235,0.21314256268300255,0.29109063565627114,FALSE,-2.9406863147674054,N.S.,Not significant,FALSE,,,N.S.
Protein-Anabolism,Nitrogen & Amino Acid Metabolism,Amino Acid Biosynthesis & Interconversion,LOC126330815,probable alanine aminotransferase mitochondrial (aa metabolism),"probable alanine aminotransferase, mitochondrial",protein_coding,NW_026062667.1,ptg001361l,unplaced-scaffold,na,na,Unplaced scaffold,infected_diet33_vs50,Infected: diet 50 vs 33,Diet comparison among infected,"50
vs
33",1,-1,Infected diet 50,Infected diet 33,inf33 vs inf50_log2FC,inf33 vs inf50_padj,TRUE,Unplaced scaffold,23.88320513555164,-7.861884132466122,2.1090339889991117,-3.727718080161027,1.932213439753101e-4,0.00317975326556952,TRUE,7.861884132466122,Upregulated,Infected diet 50,FALSE,,,N.S.
Protein-Anabolism,Nitrogen & Amino Acid Metabolism,Amino Acid Biosynthesis & Interconversion,LOC126330815,probable alanine aminotransferase mitochondrial (aa metabolism),"probable alanine aminotransferase, mitochondrial",protein_coding,NW_026062667.1,ptg001361l,unplaced-scaffold,na,na,Unplaced scaffold,infected_diet83_vs33,Infected: diet 83 vs 33,Diet comparison among infected,"83
vs
33",2,1,Infected diet 83,Infected diet 33,inf83 vs inf33_log2FC,inf83 vs inf33_padj,TRUE,Unplaced scaffold,23.88320513555164,6.334945326106635,2.33966628850791,2.707627731879088,0.00677659879752595,0.09619464634536844,FALSE,6.334945326106635,N.S.,Not significant,FALSE,,,N.S.
Protein-Anabolism,Nitrogen & Amino Acid Metabolism,Amino Acid Biosynthesis & Interconversion,LOC126330815,probable alanine aminotransferase mitochondrial (aa metabolism),"probable alanine aminotransferase, mitochondrial",protein_coding,NW_026062667.1,ptg001361l,unplaced-scaffold,na,na,Unplaced scaffold,infected_diet83_vs50,Infected: diet 83 vs 50,Diet comparison among infected,"83
vs
50",3,1,Infected diet 83,Infected diet 50,inf83 vs inf50_log2FC,inf83 vs inf50_padj,TRUE,Unplaced scaffold,23.88320513555164,-1.5269388063594878,2.240555643329271,-0.6815000604450909,0.4955551285284902,0.8410735678958844,FALSE,-1.5269388063594878,N.S.,Not significant,FALSE,,,N.S.
Protein-Anabolism,Nitrogen & Amino Acid Metabolism,Amino Acid Biosynthesis & Interconversion,LOC126330815,probable alanine aminotransferase mitochondrial (aa metabolism),"probable alanine aminotransferase, mitochondrial",protein_coding,NW_026062667.1,ptg001361l,unplaced-scaffold,na,na,Unplaced scaffold,infection_diet33,Diet 33: infected vs control,Within-diet infection response,33,1,1,Infected diet 33,Control diet 33,Diet 33 log2FC,Diet 33 padj,TRUE,Unplaced scaffold,23.88320513555164,-6.3021198022568266,2.24296925034446,-2.809721890431173,0.00495843261586092,0.03129217048996376,TRUE,-6.3021198022568266,Downregulated,Control diet 33,FALSE,,,N.S.
Protein-Anabolism,Nitrogen & Amino Acid Metabolism,Amino Acid Biosynthesis & Interconversion,LOC126330815,probable alanine aminotransferase mitochondrial (aa metabolism),"probable alanine aminotransferase, mitochondrial",protein_coding,NW_026062667.1,ptg001361l,unplaced-scaffold,na,na,Unplaced scaffold,infection_diet50,Diet 50: infected vs control,Within-diet infection response,50,2,1,Infected diet 50,Control diet 50,Diet 50 log2FC,Diet 50 padj,TRUE,Unplaced scaffold,23.88320513555164,-0.987019183073791,2.2323822554768733,-0.4421371746045112,0.6583899451073272,0.847544573499882,FALSE,-0.987019183073791,N.S.,Not significant,FALSE,,,N.S.
Protein-Anabolism,Nitrogen & Amino Acid Metabolism,Amino Acid Biosynthesis & Interconversion,LOC126330815,probable alanine aminotransferase mitochondrial (aa metabolism),"probable alanine aminotransferase, mitochondrial",protein_coding,NW_026062667.1,ptg001361l,unplaced-scaffold,na,na,Unplaced scaffold,infection_diet83,Diet 83: infected vs control,Within-diet infection response,83,3,1,Infected diet 83,Control diet 83,Diet 83 log2FC,Diet 83 padj,TRUE,Unplaced scaffold,23.88320513555164,0.4267283253341265,2.369779040937745,0.18007093402483038,0.8570968808778165,1,FALSE,0.4267283253341265,N.S.,Not significant,FALSE,,,N.S.
Protein-Anabolism,Nitrogen & Amino Acid Metabolism,Amino Acid Biosynthesis & Interconversion,LOC126352958,"ornithine aminotransferase, mitochondrial (amino acid metabolism)","ornithine aminotransferase, mitochondrial",protein_coding,NC_064920.1,Chromosome1,assembled-molecule,1,Chromosome,Nuclear chromosome,control_diet33_vs50,Control: diet 50 vs 33,Diet comparison among controls,"50
vs
33",1,-1,Control diet 50,Control diet 33,cont33 vs cont50_log2FC,cont33 vs cont50_padj,FALSE,Placed/host-assigned,157.6903446461041,-1.0343733681152745,0.542025422011373,-1.90834843922426,0.05634619622193632,1,FALSE,1.0343733681152745,N.S.,Not significant,TRUE,,,N.S.
Protein-Anabolism,Nitrogen & Amino Acid Metabolism,Amino Acid Biosynthesis & Interconversion,LOC126352958,"ornithine aminotransferase, mitochondrial (amino acid metabolism)","ornithine aminotransferase, mitochondrial",protein_coding,NC_064920.1,Chromosome1,assembled-molecule,1,Chromosome,Nuclear chromosome,control_diet83_vs33,Control: diet 83 vs 33,Diet comparison among controls,"83
vs
33",2,1,Control diet 83,Control diet 33,cont83 vs cont33_log2FC,cont83 vs cont33_padj,FALSE,Placed/host-assigned,157.6903446461041,4.185446974131715,0.5183193524847837,8.075035118922338,6.745722822000523e-16,4.76652774602557e-12,TRUE,4.185446974131715,Upregulated,Control diet 83,TRUE,,,N.S.
Protein-Anabolism,Nitrogen & Amino Acid Metabolism,Amino Acid Biosynthesis & Interconversion,LOC126352958,"ornithine aminotransferase, mitochondrial (amino acid metabolism)","ornithine aminotransferase, mitochondrial",protein_coding,NC_064920.1,Chromosome1,assembled-molecule,1,Chromosome,Nuclear chromosome,control_diet83_vs50,Control: diet 83 vs 50,Diet comparison among controls,"83
vs
50",3,1,Control diet 83,Control diet 50,cont83 vs cont50_log2FC,cont83 vs cont50_padj,FALSE,Placed/host-assigned,157.6903446461041,3.15107360601644,0.5346307348445875,5.893925284584378,3.771277433523245e-9,1.06591385381101e-5,TRUE,3.15107360601644,Upregulated,Control diet 83,TRUE,,,N.S.
Protein-Anabolism,Nitrogen & Amino Acid Metabolism,Amino Acid Biosynthesis & Interconversion,LOC126352958,"ornithine aminotransferase, mitochondrial (amino acid metabolism)","ornithine aminotransferase, mitochondrial",protein_coding,NC_064920.1,Chromosome1,assembled-molecule,1,Chromosome,Nuclear chromosome,infected_diet33_vs50,Infected: diet 50 vs 33,Diet comparison among infected,"50
vs
33",1,-1,Infected diet 50,Infected diet 33,inf33 vs inf50_log2FC,inf33 vs inf50_padj,TRUE,Placed/host-assigned,157.6903446461041,-0.05793672319957,0.4672518486023477,-0.12399463666729496,0.9013195216119768,0.9907330067984538,FALSE,0.05793672319957,N.S.,Not significant,TRUE,,,N.S.
Protein-Anabolism,Nitrogen & Amino Acid Metabolism,Amino Acid Biosynthesis & Interconversion,LOC126352958,"ornithine aminotransferase, mitochondrial (amino acid metabolism)","ornithine aminotransferase, mitochondrial",protein_coding,NC_064920.1,Chromosome1,assembled-molecule,1,Chromosome,Nuclear chromosome,infected_diet83_vs33,Infected: diet 83 vs 33,Diet comparison among infected,"83
vs
33",2,1,Infected diet 83,Infected diet 33,inf83 vs inf33_log2FC,inf83 vs inf33_padj,TRUE,Placed/host-assigned,157.6903446461041,2.7958877122860506,0.511338700196564,5.467780379641286,4.5570601745739057e-8,6.315173989924518e-5,TRUE,2.7958877122860506,Upregulated,Infected diet 83,TRUE,,,N.S.
Protein-Anabolism,Nitrogen & Amino Acid Metabolism,Amino Acid Biosynthesis & Interconversion,LOC126352958,"ornithine aminotransferase, mitochondrial (amino acid metabolism)","ornithine aminotransferase, mitochondrial",protein_coding,NC_064920.1,Chromosome1,assembled-molecule,1,Chromosome,Nuclear chromosome,infected_diet83_vs50,Infected: diet 83 vs 50,Diet comparison among infected,"83
vs
50",3,1,Infected diet 83,Infected diet 50,inf83 vs inf50_log2FC,inf83 vs inf50_padj,TRUE,Placed/host-assigned,157.6903446461041,2.7379509890864804,0.5145413355601606,5.321148758837388,1.0311403972455729e-7,2.801402231236772e-4,TRUE,2.7379509890864804,Upregulated,Infected diet 83,TRUE,,,N.S.
Protein-Anabolism,Nitrogen & Amino Acid Metabolism,Amino Acid Biosynthesis & Interconversion,LOC126352958,"ornithine aminotransferase, mitochondrial (amino acid metabolism)","ornithine aminotransferase, mitochondrial",protein_coding,NC_064920.1,Chromosome1,assembled-molecule,1,Chromosome,Nuclear chromosome,infection_diet33,Diet 33: infected vs control,Within-diet infection response,33,1,1,Infected diet 33,Control diet 33,Diet 33 log2FC,Diet 33 padj,TRUE,Placed/host-assigned,157.6903446461041,-0.18579022371002163,0.495810072995385,-0.3747205509311042,0.7078683066612799,0.8476153420021721,FALSE,-0.18579022371002163,N.S.,Not significant,TRUE,,,N.S.
Protein-Anabolism,Nitrogen & Amino Acid Metabolism,Amino Acid Biosynthesis & Interconversion,LOC126352958,"ornithine aminotransferase, mitochondrial (amino acid metabolism)","ornithine aminotransferase, mitochondrial",protein_coding,NC_064920.1,Chromosome1,assembled-molecule,1,Chromosome,Nuclear chromosome,infection_diet50,Diet 50: infected vs control,Within-diet infection response,50,2,1,Infected diet 50,Control diet 50,Diet 50 log2FC,Diet 50 padj,TRUE,Placed/host-assigned,157.6903446461041,-1.162226868625726,0.5160312196420185,-2.2522413846045723,0.02430702206356047,0.07858769979460914,FALSE,-1.162226868625726,N.S.,Not significant,TRUE,,,N.S.
Protein-Anabolism,Nitrogen & Amino Acid Metabolism,Amino Acid Biosynthesis & Interconversion,LOC126352958,"ornithine aminotransferase, mitochondrial (amino acid metabolism)","ornithine aminotransferase, mitochondrial",protein_coding,NC_064920.1,Chromosome1,assembled-molecule,1,Chromosome,Nuclear chromosome,infection_diet83,Diet 83: infected vs control,Within-diet infection response,83,3,1,Infected diet 83,Control diet 83,Diet 83 log2FC,Diet 83 padj,TRUE,Placed/host-assigned,157.6903446461041,-1.575349485555685,0.5331928253411405,-2.954558671241995,0.00313116609994008,0.03070759148116114,TRUE,-1.575349485555685,Downregulated,Control diet 83,TRUE,,,N.S.
Protein-Anabolism,Nitrogen & Amino Acid Metabolism,Amino Acid Transporters,LOC126316687,proton-coupled amino acid transporter 4-like,proton-coupled amino acid transporter 4-like,protein_coding,NW_026061985.1,ptg000596l,unplaced-scaffold,na,na,Unplaced scaffold,control_diet33_vs50,Control: diet 50 vs 33,Diet comparison among controls,"50
vs
33",1,-1,Control diet 50,Control diet 33,cont33 vs cont50_log2FC,cont33 vs cont50_padj,FALSE,Unplaced scaffold,36.56750971242838,-2.7348570153287346,2.2923650105835547,-1.1930285982826694,0.23285817304936895,0.44644723317239354,FALSE,2.7348570153287346,N.S.,Not significant,FALSE,,,N.S.
Protein-Anabolism,Nitrogen & Amino Acid Metabolism,Amino Acid Transporters,LOC126316687,proton-coupled amino acid transporter 4-like,proton-coupled amino acid transporter 4-like,protein_coding,NW_026061985.1,ptg000596l,unplaced-scaffold,na,na,Unplaced scaffold,control_diet83_vs33,Control: diet 83 vs 33,Diet comparison among controls,"83
vs
33",2,1,Control diet 83,Control diet 33,cont83 vs cont33_log2FC,cont83 vs cont33_padj,FALSE,Unplaced scaffold,36.56750971242838,0.639882109960063,2.2058369696249622,0.2900858580082898,0.771750554541687,0.9930597908525568,FALSE,0.639882109960063,N.S.,Not significant,FALSE,,,N.S.
Protein-Anabolism,Nitrogen & Amino Acid Metabolism,Amino Acid Transporters,LOC126316687,proton-coupled amino acid transporter 4-like,proton-coupled amino acid transporter 4-like,protein_coding,NW_026061985.1,ptg000596l,unplaced-scaffold,na,na,Unplaced scaffold,control_diet83_vs50,Control: diet 83 vs 50,Diet comparison among controls,"83
vs
50",3,1,Control diet 83,Control diet 50,cont83 vs cont50_log2FC,cont83 vs cont50_padj,FALSE,Unplaced scaffold,36.56750971242838,-2.0949749053686713,2.291246300433345,-0.9143385872450496,0.3605389606251978,0.4022855771186417,FALSE,-2.0949749053686713,N.S.,Not significant,FALSE,,,N.S.
Protein-Anabolism,Nitrogen & Amino Acid Metabolism,Amino Acid Transporters,LOC126316687,proton-coupled amino acid transporter 4-like,proton-coupled amino acid transporter 4-like,protein_coding,NW_026061985.1,ptg000596l,unplaced-scaffold,na,na,Unplaced scaffold,infected_diet33_vs50,Infected: diet 50 vs 33,Diet comparison among infected,"50
vs
33",1,-1,Infected diet 50,Infected diet 33,inf33 vs inf50_log2FC,inf33 vs inf50_padj,TRUE,Unplaced scaffold,36.56750971242838,-6.037089501830353,1.9905419648145055,-3.0328873284482283,0.0024222602163295,0.00927062141414004,TRUE,6.037089501830353,Upregulated,Infected diet 50,FALSE,,,N.S.
Protein-Anabolism,Nitrogen & Amino Acid Metabolism,Amino Acid Transporters,LOC126316687,proton-coupled amino acid transporter 4-like,proton-coupled amino acid transporter 4-like,protein_coding,NW_026061985.1,ptg000596l,unplaced-scaffold,na,na,Unplaced scaffold,infected_diet83_vs33,Infected: diet 83 vs 33,Diet comparison among infected,"83
vs
33",2,1,Infected diet 83,Infected diet 33,inf83 vs inf33_log2FC,inf83 vs inf33_padj,TRUE,Unplaced scaffold,36.56750971242838,4.936878020439187,2.216707586183254,2.2271219042199184,0.02593912765196914,0.11037509132111405,FALSE,4.936878020439187,N.S.,Not significant,FALSE,,,N.S.
Protein-Anabolism,Nitrogen & Amino Acid Metabolism,Amino Acid Transporters,LOC126316687,proton-coupled amino acid transporter 4-like,proton-coupled amino acid transporter 4-like,protein_coding,NW_026061985.1,ptg000596l,unplaced-scaffold,na,na,Unplaced scaffold,infected_diet83_vs50,Infected: diet 83 vs 50,Diet comparison among infected,"83
vs
50",3,1,Infected diet 83,Infected diet 50,inf83 vs inf50_log2FC,inf83 vs inf50_padj,TRUE,Unplaced scaffold,36.56750971242838,-1.100211481391165,2.171864983897661,-0.5065745290559955,0.6124533838600987,0.8410735678958844,FALSE,-1.100211481391165,N.S.,Not significant,FALSE,,,N.S.
Protein-Anabolism,Nitrogen & Amino Acid Metabolism,Amino Acid Transporters,LOC126316687,proton-coupled amino acid transporter 4-like,proton-coupled amino acid transporter 4-like,protein_coding,NW_026061985.1,ptg000596l,unplaced-scaffold,na,na,Unplaced scaffold,infection_diet33,Diet 33: infected vs control,Within-diet infection response,33,1,1,Infected diet 33,Control diet 33,Diet 33 log2FC,Diet 33 padj,TRUE,Unplaced scaffold,36.56750971242838,-3.8527386141219058,2.1248407936962805,-1.8131893107247103,0.0698026279322457,0.10201140967099664,FALSE,-3.8527386141219058,N.S.,Not significant,FALSE,,,N.S.
Protein-Anabolism,Nitrogen & Amino Acid Metabolism,Amino Acid Transporters,LOC126316687,proton-coupled amino acid transporter 4-like,proton-coupled amino acid transporter 4-like,protein_coding,NW_026061985.1,ptg000596l,unplaced-scaffold,na,na,Unplaced scaffold,infection_diet50,Diet 50: infected vs control,Within-diet infection response,50,2,1,Infected diet 50,Control diet 50,Diet 50 log2FC,Diet 50 padj,TRUE,Unplaced scaffold,36.56750971242838,-0.5505061276202874,2.1684663375020357,-0.25386888332075414,0.7995968549078901,0.9099537827149904,FALSE,-0.5505061276202874,N.S.,Not significant,FALSE,,,N.S.
Protein-Anabolism,Nitrogen & Amino Acid Metabolism,Amino Acid Transporters,LOC126316687,proton-coupled amino acid transporter 4-like,proton-coupled amino acid transporter 4-like,protein_coding,NW_026061985.1,ptg000596l,unplaced-scaffold,na,na,Unplaced scaffold,infection_diet83,Diet 83: infected vs control,Within-diet infection response,83,3,1,Infected diet 83,Control diet 83,Diet 83 log2FC,Diet 83 padj,TRUE,Unplaced scaffold,36.56750971242838,0.444257296357219,2.294463087663601,0.19362146148517737,0.8464722923581699,1,FALSE,0.444257296357219,N.S.,Not significant,FALSE,,,N.S.
Protein-Anabolism,Nitrogen & Amino Acid Metabolism,Amino Acid Transporters,LOC126355939,proton-coupled amino acid transporter-like protein pathetic,proton-coupled amino acid transporter-like protein pathetic,protein_coding,NC_064922.1,Chromosome3,assembled-molecule,3,Chromosome,Nuclear chromosome,control_diet33_vs50,Control: diet 50 vs 33,Diet comparison among controls,"50
vs
33",1,-1,Control diet 50,Control diet 33,cont33 vs cont50_log2FC,cont33 vs cont50_padj,FALSE,Placed/host-assigned,5060.895506455774,-0.09643900414501044,0.7539519324978593,-0.1279113428697051,0.8982191344749921,1,FALSE,0.09643900414501044,N.S.,Not significant,TRUE,,,N.S.
Protein-Anabolism,Nitrogen & Amino Acid Metabolism,Amino Acid Transporters,LOC126355939,proton-coupled amino acid transporter-like protein pathetic,proton-coupled amino acid transporter-like protein pathetic,protein_coding,NC_064922.1,Chromosome3,assembled-molecule,3,Chromosome,Nuclear chromosome,control_diet83_vs33,Control: diet 83 vs 33,Diet comparison among controls,"83
vs
33",2,1,Control diet 83,Control diet 33,cont83 vs cont33_log2FC,cont83 vs cont33_padj,FALSE,Placed/host-assigned,5060.895506455774,1.2068188560155328,0.7240542090672283,1.6667520758842518,0.09556371322584106,0.9999697606274288,FALSE,1.2068188560155328,N.S.,Not significant,TRUE,,,N.S.
Protein-Anabolism,Nitrogen & Amino Acid Metabolism,Amino Acid Transporters,LOC126355939,proton-coupled amino acid transporter-like protein pathetic,proton-coupled amino acid transporter-like protein pathetic,protein_coding,NC_064922.1,Chromosome3,assembled-molecule,3,Chromosome,Nuclear chromosome,control_diet83_vs50,Control: diet 83 vs 50,Diet comparison among controls,"83
vs
50",3,1,Control diet 83,Control diet 50,cont83 vs cont50_log2FC,cont83 vs cont50_padj,FALSE,Placed/host-assigned,5060.895506455774,1.1103798518705223,0.7533069959424842,1.4740070885460104,0.1404796826127113,0.9191013308716832,FALSE,1.1103798518705223,N.S.,Not significant,TRUE,,,N.S.
Protein-Anabolism,Nitrogen & Amino Acid Metabolism,Amino Acid Transporters,LOC126355939,proton-coupled amino acid transporter-like protein pathetic,proton-coupled amino acid transporter-like protein pathetic,protein_coding,NC_064922.1,Chromosome3,assembled-molecule,3,Chromosome,Nuclear chromosome,infected_diet33_vs50,Infected: diet 50 vs 33,Diet comparison among infected,"50
vs
33",1,-1,Infected diet 50,Infected diet 33,inf33 vs inf50_log2FC,inf33 vs inf50_padj,TRUE,Placed/host-assigned,5060.895506455774,-1.3208574481610542,0.6367629163171905,-2.0743316143478054,0.03804852364649357,0.4229551106497288,FALSE,1.3208574481610542,N.S.,Not significant,TRUE,,,N.S.
Protein-Anabolism,Nitrogen & Amino Acid Metabolism,Amino Acid Transporters,LOC126355939,proton-coupled amino acid transporter-like protein pathetic,proton-coupled amino acid transporter-like protein pathetic,protein_coding,NC_064922.1,Chromosome3,assembled-molecule,3,Chromosome,Nuclear chromosome,infected_diet83_vs33,Infected: diet 83 vs 33,Diet comparison among infected,"83
vs
33",2,1,Infected diet 83,Infected diet 33,inf83 vs inf33_log2FC,inf83 vs inf33_padj,TRUE,Placed/host-assigned,5060.895506455774,0.3223346011453323,0.7119496553244126,0.45274914979550734,0.6507293834745469,0.9064034371484844,FALSE,0.3223346011453323,N.S.,Not significant,TRUE,,,N.S.
Protein-Anabolism,Nitrogen & Amino Acid Metabolism,Amino Acid Transporters,LOC126355939,proton-coupled amino acid transporter-like protein pathetic,proton-coupled amino acid transporter-like protein pathetic,protein_coding,NC_064922.1,Chromosome3,assembled-molecule,3,Chromosome,Nuclear chromosome,infected_diet83_vs50,Infected: diet 83 vs 50,Diet comparison among infected,"83
vs
50",3,1,Infected diet 83,Infected diet 50,inf83 vs inf50_log2FC,inf83 vs inf50_padj,TRUE,Placed/host-assigned,5060.895506455774,-0.9985228470157218,0.711940821879407,-1.4025363012332757,0.16075515821216912,0.7017818005690181,FALSE,-0.9985228470157218,N.S.,Not significant,TRUE,,,N.S.
Protein-Anabolism,Nitrogen & Amino Acid Metabolism,Amino Acid Transporters,LOC126355939,proton-coupled amino acid transporter-like protein pathetic,proton-coupled amino acid transporter-like protein pathetic,protein_coding,NC_064922.1,Chromosome3,assembled-molecule,3,Chromosome,Nuclear chromosome,infection_diet33,Diet 33: infected vs control,Within-diet infection response,33,1,1,Infected diet 33,Control diet 33,Diet 33 log2FC,Diet 33 padj,TRUE,Placed/host-assigned,5060.895506455774,5.191657124631216,0.6821679314891365,7.610526506718226,2.7298157303809777e-14,2.2708654607106758e-11,TRUE,5.191657124631216,Upregulated,Infected diet 33,TRUE,,,N.S.
Protein-Anabolism,Nitrogen & Amino Acid Metabolism,Amino Acid Transporters,LOC126355939,proton-coupled amino acid transporter-like protein pathetic,proton-coupled amino acid transporter-like protein pathetic,protein_coding,NC_064922.1,Chromosome3,assembled-molecule,3,Chromosome,Nuclear chromosome,infection_diet50,Diet 50: infected vs control,Within-diet infection response,50,2,1,Infected diet 50,Control diet 50,Diet 50 log2FC,Diet 50 padj,TRUE,Placed/host-assigned,5060.895506455774,6.41607556864726,0.7131321345738552,8.997036113764949,2.318932889969044e-19,8.192789900260631e-16,TRUE,6.41607556864726,Upregulated,Infected diet 50,TRUE,,,N.S.
Protein-Anabolism,Nitrogen & Amino Acid Metabolism,Amino Acid Transporters,LOC126355939,proton-coupled amino acid transporter-like protein pathetic,proton-coupled amino acid transporter-like protein pathetic,protein_coding,NC_064922.1,Chromosome3,assembled-molecule,3,Chromosome,Nuclear chromosome,infection_diet83,Diet 83: infected vs control,Within-diet infection response,83,3,1,Infected diet 83,Control diet 83,Diet 83 log2FC,Diet 83 padj,TRUE,Placed/host-assigned,5060.895506455774,4.307172869761016,0.7521793154776009,5.726258062581992,1.0267000603319872e-8,2.844965735806205e-6,TRUE,4.307172869761016,Upregulated,Infected diet 83,TRUE,,,N.S.
Protein-Anabolism,Nitrogen & Amino Acid Metabolism,Amino Acid Transporters,LOC126356065,large neutral amino acids transporter small subunit 1,large neutral amino acids transporter small subunit 1,protein_coding,NC_064922.1,Chromosome3,assembled-molecule,3,Chromosome,Nuclear chromosome,control_diet33_vs50,Control: diet 50 vs 33,Diet comparison among controls,"50
vs
33",1,-1,Control diet 50,Control diet 33,cont33 vs cont50_log2FC,cont33 vs cont50_padj,FALSE,Placed/host-assigned,2440.198530176214,0.6181075175531252,0.388909398050615,1.589335512721863,0.11198466520313469,1,FALSE,-0.6181075175531252,N.S.,Not significant,TRUE,,,N.S.
Protein-Anabolism,Nitrogen & Amino Acid Metabolism,Amino Acid Transporters,LOC126356065,large neutral amino acids transporter small subunit 1,large neutral amino acids transporter small subunit 1,protein_coding,NC_064922.1,Chromosome3,assembled-molecule,3,Chromosome,Nuclear chromosome,control_diet83_vs33,Control: diet 83 vs 33,Diet comparison among controls,"83
vs
33",2,1,Control diet 83,Control diet 33,cont83 vs cont33_log2FC,cont83 vs cont33_padj,FALSE,Placed/host-assigned,2440.198530176214,0.5903982959228334,0.373514994146344,1.5806548737679702,0.11395697166772573,0.9999697606274288,FALSE,0.5903982959228334,N.S.,Not significant,TRUE,,,N.S.
Protein-Anabolism,Nitrogen & Amino Acid Metabolism,Amino Acid Transporters,LOC126356065,large neutral amino acids transporter small subunit 1,large neutral amino acids transporter small subunit 1,protein_coding,NC_064922.1,Chromosome3,assembled-molecule,3,Chromosome,Nuclear chromosome,control_diet83_vs50,Control: diet 83 vs 50,Diet comparison among controls,"83
vs
50",3,1,Control diet 83,Control diet 50,cont83 vs cont50_log2FC,cont83 vs cont50_padj,FALSE,Placed/host-assigned,2440.198530176214,1.2085058134759588,0.38885064792941415,3.107891988636552,0.00188426919521479,0.1379714625221529,FALSE,1.2085058134759588,N.S.,Not significant,TRUE,,,N.S.
Protein-Anabolism,Nitrogen & Amino Acid Metabolism,Amino Acid Transporters,LOC126356065,large neutral amino acids transporter small subunit 1,large neutral amino acids transporter small subunit 1,protein_coding,NC_064922.1,Chromosome3,assembled-molecule,3,Chromosome,Nuclear chromosome,infected_diet33_vs50,Infected: diet 50 vs 33,Diet comparison among infected,"50
vs
33",1,-1,Infected diet 50,Infected diet 33,inf33 vs inf50_log2FC,inf33 vs inf50_padj,TRUE,Placed/host-assigned,2440.198530176214,-0.1574772100835137,0.3292325502500494,-0.478316041241703,0.6324252807581153,0.9551773419855724,FALSE,0.1574772100835137,N.S.,Not significant,TRUE,,,N.S.
Protein-Anabolism,Nitrogen & Amino Acid Metabolism,Amino Acid Transporters,LOC126356065,large neutral amino acids transporter small subunit 1,large neutral amino acids transporter small subunit 1,protein_coding,NC_064922.1,Chromosome3,assembled-molecule,3,Chromosome,Nuclear chromosome,infected_diet83_vs33,Infected: diet 83 vs 33,Diet comparison among infected,"83
vs
33",2,1,Infected diet 83,Infected diet 33,inf83 vs inf33_log2FC,inf83 vs inf33_padj,TRUE,Placed/host-assigned,2440.198530176214,0.42821908402063097,0.3680836041154631,1.1633745139223972,0.24467758526879563,0.7267515924842026,FALSE,0.42821908402063097,N.S.,Not significant,TRUE,,,N.S.
Protein-Anabolism,Nitrogen & Amino Acid Metabolism,Amino Acid Transporters,LOC126356065,large neutral amino acids transporter small subunit 1,large neutral amino acids transporter small subunit 1,protein_coding,NC_064922.1,Chromosome3,assembled-molecule,3,Chromosome,Nuclear chromosome,infected_diet83_vs50,Infected: diet 83 vs 50,Diet comparison among infected,"83
vs
50",3,1,Infected diet 83,Infected diet 50,inf83 vs inf50_log2FC,inf83 vs inf50_padj,TRUE,Placed/host-assigned,2440.198530176214,0.27074187393711724,0.368128854571719,0.7354540959634861,0.462062986665289,0.8809170931947635,FALSE,0.27074187393711724,N.S.,Not significant,TRUE,,,N.S.
Protein-Anabolism,Nitrogen & Amino Acid Metabolism,Amino Acid Transporters,LOC126356065,large neutral amino acids transporter small subunit 1,large neutral amino acids transporter small subunit 1,protein_coding,NC_064922.1,Chromosome3,assembled-molecule,3,Chromosome,Nuclear chromosome,infection_diet33,Diet 33: infected vs control,Within-diet infection response,33,1,1,Infected diet 33,Control diet 33,Diet 33 log2FC,Diet 33 padj,TRUE,Placed/host-assigned,2440.198530176214,0.9620212193851791,0.35207946726811856,2.7323979635897726,0.00628751436136602,0.04560589435955412,FALSE,0.9620212193851791,N.S.,Not significant,TRUE,,,N.S.
Protein-Anabolism,Nitrogen & Amino Acid Metabolism,Amino Acid Transporters,LOC126356065,large neutral amino acids transporter small subunit 1,large neutral amino acids transporter small subunit 1,protein_coding,NC_064922.1,Chromosome3,assembled-molecule,3,Chromosome,Nuclear chromosome,infection_diet50,Diet 50: infected vs control,Within-diet infection response,50,2,1,Infected diet 50,Control diet 50,Diet 50 log2FC,Diet 50 padj,TRUE,Placed/host-assigned,2440.198530176214,1.737605947021818,0.3683539612443998,4.71721802896245,2.3909142785150695e-6,8.799062652076813e-5,TRUE,1.737605947021818,Upregulated,Infected diet 50,TRUE,,,N.S.
Protein-Anabolism,Nitrogen & Amino Acid Metabolism,Amino Acid Transporters,LOC126356065,large neutral amino acids transporter small subunit 1,large neutral amino acids transporter small subunit 1,protein_coding,NC_064922.1,Chromosome3,assembled-molecule,3,Chromosome,Nuclear chromosome,infection_diet83,Diet 83: infected vs control,Within-diet infection response,83,3,1,Infected diet 83,Control diet 83,Diet 83 log2FC,Diet 83 padj,TRUE,Placed/host-assigned,2440.198530176214,0.7998420074829766,0.388637413534737,2.0580674418560205,0.03958365986048937,0.15973623105323695,FALSE,0.7998420074829766,N.S.,Not significant,TRUE,,,N.S.
Protein-Anabolism,Nitrogen & Amino Acid Metabolism,Peptide & Amine Metabolism,LOC126266840,alpha-aminoadipic semialdehyde dehydrogenase-like (lysine metabolism),alpha-aminoadipic semialdehyde dehydrogenase-like,protein_coding,NC_064923.1,Chromosome4,assembled-molecule,4,Chromosome,Nuclear chromosome,control_diet33_vs50,Control: diet 50 vs 33,Diet comparison among controls,"50
vs
33",1,-1,Control diet 50,Control diet 33,cont33 vs cont50_log2FC,cont33 vs cont50_padj,FALSE,Placed/host-assigned,267.0992184025016,-3.035060421933495,1.0527421440915106,-2.883004579010821,0.0039390171487446,0.4305909085901229,FALSE,3.035060421933495,N.S.,Not significant,TRUE,,,N.S.
Protein-Anabolism,Nitrogen & Amino Acid Metabolism,Peptide & Amine Metabolism,LOC126266840,alpha-aminoadipic semialdehyde dehydrogenase-like (lysine metabolism),alpha-aminoadipic semialdehyde dehydrogenase-like,protein_coding,NC_064923.1,Chromosome4,assembled-molecule,4,Chromosome,Nuclear chromosome,control_diet83_vs33,Control: diet 83 vs 33,Diet comparison among controls,"83
vs
33",2,1,Control diet 83,Control diet 33,cont83 vs cont33_log2FC,cont83 vs cont33_padj,FALSE,Placed/host-assigned,267.0992184025016,-0.14663730070479128,1.0132074563269229,-0.14472584048717968,0.8849273361928136,0.9999697606274288,FALSE,-0.14663730070479128,N.S.,Not significant,TRUE,,,N.S.
Protein-Anabolism,Nitrogen & Amino Acid Metabolism,Peptide & Amine Metabolism,LOC126266840,alpha-aminoadipic semialdehyde dehydrogenase-like (lysine metabolism),alpha-aminoadipic semialdehyde dehydrogenase-like,protein_coding,NC_064923.1,Chromosome4,assembled-molecule,4,Chromosome,Nuclear chromosome,control_diet83_vs50,Control: diet 83 vs 50,Diet comparison among controls,"83
vs
50",3,1,Control diet 83,Control diet 50,cont83 vs cont50_log2FC,cont83 vs cont50_padj,FALSE,Placed/host-assigned,267.0992184025016,-3.1816977226382863,1.0531504890537422,-3.0211235295508887,0.00251838594278862,0.16049486241682673,FALSE,-3.1816977226382863,N.S.,Not significant,TRUE,,,N.S.
Protein-Anabolism,Nitrogen & Amino Acid Metabolism,Peptide & Amine Metabolism,LOC126266840,alpha-aminoadipic semialdehyde dehydrogenase-like (lysine metabolism),alpha-aminoadipic semialdehyde dehydrogenase-like,protein_coding,NC_064923.1,Chromosome4,assembled-molecule,4,Chromosome,Nuclear chromosome,infected_diet33_vs50,Infected: diet 50 vs 33,Diet comparison among infected,"50
vs
33",1,-1,Infected diet 50,Infected diet 33,inf33 vs inf50_log2FC,inf33 vs inf50_padj,TRUE,Placed/host-assigned,267.0992184025016,-4.5155113223620935,0.8973060041974706,-5.032298124875092,4.84634830081081e-7,4.3888530212142697e-4,TRUE,4.5155113223620935,Upregulated,Infected diet 50,TRUE,,,N.S.
Protein-Anabolism,Nitrogen & Amino Acid Metabolism,Peptide & Amine Metabolism,LOC126266840,alpha-aminoadipic semialdehyde dehydrogenase-like (lysine metabolism),alpha-aminoadipic semialdehyde dehydrogenase-like,protein_coding,NC_064923.1,Chromosome4,assembled-molecule,4,Chromosome,Nuclear chromosome,infected_diet83_vs33,Infected: diet 83 vs 33,Diet comparison among infected,"83
vs
33",2,1,Infected diet 83,Infected diet 33,inf83 vs inf33_log2FC,inf83 vs inf33_padj,TRUE,Placed/host-assigned,267.0992184025016,3.092473477754893,1.0030762525453305,3.082989423693031,0.00204932438128722,0.14059176869246726,FALSE,3.092473477754893,N.S.,Not significant,TRUE,,,N.S.
Protein-Anabolism,Nitrogen & Amino Acid Metabolism,Peptide & Amine Metabolism,LOC126266840,alpha-aminoadipic semialdehyde dehydrogenase-like (lysine metabolism),alpha-aminoadipic semialdehyde dehydrogenase-like,protein_coding,NC_064923.1,Chromosome4,assembled-molecule,4,Chromosome,Nuclear chromosome,infected_diet83_vs50,Infected: diet 83 vs 50,Diet comparison among infected,"83
vs
50",3,1,Infected diet 83,Infected diet 50,inf83 vs inf50_log2FC,inf83 vs inf50_padj,TRUE,Placed/host-assigned,267.0992184025016,-1.4230378446072005,0.9980008954184384,-1.4258883445295447,0.15390057433001408,0.6924761184825808,FALSE,-1.4230378446072005,N.S.,Not significant,TRUE,,,N.S.
Protein-Anabolism,Nitrogen & Amino Acid Metabolism,Peptide & Amine Metabolism,LOC126266840,alpha-aminoadipic semialdehyde dehydrogenase-like (lysine metabolism),alpha-aminoadipic semialdehyde dehydrogenase-like,protein_coding,NC_064923.1,Chromosome4,assembled-molecule,4,Chromosome,Nuclear chromosome,infection_diet33,Diet 33: infected vs control,Within-diet infection response,33,1,1,Infected diet 33,Control diet 33,Diet 33 log2FC,Diet 33 padj,TRUE,Placed/host-assigned,267.0992184025016,-2.562828495876097,0.9594382901578236,-2.6711759601073695,0.00755860124857224,0.05096503678748561,FALSE,-2.562828495876097,N.S.,Not significant,TRUE,,,N.S.
Protein-Anabolism,Nitrogen & Amino Acid Metabolism,Peptide & Amine Metabolism,LOC126266840,alpha-aminoadipic semialdehyde dehydrogenase-like (lysine metabolism),alpha-aminoadipic semialdehyde dehydrogenase-like,protein_coding,NC_064923.1,Chromosome4,assembled-molecule,4,Chromosome,Nuclear chromosome,infection_diet50,Diet 50: infected vs control,Within-diet infection response,50,2,1,Infected diet 50,Control diet 50,Diet 50 log2FC,Diet 50 padj,TRUE,Placed/host-assigned,267.0992184025016,-1.0823775954474988,0.9964448075504502,-1.086239385509265,0.2773730964110826,0.4299480748581133,FALSE,-1.0823775954474988,N.S.,Not significant,TRUE,,,N.S.
Protein-Anabolism,Nitrogen & Amino Acid Metabolism,Peptide & Amine Metabolism,LOC126266840,alpha-aminoadipic semialdehyde dehydrogenase-like (lysine metabolism),alpha-aminoadipic semialdehyde dehydrogenase-like,protein_coding,NC_064923.1,Chromosome4,assembled-molecule,4,Chromosome,Nuclear chromosome,infection_diet83,Diet 83: infected vs control,Within-diet infection response,83,3,1,Infected diet 83,Control diet 83,Diet 83 log2FC,Diet 83 padj,TRUE,Placed/host-assigned,267.0992184025016,0.6762822825835871,1.0546229114502903,0.6412550640053714,0.5213569793191557,0.7183908767295543,FALSE,0.6762822825835871,N.S.,Not significant,TRUE,,,N.S.
Protein-Anabolism,Nitrogen & Amino Acid Metabolism,Peptide & Amine Metabolism,LOC126271954,aromatic-L-amino-acid decarboxylase-like,aromatic-L-amino-acid decarboxylase-like,protein_coding,NC_064924.1,Chromosome5,assembled-molecule,5,Chromosome,Nuclear chromosome,control_diet33_vs50,Control: diet 50 vs 33,Diet comparison among controls,"50
vs
33",1,-1,Control diet 50,Control diet 33,cont33 vs cont50_log2FC,cont33 vs cont50_padj,FALSE,Placed/host-assigned,33.4150627839704,0.4157662805709272,0.6109546492076415,0.6805190550724873,0.4961758606069491,1,FALSE,-0.4157662805709272,N.S.,Not significant,TRUE,,,N.S.
Protein-Anabolism,Nitrogen & Amino Acid Metabolism,Peptide & Amine Metabolism,LOC126271954,aromatic-L-amino-acid decarboxylase-like,aromatic-L-amino-acid decarboxylase-like,protein_coding,NC_064924.1,Chromosome5,assembled-molecule,5,Chromosome,Nuclear chromosome,control_diet83_vs33,Control: diet 83 vs 33,Diet comparison among controls,"83
vs
33",2,1,Control diet 83,Control diet 33,cont83 vs cont33_log2FC,cont83 vs cont33_padj,FALSE,Placed/host-assigned,33.4150627839704,0.03227616415998439,0.5874367167630079,0.05494407012526883,0.9561830220012224,0.9999697606274288,FALSE,0.03227616415998439,N.S.,Not significant,TRUE,,,N.S.
Protein-Anabolism,Nitrogen & Amino Acid Metabolism,Peptide & Amine Metabolism,LOC126271954,aromatic-L-amino-acid decarboxylase-like,aromatic-L-amino-acid decarboxylase-like,protein_coding,NC_064924.1,Chromosome5,assembled-molecule,5,Chromosome,Nuclear chromosome,control_diet83_vs50,Control: diet 83 vs 50,Diet comparison among controls,"83
vs
50",3,1,Control diet 83,Control diet 50,cont83 vs cont50_log2FC,cont83 vs cont50_padj,FALSE,Placed/host-assigned,33.4150627839704,0.4480424447309116,0.6138250555833118,0.7299187947046921,0.46543982320118193,0.9989643578317658,FALSE,0.4480424447309116,N.S.,Not significant,TRUE,,,N.S.
Protein-Anabolism,Nitrogen & Amino Acid Metabolism,Peptide & Amine Metabolism,LOC126271954,aromatic-L-amino-acid decarboxylase-like,aromatic-L-amino-acid decarboxylase-like,protein_coding,NC_064924.1,Chromosome5,assembled-molecule,5,Chromosome,Nuclear chromosome,infected_diet33_vs50,Infected: diet 50 vs 33,Diet comparison among infected,"50
vs
33",1,-1,Infected diet 50,Infected diet 33,inf33 vs inf50_log2FC,inf33 vs inf50_padj,TRUE,Placed/host-assigned,33.4150627839704,-1.76338217378428,0.4979082524030458,-3.541580532705974,3.977374242961443e-4,0.02548521307376803,TRUE,1.76338217378428,Upregulated,Infected diet 50,TRUE,,,N.S.
Protein-Anabolism,Nitrogen & Amino Acid Metabolism,Peptide & Amine Metabolism,LOC126271954,aromatic-L-amino-acid decarboxylase-like,aromatic-L-amino-acid decarboxylase-like,protein_coding,NC_064924.1,Chromosome5,assembled-molecule,5,Chromosome,Nuclear chromosome,infected_diet83_vs33,Infected: diet 83 vs 33,Diet comparison among infected,"83
vs
33",2,1,Infected diet 83,Infected diet 33,inf83 vs inf33_log2FC,inf83 vs inf33_padj,TRUE,Placed/host-assigned,33.4150627839704,0.2974923441188463,0.5660645336646629,0.525544927170938,0.5992044300082138,0.8874519591372086,FALSE,0.2974923441188463,N.S.,Not significant,TRUE,,,N.S.
Protein-Anabolism,Nitrogen & Amino Acid Metabolism,Peptide & Amine Metabolism,LOC126271954,aromatic-L-amino-acid decarboxylase-like,aromatic-L-amino-acid decarboxylase-like,protein_coding,NC_064924.1,Chromosome5,assembled-molecule,5,Chromosome,Nuclear chromosome,infected_diet83_vs50,Infected: diet 83 vs 50,Diet comparison among infected,"83
vs
50",3,1,Infected diet 83,Infected diet 50,inf83 vs inf50_log2FC,inf83 vs inf50_padj,TRUE,Placed/host-assigned,33.4150627839704,-1.4658898296654337,0.5623489541076404,-2.606726337726671,0.00914123866770432,0.26964082402276923,FALSE,-1.4658898296654337,N.S.,Not significant,TRUE,,,N.S.
Protein-Anabolism,Nitrogen & Amino Acid Metabolism,Peptide & Amine Metabolism,LOC126271954,aromatic-L-amino-acid decarboxylase-like,aromatic-L-amino-acid decarboxylase-like,protein_coding,NC_064924.1,Chromosome5,assembled-molecule,5,Chromosome,Nuclear chromosome,infection_diet33,Diet 33: infected vs control,Within-diet infection response,33,1,1,Infected diet 33,Control diet 33,Diet 33 log2FC,Diet 33 padj,TRUE,Placed/host-assigned,33.4150627839704,0.7243500641130446,0.5448264029147125,1.329506169741254,0.18368103165066385,0.3966246806084256,FALSE,0.7243500641130446,N.S.,Not significant,TRUE,,,N.S.
Protein-Anabolism,Nitrogen & Amino Acid Metabolism,Peptide & Amine Metabolism,LOC126271954,aromatic-L-amino-acid decarboxylase-like,aromatic-L-amino-acid decarboxylase-like,protein_coding,NC_064924.1,Chromosome5,assembled-molecule,5,Chromosome,Nuclear chromosome,infection_diet50,Diet 50: infected vs control,Within-diet infection response,50,2,1,Infected diet 50,Control diet 50,Diet 50 log2FC,Diet 50 padj,TRUE,Placed/host-assigned,33.4150627839704,2.9034985184682514,0.5695106688083226,5.098233760122003,3.4283729241060874e-7,1.730348791552401e-5,TRUE,2.9034985184682514,Upregulated,Infected diet 50,TRUE,,,N.S.
Protein-Anabolism,Nitrogen & Amino Acid Metabolism,Peptide & Amine Metabolism,LOC126271954,aromatic-L-amino-acid decarboxylase-like,aromatic-L-amino-acid decarboxylase-like,protein_coding,NC_064924.1,Chromosome5,assembled-molecule,5,Chromosome,Nuclear chromosome,infection_diet83,Diet 83: infected vs control,Within-diet infection response,83,3,1,Infected diet 83,Control diet 83,Diet 83 log2FC,Diet 83 padj,TRUE,Placed/host-assigned,33.4150627839704,0.9895662440719064,0.6071862508006172,1.6297573319011995,0.1031527949450221,0.28704932116560916,FALSE,0.9895662440719064,N.S.,Not significant,TRUE,,,N.S.
Protein-Anabolism,Nitrogen & Amino Acid Metabolism,Peptide & Amine Metabolism,LOC126299365,bifunctional phosphoribosylaminoimidazole carboxylase/phosphoribosylaminoimidazole succinocarboxamide synthetase,bifunctional phosphoribosylaminoimidazole carboxylase/phosphoribosylaminoimidazole succinocarboxamide synthetase,protein_coding,NC_064931.1,ChromosomeX,assembled-molecule,X,Chromosome,Nuclear chromosome,control_diet33_vs50,Control: diet 50 vs 33,Diet comparison among controls,"50
vs
33",1,-1,Control diet 50,Control diet 33,cont33 vs cont50_log2FC,cont33 vs cont50_padj,FALSE,Placed/host-assigned,626.812574591048,-0.3926569677085816,0.4025514316061633,-0.9754206217622848,0.32935165859800336,1,FALSE,0.3926569677085816,N.S.,Not significant,TRUE,,,N.S.
Protein-Anabolism,Nitrogen & Amino Acid Metabolism,Peptide & Amine Metabolism,LOC126299365,bifunctional phosphoribosylaminoimidazole carboxylase/phosphoribosylaminoimidazole succinocarboxamide synthetase,bifunctional phosphoribosylaminoimidazole carboxylase/phosphoribosylaminoimidazole succinocarboxamide synthetase,protein_coding,NC_064931.1,ChromosomeX,assembled-molecule,X,Chromosome,Nuclear chromosome,control_diet83_vs33,Control: diet 83 vs 33,Diet comparison among controls,"83
vs
33",2,1,Control diet 83,Control diet 33,cont83 vs cont33_log2FC,cont83 vs cont33_padj,FALSE,Placed/host-assigned,626.812574591048,1.351779060292,0.3866637601065781,3.496006607703299,4.722770046865993e-4,0.08448378012950661,FALSE,1.351779060292,N.S.,Not significant,TRUE,,,N.S.
Protein-Anabolism,Nitrogen & Amino Acid Metabolism,Peptide & Amine Metabolism,LOC126299365,bifunctional phosphoribosylaminoimidazole carboxylase/phosphoribosylaminoimidazole succinocarboxamide synthetase,bifunctional phosphoribosylaminoimidazole carboxylase/phosphoribosylaminoimidazole succinocarboxamide synthetase,protein_coding,NC_064931.1,ChromosomeX,assembled-molecule,X,Chromosome,Nuclear chromosome,control_diet83_vs50,Control: diet 83 vs 50,Diet comparison among controls,"83
vs
50",3,1,Control diet 83,Control diet 50,cont83 vs cont50_log2FC,cont83 vs cont50_padj,FALSE,Placed/host-assigned,626.812574591048,0.9591220925834184,0.4021695961831854,2.3848697208491743,0.01708517058322811,0.4733945171586034,FALSE,0.9591220925834184,N.S.,Not significant,TRUE,,,N.S.
Protein-Anabolism,Nitrogen & Amino Acid Metabolism,Peptide & Amine Metabolism,LOC126299365,bifunctional phosphoribosylaminoimidazole carboxylase/phosphoribosylaminoimidazole succinocarboxamide synthetase,bifunctional phosphoribosylaminoimidazole carboxylase/phosphoribosylaminoimidazole succinocarboxamide synthetase,protein_coding,NC_064931.1,ChromosomeX,assembled-molecule,X,Chromosome,Nuclear chromosome,infected_diet33_vs50,Infected: diet 50 vs 33,Diet comparison among infected,"50
vs
33",1,-1,Infected diet 50,Infected diet 33,inf33 vs inf50_log2FC,inf33 vs inf50_padj,TRUE,Placed/host-assigned,626.812574591048,-0.4258576303228587,0.34248471053566626,-1.2434354504666567,0.2137074135994784,0.7767011074687551,FALSE,0.4258576303228587,N.S.,Not significant,TRUE,,,N.S.
Protein-Anabolism,Nitrogen & Amino Acid Metabolism,Peptide & Amine Metabolism,LOC126299365,bifunctional phosphoribosylaminoimidazole carboxylase/phosphoribosylaminoimidazole succinocarboxamide synthetase,bifunctional phosphoribosylaminoimidazole carboxylase/phosphoribosylaminoimidazole succinocarboxamide synthetase,protein_coding,NC_064931.1,ChromosomeX,assembled-molecule,X,Chromosome,Nuclear chromosome,infected_diet83_vs33,Infected: diet 83 vs 33,Diet comparison among infected,"83
vs
33",2,1,Infected diet 83,Infected diet 33,inf83 vs inf33_log2FC,inf83 vs inf33_padj,TRUE,Placed/host-assigned,626.812574591048,1.474136462131266,0.3821236669805927,3.85774708428655,1.1443697198468293e-4,0.02352938012751392,TRUE,1.474136462131266,Upregulated,Infected diet 83,TRUE,,,N.S.
Protein-Anabolism,Nitrogen & Amino Acid Metabolism,Peptide & Amine Metabolism,LOC126299365,bifunctional phosphoribosylaminoimidazole carboxylase/phosphoribosylaminoimidazole succinocarboxamide synthetase,bifunctional phosphoribosylaminoimidazole carboxylase/phosphoribosylaminoimidazole succinocarboxamide synthetase,protein_coding,NC_064931.1,ChromosomeX,assembled-molecule,X,Chromosome,Nuclear chromosome,infected_diet83_vs50,Infected: diet 83 vs 50,Diet comparison among infected,"83
vs
50",3,1,Infected diet 83,Infected diet 50,inf83 vs inf50_log2FC,inf83 vs inf50_padj,TRUE,Placed/host-assigned,626.812574591048,1.0482788318084073,0.38232649881070335,2.741841946789644,0.0061095731777109,0.2352400885433493,FALSE,1.0482788318084073,N.S.,Not significant,TRUE,,,N.S.
Protein-Anabolism,Nitrogen & Amino Acid Metabolism,Peptide & Amine Metabolism,LOC126299365,bifunctional phosphoribosylaminoimidazole carboxylase/phosphoribosylaminoimidazole succinocarboxamide synthetase,bifunctional phosphoribosylaminoimidazole carboxylase/phosphoribosylaminoimidazole succinocarboxamide synthetase,protein_coding,NC_064931.1,ChromosomeX,assembled-molecule,X,Chromosome,Nuclear chromosome,infection_diet33,Diet 33: infected vs control,Within-diet infection response,33,1,1,Infected diet 33,Control diet 33,Diet 33 log2FC,Diet 33 padj,TRUE,Placed/host-assigned,626.812574591048,-0.9879316770817927,0.3653469970441291,-2.704091411930954,0.00684914443401579,0.04800532512730397,FALSE,-0.9879316770817927,N.S.,Not significant,TRUE,,,N.S.
Protein-Anabolism,Nitrogen & Amino Acid Metabolism,Peptide & Amine Metabolism,LOC126299365,bifunctional phosphoribosylaminoimidazole carboxylase/phosphoribosylaminoimidazole succinocarboxamide synthetase,bifunctional phosphoribosylaminoimidazole carboxylase/phosphoribosylaminoimidazole succinocarboxamide synthetase,protein_coding,NC_064931.1,ChromosomeX,assembled-molecule,X,Chromosome,Nuclear chromosome,infection_diet50,Diet 50: infected vs control,Within-diet infection response,50,2,1,Infected diet 50,Control diet 50,Diet 50 log2FC,Diet 50 padj,TRUE,Placed/host-assigned,626.812574591048,-0.9547310144675156,0.3819227720229677,-2.4998012279040043,0.01242630065722294,0.04934208510476948,FALSE,-0.9547310144675156,N.S.,Not significant,TRUE,,,N.S.
Protein-Anabolism,Nitrogen & Amino Acid Metabolism,Peptide & Amine Metabolism,LOC126299365,bifunctional phosphoribosylaminoimidazole carboxylase/phosphoribosylaminoimidazole succinocarboxamide synthetase,bifunctional phosphoribosylaminoimidazole carboxylase/phosphoribosylaminoimidazole succinocarboxamide synthetase,protein_coding,NC_064931.1,ChromosomeX,assembled-molecule,X,Chromosome,Nuclear chromosome,infection_diet83,Diet 83: infected vs control,Within-diet infection response,83,3,1,Infected diet 83,Control diet 83,Diet 83 log2FC,Diet 83 padj,TRUE,Placed/host-assigned,626.812574591048,-0.865574275242527,0.4025530176228832,-2.150211866138358,0.03153845996943999,0.13854569980979978,FALSE,-0.865574275242527,N.S.,Not significant,TRUE,,,N.S.
Protein-Anabolism,Nitrogen & Amino Acid Metabolism,Peptide & Amine Metabolism,LOC126304976,puromycin-sensitive aminopeptidase-like (peptide metabolism),puromycin-sensitive aminopeptidase-like,protein_coding,NW_026061743.1,ptg000215l,unplaced-scaffold,na,na,Unplaced scaffold,control_diet33_vs50,Control: diet 50 vs 33,Diet comparison among controls,"50
vs
33",1,-1,Control diet 50,Control diet 33,cont33 vs cont50_log2FC,cont33 vs cont50_padj,FALSE,Unplaced scaffold,72.38698738192022,-2.454292825107724,2.169659345896995,-1.1311880963013825,0.2579759310575485,0.44644723317239354,FALSE,2.454292825107724,N.S.,Not significant,FALSE,,,N.S.
Protein-Anabolism,Nitrogen & Amino Acid Metabolism,Peptide & Amine Metabolism,LOC126304976,puromycin-sensitive aminopeptidase-like (peptide metabolism),puromycin-sensitive aminopeptidase-like,protein_coding,NW_026061743.1,ptg000215l,unplaced-scaffold,na,na,Unplaced scaffold,control_diet83_vs33,Control: diet 83 vs 33,Diet comparison among controls,"83
vs
33",2,1,Control diet 83,Control diet 33,cont83 vs cont33_log2FC,cont83 vs cont33_padj,FALSE,Unplaced scaffold,72.38698738192022,-1.4858902409464674,2.088636126013539,-0.7114165183872893,0.4768261658580861,0.9930597908525568,FALSE,-1.4858902409464674,N.S.,Not significant,FALSE,,,N.S.
Protein-Anabolism,Nitrogen & Amino Acid Metabolism,Peptide & Amine Metabolism,LOC126304976,puromycin-sensitive aminopeptidase-like (peptide metabolism),puromycin-sensitive aminopeptidase-like,protein_coding,NW_026061743.1,ptg000215l,unplaced-scaffold,na,na,Unplaced scaffold,control_diet83_vs50,Control: diet 83 vs 50,Diet comparison among controls,"83
vs
50",3,1,Control diet 83,Control diet 50,cont83 vs cont50_log2FC,cont83 vs cont50_padj,FALSE,Unplaced scaffold,72.38698738192022,-3.940183066054192,2.172473173620356,-1.813685487074625,0.06972616068728565,0.26338736786134126,FALSE,-3.940183066054192,N.S.,Not significant,FALSE,,,N.S.
Protein-Anabolism,Nitrogen & Amino Acid Metabolism,Peptide & Amine Metabolism,LOC126304976,puromycin-sensitive aminopeptidase-like (peptide metabolism),puromycin-sensitive aminopeptidase-like,protein_coding,NW_026061743.1,ptg000215l,unplaced-scaffold,na,na,Unplaced scaffold,infected_diet33_vs50,Infected: diet 50 vs 33,Diet comparison among infected,"50
vs
33",1,-1,Infected diet 50,Infected diet 33,inf33 vs inf50_log2FC,inf33 vs inf50_padj,TRUE,Unplaced scaffold,72.38698738192022,-6.287744222390013,1.899429382957952,-3.3103332394480525,9.31849591831586e-4,0.00688726575283499,TRUE,6.287744222390013,Upregulated,Infected diet 50,FALSE,,,N.S.
Protein-Anabolism,Nitrogen & Amino Acid Metabolism,Peptide & Amine Metabolism,LOC126304976,puromycin-sensitive aminopeptidase-like (peptide metabolism),puromycin-sensitive aminopeptidase-like,protein_coding,NW_026061743.1,ptg000215l,unplaced-scaffold,na,na,Unplaced scaffold,infected_diet83_vs33,Infected: diet 83 vs 33,Diet comparison among infected,"83
vs
33",2,1,Infected diet 83,Infected diet 33,inf83 vs inf33_log2FC,inf83 vs inf33_padj,TRUE,Unplaced scaffold,72.38698738192022,4.465630547038401,2.11535048028264,2.1110594148170336,0.03476720528647337,0.1125061437163228,FALSE,4.465630547038401,N.S.,Not significant,FALSE,,,N.S.
Protein-Anabolism,Nitrogen & Amino Acid Metabolism,Peptide & Amine Metabolism,LOC126304976,puromycin-sensitive aminopeptidase-like (peptide metabolism),puromycin-sensitive aminopeptidase-like,protein_coding,NW_026061743.1,ptg000215l,unplaced-scaffold,na,na,Unplaced scaffold,infected_diet83_vs50,Infected: diet 83 vs 50,Diet comparison among infected,"83
vs
50",3,1,Infected diet 83,Infected diet 50,inf83 vs inf50_log2FC,inf83 vs inf50_padj,TRUE,Unplaced scaffold,72.38698738192022,-1.822113675351612,2.061980827196924,-0.8836714926339109,0.37687357346195066,0.8410735678958844,FALSE,-1.822113675351612,N.S.,Not significant,FALSE,,,N.S.
Protein-Anabolism,Nitrogen & Amino Acid Metabolism,Peptide & Amine Metabolism,LOC126304976,puromycin-sensitive aminopeptidase-like (peptide metabolism),puromycin-sensitive aminopeptidase-like,protein_coding,NW_026061743.1,ptg000215l,unplaced-scaffold,na,na,Unplaced scaffold,infection_diet33,Diet 33: infected vs control,Within-diet infection response,33,1,1,Infected diet 33,Control diet 33,Diet 33 log2FC,Diet 33 padj,TRUE,Unplaced scaffold,72.38698738192022,-6.041015667857482,2.0224932085887493,-2.986915180829096,0.00281807896882063,0.02561121631916932,TRUE,-6.041015667857482,Downregulated,Control diet 33,FALSE,,,N.S.
Protein-Anabolism,Nitrogen & Amino Acid Metabolism,Peptide & Amine Metabolism,LOC126304976,puromycin-sensitive aminopeptidase-like (peptide metabolism),puromycin-sensitive aminopeptidase-like,protein_coding,NW_026061743.1,ptg000215l,unplaced-scaffold,na,na,Unplaced scaffold,infection_diet50,Diet 50: infected vs control,Within-diet infection response,50,2,1,Infected diet 50,Control diet 50,Diet 50 log2FC,Diet 50 padj,TRUE,Unplaced scaffold,72.38698738192022,-2.207564270575193,2.0554257172893857,-1.0740180255633085,0.2828146026813473,0.8147311843699152,FALSE,-2.207564270575193,N.S.,Not significant,FALSE,,,N.S.
Protein-Anabolism,Nitrogen & Amino Acid Metabolism,Peptide & Amine Metabolism,LOC126304976,puromycin-sensitive aminopeptidase-like (peptide metabolism),puromycin-sensitive aminopeptidase-like,protein_coding,NW_026061743.1,ptg000215l,unplaced-scaffold,na,na,Unplaced scaffold,infection_diet83,Diet 83: infected vs control,Within-diet infection response,83,3,1,Infected diet 83,Control diet 83,Diet 83 log2FC,Diet 83 padj,TRUE,Unplaced scaffold,72.38698738192022,-0.08949487987261276,2.178676144481604,-0.04107764253961997,0.9672339982253932,1,FALSE,-0.08949487987261276,N.S.,Not significant,FALSE,,,N.S.
Protein-Anabolism,Nitrogen & Amino Acid Metabolism,Peptide & Amine Metabolism,LOC126316674,dipeptidyl aminopeptidase BI-like,dipeptidyl aminopeptidase BI-like,protein_coding,NW_026061985.1,ptg000596l,unplaced-scaffold,na,na,Unplaced scaffold,control_diet33_vs50,Control: diet 50 vs 33,Diet comparison among controls,"50
vs
33",1,-1,Control diet 50,Control diet 33,cont33 vs cont50_log2FC,cont33 vs cont50_padj,FALSE,Unplaced scaffold,26.88024394908001,-2.455182140985196,2.200375854453801,-1.1158012555062535,0.2645072162738882,0.44644723317239354,FALSE,2.455182140985196,N.S.,Not significant,FALSE,,,N.S.
Protein-Anabolism,Nitrogen & Amino Acid Metabolism,Peptide & Amine Metabolism,LOC126316674,dipeptidyl aminopeptidase BI-like,dipeptidyl aminopeptidase BI-like,protein_coding,NW_026061985.1,ptg000596l,unplaced-scaffold,na,na,Unplaced scaffold,control_diet83_vs33,Control: diet 83 vs 33,Diet comparison among controls,"83
vs
33",2,1,Control diet 83,Control diet 33,cont83 vs cont33_log2FC,cont83 vs cont33_padj,FALSE,Unplaced scaffold,26.88024394908001,-0.9809066965394972,2.123020010277329,-0.46203365573146993,0.6440571854686172,0.9930597908525568,FALSE,-0.9809066965394972,N.S.,Not significant,FALSE,,,N.S.
Protein-Anabolism,Nitrogen & Amino Acid Metabolism,Peptide & Amine Metabolism,LOC126316674,dipeptidyl aminopeptidase BI-like,dipeptidyl aminopeptidase BI-like,protein_coding,NW_026061985.1,ptg000596l,unplaced-scaffold,na,na,Unplaced scaffold,control_diet83_vs50,Control: diet 83 vs 50,Diet comparison among controls,"83
vs
50",3,1,Control diet 83,Control diet 50,cont83 vs cont50_log2FC,cont83 vs cont50_padj,FALSE,Unplaced scaffold,26.88024394908001,-3.4360888375246934,2.205476188713639,-1.5579804738353664,0.11923787692080852,0.26338736786134126,FALSE,-3.4360888375246934,N.S.,Not significant,FALSE,,,N.S.
Protein-Anabolism,Nitrogen & Amino Acid Metabolism,Peptide & Amine Metabolism,LOC126316674,dipeptidyl aminopeptidase BI-like,dipeptidyl aminopeptidase BI-like,protein_coding,NW_026061985.1,ptg000596l,unplaced-scaffold,na,na,Unplaced scaffold,infected_diet33_vs50,Infected: diet 50 vs 33,Diet comparison among infected,"50
vs
33",1,-1,Infected diet 50,Infected diet 33,inf33 vs inf50_log2FC,inf33 vs inf50_padj,TRUE,Unplaced scaffold,26.88024394908001,-5.805231396866642,1.9448071234987747,-2.984990813085275,0.00283586840782333,0.00985164529897958,TRUE,5.805231396866642,Upregulated,Infected diet 50,FALSE,,,N.S.
Protein-Anabolism,Nitrogen & Amino Acid Metabolism,Peptide & Amine Metabolism,LOC126316674,dipeptidyl aminopeptidase BI-like,dipeptidyl aminopeptidase BI-like,protein_coding,NW_026061985.1,ptg000596l,unplaced-scaffold,na,na,Unplaced scaffold,infected_diet83_vs33,Infected: diet 83 vs 33,Diet comparison among infected,"83
vs
33",2,1,Infected diet 83,Infected diet 33,inf83 vs inf33_log2FC,inf83 vs inf33_padj,TRUE,Unplaced scaffold,26.88024394908001,4.610690298120333,2.1620717371687275,2.132533448755089,0.03296301776347558,0.11202613920200168,FALSE,4.610690298120333,N.S.,Not significant,FALSE,,,N.S.
Protein-Anabolism,Nitrogen & Amino Acid Metabolism,Peptide & Amine Metabolism,LOC126316674,dipeptidyl aminopeptidase BI-like,dipeptidyl aminopeptidase BI-like,protein_coding,NW_026061985.1,ptg000596l,unplaced-scaffold,na,na,Unplaced scaffold,infected_diet83_vs50,Infected: diet 83 vs 50,Diet comparison among infected,"83
vs
50",3,1,Infected diet 83,Infected diet 50,inf83 vs inf50_log2FC,inf83 vs inf50_padj,TRUE,Unplaced scaffold,26.88024394908001,-1.1945410987463094,2.091327959552233,-0.5711878394252753,0.567872320502141,0.8410735678958844,FALSE,-1.1945410987463094,N.S.,Not significant,FALSE,,,N.S.
Protein-Anabolism,Nitrogen & Amino Acid Metabolism,Peptide & Amine Metabolism,LOC126316674,dipeptidyl aminopeptidase BI-like,dipeptidyl aminopeptidase BI-like,protein_coding,NW_026061985.1,ptg000596l,unplaced-scaffold,na,na,Unplaced scaffold,infection_diet33,Diet 33: infected vs control,Within-diet infection response,33,1,1,Infected diet 33,Control diet 33,Diet 33 log2FC,Diet 33 padj,TRUE,Unplaced scaffold,26.88024394908001,-4.9013753315952915,2.0697728082797973,-2.3680740765305828,0.01788095538197367,0.05021672504475961,FALSE,-4.9013753315952915,N.S.,Not significant,FALSE,,,N.S.
Protein-Anabolism,Nitrogen & Amino Acid Metabolism,Peptide & Amine Metabolism,LOC126316674,dipeptidyl aminopeptidase BI-like,dipeptidyl aminopeptidase BI-like,protein_coding,NW_026061985.1,ptg000596l,unplaced-scaffold,na,na,Unplaced scaffold,infection_diet50,Diet 50: infected vs control,Within-diet infection response,50,2,1,Infected diet 50,Control diet 50,Diet 50 log2FC,Diet 50 padj,TRUE,Unplaced scaffold,26.88024394908001,-1.5513260757138456,2.0832592662893483,-0.7446629907361606,0.4564754776946803,0.8147311843699152,FALSE,-1.5513260757138456,N.S.,Not significant,FALSE,,,N.S.
Protein-Anabolism,Nitrogen & Amino Acid Metabolism,Peptide & Amine Metabolism,LOC126316674,dipeptidyl aminopeptidase BI-like,dipeptidyl aminopeptidase BI-like,protein_coding,NW_026061985.1,ptg000596l,unplaced-scaffold,na,na,Unplaced scaffold,infection_diet83,Diet 83: infected vs control,Within-diet infection response,83,3,1,Infected diet 83,Control diet 83,Diet 83 log2FC,Diet 83 padj,TRUE,Unplaced scaffold,26.88024394908001,0.6902216630645385,2.213099338666774,0.3118801090421658,0.7551316397503467,1,FALSE,0.6902216630645385,N.S.,Not significant,FALSE,,,N.S.
Protein-Anabolism,Nitrogen & Amino Acid Metabolism,Peptide & Amine Metabolism,LOC126335041,xaa-Pro aminopeptidase ApepP-like,xaa-Pro aminopeptidase ApepP-like,protein_coding,NC_064921.1,Chromosome2,assembled-molecule,2,Chromosome,Nuclear chromosome,control_diet33_vs50,Control: diet 50 vs 33,Diet comparison among controls,"50
vs
33",1,-1,Control diet 50,Control diet 33,cont33 vs cont50_log2FC,cont33 vs cont50_padj,FALSE,Placed/host-assigned,37.253834298353546,0.8756795287628237,0.48414157205683966,1.8087261646269377,0.0704935560382606,1,FALSE,-0.8756795287628237,N.S.,Not significant,TRUE,,,N.S.
Protein-Anabolism,Nitrogen & Amino Acid Metabolism,Peptide & Amine Metabolism,LOC126335041,xaa-Pro aminopeptidase ApepP-like,xaa-Pro aminopeptidase ApepP-like,protein_coding,NC_064921.1,Chromosome2,assembled-molecule,2,Chromosome,Nuclear chromosome,control_diet83_vs33,Control: diet 83 vs 33,Diet comparison among controls,"83
vs
33",2,1,Control diet 83,Control diet 33,cont83 vs cont33_log2FC,cont83 vs cont33_padj,FALSE,Placed/host-assigned,37.253834298353546,-0.06494165121492163,0.4614695719337251,-0.14072791612845137,0.8880848906757257,0.9999697606274288,FALSE,-0.06494165121492163,N.S.,Not significant,TRUE,,,N.S.
Protein-Anabolism,Nitrogen & Amino Acid Metabolism,Peptide & Amine Metabolism,LOC126335041,xaa-Pro aminopeptidase ApepP-like,xaa-Pro aminopeptidase ApepP-like,protein_coding,NC_064921.1,Chromosome2,assembled-molecule,2,Chromosome,Nuclear chromosome,control_diet83_vs50,Control: diet 83 vs 50,Diet comparison among controls,"83
vs
50",3,1,Control diet 83,Control diet 50,cont83 vs cont50_log2FC,cont83 vs cont50_padj,FALSE,Placed/host-assigned,37.253834298353546,0.8107378775479022,0.48679437065526854,1.665462721881062,0.09582047493094524,0.8365904874350542,FALSE,0.8107378775479022,N.S.,Not significant,TRUE,,,N.S.
Protein-Anabolism,Nitrogen & Amino Acid Metabolism,Peptide & Amine Metabolism,LOC126335041,xaa-Pro aminopeptidase ApepP-like,xaa-Pro aminopeptidase ApepP-like,protein_coding,NC_064921.1,Chromosome2,assembled-molecule,2,Chromosome,Nuclear chromosome,infected_diet33_vs50,Infected: diet 50 vs 33,Diet comparison among infected,"50
vs
33",1,-1,Infected diet 50,Infected diet 33,inf33 vs inf50_log2FC,inf33 vs inf50_padj,TRUE,Placed/host-assigned,37.253834298353546,-1.6295387998734387,0.4002864136280889,-4.070932073621323,4.6825403108547715e-5,0.00623604191986776,TRUE,1.6295387998734387,Upregulated,Infected diet 50,TRUE,,,N.S.
Protein-Anabolism,Nitrogen & Amino Acid Metabolism,Peptide & Amine Metabolism,LOC126335041,xaa-Pro aminopeptidase ApepP-like,xaa-Pro aminopeptidase ApepP-like,protein_coding,NC_064921.1,Chromosome2,assembled-molecule,2,Chromosome,Nuclear chromosome,infected_diet83_vs33,Infected: diet 83 vs 33,Diet comparison among infected,"83
vs
33",2,1,Infected diet 83,Infected diet 33,inf83 vs inf33_log2FC,inf83 vs inf33_padj,TRUE,Placed/host-assigned,37.253834298353546,0.3890628191361696,0.4573984937338917,0.8505992574661192,0.3949920020669118,0.813451286073924,FALSE,0.3890628191361696,N.S.,Not significant,TRUE,,,N.S.
Protein-Anabolism,Nitrogen & Amino Acid Metabolism,Peptide & Amine Metabolism,LOC126335041,xaa-Pro aminopeptidase ApepP-like,xaa-Pro aminopeptidase ApepP-like,protein_coding,NC_064921.1,Chromosome2,assembled-molecule,2,Chromosome,Nuclear chromosome,infected_diet83_vs50,Infected: diet 83 vs 50,Diet comparison among infected,"83
vs
50",3,1,Infected diet 83,Infected diet 50,inf83 vs inf50_log2FC,inf83 vs inf50_padj,TRUE,Placed/host-assigned,37.253834298353546,-1.2404759807372692,0.45321954094763744,-2.7370311044919995,0.0061996430873468,0.2352400885433493,FALSE,-1.2404759807372692,N.S.,Not significant,TRUE,,,N.S.
Protein-Anabolism,Nitrogen & Amino Acid Metabolism,Peptide & Amine Metabolism,LOC126335041,xaa-Pro aminopeptidase ApepP-like,xaa-Pro aminopeptidase ApepP-like,protein_coding,NC_064921.1,Chromosome2,assembled-molecule,2,Chromosome,Nuclear chromosome,infection_diet33,Diet 33: infected vs control,Within-diet infection response,33,1,1,Infected diet 33,Control diet 33,Diet 33 log2FC,Diet 33 padj,TRUE,Placed/host-assigned,37.253834298353546,-0.21824876927008696,0.43267372870396686,-0.5044188144351414,0.6139670995345953,0.7879084619093647,FALSE,-0.21824876927008696,N.S.,Not significant,TRUE,,,N.S.
Protein-Anabolism,Nitrogen & Amino Acid Metabolism,Peptide & Amine Metabolism,LOC126335041,xaa-Pro aminopeptidase ApepP-like,xaa-Pro aminopeptidase ApepP-like,protein_coding,NC_064921.1,Chromosome2,assembled-molecule,2,Chromosome,Nuclear chromosome,infection_diet50,Diet 50: infected vs control,Within-diet infection response,50,2,1,Infected diet 50,Control diet 50,Diet 50 log2FC,Diet 50 padj,TRUE,Placed/host-assigned,37.253834298353546,2.2869695593661756,0.45542915938520184,5.021570341375216,5.125072775550685e-7,2.382484488950075e-5,TRUE,2.2869695593661756,Upregulated,Infected diet 50,TRUE,,,N.S.
Protein-Anabolism,Nitrogen & Amino Acid Metabolism,Peptide & Amine Metabolism,LOC126335041,xaa-Pro aminopeptidase ApepP-like,xaa-Pro aminopeptidase ApepP-like,protein_coding,NC_064921.1,Chromosome2,assembled-molecule,2,Chromosome,Nuclear chromosome,infection_diet83,Diet 83: infected vs control,Within-diet infection response,83,3,1,Infected diet 83,Control diet 83,Diet 83 log2FC,Diet 83 padj,TRUE,Placed/host-assigned,37.253834298353546,0.23575570108100427,0.48472775078401953,0.48636724573677254,0.6267068092475301,0.7907696989541156,FALSE,0.23575570108100427,N.S.,Not significant,TRUE,,,N.S.
Protein-Anabolism,Nitrogen & Amino Acid Metabolism,Polyamine Biosynthesis & Growth Priming,LOC126278485,ornithine decarboxylase-like,ornithine decarboxylase-like,protein_coding,NC_064925.1,Chromosome6,assembled-molecule,6,Chromosome,Nuclear chromosome,control_diet33_vs50,Control: diet 50 vs 33,Diet comparison among controls,"50
vs
33",1,-1,Control diet 50,Control diet 33,cont33 vs cont50_log2FC,cont33 vs cont50_padj,FALSE,Placed/host-assigned,384.4581883057808,-0.8915658201025118,1.1099758328724738,-0.8032299386151993,0.4218418442341972,1,FALSE,0.8915658201025118,N.S.,Not significant,TRUE,,,N.S.
Protein-Anabolism,Nitrogen & Amino Acid Metabolism,Polyamine Biosynthesis & Growth Priming,LOC126278485,ornithine decarboxylase-like,ornithine decarboxylase-like,protein_coding,NC_064925.1,Chromosome6,assembled-molecule,6,Chromosome,Nuclear chromosome,control_diet83_vs33,Control: diet 83 vs 33,Diet comparison among controls,"83
vs
33",2,1,Control diet 83,Control diet 33,cont83 vs cont33_log2FC,cont83 vs cont33_padj,FALSE,Placed/host-assigned,384.4581883057808,-2.538731000920582,1.0675736903232935,-2.378038185028499,0.01740502343675398,0.7521950801474229,FALSE,-2.538731000920582,N.S.,Not significant,TRUE,,,N.S.
Protein-Anabolism,Nitrogen & Amino Acid Metabolism,Polyamine Biosynthesis & Growth Priming,LOC126278485,ornithine decarboxylase-like,ornithine decarboxylase-like,protein_coding,NC_064925.1,Chromosome6,assembled-molecule,6,Chromosome,Nuclear chromosome,control_diet83_vs50,Control: diet 83 vs 50,Diet comparison among controls,"83
vs
50",3,1,Control diet 83,Control diet 50,cont83 vs cont50_log2FC,cont83 vs cont50_padj,FALSE,Placed/host-assigned,384.4581883057808,-3.430296821023094,1.110971401086882,-3.08765537768765,0.00201742276071622,0.14126462025178935,FALSE,-3.430296821023094,N.S.,Not significant,TRUE,,,N.S.
Protein-Anabolism,Nitrogen & Amino Acid Metabolism,Polyamine Biosynthesis & Growth Priming,LOC126278485,ornithine decarboxylase-like,ornithine decarboxylase-like,protein_coding,NC_064925.1,Chromosome6,assembled-molecule,6,Chromosome,Nuclear chromosome,infected_diet33_vs50,Infected: diet 50 vs 33,Diet comparison among infected,"50
vs
33",1,-1,Infected diet 50,Infected diet 33,inf33 vs inf50_log2FC,inf33 vs inf50_padj,TRUE,Placed/host-assigned,384.4581883057808,-5.6547891167699635,0.982972393868203,-5.7527445857529935,8.780609655635388e-9,2.9818950390537775e-5,TRUE,5.6547891167699635,Upregulated,Infected diet 50,TRUE,,,N.S.
Protein-Anabolism,Nitrogen & Amino Acid Metabolism,Polyamine Biosynthesis & Growth Priming,LOC126278485,ornithine decarboxylase-like,ornithine decarboxylase-like,protein_coding,NC_064925.1,Chromosome6,assembled-molecule,6,Chromosome,Nuclear chromosome,infected_diet83_vs33,Infected: diet 83 vs 33,Diet comparison among infected,"83
vs
33",2,1,Infected diet 83,Infected diet 33,inf83 vs inf33_log2FC,inf83 vs inf33_padj,TRUE,Placed/host-assigned,384.4581883057808,2.524485288965912,1.10544143262756,2.28368976813668,0.02238976981234668,0.36519741998766736,FALSE,2.524485288965912,N.S.,Not significant,TRUE,,,N.S.
Protein-Anabolism,Nitrogen & Amino Acid Metabolism,Polyamine Biosynthesis & Growth Priming,LOC126278485,ornithine decarboxylase-like,ornithine decarboxylase-like,protein_coding,NC_064925.1,Chromosome6,assembled-molecule,6,Chromosome,Nuclear chromosome,infected_diet83_vs50,Infected: diet 83 vs 50,Diet comparison among infected,"83
vs
50",3,1,Infected diet 83,Infected diet 50,inf83 vs inf50_log2FC,inf83 vs inf50_padj,TRUE,Placed/host-assigned,384.4581883057808,-3.130303827804052,1.0701159691981594,-2.9252005557393903,0.00344234292458591,0.19490452062308855,FALSE,-3.130303827804052,N.S.,Not significant,TRUE,,,N.S.
Protein-Anabolism,Nitrogen & Amino Acid Metabolism,Polyamine Biosynthesis & Growth Priming,LOC126278485,ornithine decarboxylase-like,ornithine decarboxylase-like,protein_coding,NC_064925.1,Chromosome6,assembled-molecule,6,Chromosome,Nuclear chromosome,infection_diet33,Diet 33: infected vs control,Within-diet infection response,33,1,1,Infected diet 33,Control diet 33,Diet 33 log2FC,Diet 33 padj,TRUE,Placed/host-assigned,384.4581883057808,-8.341875463788288,1.0441718681189964,-7.988986984312842,1.3605205667251285e-15,2.0120587492346066e-12,TRUE,-8.341875463788288,Downregulated,Control diet 33,TRUE,,,N.S.
Protein-Anabolism,Nitrogen & Amino Acid Metabolism,Polyamine Biosynthesis & Growth Priming,LOC126278485,ornithine decarboxylase-like,ornithine decarboxylase-like,protein_coding,NC_064925.1,Chromosome6,assembled-molecule,6,Chromosome,Nuclear chromosome,infection_diet50,Diet 50: infected vs control,Within-diet infection response,50,2,1,Infected diet 50,Control diet 50,Diet 50 log2FC,Diet 50 padj,TRUE,Placed/host-assigned,384.4581883057808,-3.5786521671208353,1.052609227822373,-3.3997917484766047,6.743719361260392e-4,0.006474337093297,TRUE,-3.5786521671208353,Downregulated,Control diet 50,TRUE,,,N.S.
Protein-Anabolism,Nitrogen & Amino Acid Metabolism,Polyamine Biosynthesis & Growth Priming,LOC126278485,ornithine decarboxylase-like,ornithine decarboxylase-like,protein_coding,NC_064925.1,Chromosome6,assembled-molecule,6,Chromosome,Nuclear chromosome,infection_diet83,Diet 83: infected vs control,Within-diet infection response,83,3,1,Infected diet 83,Control diet 83,Diet 83 log2FC,Diet 83 padj,TRUE,Placed/host-assigned,384.4581883057808,-3.2786591739017936,1.127572372430725,-2.9077150647403127,0.00364079902364205,0.03409660159185518,TRUE,-3.2786591739017936,Downregulated,Control diet 83,TRUE,,,N.S.
Protein-Anabolism,Nutrient Sensing & TOR/Insulin Signaling,Amino Acid Transporters (TOR-linked),LOC126298679,b(0%2C+)-type amino acid transporter 1,"b(0,+)-type amino acid transporter 1",protein_coding,NC_064931.1,ChromosomeX,assembled-molecule,X,Chromosome,Nuclear chromosome,control_diet33_vs50,Control: diet 50 vs 33,Diet comparison among controls,"50
vs
33",1,-1,Control diet 50,Control diet 33,cont33 vs cont50_log2FC,cont33 vs cont50_padj,FALSE,Placed/host-assigned,1575.4373159764552,-0.13990400634577416,0.593229702228337,-0.2358344597720841,0.8135611271993135,1,FALSE,0.13990400634577416,N.S.,Not significant,TRUE,,,N.S.
Protein-Anabolism,Nutrient Sensing & TOR/Insulin Signaling,Amino Acid Transporters (TOR-linked),LOC126298679,b(0%2C+)-type amino acid transporter 1,"b(0,+)-type amino acid transporter 1",protein_coding,NC_064931.1,ChromosomeX,assembled-molecule,X,Chromosome,Nuclear chromosome,control_diet83_vs33,Control: diet 83 vs 33,Diet comparison among controls,"83
vs
33",2,1,Control diet 83,Control diet 33,cont83 vs cont33_log2FC,cont83 vs cont33_padj,FALSE,Placed/host-assigned,1575.4373159764552,-0.2788556846540185,0.5702824993149302,-0.4889781555439675,0.6248571621827037,0.9999697606274288,FALSE,-0.2788556846540185,N.S.,Not significant,TRUE,,,N.S.
Protein-Anabolism,Nutrient Sensing & TOR/Insulin Signaling,Amino Acid Transporters (TOR-linked),LOC126298679,b(0%2C+)-type amino acid transporter 1,"b(0,+)-type amino acid transporter 1",protein_coding,NC_064931.1,ChromosomeX,assembled-molecule,X,Chromosome,Nuclear chromosome,control_diet83_vs50,Control: diet 83 vs 50,Diet comparison among controls,"83
vs
50",3,1,Control diet 83,Control diet 50,cont83 vs cont50_log2FC,cont83 vs cont50_padj,FALSE,Placed/host-assigned,1575.4373159764552,-0.41875969099979266,0.5934192060741927,-0.7056726285792592,0.48039174646691174,0.9989643578317658,FALSE,-0.41875969099979266,N.S.,Not significant,TRUE,,,N.S.
Protein-Anabolism,Nutrient Sensing & TOR/Insulin Signaling,Amino Acid Transporters (TOR-linked),LOC126298679,b(0%2C+)-type amino acid transporter 1,"b(0,+)-type amino acid transporter 1",protein_coding,NC_064931.1,ChromosomeX,assembled-molecule,X,Chromosome,Nuclear chromosome,infected_diet33_vs50,Infected: diet 50 vs 33,Diet comparison among infected,"50
vs
33",1,-1,Infected diet 50,Infected diet 33,inf33 vs inf50_log2FC,inf33 vs inf50_padj,TRUE,Placed/host-assigned,1575.4373159764552,-1.6243632524930145,0.5022261148089924,-3.2343265405678783,0.00121929960842984,0.05175926837784698,FALSE,1.6243632524930145,N.S.,Not significant,TRUE,,,N.S.
Protein-Anabolism,Nutrient Sensing & TOR/Insulin Signaling,Amino Acid Transporters (TOR-linked),LOC126298679,b(0%2C+)-type amino acid transporter 1,"b(0,+)-type amino acid transporter 1",protein_coding,NC_064931.1,ChromosomeX,assembled-molecule,X,Chromosome,Nuclear chromosome,infected_diet83_vs33,Infected: diet 83 vs 33,Diet comparison among infected,"83
vs
33",2,1,Infected diet 83,Infected diet 33,inf83 vs inf33_log2FC,inf83 vs inf33_padj,TRUE,Placed/host-assigned,1575.4373159764552,1.0871540872712604,0.5615587336643448,1.935957936540748,0.05287285294612334,0.4787184204598465,FALSE,1.0871540872712604,N.S.,Not significant,TRUE,,,N.S.
Protein-Anabolism,Nutrient Sensing & TOR/Insulin Signaling,Amino Acid Transporters (TOR-linked),LOC126298679,b(0%2C+)-type amino acid transporter 1,"b(0,+)-type amino acid transporter 1",protein_coding,NC_064931.1,ChromosomeX,assembled-molecule,X,Chromosome,Nuclear chromosome,infected_diet83_vs50,Infected: diet 83 vs 50,Diet comparison among infected,"83
vs
50",3,1,Infected diet 83,Infected diet 50,inf83 vs inf50_log2FC,inf83 vs inf50_padj,TRUE,Placed/host-assigned,1575.4373159764552,-0.5372091652217538,0.5614860242078532,-0.956763199902706,0.3386867905499899,0.8313671683839916,FALSE,-0.5372091652217538,N.S.,Not significant,TRUE,,,N.S.
Protein-Anabolism,Nutrient Sensing & TOR/Insulin Signaling,Amino Acid Transporters (TOR-linked),LOC126298679,b(0%2C+)-type amino acid transporter 1,"b(0,+)-type amino acid transporter 1",protein_coding,NC_064931.1,ChromosomeX,assembled-molecule,X,Chromosome,Nuclear chromosome,infection_diet33,Diet 33: infected vs control,Within-diet infection response,33,1,1,Infected diet 33,Control diet 33,Diet 33 log2FC,Diet 33 padj,TRUE,Placed/host-assigned,1575.4373159764552,0.9930843590744448,0.5372662193285446,1.8484027533232312,0.0645441007160977,0.20532552115947908,FALSE,0.9930843590744448,N.S.,Not significant,TRUE,,,N.S.
Protein-Anabolism,Nutrient Sensing & TOR/Insulin Signaling,Amino Acid Transporters (TOR-linked),LOC126298679,b(0%2C+)-type amino acid transporter 1,"b(0,+)-type amino acid transporter 1",protein_coding,NC_064931.1,ChromosomeX,assembled-molecule,X,Chromosome,Nuclear chromosome,infection_diet50,Diet 50: infected vs control,Within-diet infection response,50,2,1,Infected diet 50,Control diet 50,Diet 50 log2FC,Diet 50 padj,TRUE,Placed/host-assigned,1575.4373159764552,2.477543605221685,0.5616916944111501,4.410860316919979,1.0296072320144532e-5,2.766237529054801e-4,TRUE,2.477543605221685,Upregulated,Infected diet 50,TRUE,,,N.S.
Protein-Anabolism,Nutrient Sensing & TOR/Insulin Signaling,Amino Acid Transporters (TOR-linked),LOC126298679,b(0%2C+)-type amino acid transporter 1,"b(0,+)-type amino acid transporter 1",protein_coding,NC_064931.1,ChromosomeX,assembled-molecule,X,Chromosome,Nuclear chromosome,infection_diet83,Diet 83: infected vs control,Within-diet infection response,83,3,1,Infected diet 83,Control diet 83,Diet 83 log2FC,Diet 83 padj,TRUE,Placed/host-assigned,1575.4373159764552,2.359094130999724,0.5932245358614209,3.9767305436449703,6.986925939477372e-5,0.00211886775486468,TRUE,2.359094130999724,Upregulated,Infected diet 83,TRUE,,,N.S.
Protein-Anabolism,Nutrient Sensing & TOR/Insulin Signaling,Amino Acid Transporters (TOR-linked),LOC126334706,sodium-dependent nutrient amino acid transporter 1-like,sodium-dependent nutrient amino acid transporter 1-like,protein_coding,NC_064921.1,Chromosome2,assembled-molecule,2,Chromosome,Nuclear chromosome,control_diet33_vs50,Control: diet 50 vs 33,Diet comparison among controls,"50
vs
33",1,-1,Control diet 50,Control diet 33,cont33 vs cont50_log2FC,cont33 vs cont50_padj,FALSE,Placed/host-assigned,2919.5124899875113,-0.5488697028514913,0.5628547244594208,-0.975153408152768,0.32948416946281234,1,FALSE,0.5488697028514913,N.S.,Not significant,TRUE,,,N.S.
Protein-Anabolism,Nutrient Sensing & TOR/Insulin Signaling,Amino Acid Transporters (TOR-linked),LOC126334706,sodium-dependent nutrient amino acid transporter 1-like,sodium-dependent nutrient amino acid transporter 1-like,protein_coding,NC_064921.1,Chromosome2,assembled-molecule,2,Chromosome,Nuclear chromosome,control_diet83_vs33,Control: diet 83 vs 33,Diet comparison among controls,"83
vs
33",2,1,Control diet 83,Control diet 33,cont83 vs cont33_log2FC,cont83 vs cont33_padj,FALSE,Placed/host-assigned,2919.5124899875113,0.9193766631466902,0.5407838462437986,1.700081593658056,0.08911557896496189,0.9999697606274288,FALSE,0.9193766631466902,N.S.,Not significant,TRUE,,,N.S.
Protein-Anabolism,Nutrient Sensing & TOR/Insulin Signaling,Amino Acid Transporters (TOR-linked),LOC126334706,sodium-dependent nutrient amino acid transporter 1-like,sodium-dependent nutrient amino acid transporter 1-like,protein_coding,NC_064921.1,Chromosome2,assembled-molecule,2,Chromosome,Nuclear chromosome,control_diet83_vs50,Control: diet 83 vs 50,Diet comparison among controls,"83
vs
50",3,1,Control diet 83,Control diet 50,cont83 vs cont50_log2FC,cont83 vs cont50_padj,FALSE,Placed/host-assigned,2919.5124899875113,0.370506960295199,0.5628177024724328,0.6583072257101698,0.5103407358686463,0.9989643578317658,FALSE,0.370506960295199,N.S.,Not significant,TRUE,,,N.S.
Protein-Anabolism,Nutrient Sensing & TOR/Insulin Signaling,Amino Acid Transporters (TOR-linked),LOC126334706,sodium-dependent nutrient amino acid transporter 1-like,sodium-dependent nutrient amino acid transporter 1-like,protein_coding,NC_064921.1,Chromosome2,assembled-molecule,2,Chromosome,Nuclear chromosome,infected_diet33_vs50,Infected: diet 50 vs 33,Diet comparison among infected,"50
vs
33",1,-1,Infected diet 50,Infected diet 33,inf33 vs inf50_log2FC,inf33 vs inf50_padj,TRUE,Placed/host-assigned,2919.5124899875113,0.2342869071791247,0.4771162214751269,0.49104787603902206,0.6233925862929366,0.9539207969700118,FALSE,-0.2342869071791247,N.S.,Not significant,TRUE,,,N.S.
Protein-Anabolism,Nutrient Sensing & TOR/Insulin Signaling,Amino Acid Transporters (TOR-linked),LOC126334706,sodium-dependent nutrient amino acid transporter 1-like,sodium-dependent nutrient amino acid transporter 1-like,protein_coding,NC_064921.1,Chromosome2,assembled-molecule,2,Chromosome,Nuclear chromosome,infected_diet83_vs33,Infected: diet 83 vs 33,Diet comparison among infected,"83
vs
33",2,1,Infected diet 83,Infected diet 33,inf83 vs inf33_log2FC,inf83 vs inf33_padj,TRUE,Placed/host-assigned,2919.5124899875113,0.6538388700033356,0.5333337396667963,1.225946947237626,0.22021864021809395,0.709647641248145,FALSE,0.6538388700033356,N.S.,Not significant,TRUE,,,N.S.
Protein-Anabolism,Nutrient Sensing & TOR/Insulin Signaling,Amino Acid Transporters (TOR-linked),LOC126334706,sodium-dependent nutrient amino acid transporter 1-like,sodium-dependent nutrient amino acid transporter 1-like,protein_coding,NC_064921.1,Chromosome2,assembled-molecule,2,Chromosome,Nuclear chromosome,infected_diet83_vs50,Infected: diet 83 vs 50,Diet comparison among infected,"83
vs
50",3,1,Infected diet 83,Infected diet 50,inf83 vs inf50_log2FC,inf83 vs inf50_padj,TRUE,Placed/host-assigned,2919.5124899875113,0.8881257771824603,0.5334283938448189,1.6649390760418117,0.09592491122165192,0.6044615895904677,FALSE,0.8881257771824603,N.S.,Not significant,TRUE,,,N.S.
Protein-Anabolism,Nutrient Sensing & TOR/Insulin Signaling,Amino Acid Transporters (TOR-linked),LOC126334706,sodium-dependent nutrient amino acid transporter 1-like,sodium-dependent nutrient amino acid transporter 1-like,protein_coding,NC_064921.1,Chromosome2,assembled-molecule,2,Chromosome,Nuclear chromosome,infection_diet33,Diet 33: infected vs control,Within-diet infection response,33,1,1,Infected diet 33,Control diet 33,Diet 33 log2FC,Diet 33 padj,TRUE,Placed/host-assigned,2919.5124899875113,-0.5833547515286028,0.5099155607990348,-1.1440222585372553,0.25261440612704955,0.4825341196255783,FALSE,-0.5833547515286028,N.S.,Not significant,TRUE,,,N.S.
Protein-Anabolism,Nutrient Sensing & TOR/Insulin Signaling,Amino Acid Transporters (TOR-linked),LOC126334706,sodium-dependent nutrient amino acid transporter 1-like,sodium-dependent nutrient amino acid transporter 1-like,protein_coding,NC_064921.1,Chromosome2,assembled-molecule,2,Chromosome,Nuclear chromosome,infection_diet50,Diet 50: infected vs control,Within-diet infection response,50,2,1,Infected diet 50,Control diet 50,Diet 50 log2FC,Diet 50 padj,TRUE,Placed/host-assigned,2919.5124899875113,-1.3665113615592188,0.5333211513675402,-2.562267328147806,0.01039912400888751,0.0437654257436386,TRUE,-1.3665113615592188,Downregulated,Control diet 50,TRUE,,,N.S.
Protein-Anabolism,Nutrient Sensing & TOR/Insulin Signaling,Amino Acid Transporters (TOR-linked),LOC126334706,sodium-dependent nutrient amino acid transporter 1-like,sodium-dependent nutrient amino acid transporter 1-like,protein_coding,NC_064921.1,Chromosome2,assembled-molecule,2,Chromosome,Nuclear chromosome,infection_diet83,Diet 83: infected vs control,Within-diet infection response,83,3,1,Infected diet 83,Control diet 83,Diet 83 log2FC,Diet 83 padj,TRUE,Placed/host-assigned,2919.5124899875113,-0.8488925446719574,0.562919325552261,-1.5080181229151048,0.1315498887525223,0.3300893160246174,FALSE,-0.8488925446719574,N.S.,Not significant,TRUE,,,N.S.
Protein-Anabolism,Nutrient Sensing & TOR/Insulin Signaling,Amino Acid Transporters (TOR-linked),LOC126353931,high affinity cationic amino acid transporter 1-like,high affinity cationic amino acid transporter 1-like,protein_coding,NC_064922.1,Chromosome3,assembled-molecule,3,Chromosome,Nuclear chromosome,control_diet33_vs50,Control: diet 50 vs 33,Diet comparison among controls,"50
vs
33",1,-1,Control diet 50,Control diet 33,cont33 vs cont50_log2FC,cont33 vs cont50_padj,FALSE,Placed/host-assigned,64.10761510898442,-0.379220050292263,0.6595145215146949,-0.574998787625351,0.5652921169356839,1,FALSE,0.379220050292263,N.S.,Not significant,TRUE,,,N.S.
Protein-Anabolism,Nutrient Sensing & TOR/Insulin Signaling,Amino Acid Transporters (TOR-linked),LOC126353931,high affinity cationic amino acid transporter 1-like,high affinity cationic amino acid transporter 1-like,protein_coding,NC_064922.1,Chromosome3,assembled-molecule,3,Chromosome,Nuclear chromosome,control_diet83_vs33,Control: diet 83 vs 33,Diet comparison among controls,"83
vs
33",2,1,Control diet 83,Control diet 33,cont83 vs cont33_log2FC,cont83 vs cont33_padj,FALSE,Placed/host-assigned,64.10761510898442,0.02989282736692813,0.6420609097359141,0.04655761924398004,0.962865810320506,0.9999697606274288,FALSE,0.02989282736692813,N.S.,Not significant,TRUE,,,N.S.
Protein-Anabolism,Nutrient Sensing & TOR/Insulin Signaling,Amino Acid Transporters (TOR-linked),LOC126353931,high affinity cationic amino acid transporter 1-like,high affinity cationic amino acid transporter 1-like,protein_coding,NC_064922.1,Chromosome3,assembled-molecule,3,Chromosome,Nuclear chromosome,control_diet83_vs50,Control: diet 83 vs 50,Diet comparison among controls,"83
vs
50",3,1,Control diet 83,Control diet 50,cont83 vs cont50_log2FC,cont83 vs cont50_padj,FALSE,Placed/host-assigned,64.10761510898442,-0.3493272229253349,0.6621945936265988,-0.5275295604758669,0.5978258941574678,0.9993806165316672,FALSE,-0.3493272229253349,N.S.,Not significant,TRUE,,,N.S.
Protein-Anabolism,Nutrient Sensing & TOR/Insulin Signaling,Amino Acid Transporters (TOR-linked),LOC126353931,high affinity cationic amino acid transporter 1-like,high affinity cationic amino acid transporter 1-like,protein_coding,NC_064922.1,Chromosome3,assembled-molecule,3,Chromosome,Nuclear chromosome,infected_diet33_vs50,Infected: diet 50 vs 33,Diet comparison among infected,"50
vs
33",1,-1,Infected diet 50,Infected diet 33,inf33 vs inf50_log2FC,inf33 vs inf50_padj,TRUE,Placed/host-assigned,64.10761510898442,-0.32204846242977225,0.5408334625954497,-0.5954669684902034,0.5515313724438891,0.944088975289169,FALSE,0.32204846242977225,N.S.,Not significant,TRUE,,,N.S.
Protein-Anabolism,Nutrient Sensing & TOR/Insulin Signaling,Amino Acid Transporters (TOR-linked),LOC126353931,high affinity cationic amino acid transporter 1-like,high affinity cationic amino acid transporter 1-like,protein_coding,NC_064922.1,Chromosome3,assembled-molecule,3,Chromosome,Nuclear chromosome,infected_diet83_vs33,Infected: diet 83 vs 33,Diet comparison among infected,"83
vs
33",2,1,Infected diet 83,Infected diet 33,inf83 vs inf33_log2FC,inf83 vs inf33_padj,TRUE,Placed/host-assigned,64.10761510898442,-0.06892631853251618,0.606282503286777,-0.11368680138195152,0.909486075652684,0.9809821012137993,FALSE,-0.06892631853251618,N.S.,Not significant,TRUE,,,N.S.
Protein-Anabolism,Nutrient Sensing & TOR/Insulin Signaling,Amino Acid Transporters (TOR-linked),LOC126353931,high affinity cationic amino acid transporter 1-like,high affinity cationic amino acid transporter 1-like,protein_coding,NC_064922.1,Chromosome3,assembled-molecule,3,Chromosome,Nuclear chromosome,infected_diet83_vs50,Infected: diet 83 vs 50,Diet comparison among infected,"83
vs
50",3,1,Infected diet 83,Infected diet 50,inf83 vs inf50_log2FC,inf83 vs inf50_padj,TRUE,Placed/host-assigned,64.10761510898442,-0.3909747809622885,0.606793320961536,-0.6443294074871202,0.5193618500123509,0.8991955059850624,FALSE,-0.3909747809622885,N.S.,Not significant,TRUE,,,N.S.
Protein-Anabolism,Nutrient Sensing & TOR/Insulin Signaling,Amino Acid Transporters (TOR-linked),LOC126353931,high affinity cationic amino acid transporter 1-like,high affinity cationic amino acid transporter 1-like,protein_coding,NC_064922.1,Chromosome3,assembled-molecule,3,Chromosome,Nuclear chromosome,infection_diet33,Diet 33: infected vs control,Within-diet infection response,33,1,1,Infected diet 33,Control diet 33,Diet 33 log2FC,Diet 33 padj,TRUE,Placed/host-assigned,64.10761510898442,2.6760295299140657,0.5918534910611346,4.521439123584808,6.142062438840594e-6,2.6891727322686943e-4,TRUE,2.6760295299140657,Upregulated,Infected diet 33,TRUE,,,N.S.
Protein-Anabolism,Nutrient Sensing & TOR/Insulin Signaling,Amino Acid Transporters (TOR-linked),LOC126353931,high affinity cationic amino acid transporter 1-like,high affinity cationic amino acid transporter 1-like,protein_coding,NC_064922.1,Chromosome3,assembled-molecule,3,Chromosome,Nuclear chromosome,infection_diet50,Diet 50: infected vs control,Within-diet infection response,50,2,1,Infected diet 50,Control diet 50,Diet 50 log2FC,Diet 50 padj,TRUE,Placed/host-assigned,64.10761510898442,2.618857942051575,0.6141414197646077,4.264258781072524,2.0056688699073403e-5,4.724018744921755e-4,TRUE,2.618857942051575,Upregulated,Infected diet 50,TRUE,,,N.S.
Protein-Anabolism,Nutrient Sensing & TOR/Insulin Signaling,Amino Acid Transporters (TOR-linked),LOC126353931,high affinity cationic amino acid transporter 1-like,high affinity cationic amino acid transporter 1-like,protein_coding,NC_064922.1,Chromosome3,assembled-molecule,3,Chromosome,Nuclear chromosome,infection_diet83,Diet 83: infected vs control,Within-diet infection response,83,3,1,Infected diet 83,Control diet 83,Diet 83 log2FC,Diet 83 padj,TRUE,Placed/host-assigned,64.10761510898442,2.5772103840146214,0.655385482537825,3.9323580590082416,8.411664854317095e-5,0.00242599281063692,TRUE,2.5772103840146214,Upregulated,Infected diet 83,TRUE,,,N.S.
Protein-Anabolism,Nutrient Sensing & TOR/Insulin Signaling,Insulin & Growth Signaling Pathway Regulators,LOC126281978,mast/stem cell growth factor receptor kita-like,mast/stem cell growth factor receptor kita-like,protein_coding,NC_064926.1,Chromosome7,assembled-molecule,7,Chromosome,Nuclear chromosome,control_diet33_vs50,Control: diet 50 vs 33,Diet comparison among controls,"50
vs
33",1,-1,Control diet 50,Control diet 33,cont33 vs cont50_log2FC,cont33 vs cont50_padj,FALSE,Placed/host-assigned,446.1260925893923,-0.00421764923676687,0.5534275460878216,-0.00762096008155255,0.993919412471598,1,FALSE,0.00421764923676687,N.S.,Not significant,TRUE,,,N.S.
Protein-Anabolism,Nutrient Sensing & TOR/Insulin Signaling,Insulin & Growth Signaling Pathway Regulators,LOC126281978,mast/stem cell growth factor receptor kita-like,mast/stem cell growth factor receptor kita-like,protein_coding,NC_064926.1,Chromosome7,assembled-molecule,7,Chromosome,Nuclear chromosome,control_diet83_vs33,Control: diet 83 vs 33,Diet comparison among controls,"83
vs
33",2,1,Control diet 83,Control diet 33,cont83 vs cont33_log2FC,cont83 vs cont33_padj,FALSE,Placed/host-assigned,446.1260925893923,0.3551383893424421,0.5318892895184133,0.6676923118041986,0.5043300185989545,0.9999697606274288,FALSE,0.3551383893424421,N.S.,Not significant,TRUE,,,N.S.
Protein-Anabolism,Nutrient Sensing & TOR/Insulin Signaling,Insulin & Growth Signaling Pathway Regulators,LOC126281978,mast/stem cell growth factor receptor kita-like,mast/stem cell growth factor receptor kita-like,protein_coding,NC_064926.1,Chromosome7,assembled-molecule,7,Chromosome,Nuclear chromosome,control_diet83_vs50,Control: diet 83 vs 50,Diet comparison among controls,"83
vs
50",3,1,Control diet 83,Control diet 50,cont83 vs cont50_log2FC,cont83 vs cont50_padj,FALSE,Placed/host-assigned,446.1260925893923,0.3509207401056752,0.5533277999040211,0.6342004507392274,0.5259500134556578,0.9989643578317658,FALSE,0.3509207401056752,N.S.,Not significant,TRUE,,,N.S.
Protein-Anabolism,Nutrient Sensing & TOR/Insulin Signaling,Insulin & Growth Signaling Pathway Regulators,LOC126281978,mast/stem cell growth factor receptor kita-like,mast/stem cell growth factor receptor kita-like,protein_coding,NC_064926.1,Chromosome7,assembled-molecule,7,Chromosome,Nuclear chromosome,infected_diet33_vs50,Infected: diet 50 vs 33,Diet comparison among infected,"50
vs
33",1,-1,Infected diet 50,Infected diet 33,inf33 vs inf50_log2FC,inf33 vs inf50_padj,TRUE,Placed/host-assigned,446.1260925893923,-1.3633332365784214,0.4677860646090547,-2.9144374741428156,0.00356330180019899,0.100008040607238,FALSE,1.3633332365784214,N.S.,Not significant,TRUE,,,N.S.
Protein-Anabolism,Nutrient Sensing & TOR/Insulin Signaling,Insulin & Growth Signaling Pathway Regulators,LOC126281978,mast/stem cell growth factor receptor kita-like,mast/stem cell growth factor receptor kita-like,protein_coding,NC_064926.1,Chromosome7,assembled-molecule,7,Chromosome,Nuclear chromosome,infected_diet83_vs33,Infected: diet 83 vs 33,Diet comparison among infected,"83
vs
33",2,1,Infected diet 83,Infected diet 33,inf83 vs inf33_log2FC,inf83 vs inf33_padj,TRUE,Placed/host-assigned,446.1260925893923,1.1201665824070823,0.5231075677050444,2.141369484141532,0.03224425378935134,0.41148544743280385,FALSE,1.1201665824070823,N.S.,Not significant,TRUE,,,N.S.
Protein-Anabolism,Nutrient Sensing & TOR/Insulin Signaling,Insulin & Growth Signaling Pathway Regulators,LOC126281978,mast/stem cell growth factor receptor kita-like,mast/stem cell growth factor receptor kita-like,protein_coding,NC_064926.1,Chromosome7,assembled-molecule,7,Chromosome,Nuclear chromosome,infected_diet83_vs50,Infected: diet 83 vs 50,Diet comparison among infected,"83
vs
50",3,1,Infected diet 83,Infected diet 50,inf83 vs inf50_log2FC,inf83 vs inf50_padj,TRUE,Placed/host-assigned,446.1260925893923,-0.2431666541713391,0.5228946370255619,-0.4650394877915946,0.6419031787526115,0.934836100355291,FALSE,-0.2431666541713391,N.S.,Not significant,TRUE,,,N.S.
Protein-Anabolism,Nutrient Sensing & TOR/Insulin Signaling,Insulin & Growth Signaling Pathway Regulators,LOC126281978,mast/stem cell growth factor receptor kita-like,mast/stem cell growth factor receptor kita-like,protein_coding,NC_064926.1,Chromosome7,assembled-molecule,7,Chromosome,Nuclear chromosome,infection_diet33,Diet 33: infected vs control,Within-diet infection response,33,1,1,Infected diet 33,Control diet 33,Diet 33 log2FC,Diet 33 padj,TRUE,Placed/host-assigned,446.1260925893923,0.6904930685656342,0.5010305076186411,1.3781457577254006,0.16815829041247382,0.3745919406510505,FALSE,0.6904930685656342,N.S.,Not significant,TRUE,,,N.S.
Protein-Anabolism,Nutrient Sensing & TOR/Insulin Signaling,Insulin & Growth Signaling Pathway Regulators,LOC126281978,mast/stem cell growth factor receptor kita-like,mast/stem cell growth factor receptor kita-like,protein_coding,NC_064926.1,Chromosome7,assembled-molecule,7,Chromosome,Nuclear chromosome,infection_diet50,Diet 50: infected vs control,Within-diet infection response,50,2,1,Infected diet 50,Control diet 50,Diet 50 log2FC,Diet 50 padj,TRUE,Placed/host-assigned,446.1260925893923,2.0496086559072886,0.5235210420285143,3.9150454162559782,9.038719222952096e-5,0.00152793277582247,TRUE,2.0496086559072886,Upregulated,Infected diet 50,TRUE,,,N.S.
Protein-Anabolism,Nutrient Sensing & TOR/Insulin Signaling,Insulin & Growth Signaling Pathway Regulators,LOC126281978,mast/stem cell growth factor receptor kita-like,mast/stem cell growth factor receptor kita-like,protein_coding,NC_064926.1,Chromosome7,assembled-molecule,7,Chromosome,Nuclear chromosome,infection_diet83,Diet 83: infected vs control,Within-diet infection response,83,3,1,Infected diet 83,Control diet 83,Diet 83 log2FC,Diet 83 padj,TRUE,Placed/host-assigned,446.1260925893923,1.4555212616302744,0.5527351754050913,2.6333067378307247,0.00845579430626181,0.06041318763199799,FALSE,1.4555212616302744,N.S.,Not significant,TRUE,,,N.S.
Protein-Anabolism,Nutrient Sensing & TOR/Insulin Signaling,Insulin & Growth Signaling Pathway Regulators,LOC126282034,vascular endothelial growth factor receptor kdr-like,vascular endothelial growth factor receptor kdr-like,protein_coding,NC_064926.1,Chromosome7,assembled-molecule,7,Chromosome,Nuclear chromosome,control_diet33_vs50,Control: diet 50 vs 33,Diet comparison among controls,"50
vs
33",1,-1,Control diet 50,Control diet 33,cont33 vs cont50_log2FC,cont33 vs cont50_padj,FALSE,Placed/host-assigned,5163.3555272601,0.0931120007122119,0.4378901516205676,0.2126378050924826,0.8316094815073383,1,FALSE,-0.0931120007122119,N.S.,Not significant,TRUE,,,N.S.
Protein-Anabolism,Nutrient Sensing & TOR/Insulin Signaling,Insulin & Growth Signaling Pathway Regulators,LOC126282034,vascular endothelial growth factor receptor kdr-like,vascular endothelial growth factor receptor kdr-like,protein_coding,NC_064926.1,Chromosome7,assembled-molecule,7,Chromosome,Nuclear chromosome,control_diet83_vs33,Control: diet 83 vs 33,Diet comparison among controls,"83
vs
33",2,1,Control diet 83,Control diet 33,cont83 vs cont33_log2FC,cont83 vs cont33_padj,FALSE,Placed/host-assigned,5163.3555272601,0.22804763572228243,0.42075483816377807,0.5419964669152902,0.5878209397930678,0.9999697606274288,FALSE,0.22804763572228243,N.S.,Not significant,TRUE,,,N.S.
Protein-Anabolism,Nutrient Sensing & TOR/Insulin Signaling,Insulin & Growth Signaling Pathway Regulators,LOC126282034,vascular endothelial growth factor receptor kdr-like,vascular endothelial growth factor receptor kdr-like,protein_coding,NC_064926.1,Chromosome7,assembled-molecule,7,Chromosome,Nuclear chromosome,control_diet83_vs50,Control: diet 83 vs 50,Diet comparison among controls,"83
vs
50",3,1,Control diet 83,Control diet 50,cont83 vs cont50_log2FC,cont83 vs cont50_padj,FALSE,Placed/host-assigned,5163.3555272601,0.3211596364344943,0.4378923529243636,0.7334214317507565,0.4633014315981843,0.9989643578317658,FALSE,0.3211596364344943,N.S.,Not significant,TRUE,,,N.S.
Protein-Anabolism,Nutrient Sensing & TOR/Insulin Signaling,Insulin & Growth Signaling Pathway Regulators,LOC126282034,vascular endothelial growth factor receptor kdr-like,vascular endothelial growth factor receptor kdr-like,protein_coding,NC_064926.1,Chromosome7,assembled-molecule,7,Chromosome,Nuclear chromosome,infected_diet33_vs50,Infected: diet 50 vs 33,Diet comparison among infected,"50
vs
33",1,-1,Infected diet 50,Infected diet 33,inf33 vs inf50_log2FC,inf33 vs inf50_padj,TRUE,Placed/host-assigned,5163.3555272601,-0.14361516644789546,0.3706461669674825,-0.38747241775872754,0.6984065007030313,0.9669597693755262,FALSE,0.14361516644789546,N.S.,Not significant,TRUE,,,N.S.
Protein-Anabolism,Nutrient Sensing & TOR/Insulin Signaling,Insulin & Growth Signaling Pathway Regulators,LOC126282034,vascular endothelial growth factor receptor kdr-like,vascular endothelial growth factor receptor kdr-like,protein_coding,NC_064926.1,Chromosome7,assembled-molecule,7,Chromosome,Nuclear chromosome,infected_diet83_vs33,Infected: diet 83 vs 33,Diet comparison among infected,"83
vs
33",2,1,Infected diet 83,Infected diet 33,inf83 vs inf33_log2FC,inf83 vs inf33_padj,TRUE,Placed/host-assigned,5163.3555272601,0.2950990072678627,0.4143973978279694,0.712115975666354,0.4763929622860444,0.8481869853185529,FALSE,0.2950990072678627,N.S.,Not significant,TRUE,,,N.S.
Protein-Anabolism,Nutrient Sensing & TOR/Insulin Signaling,Insulin & Growth Signaling Pathway Regulators,LOC126282034,vascular endothelial growth factor receptor kdr-like,vascular endothelial growth factor receptor kdr-like,protein_coding,NC_064926.1,Chromosome7,assembled-molecule,7,Chromosome,Nuclear chromosome,infected_diet83_vs50,Infected: diet 83 vs 50,Diet comparison among infected,"83
vs
50",3,1,Infected diet 83,Infected diet 50,inf83 vs inf50_log2FC,inf83 vs inf50_padj,TRUE,Placed/host-assigned,5163.3555272601,0.15148384081996724,0.4144126967829398,0.36553860920750486,0.7147093917772931,0.9522197710175166,FALSE,0.15148384081996724,N.S.,Not significant,TRUE,,,N.S.
Protein-Anabolism,Nutrient Sensing & TOR/Insulin Signaling,Insulin & Growth Signaling Pathway Regulators,LOC126282034,vascular endothelial growth factor receptor kdr-like,vascular endothelial growth factor receptor kdr-like,protein_coding,NC_064926.1,Chromosome7,assembled-molecule,7,Chromosome,Nuclear chromosome,infection_diet33,Diet 33: infected vs control,Within-diet infection response,33,1,1,Infected diet 33,Control diet 33,Diet 33 log2FC,Diet 33 padj,TRUE,Placed/host-assigned,5163.3555272601,2.6057605229669076,0.3964836737712197,6.572176095378122,4.9585169520753955e-11,1.4347361006983372e-8,TRUE,2.6057605229669076,Upregulated,Infected diet 33,TRUE,,,N.S.
Protein-Anabolism,Nutrient Sensing & TOR/Insulin Signaling,Insulin & Growth Signaling Pathway Regulators,LOC126282034,vascular endothelial growth factor receptor kdr-like,vascular endothelial growth factor receptor kdr-like,protein_coding,NC_064926.1,Chromosome7,assembled-molecule,7,Chromosome,Nuclear chromosome,infection_diet50,Diet 50: infected vs control,Within-diet infection response,50,2,1,Infected diet 50,Control diet 50,Diet 50 log2FC,Diet 50 padj,TRUE,Placed/host-assigned,5163.3555272601,2.842487690127015,0.41464088366542873,6.855300097277917,7.116297008468971e-12,1.971911947523206e-9,TRUE,2.842487690127015,Upregulated,Infected diet 50,TRUE,,,N.S.
Protein-Anabolism,Nutrient Sensing & TOR/Insulin Signaling,Insulin & Growth Signaling Pathway Regulators,LOC126282034,vascular endothelial growth factor receptor kdr-like,vascular endothelial growth factor receptor kdr-like,protein_coding,NC_064926.1,Chromosome7,assembled-molecule,7,Chromosome,Nuclear chromosome,infection_diet83,Diet 83: infected vs control,Within-diet infection response,83,3,1,Infected diet 83,Control diet 83,Diet 83 log2FC,Diet 83 padj,TRUE,Placed/host-assigned,5163.3555272601,2.672811894512488,0.4376762885943178,6.106823614084147,1.0163344965736292e-9,4.633173905025333e-7,TRUE,2.672811894512488,Upregulated,Infected diet 83,TRUE,,,N.S.
Protein-Anabolism,Nutrient Sensing & TOR/Insulin Signaling,Insulin & Growth Signaling Pathway Regulators,LOC126282035,vascular endothelial growth factor receptor kdr-like,vascular endothelial growth factor receptor kdr-like,protein_coding,NC_064926.1,Chromosome7,assembled-molecule,7,Chromosome,Nuclear chromosome,control_diet33_vs50,Control: diet 50 vs 33,Diet comparison among controls,"50
vs
33",1,-1,Control diet 50,Control diet 33,cont33 vs cont50_log2FC,cont33 vs cont50_padj,FALSE,Placed/host-assigned,9389.919716116774,0.555055181895571,0.4061916696608821,1.366485881798046,0.17178650920123478,1,FALSE,-0.555055181895571,N.S.,Not significant,TRUE,,,N.S.
Protein-Anabolism,Nutrient Sensing & TOR/Insulin Signaling,Insulin & Growth Signaling Pathway Regulators,LOC126282035,vascular endothelial growth factor receptor kdr-like,vascular endothelial growth factor receptor kdr-like,protein_coding,NC_064926.1,Chromosome7,assembled-molecule,7,Chromosome,Nuclear chromosome,control_diet83_vs33,Control: diet 83 vs 33,Diet comparison among controls,"83
vs
33",2,1,Control diet 83,Control diet 33,cont83 vs cont33_log2FC,cont83 vs cont33_padj,FALSE,Placed/host-assigned,9389.919716116774,-0.4540763114492212,0.39027960610613927,-1.1634641020051968,0.24464125472875223,0.9999697606274288,FALSE,-0.4540763114492212,N.S.,Not significant,TRUE,,,N.S.
Protein-Anabolism,Nutrient Sensing & TOR/Insulin Signaling,Insulin & Growth Signaling Pathway Regulators,LOC126282035,vascular endothelial growth factor receptor kdr-like,vascular endothelial growth factor receptor kdr-like,protein_coding,NC_064926.1,Chromosome7,assembled-molecule,7,Chromosome,Nuclear chromosome,control_diet83_vs50,Control: diet 83 vs 50,Diet comparison among controls,"83
vs
50",3,1,Control diet 83,Control diet 50,cont83 vs cont50_log2FC,cont83 vs cont50_padj,FALSE,Placed/host-assigned,9389.919716116774,0.10097887044634976,0.40622548046028334,0.24857837655071088,0.8036869365761099,0.9993806165316672,FALSE,0.10097887044634976,N.S.,Not significant,TRUE,,,N.S.
Protein-Anabolism,Nutrient Sensing & TOR/Insulin Signaling,Insulin & Growth Signaling Pathway Regulators,LOC126282035,vascular endothelial growth factor receptor kdr-like,vascular endothelial growth factor receptor kdr-like,protein_coding,NC_064926.1,Chromosome7,assembled-molecule,7,Chromosome,Nuclear chromosome,infected_diet33_vs50,Infected: diet 50 vs 33,Diet comparison among infected,"50
vs
33",1,-1,Infected diet 50,Infected diet 33,inf33 vs inf50_log2FC,inf33 vs inf50_padj,TRUE,Placed/host-assigned,9389.919716116774,0.44179470689777933,0.3441267520268846,1.2838138979188245,0.1992070795717524,0.763615012041662,FALSE,-0.44179470689777933,N.S.,Not significant,TRUE,,,N.S.
Protein-Anabolism,Nutrient Sensing & TOR/Insulin Signaling,Insulin & Growth Signaling Pathway Regulators,LOC126282035,vascular endothelial growth factor receptor kdr-like,vascular endothelial growth factor receptor kdr-like,protein_coding,NC_064926.1,Chromosome7,assembled-molecule,7,Chromosome,Nuclear chromosome,infected_diet83_vs33,Infected: diet 83 vs 33,Diet comparison among infected,"83
vs
33",2,1,Infected diet 83,Infected diet 33,inf83 vs inf33_log2FC,inf83 vs inf33_padj,TRUE,Placed/host-assigned,9389.919716116774,-0.31497011265756975,0.38475064114044,-0.8186344062324791,0.41299503071172894,0.8212743502369081,FALSE,-0.31497011265756975,N.S.,Not significant,TRUE,,,N.S.
Protein-Anabolism,Nutrient Sensing & TOR/Insulin Signaling,Insulin & Growth Signaling Pathway Regulators,LOC126282035,vascular endothelial growth factor receptor kdr-like,vascular endothelial growth factor receptor kdr-like,protein_coding,NC_064926.1,Chromosome7,assembled-molecule,7,Chromosome,Nuclear chromosome,infected_diet83_vs50,Infected: diet 83 vs 50,Diet comparison among infected,"83
vs
50",3,1,Infected diet 83,Infected diet 50,inf83 vs inf50_log2FC,inf83 vs inf50_padj,TRUE,Placed/host-assigned,9389.919716116774,0.1268245942402096,0.3847723918482548,0.32960939227216246,0.7416951248617693,0.9559975876020986,FALSE,0.1268245942402096,N.S.,Not significant,TRUE,,,N.S.
Protein-Anabolism,Nutrient Sensing & TOR/Insulin Signaling,Insulin & Growth Signaling Pathway Regulators,LOC126282035,vascular endothelial growth factor receptor kdr-like,vascular endothelial growth factor receptor kdr-like,protein_coding,NC_064926.1,Chromosome7,assembled-molecule,7,Chromosome,Nuclear chromosome,infection_diet33,Diet 33: infected vs control,Within-diet infection response,33,1,1,Infected diet 33,Control diet 33,Diet 33 log2FC,Diet 33 padj,TRUE,Placed/host-assigned,9389.919716116774,1.1022093240083153,0.36789753074667136,2.9959682571701736,0.0027357491040798,0.02608863721346347,TRUE,1.1022093240083153,Upregulated,Infected diet 33,TRUE,,,N.S.
Protein-Anabolism,Nutrient Sensing & TOR/Insulin Signaling,Insulin & Growth Signaling Pathway Regulators,LOC126282035,vascular endothelial growth factor receptor kdr-like,vascular endothelial growth factor receptor kdr-like,protein_coding,NC_064926.1,Chromosome7,assembled-molecule,7,Chromosome,Nuclear chromosome,infection_diet50,Diet 50: infected vs control,Within-diet infection response,50,2,1,Infected diet 50,Control diet 50,Diet 50 log2FC,Diet 50 padj,TRUE,Placed/host-assigned,9389.919716116774,1.215469799006107,0.38479384198940875,3.1587558489035334,0.00158444166559527,0.01204505016401301,TRUE,1.215469799006107,Upregulated,Infected diet 50,TRUE,,,N.S.
Protein-Anabolism,Nutrient Sensing & TOR/Insulin Signaling,Insulin & Growth Signaling Pathway Regulators,LOC126282035,vascular endothelial growth factor receptor kdr-like,vascular endothelial growth factor receptor kdr-like,protein_coding,NC_064926.1,Chromosome7,assembled-molecule,7,Chromosome,Nuclear chromosome,infection_diet83,Diet 83: infected vs control,Within-diet infection response,83,3,1,Infected diet 83,Control diet 83,Diet 83 log2FC,Diet 83 padj,TRUE,Placed/host-assigned,9389.919716116774,1.2413155227999668,0.4062051620435723,3.055883181186198,0.00224398666253998,0.02508733128994185,TRUE,1.2413155227999668,Upregulated,Infected diet 83,TRUE,,,N.S.
Protein-Anabolism,Nutrient Sensing & TOR/Insulin Signaling,Insulin & Growth Signaling Pathway Regulators,LOC126291785,insulin receptor related protein,insulin receptor-related protein-like,protein_coding,NC_064928.1,Chromosome9,assembled-molecule,9,Chromosome,Nuclear chromosome,control_diet33_vs50,Control: diet 50 vs 33,Diet comparison among controls,"50
vs
33",1,-1,Control diet 50,Control diet 33,cont33 vs cont50_log2FC,cont33 vs cont50_padj,FALSE,Placed/host-assigned,518.3669526614613,0.5926528427362161,0.6560667028837517,0.9033423585303156,0.3663442219885566,1,FALSE,-0.5926528427362161,N.S.,Not significant,TRUE,,,N.S.
Protein-Anabolism,Nutrient Sensing & TOR/Insulin Signaling,Insulin & Growth Signaling Pathway Regulators,LOC126291785,insulin receptor related protein,insulin receptor-related protein-like,protein_coding,NC_064928.1,Chromosome9,assembled-molecule,9,Chromosome,Nuclear chromosome,control_diet83_vs33,Control: diet 83 vs 33,Diet comparison among controls,"83
vs
33",2,1,Control diet 83,Control diet 33,cont83 vs cont33_log2FC,cont83 vs cont33_padj,FALSE,Placed/host-assigned,518.3669526614613,0.04211046203395469,0.6302984533470569,0.06681035279451605,0.946732681488202,0.9999697606274288,FALSE,0.04211046203395469,N.S.,Not significant,TRUE,,,N.S.
Protein-Anabolism,Nutrient Sensing & TOR/Insulin Signaling,Insulin & Growth Signaling Pathway Regulators,LOC126291785,insulin receptor related protein,insulin receptor-related protein-like,protein_coding,NC_064928.1,Chromosome9,assembled-molecule,9,Chromosome,Nuclear chromosome,control_diet83_vs50,Control: diet 83 vs 50,Diet comparison among controls,"83
vs
50",3,1,Control diet 83,Control diet 50,cont83 vs cont50_log2FC,cont83 vs cont50_padj,FALSE,Placed/host-assigned,518.3669526614613,0.6347633047701707,0.6561100670408401,0.9674646628012482,0.3333117982804316,0.9989643578317658,FALSE,0.6347633047701707,N.S.,Not significant,TRUE,,,N.S.
Protein-Anabolism,Nutrient Sensing & TOR/Insulin Signaling,Insulin & Growth Signaling Pathway Regulators,LOC126291785,insulin receptor related protein,insulin receptor-related protein-like,protein_coding,NC_064928.1,Chromosome9,assembled-molecule,9,Chromosome,Nuclear chromosome,infected_diet33_vs50,Infected: diet 50 vs 33,Diet comparison among infected,"50
vs
33",1,-1,Infected diet 50,Infected diet 33,inf33 vs inf50_log2FC,inf33 vs inf50_padj,TRUE,Placed/host-assigned,518.3669526614613,0.31283966028976307,0.5568618063149605,0.5617904778925011,0.5742587805196491,0.9485641240040412,FALSE,-0.31283966028976307,N.S.,Not significant,TRUE,,,N.S.
Protein-Anabolism,Nutrient Sensing & TOR/Insulin Signaling,Insulin & Growth Signaling Pathway Regulators,LOC126291785,insulin receptor related protein,insulin receptor-related protein-like,protein_coding,NC_064928.1,Chromosome9,assembled-molecule,9,Chromosome,Nuclear chromosome,infected_diet83_vs33,Infected: diet 83 vs 33,Diet comparison among infected,"83
vs
33",2,1,Infected diet 83,Infected diet 33,inf83 vs inf33_log2FC,inf83 vs inf33_padj,TRUE,Placed/host-assigned,518.3669526614613,0.4167184850939932,0.6222275547534625,0.6697203971609782,0.5030360465021404,0.8566484829577629,FALSE,0.4167184850939932,N.S.,Not significant,TRUE,,,N.S.
Protein-Anabolism,Nutrient Sensing & TOR/Insulin Signaling,Insulin & Growth Signaling Pathway Regulators,LOC126291785,insulin receptor related protein,insulin receptor-related protein-like,protein_coding,NC_064928.1,Chromosome9,assembled-molecule,9,Chromosome,Nuclear chromosome,infected_diet83_vs50,Infected: diet 83 vs 50,Diet comparison among infected,"83
vs
50",3,1,Infected diet 83,Infected diet 50,inf83 vs inf50_log2FC,inf83 vs inf50_padj,TRUE,Placed/host-assigned,518.3669526614613,0.7295581453837563,0.6227026221351871,1.1715996038079493,0.2413578472185879,0.7689216347465118,FALSE,0.7295581453837563,N.S.,Not significant,TRUE,,,N.S.
Protein-Anabolism,Nutrient Sensing & TOR/Insulin Signaling,Insulin & Growth Signaling Pathway Regulators,LOC126291785,insulin receptor related protein,insulin receptor-related protein-like,protein_coding,NC_064928.1,Chromosome9,assembled-molecule,9,Chromosome,Nuclear chromosome,infection_diet33,Diet 33: infected vs control,Within-diet infection response,33,1,1,Infected diet 33,Control diet 33,Diet 33 log2FC,Diet 33 padj,TRUE,Placed/host-assigned,518.3669526614613,-1.1704197939140697,0.5944421268992086,-1.968938170683387,0.04896019159204503,0.1719419921082109,FALSE,-1.1704197939140697,N.S.,Not significant,TRUE,,,N.S.
Protein-Anabolism,Nutrient Sensing & TOR/Insulin Signaling,Insulin & Growth Signaling Pathway Regulators,LOC126291785,insulin receptor related protein,insulin receptor-related protein-like,protein_coding,NC_064928.1,Chromosome9,assembled-molecule,9,Chromosome,Nuclear chromosome,infection_diet50,Diet 50: infected vs control,Within-diet infection response,50,2,1,Infected diet 50,Control diet 50,Diet 50 log2FC,Diet 50 padj,TRUE,Placed/host-assigned,518.3669526614613,-0.8906066114676168,0.622219533390477,-1.431338239438896,0.1523332995654166,0.28294084182506396,FALSE,-0.8906066114676168,N.S.,Not significant,TRUE,,,N.S.
Protein-Anabolism,Nutrient Sensing & TOR/Insulin Signaling,Insulin & Growth Signaling Pathway Regulators,LOC126291785,insulin receptor related protein,insulin receptor-related protein-like,protein_coding,NC_064928.1,Chromosome9,assembled-molecule,9,Chromosome,Nuclear chromosome,infection_diet83,Diet 83: infected vs control,Within-diet infection response,83,3,1,Infected diet 83,Control diet 83,Diet 83 log2FC,Diet 83 padj,TRUE,Placed/host-assigned,518.3669526614613,-0.7958117708540312,0.6565682203348792,-1.2120778103578205,0.2254825968513532,0.4499093537894219,FALSE,-0.7958117708540312,N.S.,Not significant,TRUE,,,N.S.
Protein-Anabolism,Nutrient Sensing & TOR/Insulin Signaling,Insulin & Growth Signaling Pathway Regulators,LOC126320564,epidermal growth factor receptor substrate 15 homolog,epidermal growth factor receptor substrate 15 homolog,protein_coding,NW_026062105.1,ptg000728l,unplaced-scaffold,na,na,Unplaced scaffold,control_diet33_vs50,Control: diet 50 vs 33,Diet comparison among controls,"50
vs
33",1,-1,Control diet 50,Control diet 33,cont33 vs cont50_log2FC,cont33 vs cont50_padj,FALSE,Unplaced scaffold,34.57863475075769,-2.5201811738345063,2.331614435422564,-1.080873893876784,0.2797532127522997,0.44644723317239354,FALSE,2.5201811738345063,N.S.,Not significant,FALSE,,,N.S.
Protein-Anabolism,Nutrient Sensing & TOR/Insulin Signaling,Insulin & Growth Signaling Pathway Regulators,LOC126320564,epidermal growth factor receptor substrate 15 homolog,epidermal growth factor receptor substrate 15 homolog,protein_coding,NW_026062105.1,ptg000728l,unplaced-scaffold,na,na,Unplaced scaffold,control_diet83_vs33,Control: diet 83 vs 33,Diet comparison among controls,"83
vs
33",2,1,Control diet 83,Control diet 33,cont83 vs cont33_log2FC,cont83 vs cont33_padj,FALSE,Unplaced scaffold,34.57863475075769,0.474695904355131,2.244163334611408,0.21152466802837583,0.832477885351434,0.9930597908525568,FALSE,0.474695904355131,N.S.,Not significant,FALSE,,,N.S.
Protein-Anabolism,Nutrient Sensing & TOR/Insulin Signaling,Insulin & Growth Signaling Pathway Regulators,LOC126320564,epidermal growth factor receptor substrate 15 homolog,epidermal growth factor receptor substrate 15 homolog,protein_coding,NW_026062105.1,ptg000728l,unplaced-scaffold,na,na,Unplaced scaffold,control_diet83_vs50,Control: diet 83 vs 50,Diet comparison among controls,"83
vs
50",3,1,Control diet 83,Control diet 50,cont83 vs cont50_log2FC,cont83 vs cont50_padj,FALSE,Unplaced scaffold,34.57863475075769,-2.0454852694793755,2.330873046215894,-0.8775618529718562,0.3801815385796806,0.41978378218173074,FALSE,-2.0454852694793755,N.S.,Not significant,FALSE,,,N.S.
Protein-Anabolism,Nutrient Sensing & TOR/Insulin Signaling,Insulin & Growth Signaling Pathway Regulators,LOC126320564,epidermal growth factor receptor substrate 15 homolog,epidermal growth factor receptor substrate 15 homolog,protein_coding,NW_026062105.1,ptg000728l,unplaced-scaffold,na,na,Unplaced scaffold,infected_diet33_vs50,Infected: diet 50 vs 33,Diet comparison among infected,"50
vs
33",1,-1,Infected diet 50,Infected diet 33,inf33 vs inf50_log2FC,inf33 vs inf50_padj,TRUE,Unplaced scaffold,34.57863475075769,-5.039897427198641,1.9965410230694995,-2.5243144863861895,0.01159241718312039,0.01923422160498556,TRUE,5.039897427198641,Upregulated,Infected diet 50,FALSE,,,N.S.
Protein-Anabolism,Nutrient Sensing & TOR/Insulin Signaling,Insulin & Growth Signaling Pathway Regulators,LOC126320564,epidermal growth factor receptor substrate 15 homolog,epidermal growth factor receptor substrate 15 homolog,protein_coding,NW_026062105.1,ptg000728l,unplaced-scaffold,na,na,Unplaced scaffold,infected_diet83_vs33,Infected: diet 83 vs 33,Diet comparison among infected,"83
vs
33",2,1,Infected diet 83,Infected diet 33,inf83 vs inf33_log2FC,inf83 vs inf33_padj,TRUE,Unplaced scaffold,34.57863475075769,4.132346400467396,2.228707239532743,1.8541450071000616,0.0637184171992331,0.12590781643532672,FALSE,4.132346400467396,N.S.,Not significant,FALSE,,,N.S.
Protein-Anabolism,Nutrient Sensing & TOR/Insulin Signaling,Insulin & Growth Signaling Pathway Regulators,LOC126320564,epidermal growth factor receptor substrate 15 homolog,epidermal growth factor receptor substrate 15 homolog,protein_coding,NW_026062105.1,ptg000728l,unplaced-scaffold,na,na,Unplaced scaffold,infected_diet83_vs50,Infected: diet 83 vs 50,Diet comparison among infected,"83
vs
50",3,1,Infected diet 83,Infected diet 50,inf83 vs inf50_log2FC,inf83 vs inf50_padj,TRUE,Unplaced scaffold,34.57863475075769,-0.9075510267312442,2.207785992802191,-0.4110683869224807,0.6810223898574195,0.8410735678958844,FALSE,-0.9075510267312442,N.S.,Not significant,FALSE,,,N.S.
Protein-Anabolism,Nutrient Sensing & TOR/Insulin Signaling,Insulin & Growth Signaling Pathway Regulators,LOC126320564,epidermal growth factor receptor substrate 15 homolog,epidermal growth factor receptor substrate 15 homolog,protein_coding,NW_026062105.1,ptg000728l,unplaced-scaffold,na,na,Unplaced scaffold,infection_diet33,Diet 33: infected vs control,Within-diet infection response,33,1,1,Infected diet 33,Control diet 33,Diet 33 log2FC,Diet 33 padj,TRUE,Unplaced scaffold,34.57863475075769,-2.6682054084930455,2.13526565286861,-1.24958943862955,0.2114495631380054,0.2458545007418152,FALSE,-2.6682054084930455,N.S.,Not significant,FALSE,,,N.S.
Protein-Anabolism,Nutrient Sensing & TOR/Insulin Signaling,Insulin & Growth Signaling Pathway Regulators,LOC126320564,epidermal growth factor receptor substrate 15 homolog,epidermal growth factor receptor substrate 15 homolog,protein_coding,NW_026062105.1,ptg000728l,unplaced-scaffold,na,na,Unplaced scaffold,infection_diet50,Diet 50: infected vs control,Within-diet infection response,50,2,1,Infected diet 50,Control diet 50,Diet 50 log2FC,Diet 50 padj,TRUE,Unplaced scaffold,34.57863475075769,-0.14848915512891114,2.205276065246679,-0.06733359032412178,0.9463161363462456,0.9812066485215398,FALSE,-0.14848915512891114,N.S.,Not significant,FALSE,,,N.S.
Protein-Anabolism,Nutrient Sensing & TOR/Insulin Signaling,Insulin & Growth Signaling Pathway Regulators,LOC126320564,epidermal growth factor receptor substrate 15 homolog,epidermal growth factor receptor substrate 15 homolog,protein_coding,NW_026062105.1,ptg000728l,unplaced-scaffold,na,na,Unplaced scaffold,infection_diet83,Diet 83: infected vs control,Within-diet infection response,83,3,1,Infected diet 83,Control diet 83,Diet 83 log2FC,Diet 83 padj,TRUE,Unplaced scaffold,34.57863475075769,0.98944508761922,2.3332478701671295,0.42406342689529447,0.6715195571040056,1,FALSE,0.98944508761922,N.S.,Not significant,FALSE,,,N.S.
Protein-Anabolism,Nutrient Sensing & TOR/Insulin Signaling,Insulin & Growth Signaling Pathway Regulators,LOC126320753,insulin degrading enzyme,insulin-degrading enzyme-like,protein_coding,NW_026062120.1,ptg000744l,unplaced-scaffold,na,na,Unplaced scaffold,control_diet33_vs50,Control: diet 50 vs 33,Diet comparison among controls,"50
vs
33",1,-1,Control diet 50,Control diet 33,cont33 vs cont50_log2FC,cont33 vs cont50_padj,FALSE,Unplaced scaffold,24.164633511062256,-2.5093042275412456,2.110180964482147,-1.1891417228081411,0.2343839024573686,0.44644723317239354,FALSE,2.5093042275412456,N.S.,Not significant,FALSE,,,N.S.
Protein-Anabolism,Nutrient Sensing & TOR/Insulin Signaling,Insulin & Growth Signaling Pathway Regulators,LOC126320753,insulin degrading enzyme,insulin-degrading enzyme-like,protein_coding,NW_026062120.1,ptg000744l,unplaced-scaffold,na,na,Unplaced scaffold,control_diet83_vs33,Control: diet 83 vs 33,Diet comparison among controls,"83
vs
33",2,1,Control diet 83,Control diet 33,cont83 vs cont33_log2FC,cont83 vs cont33_padj,FALSE,Unplaced scaffold,24.164633511062256,-0.9051828931749198,2.0372944602621175,-0.4443063635771431,0.6568211010579807,0.9930597908525568,FALSE,-0.9051828931749198,N.S.,Not significant,FALSE,,,N.S.
Protein-Anabolism,Nutrient Sensing & TOR/Insulin Signaling,Insulin & Growth Signaling Pathway Regulators,LOC126320753,insulin degrading enzyme,insulin-degrading enzyme-like,protein_coding,NW_026062120.1,ptg000744l,unplaced-scaffold,na,na,Unplaced scaffold,control_diet83_vs50,Control: diet 83 vs 50,Diet comparison among controls,"83
vs
50",3,1,Control diet 83,Control diet 50,cont83 vs cont50_log2FC,cont83 vs cont50_padj,FALSE,Unplaced scaffold,24.164633511062256,-3.4144871207161653,2.115580345133812,-1.6139718487033858,0.10653353262203769,0.26338736786134126,FALSE,-3.4144871207161653,N.S.,Not significant,FALSE,,,N.S.
Protein-Anabolism,Nutrient Sensing & TOR/Insulin Signaling,Insulin & Growth Signaling Pathway Regulators,LOC126320753,insulin degrading enzyme,insulin-degrading enzyme-like,protein_coding,NW_026062120.1,ptg000744l,unplaced-scaffold,na,na,Unplaced scaffold,infected_diet33_vs50,Infected: diet 50 vs 33,Diet comparison among infected,"50
vs
33",1,-1,Infected diet 50,Infected diet 33,inf33 vs inf50_log2FC,inf33 vs inf50_padj,TRUE,Unplaced scaffold,24.164633511062256,-6.874413783476801,1.9117438040731447,-3.5958865245595333,3.232887114238915e-4,0.00453477949267566,TRUE,6.874413783476801,Upregulated,Infected diet 50,FALSE,,,N.S.
Protein-Anabolism,Nutrient Sensing & TOR/Insulin Signaling,Insulin & Growth Signaling Pathway Regulators,LOC126320753,insulin degrading enzyme,insulin-degrading enzyme-like,protein_coding,NW_026062120.1,ptg000744l,unplaced-scaffold,na,na,Unplaced scaffold,infected_diet83_vs33,Infected: diet 83 vs 33,Diet comparison among infected,"83
vs
33",2,1,Infected diet 83,Infected diet 33,inf83 vs inf33_log2FC,inf83 vs inf33_padj,TRUE,Unplaced scaffold,24.164633511062256,5.478510115821713,2.118205675262812,2.586391954191124,0.00969865720724638,0.1051804905569766,FALSE,5.478510115821713,N.S.,Not significant,FALSE,,,N.S.
Protein-Anabolism,Nutrient Sensing & TOR/Insulin Signaling,Insulin & Growth Signaling Pathway Regulators,LOC126320753,insulin degrading enzyme,insulin-degrading enzyme-like,protein_coding,NW_026062120.1,ptg000744l,unplaced-scaffold,na,na,Unplaced scaffold,infected_diet83_vs50,Infected: diet 83 vs 50,Diet comparison among infected,"83
vs
50",3,1,Infected diet 83,Infected diet 50,inf83 vs inf50_log2FC,inf83 vs inf50_padj,TRUE,Unplaced scaffold,24.164633511062256,-1.395903667655087,2.0088310092203,-0.6948835722109289,0.4871282686008652,0.8410735678958844,FALSE,-1.395903667655087,N.S.,Not significant,FALSE,,,N.S.
Protein-Anabolism,Nutrient Sensing & TOR/Insulin Signaling,Insulin & Growth Signaling Pathway Regulators,LOC126320753,insulin degrading enzyme,insulin-degrading enzyme-like,protein_coding,NW_026062120.1,ptg000744l,unplaced-scaffold,na,na,Unplaced scaffold,infection_diet33,Diet 33: infected vs control,Within-diet infection response,33,1,1,Infected diet 33,Control diet 33,Diet 33 log2FC,Diet 33 padj,TRUE,Unplaced scaffold,24.164633511062256,-5.999005071430035,2.029028074655895,-2.9565904712518143,0.00311060960722381,0.02629841783116434,TRUE,-5.999005071430035,Downregulated,Control diet 33,FALSE,,,N.S.
Protein-Anabolism,Nutrient Sensing & TOR/Insulin Signaling,Insulin & Growth Signaling Pathway Regulators,LOC126320753,insulin degrading enzyme,insulin-degrading enzyme-like,protein_coding,NW_026062120.1,ptg000744l,unplaced-scaffold,na,na,Unplaced scaffold,infection_diet50,Diet 50: infected vs control,Within-diet infection response,50,2,1,Infected diet 50,Control diet 50,Diet 50 log2FC,Diet 50 padj,TRUE,Unplaced scaffold,24.164633511062256,-1.63389551549448,1.9976669260747788,-0.8179018705109794,0.4134132221747189,0.8147311843699152,FALSE,-1.63389551549448,N.S.,Not significant,FALSE,,,N.S.
Protein-Anabolism,Nutrient Sensing & TOR/Insulin Signaling,Insulin & Growth Signaling Pathway Regulators,LOC126320753,insulin degrading enzyme,insulin-degrading enzyme-like,protein_coding,NW_026062120.1,ptg000744l,unplaced-scaffold,na,na,Unplaced scaffold,infection_diet83,Diet 83: infected vs control,Within-diet infection response,83,3,1,Infected diet 83,Control diet 83,Diet 83 log2FC,Diet 83 padj,TRUE,Unplaced scaffold,24.164633511062256,0.38468793756659814,2.126125366197509,0.18093379801709308,0.8564195396703436,1,FALSE,0.38468793756659814,N.S.,Not significant,FALSE,,,N.S.
Protein-Anabolism,Nutrient Sensing & TOR/Insulin Signaling,Insulin & Growth Signaling Pathway Regulators,LOC126322939,glucose dependent insulinotropic receptor,glucose-dependent insulinotropic receptor-like,protein_coding,NC_064920.1,Chromosome1,assembled-molecule,1,Chromosome,Nuclear chromosome,control_diet33_vs50,Control: diet 50 vs 33,Diet comparison among controls,"50
vs
33",1,-1,Control diet 50,Control diet 33,cont33 vs cont50_log2FC,cont33 vs cont50_padj,FALSE,Placed/host-assigned,42.176444288554464,0.39732333989270985,0.6032019963020396,0.6586903596614744,0.5100946247872877,1,FALSE,-0.39732333989270985,N.S.,Not significant,TRUE,,,N.S.
Protein-Anabolism,Nutrient Sensing & TOR/Insulin Signaling,Insulin & Growth Signaling Pathway Regulators,LOC126322939,glucose dependent insulinotropic receptor,glucose-dependent insulinotropic receptor-like,protein_coding,NC_064920.1,Chromosome1,assembled-molecule,1,Chromosome,Nuclear chromosome,control_diet83_vs33,Control: diet 83 vs 33,Diet comparison among controls,"83
vs
33",2,1,Control diet 83,Control diet 33,cont83 vs cont33_log2FC,cont83 vs cont33_padj,FALSE,Placed/host-assigned,42.176444288554464,-0.3624296577765373,0.5832719670392484,-0.6213733528396185,0.5343540005996092,0.9999697606274288,FALSE,-0.3624296577765373,N.S.,Not significant,TRUE,,,N.S.
Protein-Anabolism,Nutrient Sensing & TOR/Insulin Signaling,Insulin & Growth Signaling Pathway Regulators,LOC126322939,glucose dependent insulinotropic receptor,glucose-dependent insulinotropic receptor-like,protein_coding,NC_064920.1,Chromosome1,assembled-molecule,1,Chromosome,Nuclear chromosome,control_diet83_vs50,Control: diet 83 vs 50,Diet comparison among controls,"83
vs
50",3,1,Control diet 83,Control diet 50,cont83 vs cont50_log2FC,cont83 vs cont50_padj,FALSE,Placed/host-assigned,42.176444288554464,0.03489368211617262,0.6077471856233367,0.05741479835959071,0.954214775061454,0.9997779790351212,FALSE,0.03489368211617262,N.S.,Not significant,TRUE,,,N.S.
Protein-Anabolism,Nutrient Sensing & TOR/Insulin Signaling,Insulin & Growth Signaling Pathway Regulators,LOC126322939,glucose dependent insulinotropic receptor,glucose-dependent insulinotropic receptor-like,protein_coding,NC_064920.1,Chromosome1,assembled-molecule,1,Chromosome,Nuclear chromosome,infected_diet33_vs50,Infected: diet 50 vs 33,Diet comparison among infected,"50
vs
33",1,-1,Infected diet 50,Infected diet 33,inf33 vs inf50_log2FC,inf33 vs inf50_padj,TRUE,Placed/host-assigned,42.176444288554464,-0.7089340784021395,0.5028996383830496,-1.4096929571903114,0.1586303652157172,0.7227177388803119,FALSE,0.7089340784021395,N.S.,Not significant,TRUE,,,N.S.
Protein-Anabolism,Nutrient Sensing & TOR/Insulin Signaling,Insulin & Growth Signaling Pathway Regulators,LOC126322939,glucose dependent insulinotropic receptor,glucose-dependent insulinotropic receptor-like,protein_coding,NC_064920.1,Chromosome1,assembled-molecule,1,Chromosome,Nuclear chromosome,infected_diet83_vs33,Infected: diet 83 vs 33,Diet comparison among infected,"83
vs
33",2,1,Infected diet 83,Infected diet 33,inf83 vs inf33_log2FC,inf83 vs inf33_padj,TRUE,Placed/host-assigned,42.176444288554464,0.02926504536035091,0.5666222364535564,0.0516482472405575,0.9588089748756116,0.9911009767361691,FALSE,0.02926504536035091,N.S.,Not significant,TRUE,,,N.S.
Protein-Anabolism,Nutrient Sensing & TOR/Insulin Signaling,Insulin & Growth Signaling Pathway Regulators,LOC126322939,glucose dependent insulinotropic receptor,glucose-dependent insulinotropic receptor-like,protein_coding,NC_064920.1,Chromosome1,assembled-molecule,1,Chromosome,Nuclear chromosome,infected_diet83_vs50,Infected: diet 83 vs 50,Diet comparison among infected,"83
vs
50",3,1,Infected diet 83,Infected diet 50,inf83 vs inf50_log2FC,inf83 vs inf50_padj,TRUE,Placed/host-assigned,42.176444288554464,-0.6796690330417885,0.5665551903815295,-1.1996519396178966,0.23027454561945365,0.7592196408046779,FALSE,-0.6796690330417885,N.S.,Not significant,TRUE,,,N.S.
Protein-Anabolism,Nutrient Sensing & TOR/Insulin Signaling,Insulin & Growth Signaling Pathway Regulators,LOC126322939,glucose dependent insulinotropic receptor,glucose-dependent insulinotropic receptor-like,protein_coding,NC_064920.1,Chromosome1,assembled-molecule,1,Chromosome,Nuclear chromosome,infection_diet33,Diet 33: infected vs control,Within-diet infection response,33,1,1,Infected diet 33,Control diet 33,Diet 33 log2FC,Diet 33 padj,TRUE,Placed/host-assigned,42.176444288554464,0.6868228369582456,0.5420729727742817,1.2670302181699762,0.20514448511371963,0.42435412401977346,FALSE,0.6868228369582456,N.S.,Not significant,TRUE,,,N.S.
Protein-Anabolism,Nutrient Sensing & TOR/Insulin Signaling,Insulin & Growth Signaling Pathway Regulators,LOC126322939,glucose dependent insulinotropic receptor,glucose-dependent insulinotropic receptor-like,protein_coding,NC_064920.1,Chromosome1,assembled-molecule,1,Chromosome,Nuclear chromosome,infection_diet50,Diet 50: infected vs control,Within-diet infection response,50,2,1,Infected diet 50,Control diet 50,Diet 50 log2FC,Diet 50 padj,TRUE,Placed/host-assigned,42.176444288554464,1.793080255253095,0.5682583803308322,3.15539606157535,0.00160280363282696,0.01213763322608939,TRUE,1.793080255253095,Upregulated,Infected diet 50,TRUE,,,N.S.
Protein-Anabolism,Nutrient Sensing & TOR/Insulin Signaling,Insulin & Growth Signaling Pathway Regulators,LOC126322939,glucose dependent insulinotropic receptor,glucose-dependent insulinotropic receptor-like,protein_coding,NC_064920.1,Chromosome1,assembled-molecule,1,Chromosome,Nuclear chromosome,infection_diet83,Diet 83: infected vs control,Within-diet infection response,83,3,1,Infected diet 83,Control diet 83,Diet 83 log2FC,Diet 83 padj,TRUE,Placed/host-assigned,42.176444288554464,1.078517540095134,0.6061549625014356,1.7792769288638457,0.07519437147756566,0.23624874560270295,FALSE,1.078517540095134,N.S.,Not significant,TRUE,,,N.S.
Protein-Anabolism,Nutrient Sensing & TOR/Insulin Signaling,Insulin & Growth Signaling Pathway Regulators,LOC126334930,insulin receptor substrate 1,insulin receptor substrate 1,protein_coding,NC_064921.1,Chromosome2,assembled-molecule,2,Chromosome,Nuclear chromosome,control_diet33_vs50,Control: diet 50 vs 33,Diet comparison among controls,"50
vs
33",1,-1,Control diet 50,Control diet 33,cont33 vs cont50_log2FC,cont33 vs cont50_padj,FALSE,Placed/host-assigned,3472.3796619109153,0.18150236458279992,0.28009304578612404,0.6480073936622943,0.5169801681916383,1,FALSE,-0.18150236458279992,N.S.,Not significant,TRUE,,,N.S.
Protein-Anabolism,Nutrient Sensing & TOR/Insulin Signaling,Insulin & Growth Signaling Pathway Regulators,LOC126334930,insulin receptor substrate 1,insulin receptor substrate 1,protein_coding,NC_064921.1,Chromosome2,assembled-molecule,2,Chromosome,Nuclear chromosome,control_diet83_vs33,Control: diet 83 vs 33,Diet comparison among controls,"83
vs
33",2,1,Control diet 83,Control diet 33,cont83 vs cont33_log2FC,cont83 vs cont33_padj,FALSE,Placed/host-assigned,3472.3796619109153,0.24627385973346463,0.2691214615438804,0.9151030108139836,0.36013755453107005,0.9999697606274288,FALSE,0.24627385973346463,N.S.,Not significant,TRUE,,,N.S.
Protein-Anabolism,Nutrient Sensing & TOR/Insulin Signaling,Insulin & Growth Signaling Pathway Regulators,LOC126334930,insulin receptor substrate 1,insulin receptor substrate 1,protein_coding,NC_064921.1,Chromosome2,assembled-molecule,2,Chromosome,Nuclear chromosome,control_diet83_vs50,Control: diet 83 vs 50,Diet comparison among controls,"83
vs
50",3,1,Control diet 83,Control diet 50,cont83 vs cont50_log2FC,cont83 vs cont50_padj,FALSE,Placed/host-assigned,3472.3796619109153,0.42777622431626455,0.2800920988461658,1.5272698732969645,0.12669391763637547,0.8953127154410848,FALSE,0.42777622431626455,N.S.,Not significant,TRUE,,,N.S.
Protein-Anabolism,Nutrient Sensing & TOR/Insulin Signaling,Insulin & Growth Signaling Pathway Regulators,LOC126334930,insulin receptor substrate 1,insulin receptor substrate 1,protein_coding,NC_064921.1,Chromosome2,assembled-molecule,2,Chromosome,Nuclear chromosome,infected_diet33_vs50,Infected: diet 50 vs 33,Diet comparison among infected,"50
vs
33",1,-1,Infected diet 50,Infected diet 33,inf33 vs inf50_log2FC,inf33 vs inf50_padj,TRUE,Placed/host-assigned,3472.3796619109153,-0.13782920306251145,0.2372470502547805,-0.5809522306578571,0.5612726490287121,0.9469424458228674,FALSE,0.13782920306251145,N.S.,Not significant,TRUE,,,N.S.
Protein-Anabolism,Nutrient Sensing & TOR/Insulin Signaling,Insulin & Growth Signaling Pathway Regulators,LOC126334930,insulin receptor substrate 1,insulin receptor substrate 1,protein_coding,NC_064921.1,Chromosome2,assembled-molecule,2,Chromosome,Nuclear chromosome,infected_diet83_vs33,Infected: diet 83 vs 33,Diet comparison among infected,"83
vs
33",2,1,Infected diet 83,Infected diet 33,inf83 vs inf33_log2FC,inf83 vs inf33_padj,TRUE,Placed/host-assigned,3472.3796619109153,0.19607653664101032,0.2652727990252746,0.7391505550568288,0.45981558128261835,0.8430177194577426,FALSE,0.19607653664101032,N.S.,Not significant,TRUE,,,N.S.
Protein-Anabolism,Nutrient Sensing & TOR/Insulin Signaling,Insulin & Growth Signaling Pathway Regulators,LOC126334930,insulin receptor substrate 1,insulin receptor substrate 1,protein_coding,NC_064921.1,Chromosome2,assembled-molecule,2,Chromosome,Nuclear chromosome,infected_diet83_vs50,Infected: diet 83 vs 50,Diet comparison among infected,"83
vs
50",3,1,Infected diet 83,Infected diet 50,inf83 vs inf50_log2FC,inf83 vs inf50_padj,TRUE,Placed/host-assigned,3472.3796619109153,0.05824733357849886,0.2653213208669546,0.21953506558829097,0.8262332676247341,0.9712733255927356,FALSE,0.05824733357849886,N.S.,Not significant,TRUE,,,N.S.
Protein-Anabolism,Nutrient Sensing & TOR/Insulin Signaling,Insulin & Growth Signaling Pathway Regulators,LOC126334930,insulin receptor substrate 1,insulin receptor substrate 1,protein_coding,NC_064921.1,Chromosome2,assembled-molecule,2,Chromosome,Nuclear chromosome,infection_diet33,Diet 33: infected vs control,Within-diet infection response,33,1,1,Infected diet 33,Control diet 33,Diet 33 log2FC,Diet 33 padj,TRUE,Placed/host-assigned,3472.3796619109153,0.5094505644756122,0.25366051030454506,2.0083952518425723,0.04460130706662705,0.1617556940209281,FALSE,0.5094505644756122,N.S.,Not significant,TRUE,,,N.S.
Protein-Anabolism,Nutrient Sensing & TOR/Insulin Signaling,Insulin & Growth Signaling Pathway Regulators,LOC126334930,insulin receptor substrate 1,insulin receptor substrate 1,protein_coding,NC_064921.1,Chromosome2,assembled-molecule,2,Chromosome,Nuclear chromosome,infection_diet50,Diet 50: infected vs control,Within-diet infection response,50,2,1,Infected diet 50,Control diet 50,Diet 50 log2FC,Diet 50 padj,TRUE,Placed/host-assigned,3472.3796619109153,0.8287821321209236,0.2653198497368411,3.1237094885397965,0.00178586686362254,0.01311739631845834,FALSE,0.8287821321209236,N.S.,Not significant,TRUE,,,N.S.
Protein-Anabolism,Nutrient Sensing & TOR/Insulin Signaling,Insulin & Growth Signaling Pathway Regulators,LOC126334930,insulin receptor substrate 1,insulin receptor substrate 1,protein_coding,NC_064921.1,Chromosome2,assembled-molecule,2,Chromosome,Nuclear chromosome,infection_diet83,Diet 83: infected vs control,Within-diet infection response,83,3,1,Infected diet 83,Control diet 83,Diet 83 log2FC,Diet 83 padj,TRUE,Placed/host-assigned,3472.3796619109153,0.4592532413831579,0.2800934923882664,1.6396426688362316,0.10107948579914217,0.28387426337708205,FALSE,0.4592532413831579,N.S.,Not significant,TRUE,,,N.S.
Protein-Anabolism,Nutrient Sensing & TOR/Insulin Signaling,Insulin & Growth Signaling Pathway Regulators,LOC126336578,vascular endothelial growth factor receptor 1-like,vascular endothelial growth factor receptor 1-like,protein_coding,NC_064921.1,Chromosome2,assembled-molecule,2,Chromosome,Nuclear chromosome,control_diet33_vs50,Control: diet 50 vs 33,Diet comparison among controls,"50
vs
33",1,-1,Control diet 50,Control diet 33,cont33 vs cont50_log2FC,cont33 vs cont50_padj,FALSE,Placed/host-assigned,5854.885818234629,-0.6698152996549886,0.7791768090128239,-0.8596448096339128,0.3899848662987223,1,FALSE,0.6698152996549886,N.S.,Not significant,TRUE,,,N.S.
Protein-Anabolism,Nutrient Sensing & TOR/Insulin Signaling,Insulin & Growth Signaling Pathway Regulators,LOC126336578,vascular endothelial growth factor receptor 1-like,vascular endothelial growth factor receptor 1-like,protein_coding,NC_064921.1,Chromosome2,assembled-molecule,2,Chromosome,Nuclear chromosome,control_diet83_vs33,Control: diet 83 vs 33,Diet comparison among controls,"83
vs
33",2,1,Control diet 83,Control diet 33,cont83 vs cont33_log2FC,cont83 vs cont33_padj,FALSE,Placed/host-assigned,5854.885818234629,1.194720075253359,0.7486351683520178,1.5958642149864737,0.11051911256029182,0.9999697606274288,FALSE,1.194720075253359,N.S.,Not significant,TRUE,,,N.S.
Protein-Anabolism,Nutrient Sensing & TOR/Insulin Signaling,Insulin & Growth Signaling Pathway Regulators,LOC126336578,vascular endothelial growth factor receptor 1-like,vascular endothelial growth factor receptor 1-like,protein_coding,NC_064921.1,Chromosome2,assembled-molecule,2,Chromosome,Nuclear chromosome,control_diet83_vs50,Control: diet 83 vs 50,Diet comparison among controls,"83
vs
50",3,1,Control diet 83,Control diet 50,cont83 vs cont50_log2FC,cont83 vs cont50_padj,FALSE,Placed/host-assigned,5854.885818234629,0.5249047755983708,0.7788865310656989,0.6739168732063942,0.5003641641046996,0.9989643578317658,FALSE,0.5249047755983708,N.S.,Not significant,TRUE,,,N.S.
Protein-Anabolism,Nutrient Sensing & TOR/Insulin Signaling,Insulin & Growth Signaling Pathway Regulators,LOC126336578,vascular endothelial growth factor receptor 1-like,vascular endothelial growth factor receptor 1-like,protein_coding,NC_064921.1,Chromosome2,assembled-molecule,2,Chromosome,Nuclear chromosome,infected_diet33_vs50,Infected: diet 50 vs 33,Diet comparison among infected,"50
vs
33",1,-1,Infected diet 50,Infected diet 33,inf33 vs inf50_log2FC,inf33 vs inf50_padj,TRUE,Placed/host-assigned,5854.885818234629,0.3063854126945599,0.6594361769595222,0.4646172342367055,0.6422055882085647,0.9558423303542204,FALSE,-0.3063854126945599,N.S.,Not significant,TRUE,,,N.S.
Protein-Anabolism,Nutrient Sensing & TOR/Insulin Signaling,Insulin & Growth Signaling Pathway Regulators,LOC126336578,vascular endothelial growth factor receptor 1-like,vascular endothelial growth factor receptor 1-like,protein_coding,NC_064921.1,Chromosome2,assembled-molecule,2,Chromosome,Nuclear chromosome,infected_diet83_vs33,Infected: diet 83 vs 33,Diet comparison among infected,"83
vs
33",2,1,Infected diet 83,Infected diet 33,inf83 vs inf33_log2FC,inf83 vs inf33_padj,TRUE,Placed/host-assigned,5854.885818234629,-0.8281137273746695,0.7372934606318134,-1.1231806215465805,0.261360791002977,0.7352395246396848,FALSE,-0.8281137273746695,N.S.,Not significant,TRUE,,,N.S.
Protein-Anabolism,Nutrient Sensing & TOR/Insulin Signaling,Insulin & Growth Signaling Pathway Regulators,LOC126336578,vascular endothelial growth factor receptor 1-like,vascular endothelial growth factor receptor 1-like,protein_coding,NC_064921.1,Chromosome2,assembled-molecule,2,Chromosome,Nuclear chromosome,infected_diet83_vs50,Infected: diet 83 vs 50,Diet comparison among infected,"83
vs
50",3,1,Infected diet 83,Infected diet 50,inf83 vs inf50_log2FC,inf83 vs inf50_padj,TRUE,Placed/host-assigned,5854.885818234629,-0.5217283146801096,0.7373046252440756,-0.7076156812489789,0.47918395209244746,0.884158331633256,FALSE,-0.5217283146801096,N.S.,Not significant,TRUE,,,N.S.
Protein-Anabolism,Nutrient Sensing & TOR/Insulin Signaling,Insulin & Growth Signaling Pathway Regulators,LOC126336578,vascular endothelial growth factor receptor 1-like,vascular endothelial growth factor receptor 1-like,protein_coding,NC_064921.1,Chromosome2,assembled-molecule,2,Chromosome,Nuclear chromosome,infection_diet33,Diet 33: infected vs control,Within-diet infection response,33,1,1,Infected diet 33,Control diet 33,Diet 33 log2FC,Diet 33 padj,TRUE,Placed/host-assigned,5854.885818234629,5.261235727500272,0.7056013374733716,7.456385706891922,8.892816699342269e-14,6.229652119381347e-11,TRUE,5.261235727500272,Upregulated,Infected diet 33,TRUE,,,N.S.
Protein-Anabolism,Nutrient Sensing & TOR/Insulin Signaling,Insulin & Growth Signaling Pathway Regulators,LOC126336578,vascular endothelial growth factor receptor 1-like,vascular endothelial growth factor receptor 1-like,protein_coding,NC_064921.1,Chromosome2,assembled-molecule,2,Chromosome,Nuclear chromosome,infection_diet50,Diet 50: infected vs control,Within-diet infection response,50,2,1,Infected diet 50,Control diet 50,Diet 50 log2FC,Diet 50 padj,TRUE,Placed/host-assigned,5854.885818234629,4.285035015150723,0.7376308858380226,5.809185999963239,6.277731480501454e-9,5.650758043467933e-7,TRUE,4.285035015150723,Upregulated,Infected diet 50,TRUE,,,N.S.
Protein-Anabolism,Nutrient Sensing & TOR/Insulin Signaling,Insulin & Growth Signaling Pathway Regulators,LOC126336578,vascular endothelial growth factor receptor 1-like,vascular endothelial growth factor receptor 1-like,protein_coding,NC_064921.1,Chromosome2,assembled-molecule,2,Chromosome,Nuclear chromosome,infection_diet83,Diet 83: infected vs control,Within-diet infection response,83,3,1,Infected diet 83,Control diet 83,Diet 83 log2FC,Diet 83 padj,TRUE,Placed/host-assigned,5854.885818234629,3.238401924872243,0.7785775587182555,4.159382567105464,3.19109033066455e-5,0.00118343850632674,TRUE,3.238401924872243,Upregulated,Infected diet 83,TRUE,,,N.S.
Protein-Anabolism,Nutrient Sensing & TOR/Insulin Signaling,TOR Pathway Regulators,LOC126317075,GATOR complex protein MIOS-like,GATOR complex protein MIOS-like,protein_coding,NW_026062009.1,ptg000621l,unplaced-scaffold,na,na,Unplaced scaffold,control_diet33_vs50,Control: diet 50 vs 33,Diet comparison among controls,"50
vs
33",1,-1,Control diet 50,Control diet 33,cont33 vs cont50_log2FC,cont33 vs cont50_padj,FALSE,Unplaced scaffold,4.2045679057202,-2.4832030185882417,2.3344430078963945,-1.0637239847743798,0.28745375577765436,0.44644723317239354,FALSE,2.4832030185882417,N.S.,Not significant,FALSE,,,N.S.
Protein-Anabolism,Nutrient Sensing & TOR/Insulin Signaling,TOR Pathway Regulators,LOC126317075,GATOR complex protein MIOS-like,GATOR complex protein MIOS-like,protein_coding,NW_026062009.1,ptg000621l,unplaced-scaffold,na,na,Unplaced scaffold,control_diet83_vs33,Control: diet 83 vs 33,Diet comparison among controls,"83
vs
33",2,1,Control diet 83,Control diet 33,cont83 vs cont33_log2FC,cont83 vs cont33_padj,FALSE,Unplaced scaffold,4.2045679057202,-0.9383670830301866,2.3063094661295276,-0.4068695449639566,0.6841038051166037,0.9930597908525568,FALSE,-0.9383670830301866,N.S.,Not significant,FALSE,,,N.S.
Protein-Anabolism,Nutrient Sensing & TOR/Insulin Signaling,TOR Pathway Regulators,LOC126317075,GATOR complex protein MIOS-like,GATOR complex protein MIOS-like,protein_coding,NW_026062009.1,ptg000621l,unplaced-scaffold,na,na,Unplaced scaffold,control_diet83_vs50,Control: diet 83 vs 50,Diet comparison among controls,"83
vs
50",3,1,Control diet 83,Control diet 50,cont83 vs cont50_log2FC,cont83 vs cont50_padj,FALSE,Unplaced scaffold,4.2045679057202,-3.421570101618428,2.368802087144721,-1.4444305500180812,0.14861790238784117,0.2649359243084672,FALSE,-3.421570101618428,N.S.,Not significant,FALSE,,,N.S.
Protein-Anabolism,Nutrient Sensing & TOR/Insulin Signaling,TOR Pathway Regulators,LOC126317075,GATOR complex protein MIOS-like,GATOR complex protein MIOS-like,protein_coding,NW_026062009.1,ptg000621l,unplaced-scaffold,na,na,Unplaced scaffold,infected_diet33_vs50,Infected: diet 50 vs 33,Diet comparison among infected,"50
vs
33",1,-1,Infected diet 50,Infected diet 33,inf33 vs inf50_log2FC,inf33 vs inf50_padj,TRUE,Unplaced scaffold,4.2045679057202,-5.627867232688196,2.074045637663163,-2.7134731900254327,0.00665819556348908,0.01386276042364351,TRUE,5.627867232688196,Upregulated,Infected diet 50,FALSE,,,N.S.
Protein-Anabolism,Nutrient Sensing & TOR/Insulin Signaling,TOR Pathway Regulators,LOC126317075,GATOR complex protein MIOS-like,GATOR complex protein MIOS-like,protein_coding,NW_026062009.1,ptg000621l,unplaced-scaffold,na,na,Unplaced scaffold,infected_diet83_vs33,Infected: diet 83 vs 33,Diet comparison among infected,"83
vs
33",2,1,Infected diet 83,Infected diet 33,inf83 vs inf33_log2FC,inf83 vs inf33_padj,TRUE,Unplaced scaffold,4.2045679057202,4.5383766208073295,2.315027143860586,1.960398880351373,0.0499491866287317,0.11924684780533798,FALSE,4.5383766208073295,N.S.,Not significant,FALSE,,,N.S.
Protein-Anabolism,Nutrient Sensing & TOR/Insulin Signaling,TOR Pathway Regulators,LOC126317075,GATOR complex protein MIOS-like,GATOR complex protein MIOS-like,protein_coding,NW_026062009.1,ptg000621l,unplaced-scaffold,na,na,Unplaced scaffold,infected_diet83_vs50,Infected: diet 83 vs 50,Diet comparison among infected,"83
vs
50",3,1,Infected diet 83,Infected diet 50,inf83 vs inf50_log2FC,inf83 vs inf50_padj,TRUE,Unplaced scaffold,4.2045679057202,-1.0894906118808665,2.222693781543267,-0.4901667611291053,0.6240158993556454,0.8410735678958844,FALSE,-1.0894906118808665,N.S.,Not significant,FALSE,,,N.S.
Protein-Anabolism,Nutrient Sensing & TOR/Insulin Signaling,TOR Pathway Regulators,LOC126317075,GATOR complex protein MIOS-like,GATOR complex protein MIOS-like,protein_coding,NW_026062009.1,ptg000621l,unplaced-scaffold,na,na,Unplaced scaffold,infection_diet33,Diet 33: infected vs control,Within-diet infection response,33,1,1,Infected diet 33,Control diet 33,Diet 33 log2FC,Diet 33 padj,TRUE,Unplaced scaffold,4.2045679057202,-3.822586659936652,2.222398762601306,-1.7200273525451093,0.0854274697192267,,FALSE,-3.822586659936652,N.S.,Not significant,FALSE,,,N.S.
Protein-Anabolism,Nutrient Sensing & TOR/Insulin Signaling,TOR Pathway Regulators,LOC126317075,GATOR complex protein MIOS-like,GATOR complex protein MIOS-like,protein_coding,NW_026062009.1,ptg000621l,unplaced-scaffold,na,na,Unplaced scaffold,infection_diet50,Diet 50: infected vs control,Within-diet infection response,50,2,1,Infected diet 50,Control diet 50,Diet 50 log2FC,Diet 50 padj,TRUE,Unplaced scaffold,4.2045679057202,-0.6779224458366984,2.1936802876021253,-0.3090342971435112,0.7572954375301533,0.8924324358872443,FALSE,-0.6779224458366984,N.S.,Not significant,FALSE,,,N.S.
Protein-Anabolism,Nutrient Sensing & TOR/Insulin Signaling,TOR Pathway Regulators,LOC126317075,GATOR complex protein MIOS-like,GATOR complex protein MIOS-like,protein_coding,NW_026062009.1,ptg000621l,unplaced-scaffold,na,na,Unplaced scaffold,infection_diet83,Diet 83: infected vs control,Within-diet infection response,83,3,1,Infected diet 83,Control diet 83,Diet 83 log2FC,Diet 83 padj,TRUE,Unplaced scaffold,4.2045679057202,1.6541570439008637,2.3956956756562695,0.6904704385909654,0.4898983937984353,1,FALSE,1.6541570439008637,N.S.,Not significant,FALSE,,,N.S.
Protein-Anabolism,Nutrient Sensing & TOR/Insulin Signaling,TOR Pathway Regulators,LOC126317525,rapamycin-insensitive companion of mTOR-like,rapamycin-insensitive companion of mTOR-like,protein_coding,NW_026062019.1,ptg000633l,unplaced-scaffold,na,na,Unplaced scaffold,control_diet33_vs50,Control: diet 50 vs 33,Diet comparison among controls,"50
vs
33",1,-1,Control diet 50,Control diet 33,cont33 vs cont50_log2FC,cont33 vs cont50_padj,FALSE,Unplaced scaffold,154.74442226935028,-0.14072916645715036,0.3719570207870577,-0.37834792352989793,0.7051721488001748,0.7284312001848883,FALSE,0.14072916645715036,N.S.,Not significant,FALSE,,,N.S.
Protein-Anabolism,Nutrient Sensing & TOR/Insulin Signaling,TOR Pathway Regulators,LOC126317525,rapamycin-insensitive companion of mTOR-like,rapamycin-insensitive companion of mTOR-like,protein_coding,NW_026062019.1,ptg000633l,unplaced-scaffold,na,na,Unplaced scaffold,control_diet83_vs33,Control: diet 83 vs 33,Diet comparison among controls,"83
vs
33",2,1,Control diet 83,Control diet 33,cont83 vs cont33_log2FC,cont83 vs cont33_padj,FALSE,Unplaced scaffold,154.74442226935028,-0.05172586213786469,0.35896940142690964,-0.14409546310146068,0.8854250872555187,0.9930597908525568,FALSE,-0.05172586213786469,N.S.,Not significant,FALSE,,,N.S.
Protein-Anabolism,Nutrient Sensing & TOR/Insulin Signaling,TOR Pathway Regulators,LOC126317525,rapamycin-insensitive companion of mTOR-like,rapamycin-insensitive companion of mTOR-like,protein_coding,NW_026062019.1,ptg000633l,unplaced-scaffold,na,na,Unplaced scaffold,control_diet83_vs50,Control: diet 83 vs 50,Diet comparison among controls,"83
vs
50",3,1,Control diet 83,Control diet 50,cont83 vs cont50_log2FC,cont83 vs cont50_padj,FALSE,Unplaced scaffold,154.74442226935028,-0.1924550285950151,0.3726736876750172,-0.5164170022189538,0.6055631934178856,0.6290245594577069,FALSE,-0.1924550285950151,N.S.,Not significant,FALSE,,,N.S.
Protein-Anabolism,Nutrient Sensing & TOR/Insulin Signaling,TOR Pathway Regulators,LOC126317525,rapamycin-insensitive companion of mTOR-like,rapamycin-insensitive companion of mTOR-like,protein_coding,NW_026062019.1,ptg000633l,unplaced-scaffold,na,na,Unplaced scaffold,infected_diet33_vs50,Infected: diet 50 vs 33,Diet comparison among infected,"50
vs
33",1,-1,Infected diet 50,Infected diet 33,inf33 vs inf50_log2FC,inf33 vs inf50_padj,TRUE,Unplaced scaffold,154.74442226935028,-0.03966906991224767,0.3150882672611792,-0.12589827687670027,0.8998124466769364,0.9053948426237496,FALSE,0.03966906991224767,N.S.,Not significant,FALSE,,,N.S.
Protein-Anabolism,Nutrient Sensing & TOR/Insulin Signaling,TOR Pathway Regulators,LOC126317525,rapamycin-insensitive companion of mTOR-like,rapamycin-insensitive companion of mTOR-like,protein_coding,NW_026062019.1,ptg000633l,unplaced-scaffold,na,na,Unplaced scaffold,infected_diet83_vs33,Infected: diet 83 vs 33,Diet comparison among infected,"83
vs
33",2,1,Infected diet 83,Infected diet 33,inf83 vs inf33_log2FC,inf83 vs inf33_padj,TRUE,Unplaced scaffold,154.74442226935028,0.01096714580504945,0.35302498655499776,0.03106620274126369,0.975216742957955,0.9794238902528556,FALSE,0.01096714580504945,N.S.,Not significant,FALSE,,,N.S.
Protein-Anabolism,Nutrient Sensing & TOR/Insulin Signaling,TOR Pathway Regulators,LOC126317525,rapamycin-insensitive companion of mTOR-like,rapamycin-insensitive companion of mTOR-like,protein_coding,NW_026062019.1,ptg000633l,unplaced-scaffold,na,na,Unplaced scaffold,infected_diet83_vs50,Infected: diet 83 vs 50,Diet comparison among infected,"83
vs
50",3,1,Infected diet 83,Infected diet 50,inf83 vs inf50_log2FC,inf83 vs inf50_padj,TRUE,Unplaced scaffold,154.74442226935028,-0.02870192410719822,0.35396221367151726,-0.08108753702685925,0.9353723370600634,0.9526556396664948,FALSE,-0.02870192410719822,N.S.,Not significant,FALSE,,,N.S.
Protein-Anabolism,Nutrient Sensing & TOR/Insulin Signaling,TOR Pathway Regulators,LOC126317525,rapamycin-insensitive companion of mTOR-like,rapamycin-insensitive companion of mTOR-like,protein_coding,NW_026062019.1,ptg000633l,unplaced-scaffold,na,na,Unplaced scaffold,infection_diet33,Diet 33: infected vs control,Within-diet infection response,33,1,1,Infected diet 33,Control diet 33,Diet 33 log2FC,Diet 33 padj,TRUE,Unplaced scaffold,154.74442226935028,0.376205038922229,0.3368555978300265,1.1168139741351657,0.2640738726430892,0.29730636189897086,FALSE,0.376205038922229,N.S.,Not significant,FALSE,,,N.S.
Protein-Anabolism,Nutrient Sensing & TOR/Insulin Signaling,TOR Pathway Regulators,LOC126317525,rapamycin-insensitive companion of mTOR-like,rapamycin-insensitive companion of mTOR-like,protein_coding,NW_026062019.1,ptg000633l,unplaced-scaffold,na,na,Unplaced scaffold,infection_diet50,Diet 50: infected vs control,Within-diet infection response,50,2,1,Infected diet 50,Control diet 50,Diet 50 log2FC,Diet 50 padj,TRUE,Unplaced scaffold,154.74442226935028,0.2751449423773263,0.35236479348682315,0.7808525353927434,0.4348892311334409,0.8147311843699152,FALSE,0.2751449423773263,N.S.,Not significant,FALSE,,,N.S.
Protein-Anabolism,Nutrient Sensing & TOR/Insulin Signaling,TOR Pathway Regulators,LOC126317525,rapamycin-insensitive companion of mTOR-like,rapamycin-insensitive companion of mTOR-like,protein_coding,NW_026062019.1,ptg000633l,unplaced-scaffold,na,na,Unplaced scaffold,infection_diet83,Diet 83: infected vs control,Within-diet infection response,83,3,1,Infected diet 83,Control diet 83,Diet 83 log2FC,Diet 83 padj,TRUE,Unplaced scaffold,154.74442226935028,0.4388980468651431,0.37418441777220707,1.1729458150027292,0.24081753539370415,1,FALSE,0.4388980468651431,N.S.,Not significant,FALSE,,,N.S.
Protein-Anabolism,Nutrient Sensing & TOR/Insulin Signaling,TOR Pathway Regulators,LOC126319879,protein raptor homolog,protein raptor homolog,protein_coding,NW_026062071.1,ptg000691l,unplaced-scaffold,na,na,Unplaced scaffold,control_diet33_vs50,Control: diet 50 vs 33,Diet comparison among controls,"50
vs
33",1,-1,Control diet 50,Control diet 33,cont33 vs cont50_log2FC,cont33 vs cont50_padj,FALSE,Unplaced scaffold,63.61058492563223,-2.8064018634562076,2.1906256004156255,-1.2810960772684077,0.20015992153093803,0.44644723317239354,FALSE,2.8064018634562076,N.S.,Not significant,FALSE,,,N.S.
Protein-Anabolism,Nutrient Sensing & TOR/Insulin Signaling,TOR Pathway Regulators,LOC126319879,protein raptor homolog,protein raptor homolog,protein_coding,NW_026062071.1,ptg000691l,unplaced-scaffold,na,na,Unplaced scaffold,control_diet83_vs33,Control: diet 83 vs 33,Diet comparison among controls,"83
vs
33",2,1,Control diet 83,Control diet 33,cont83 vs cont33_log2FC,cont83 vs cont33_padj,FALSE,Unplaced scaffold,63.61058492563223,-0.6042533128183296,2.108168451495962,-0.2866247772513386,0.7743996405895789,0.9930597908525568,FALSE,-0.6042533128183296,N.S.,Not significant,FALSE,,,N.S.
Protein-Anabolism,Nutrient Sensing & TOR/Insulin Signaling,TOR Pathway Regulators,LOC126319879,protein raptor homolog,protein raptor homolog,protein_coding,NW_026062071.1,ptg000691l,unplaced-scaffold,na,na,Unplaced scaffold,control_diet83_vs50,Control: diet 83 vs 50,Diet comparison among controls,"83
vs
50",3,1,Control diet 83,Control diet 50,cont83 vs cont50_log2FC,cont83 vs cont50_padj,FALSE,Unplaced scaffold,63.61058492563223,-3.410655176274537,2.1921481697478185,-1.5558506597968211,0.11974360838459888,0.26338736786134126,FALSE,-3.410655176274537,N.S.,Not significant,FALSE,,,N.S.
Protein-Anabolism,Nutrient Sensing & TOR/Insulin Signaling,TOR Pathway Regulators,LOC126319879,protein raptor homolog,protein raptor homolog,protein_coding,NW_026062071.1,ptg000691l,unplaced-scaffold,na,na,Unplaced scaffold,infected_diet33_vs50,Infected: diet 50 vs 33,Diet comparison among infected,"50
vs
33",1,-1,Infected diet 50,Infected diet 33,inf33 vs inf50_log2FC,inf33 vs inf50_padj,TRUE,Unplaced scaffold,63.61058492563223,-5.508048932163959,1.887953776934912,-2.917470225942852,0.00352883337249391,0.01039423677823122,TRUE,5.508048932163959,Upregulated,Infected diet 50,FALSE,,,N.S.
Protein-Anabolism,Nutrient Sensing & TOR/Insulin Signaling,TOR Pathway Regulators,LOC126319879,protein raptor homolog,protein raptor homolog,protein_coding,NW_026062071.1,ptg000691l,unplaced-scaffold,na,na,Unplaced scaffold,infected_diet83_vs33,Infected: diet 83 vs 33,Diet comparison among infected,"83
vs
33",2,1,Infected diet 83,Infected diet 33,inf83 vs inf33_log2FC,inf83 vs inf33_padj,TRUE,Unplaced scaffold,63.61058492563223,3.9525724157565167,2.1072923185657104,1.875664036229564,0.06070142722558747,0.12483473726251558,FALSE,3.9525724157565167,N.S.,Not significant,FALSE,,,N.S.
Protein-Anabolism,Nutrient Sensing & TOR/Insulin Signaling,TOR Pathway Regulators,LOC126319879,protein raptor homolog,protein raptor homolog,protein_coding,NW_026062071.1,ptg000691l,unplaced-scaffold,na,na,Unplaced scaffold,infected_diet83_vs50,Infected: diet 83 vs 50,Diet comparison among infected,"83
vs
50",3,1,Infected diet 83,Infected diet 50,inf83 vs inf50_log2FC,inf83 vs inf50_padj,TRUE,Unplaced scaffold,63.61058492563223,-1.5554765164074418,2.079319961105774,-0.7480698235495443,0.4544180426310422,0.8410735678958844,FALSE,-1.5554765164074418,N.S.,Not significant,FALSE,,,N.S.
Protein-Anabolism,Nutrient Sensing & TOR/Insulin Signaling,TOR Pathway Regulators,LOC126319879,protein raptor homolog,protein raptor homolog,protein_coding,NW_026062071.1,ptg000691l,unplaced-scaffold,na,na,Unplaced scaffold,infection_diet33,Diet 33: infected vs control,Within-diet infection response,33,1,1,Infected diet 33,Control diet 33,Diet 33 log2FC,Diet 33 padj,TRUE,Unplaced scaffold,63.61058492563223,-4.459170658905437,2.014842428333593,-2.213160987776828,0.02688654865255232,0.05963335749816863,FALSE,-4.459170658905437,N.S.,Not significant,FALSE,,,N.S.
Protein-Anabolism,Nutrient Sensing & TOR/Insulin Signaling,TOR Pathway Regulators,LOC126319879,protein raptor homolog,protein raptor homolog,protein_coding,NW_026062071.1,ptg000691l,unplaced-scaffold,na,na,Unplaced scaffold,infection_diet50,Diet 50: infected vs control,Within-diet infection response,50,2,1,Infected diet 50,Control diet 50,Diet 50 log2FC,Diet 50 padj,TRUE,Unplaced scaffold,63.61058492563223,-1.757523590197686,2.0745168049514344,-0.8471966030850401,0.3968855466092955,0.8147311843699152,FALSE,-1.757523590197686,N.S.,Not significant,FALSE,,,N.S.
Protein-Anabolism,Nutrient Sensing & TOR/Insulin Signaling,TOR Pathway Regulators,LOC126319879,protein raptor homolog,protein raptor homolog,protein_coding,NW_026062071.1,ptg000691l,unplaced-scaffold,na,na,Unplaced scaffold,infection_diet83,Diet 83: infected vs control,Within-diet infection response,83,3,1,Infected diet 83,Control diet 83,Diet 83 log2FC,Diet 83 padj,TRUE,Unplaced scaffold,63.61058492563223,0.09765506966940928,2.196694135458034,0.04445546974114681,0.9645413468579178,1,FALSE,0.09765506966940928,N.S.,Not significant,FALSE,,,N.S.
Protein-Anabolism,Nutrient Sensing & TOR/Insulin Signaling,TOR Pathway Regulators,LOC126325490,serine/threonine-protein kinase tor-like,serine/threonine-protein kinase tor-like,protein_coding,NW_026062282.1,ptg000925l,unplaced-scaffold,na,na,Unplaced scaffold,control_diet33_vs50,Control: diet 50 vs 33,Diet comparison among controls,"50
vs
33",1,-1,Control diet 50,Control diet 33,cont33 vs cont50_log2FC,cont33 vs cont50_padj,FALSE,Unplaced scaffold,28.451967151485334,-2.4531052203141868,2.253737139008327,-1.088461106601626,0.27639159755583337,0.44644723317239354,FALSE,2.4531052203141868,N.S.,Not significant,FALSE,,,N.S.
Protein-Anabolism,Nutrient Sensing & TOR/Insulin Signaling,TOR Pathway Regulators,LOC126325490,serine/threonine-protein kinase tor-like,serine/threonine-protein kinase tor-like,protein_coding,NW_026062282.1,ptg000925l,unplaced-scaffold,na,na,Unplaced scaffold,control_diet83_vs33,Control: diet 83 vs 33,Diet comparison among controls,"83
vs
33",2,1,Control diet 83,Control diet 33,cont83 vs cont33_log2FC,cont83 vs cont33_padj,FALSE,Unplaced scaffold,28.451967151485334,-1.4245845397312025,2.1770728898817717,-0.6543577600695611,0.5128813412600148,0.9930597908525568,FALSE,-1.4245845397312025,N.S.,Not significant,FALSE,,,N.S.
Protein-Anabolism,Nutrient Sensing & TOR/Insulin Signaling,TOR Pathway Regulators,LOC126325490,serine/threonine-protein kinase tor-like,serine/threonine-protein kinase tor-like,protein_coding,NW_026062282.1,ptg000925l,unplaced-scaffold,na,na,Unplaced scaffold,control_diet83_vs50,Control: diet 83 vs 50,Diet comparison among controls,"83
vs
50",3,1,Control diet 83,Control diet 50,cont83 vs cont50_log2FC,cont83 vs cont50_padj,FALSE,Unplaced scaffold,28.451967151485334,-3.8776897600453895,2.261672368004155,-1.7145232063242264,0.0864326788212095,0.26338736786134126,FALSE,-3.8776897600453895,N.S.,Not significant,FALSE,,,N.S.
Protein-Anabolism,Nutrient Sensing & TOR/Insulin Signaling,TOR Pathway Regulators,LOC126325490,serine/threonine-protein kinase tor-like,serine/threonine-protein kinase tor-like,protein_coding,NW_026062282.1,ptg000925l,unplaced-scaffold,na,na,Unplaced scaffold,infected_diet33_vs50,Infected: diet 50 vs 33,Diet comparison among infected,"50
vs
33",1,-1,Infected diet 50,Infected diet 33,inf33 vs inf50_log2FC,inf33 vs inf50_padj,TRUE,Unplaced scaffold,28.451967151485334,-5.612712672787657,1.9710418543116544,-2.8475867524121043,0.00440520858701674,0.01151411838995359,TRUE,5.612712672787657,Upregulated,Infected diet 50,FALSE,,,N.S.
Protein-Anabolism,Nutrient Sensing & TOR/Insulin Signaling,TOR Pathway Regulators,LOC126325490,serine/threonine-protein kinase tor-like,serine/threonine-protein kinase tor-like,protein_coding,NW_026062282.1,ptg000925l,unplaced-scaffold,na,na,Unplaced scaffold,infected_diet83_vs33,Infected: diet 83 vs 33,Diet comparison among infected,"83
vs
33",2,1,Infected diet 83,Infected diet 33,inf83 vs inf33_log2FC,inf83 vs inf33_padj,TRUE,Unplaced scaffold,28.451967151485334,4.443769982498233,2.1944375129839764,2.0250155022439595,0.04286577242864826,0.11531049583856334,FALSE,4.443769982498233,N.S.,Not significant,FALSE,,,N.S.
Protein-Anabolism,Nutrient Sensing & TOR/Insulin Signaling,TOR Pathway Regulators,LOC126325490,serine/threonine-protein kinase tor-like,serine/threonine-protein kinase tor-like,protein_coding,NW_026062282.1,ptg000925l,unplaced-scaffold,na,na,Unplaced scaffold,infected_diet83_vs50,Infected: diet 83 vs 50,Diet comparison among infected,"83
vs
50",3,1,Infected diet 83,Infected diet 50,inf83 vs inf50_log2FC,inf83 vs inf50_padj,TRUE,Unplaced scaffold,28.451967151485334,-1.1689426902894242,2.1400952159570776,-0.5462105992170345,0.5849211811419759,0.8410735678958844,FALSE,-1.1689426902894242,N.S.,Not significant,FALSE,,,N.S.
Protein-Anabolism,Nutrient Sensing & TOR/Insulin Signaling,TOR Pathway Regulators,LOC126325490,serine/threonine-protein kinase tor-like,serine/threonine-protein kinase tor-like,protein_coding,NW_026062282.1,ptg000925l,unplaced-scaffold,na,na,Unplaced scaffold,infection_diet33,Diet 33: infected vs control,Within-diet infection response,33,1,1,Infected diet 33,Control diet 33,Diet 33 log2FC,Diet 33 padj,TRUE,Unplaced scaffold,28.451967151485334,-4.511493466612079,2.100520175562156,-2.147798206891625,0.03172978953910926,0.06416255528150193,FALSE,-4.511493466612079,N.S.,Not significant,FALSE,,,N.S.
Protein-Anabolism,Nutrient Sensing & TOR/Insulin Signaling,TOR Pathway Regulators,LOC126325490,serine/threonine-protein kinase tor-like,serine/threonine-protein kinase tor-like,protein_coding,NW_026062282.1,ptg000925l,unplaced-scaffold,na,na,Unplaced scaffold,infection_diet50,Diet 50: infected vs control,Within-diet infection response,50,2,1,Infected diet 50,Control diet 50,Diet 50 log2FC,Diet 50 padj,TRUE,Unplaced scaffold,28.451967151485334,-1.3518860141386095,2.133577295354002,-0.6336241096502226,0.5263261626670315,0.8147311843699152,FALSE,-1.3518860141386095,N.S.,Not significant,FALSE,,,N.S.
Protein-Anabolism,Nutrient Sensing & TOR/Insulin Signaling,TOR Pathway Regulators,LOC126325490,serine/threonine-protein kinase tor-like,serine/threonine-protein kinase tor-like,protein_coding,NW_026062282.1,ptg000925l,unplaced-scaffold,na,na,Unplaced scaffold,infection_diet83,Diet 83: infected vs control,Within-diet infection response,83,3,1,Infected diet 83,Control diet 83,Diet 83 log2FC,Diet 83 padj,TRUE,Unplaced scaffold,28.451967151485334,1.3568610556173557,2.267822161966365,0.5983101666317872,0.5496329941839865,1,FALSE,1.3568610556173557,N.S.,Not significant,FALSE,,,N.S.
Protein-Anabolism,Nutrient Sensing & TOR/Insulin Signaling,TOR Pathway Regulators,LOC126334818,ribosomal protein S6 kinase alpha-5-like,ribosomal protein S6 kinase alpha-5-like,protein_coding,NC_064921.1,Chromosome2,assembled-molecule,2,Chromosome,Nuclear chromosome,control_diet33_vs50,Control: diet 50 vs 33,Diet comparison among controls,"50
vs
33",1,-1,Control diet 50,Control diet 33,cont33 vs cont50_log2FC,cont33 vs cont50_padj,FALSE,Placed/host-assigned,2930.4754143368964,-0.08422197624822256,0.34472574646183324,-0.24431588621579012,0.8069861807933282,1,FALSE,0.08422197624822256,N.S.,Not significant,TRUE,,,N.S.
Protein-Anabolism,Nutrient Sensing & TOR/Insulin Signaling,TOR Pathway Regulators,LOC126334818,ribosomal protein S6 kinase alpha-5-like,ribosomal protein S6 kinase alpha-5-like,protein_coding,NC_064921.1,Chromosome2,assembled-molecule,2,Chromosome,Nuclear chromosome,control_diet83_vs33,Control: diet 83 vs 33,Diet comparison among controls,"83
vs
33",2,1,Control diet 83,Control diet 33,cont83 vs cont33_log2FC,cont83 vs cont33_padj,FALSE,Placed/host-assigned,2930.4754143368964,0.6974369613640509,0.3311918445549998,2.105839780871265,0.03521827200286419,0.9822605818809276,FALSE,0.6974369613640509,N.S.,Not significant,TRUE,,,N.S.
Protein-Anabolism,Nutrient Sensing & TOR/Insulin Signaling,TOR Pathway Regulators,LOC126334818,ribosomal protein S6 kinase alpha-5-like,ribosomal protein S6 kinase alpha-5-like,protein_coding,NC_064921.1,Chromosome2,assembled-molecule,2,Chromosome,Nuclear chromosome,control_diet83_vs50,Control: diet 83 vs 50,Diet comparison among controls,"83
vs
50",3,1,Control diet 83,Control diet 50,cont83 vs cont50_log2FC,cont83 vs cont50_padj,FALSE,Placed/host-assigned,2930.4754143368964,0.6132149851158283,0.34460693314897567,1.7794621237371673,0.07516402928205508,0.7837013274467446,FALSE,0.6132149851158283,N.S.,Not significant,TRUE,,,N.S.
Protein-Anabolism,Nutrient Sensing & TOR/Insulin Signaling,TOR Pathway Regulators,LOC126334818,ribosomal protein S6 kinase alpha-5-like,ribosomal protein S6 kinase alpha-5-like,protein_coding,NC_064921.1,Chromosome2,assembled-molecule,2,Chromosome,Nuclear chromosome,infected_diet33_vs50,Infected: diet 50 vs 33,Diet comparison among infected,"50
vs
33",1,-1,Infected diet 50,Infected diet 33,inf33 vs inf50_log2FC,inf33 vs inf50_padj,TRUE,Placed/host-assigned,2930.4754143368964,-0.5353748934654026,0.29160043744685904,-1.835987964054302,0.06635943675217114,0.5410723822577987,FALSE,0.5353748934654026,N.S.,Not significant,TRUE,,,N.S.
Protein-Anabolism,Nutrient Sensing & TOR/Insulin Signaling,TOR Pathway Regulators,LOC126334818,ribosomal protein S6 kinase alpha-5-like,ribosomal protein S6 kinase alpha-5-like,protein_coding,NC_064921.1,Chromosome2,assembled-molecule,2,Chromosome,Nuclear chromosome,infected_diet83_vs33,Infected: diet 83 vs 33,Diet comparison among infected,"83
vs
33",2,1,Infected diet 83,Infected diet 33,inf83 vs inf33_log2FC,inf83 vs inf33_padj,TRUE,Placed/host-assigned,2930.4754143368964,0.3829195311021501,0.3260537568573101,1.174406131040919,0.2402323906791968,0.7213847720195643,FALSE,0.3829195311021501,N.S.,Not significant,TRUE,,,N.S.
Protein-Anabolism,Nutrient Sensing & TOR/Insulin Signaling,TOR Pathway Regulators,LOC126334818,ribosomal protein S6 kinase alpha-5-like,ribosomal protein S6 kinase alpha-5-like,protein_coding,NC_064921.1,Chromosome2,assembled-molecule,2,Chromosome,Nuclear chromosome,infected_diet83_vs50,Infected: diet 83 vs 50,Diet comparison among infected,"83
vs
50",3,1,Infected diet 83,Infected diet 50,inf83 vs inf50_log2FC,inf83 vs inf50_padj,TRUE,Placed/host-assigned,2930.4754143368964,-0.15245536236325255,0.3260649813407423,-0.4675612871286372,0.6400983547461481,0.9342515830752788,FALSE,-0.15245536236325255,N.S.,Not significant,TRUE,,,N.S.
Protein-Anabolism,Nutrient Sensing & TOR/Insulin Signaling,TOR Pathway Regulators,LOC126334818,ribosomal protein S6 kinase alpha-5-like,ribosomal protein S6 kinase alpha-5-like,protein_coding,NC_064921.1,Chromosome2,assembled-molecule,2,Chromosome,Nuclear chromosome,infection_diet33,Diet 33: infected vs control,Within-diet infection response,33,1,1,Infected diet 33,Control diet 33,Diet 33 log2FC,Diet 33 padj,TRUE,Placed/host-assigned,2930.4754143368964,1.7811932326479027,0.3120844719160948,5.707407426303427,1.1470997292022218e-8,1.5740100407919145e-6,TRUE,1.7811932326479027,Upregulated,Infected diet 33,TRUE,,,N.S.
Protein-Anabolism,Nutrient Sensing & TOR/Insulin Signaling,TOR Pathway Regulators,LOC126334818,ribosomal protein S6 kinase alpha-5-like,ribosomal protein S6 kinase alpha-5-like,protein_coding,NC_064921.1,Chromosome2,assembled-molecule,2,Chromosome,Nuclear chromosome,infection_diet50,Diet 50: infected vs control,Within-diet infection response,50,2,1,Infected diet 50,Control diet 50,Diet 50 log2FC,Diet 50 padj,TRUE,Placed/host-assigned,2930.4754143368964,2.2323461498650827,0.32629731500844433,6.841448112459372,7.839660095201058e-12,2.051668082692247e-9,TRUE,2.2323461498650827,Upregulated,Infected diet 50,TRUE,,,N.S.
Protein-Anabolism,Nutrient Sensing & TOR/Insulin Signaling,TOR Pathway Regulators,LOC126334818,ribosomal protein S6 kinase alpha-5-like,ribosomal protein S6 kinase alpha-5-like,protein_coding,NC_064921.1,Chromosome2,assembled-molecule,2,Chromosome,Nuclear chromosome,infection_diet83,Diet 83: infected vs control,Within-diet infection response,83,3,1,Infected diet 83,Control diet 83,Diet 83 log2FC,Diet 83 padj,TRUE,Placed/host-assigned,2930.4754143368964,1.466675802386002,0.3443869519150824,4.258801891970777,2.05525513417335e-5,8.43604816053847e-4,TRUE,1.466675802386002,Upregulated,Infected diet 83,TRUE,,,N.S.
Protein-Anabolism,Protein Synthesis & Translation,Cofactor & Heme Biosynthesis,LOC126297581,"5-aminolevulinate synthase, erythroid-specific, mitochondrial (heme synthesis)","5-aminolevulinate synthase, erythroid-specific, mitochondrial",protein_coding,NC_064931.1,ChromosomeX,assembled-molecule,X,Chromosome,Nuclear chromosome,control_diet33_vs50,Control: diet 50 vs 33,Diet comparison among controls,"50
vs
33",1,-1,Control diet 50,Control diet 33,cont33 vs cont50_log2FC,cont33 vs cont50_padj,FALSE,Placed/host-assigned,930.4138377255458,-0.25754040980666654,0.46586303016881186,-0.5528243134325195,0.5803837180645369,1,FALSE,0.25754040980666654,N.S.,Not significant,TRUE,,,N.S.
Protein-Anabolism,Protein Synthesis & Translation,Cofactor & Heme Biosynthesis,LOC126297581,"5-aminolevulinate synthase, erythroid-specific, mitochondrial (heme synthesis)","5-aminolevulinate synthase, erythroid-specific, mitochondrial",protein_coding,NC_064931.1,ChromosomeX,assembled-molecule,X,Chromosome,Nuclear chromosome,control_diet83_vs33,Control: diet 83 vs 33,Diet comparison among controls,"83
vs
33",2,1,Control diet 83,Control diet 33,cont83 vs cont33_log2FC,cont83 vs cont33_padj,FALSE,Placed/host-assigned,930.4138377255458,0.2722556905019395,0.44797251735061855,0.6077508774692327,0.5433527136103542,0.9999697606274288,FALSE,0.2722556905019395,N.S.,Not significant,TRUE,,,N.S.
Protein-Anabolism,Protein Synthesis & Translation,Cofactor & Heme Biosynthesis,LOC126297581,"5-aminolevulinate synthase, erythroid-specific, mitochondrial (heme synthesis)","5-aminolevulinate synthase, erythroid-specific, mitochondrial",protein_coding,NC_064931.1,ChromosomeX,assembled-molecule,X,Chromosome,Nuclear chromosome,control_diet83_vs50,Control: diet 83 vs 50,Diet comparison among controls,"83
vs
50",3,1,Control diet 83,Control diet 50,cont83 vs cont50_log2FC,cont83 vs cont50_padj,FALSE,Placed/host-assigned,930.4138377255458,0.01471528069527291,0.46583963842311593,0.03158872599395936,0.9748000342579328,0.9997779790351212,FALSE,0.01471528069527291,N.S.,Not significant,TRUE,,,N.S.
Protein-Anabolism,Protein Synthesis & Translation,Cofactor & Heme Biosynthesis,LOC126297581,"5-aminolevulinate synthase, erythroid-specific, mitochondrial (heme synthesis)","5-aminolevulinate synthase, erythroid-specific, mitochondrial",protein_coding,NC_064931.1,ChromosomeX,assembled-molecule,X,Chromosome,Nuclear chromosome,infected_diet33_vs50,Infected: diet 50 vs 33,Diet comparison among infected,"50
vs
33",1,-1,Infected diet 50,Infected diet 33,inf33 vs inf50_log2FC,inf33 vs inf50_padj,TRUE,Placed/host-assigned,930.4138377255458,-0.8838359591546965,0.393407360271112,-2.2466177514971033,0.0246644667049221,0.3281509458566717,FALSE,0.8838359591546965,N.S.,Not significant,TRUE,,,N.S.
Protein-Anabolism,Protein Synthesis & Translation,Cofactor & Heme Biosynthesis,LOC126297581,"5-aminolevulinate synthase, erythroid-specific, mitochondrial (heme synthesis)","5-aminolevulinate synthase, erythroid-specific, mitochondrial",protein_coding,NC_064931.1,ChromosomeX,assembled-molecule,X,Chromosome,Nuclear chromosome,infected_diet83_vs33,Infected: diet 83 vs 33,Diet comparison among infected,"83
vs
33",2,1,Infected diet 83,Infected diet 33,inf83 vs inf33_log2FC,inf83 vs inf33_padj,TRUE,Placed/host-assigned,930.4138377255458,-0.13721102010192912,0.4401694594778112,-0.3117231719454309,0.7552509161614789,0.9391253930633564,FALSE,-0.13721102010192912,N.S.,Not significant,TRUE,,,N.S.
Protein-Anabolism,Protein Synthesis & Translation,Cofactor & Heme Biosynthesis,LOC126297581,"5-aminolevulinate synthase, erythroid-specific, mitochondrial (heme synthesis)","5-aminolevulinate synthase, erythroid-specific, mitochondrial",protein_coding,NC_064931.1,ChromosomeX,assembled-molecule,X,Chromosome,Nuclear chromosome,infected_diet83_vs50,Infected: diet 83 vs 50,Diet comparison among infected,"83
vs
50",3,1,Infected diet 83,Infected diet 50,inf83 vs inf50_log2FC,inf83 vs inf50_padj,TRUE,Placed/host-assigned,930.4138377255458,-1.0210469792566257,0.4401453518871094,-2.31979498335929,0.02035197059635701,0.370329618084563,FALSE,-1.0210469792566257,N.S.,Not significant,TRUE,,,N.S.
Protein-Anabolism,Protein Synthesis & Translation,Cofactor & Heme Biosynthesis,LOC126297581,"5-aminolevulinate synthase, erythroid-specific, mitochondrial (heme synthesis)","5-aminolevulinate synthase, erythroid-specific, mitochondrial",protein_coding,NC_064931.1,ChromosomeX,assembled-molecule,X,Chromosome,Nuclear chromosome,infection_diet33,Diet 33: infected vs control,Within-diet infection response,33,1,1,Infected diet 33,Control diet 33,Diet 33 log2FC,Diet 33 padj,TRUE,Placed/host-assigned,930.4138377255458,1.973846767020902,0.4215991839638591,4.68180879398976,2.843546512778719e-6,1.4282114749088586e-4,TRUE,1.973846767020902,Upregulated,Infected diet 33,TRUE,,,N.S.
Protein-Anabolism,Protein Synthesis & Translation,Cofactor & Heme Biosynthesis,LOC126297581,"5-aminolevulinate synthase, erythroid-specific, mitochondrial (heme synthesis)","5-aminolevulinate synthase, erythroid-specific, mitochondrial",protein_coding,NC_064931.1,ChromosomeX,assembled-molecule,X,Chromosome,Nuclear chromosome,infection_diet50,Diet 50: infected vs control,Within-diet infection response,50,2,1,Infected diet 50,Control diet 50,Diet 50 log2FC,Diet 50 padj,TRUE,Placed/host-assigned,930.4138377255458,2.6001423163689323,0.4405131576633778,5.902530426471064,3.5796807159863812e-9,3.587804814065215e-7,TRUE,2.6001423163689323,Upregulated,Infected diet 50,TRUE,,,N.S.
Protein-Anabolism,Protein Synthesis & Translation,Cofactor & Heme Biosynthesis,LOC126297581,"5-aminolevulinate synthase, erythroid-specific, mitochondrial (heme synthesis)","5-aminolevulinate synthase, erythroid-specific, mitochondrial",protein_coding,NC_064931.1,ChromosomeX,assembled-molecule,X,Chromosome,Nuclear chromosome,infection_diet83,Diet 83: infected vs control,Within-diet infection response,83,3,1,Infected diet 83,Control diet 83,Diet 83 log2FC,Diet 83 padj,TRUE,Placed/host-assigned,930.4138377255458,1.5643800564170336,0.4654918446540679,3.3607034674895515,7.774424433046698e-4,0.01182626078795019,TRUE,1.5643800564170336,Upregulated,Infected diet 83,TRUE,,,N.S.
Protein-Anabolism,Protein Synthesis & Translation,Ribosomal Structural Proteins,LOC126278019,"39S ribosomal protein L14, mitochondrial","39S ribosomal protein L14, mitochondrial",protein_coding,NC_064925.1,Chromosome6,assembled-molecule,6,Chromosome,Nuclear chromosome,control_diet33_vs50,Control: diet 50 vs 33,Diet comparison among controls,"50
vs
33",1,-1,Control diet 50,Control diet 33,cont33 vs cont50_log2FC,cont33 vs cont50_padj,FALSE,Placed/host-assigned,68.78822488043154,-0.16858447985095903,0.1178984552771382,-1.429912541726485,0.15274212196362766,1,FALSE,0.16858447985095903,N.S.,Not significant,TRUE,,,N.S.
Protein-Anabolism,Protein Synthesis & Translation,Ribosomal Structural Proteins,LOC126278019,"39S ribosomal protein L14, mitochondrial","39S ribosomal protein L14, mitochondrial",protein_coding,NC_064925.1,Chromosome6,assembled-molecule,6,Chromosome,Nuclear chromosome,control_diet83_vs33,Control: diet 83 vs 33,Diet comparison among controls,"83
vs
33",2,1,Control diet 83,Control diet 33,cont83 vs cont33_log2FC,cont83 vs cont33_padj,FALSE,Placed/host-assigned,68.78822488043154,0.13032836013934593,0.11794594557952844,1.104983808463923,0.26916660513215573,0.9999697606274288,FALSE,0.13032836013934593,N.S.,Not significant,TRUE,,,N.S.
Protein-Anabolism,Protein Synthesis & Translation,Ribosomal Structural Proteins,LOC126278019,"39S ribosomal protein L14, mitochondrial","39S ribosomal protein L14, mitochondrial",protein_coding,NC_064925.1,Chromosome6,assembled-molecule,6,Chromosome,Nuclear chromosome,control_diet83_vs50,Control: diet 83 vs 50,Diet comparison among controls,"83
vs
50",3,1,Control diet 83,Control diet 50,cont83 vs cont50_log2FC,cont83 vs cont50_padj,FALSE,Placed/host-assigned,68.78822488043154,-0.03825611971161311,0.12082707891668903,-0.3166187584323786,0.751532900387452,0.9993806165316672,FALSE,-0.03825611971161311,N.S.,Not significant,TRUE,,,N.S.
Protein-Anabolism,Protein Synthesis & Translation,Ribosomal Structural Proteins,LOC126278019,"39S ribosomal protein L14, mitochondrial","39S ribosomal protein L14, mitochondrial",protein_coding,NC_064925.1,Chromosome6,assembled-molecule,6,Chromosome,Nuclear chromosome,infected_diet33_vs50,Infected: diet 50 vs 33,Diet comparison among infected,"50
vs
33",1,-1,Infected diet 50,Infected diet 33,inf33 vs inf50_log2FC,inf33 vs inf50_padj,TRUE,Placed/host-assigned,68.78822488043154,0.15601958086045117,0.11034701973028872,1.4138993625908134,0.15739145313545297,0.7220552176264752,FALSE,-0.15601958086045117,N.S.,Not significant,TRUE,,,N.S.
Protein-Anabolism,Protein Synthesis & Translation,Ribosomal Structural Proteins,LOC126278019,"39S ribosomal protein L14, mitochondrial","39S ribosomal protein L14, mitochondrial",protein_coding,NC_064925.1,Chromosome6,assembled-molecule,6,Chromosome,Nuclear chromosome,infected_diet83_vs33,Infected: diet 83 vs 33,Diet comparison among infected,"83
vs
33",2,1,Infected diet 83,Infected diet 33,inf83 vs inf33_log2FC,inf83 vs inf33_padj,TRUE,Placed/host-assigned,68.78822488043154,-0.16753713938587314,0.1317856288207366,-1.271285350952554,0.2036271518916075,0.6949480676740886,FALSE,-0.16753713938587314,N.S.,Not significant,TRUE,,,N.S.
Protein-Anabolism,Protein Synthesis & Translation,Ribosomal Structural Proteins,LOC126278019,"39S ribosomal protein L14, mitochondrial","39S ribosomal protein L14, mitochondrial",protein_coding,NC_064925.1,Chromosome6,assembled-molecule,6,Chromosome,Nuclear chromosome,infected_diet83_vs50,Infected: diet 83 vs 50,Diet comparison among infected,"83
vs
50",3,1,Infected diet 83,Infected diet 50,inf83 vs inf50_log2FC,inf83 vs inf50_padj,TRUE,Placed/host-assigned,68.78822488043154,-0.01151755852542199,0.13702524510576328,-0.08405428150507697,0.9330132740231832,0.9880743596625586,FALSE,-0.01151755852542199,N.S.,Not significant,TRUE,,,N.S.
Protein-Anabolism,Protein Synthesis & Translation,Ribosomal Structural Proteins,LOC126278019,"39S ribosomal protein L14, mitochondrial","39S ribosomal protein L14, mitochondrial",protein_coding,NC_064925.1,Chromosome6,assembled-molecule,6,Chromosome,Nuclear chromosome,infection_diet33,Diet 33: infected vs control,Within-diet infection response,33,1,1,Infected diet 33,Control diet 33,Diet 33 log2FC,Diet 33 padj,TRUE,Placed/host-assigned,68.78822488043154,-0.1362355707122893,0.10949910448625556,-1.244170638211838,0.2134367676369796,0.4350449276030932,FALSE,-0.1362355707122893,N.S.,Not significant,TRUE,,,N.S.
Protein-Anabolism,Protein Synthesis & Translation,Ribosomal Structural Proteins,LOC126278019,"39S ribosomal protein L14, mitochondrial","39S ribosomal protein L14, mitochondrial",protein_coding,NC_064925.1,Chromosome6,assembled-molecule,6,Chromosome,Nuclear chromosome,infection_diet50,Diet 50: infected vs control,Within-diet infection response,50,2,1,Infected diet 50,Control diet 50,Diet 50 log2FC,Diet 50 padj,TRUE,Placed/host-assigned,68.78822488043154,-0.4608396314236995,0.11868637932298792,-3.882835031723318,1.0324561697690058e-4,0.00167708857369834,FALSE,-0.4608396314236995,N.S.,Not significant,TRUE,,,N.S.
Protein-Anabolism,Protein Synthesis & Translation,Ribosomal Structural Proteins,LOC126278019,"39S ribosomal protein L14, mitochondrial","39S ribosomal protein L14, mitochondrial",protein_coding,NC_064925.1,Chromosome6,assembled-molecule,6,Chromosome,Nuclear chromosome,infection_diet83,Diet 83: infected vs control,Within-diet infection response,83,3,1,Infected diet 83,Control diet 83,Diet 83 log2FC,Diet 83 padj,TRUE,Placed/host-assigned,68.78822488043154,-0.4341010702375084,0.1388835633148651,-3.125647555955568,0.0017741403938137,0.02137438367039669,FALSE,-0.4341010702375084,N.S.,Not significant,TRUE,,,N.S.
Protein-Anabolism,Protein Synthesis & Translation,Ribosomal Structural Proteins,LOC126293382,"39S ribosomal protein L32, mitochondrial","39S ribosomal protein L32, mitochondrial",protein_coding,NC_064929.1,Chromosome10,assembled-molecule,10,Chromosome,Nuclear chromosome,control_diet33_vs50,Control: diet 50 vs 33,Diet comparison among controls,"50
vs
33",1,-1,Control diet 50,Control diet 33,cont33 vs cont50_log2FC,cont33 vs cont50_padj,FALSE,Placed/host-assigned,27.029625482561993,0.24681893295175955,0.2472429643447935,0.9982849607301963,0.31814119817488834,1,FALSE,-0.24681893295175955,N.S.,Not significant,TRUE,,,N.S.
Protein-Anabolism,Protein Synthesis & Translation,Ribosomal Structural Proteins,LOC126293382,"39S ribosomal protein L32, mitochondrial","39S ribosomal protein L32, mitochondrial",protein_coding,NC_064929.1,Chromosome10,assembled-molecule,10,Chromosome,Nuclear chromosome,control_diet83_vs33,Control: diet 83 vs 33,Diet comparison among controls,"83
vs
33",2,1,Control diet 83,Control diet 33,cont83 vs cont33_log2FC,cont83 vs cont33_padj,FALSE,Placed/host-assigned,27.029625482561993,-0.550159722546673,0.24749033013924657,-2.22295441699534,0.02621887381949342,0.8817616705797484,FALSE,-0.550159722546673,N.S.,Not significant,TRUE,,,N.S.
Protein-Anabolism,Protein Synthesis & Translation,Ribosomal Structural Proteins,LOC126293382,"39S ribosomal protein L32, mitochondrial","39S ribosomal protein L32, mitochondrial",protein_coding,NC_064929.1,Chromosome10,assembled-molecule,10,Chromosome,Nuclear chromosome,control_diet83_vs50,Control: diet 83 vs 50,Diet comparison among controls,"83
vs
50",3,1,Control diet 83,Control diet 50,cont83 vs cont50_log2FC,cont83 vs cont50_padj,FALSE,Placed/host-assigned,27.029625482561993,-0.30334078959491345,0.2579756332411568,-1.175850547525739,0.23965460322436916,0.9880316058231016,FALSE,-0.30334078959491345,N.S.,Not significant,TRUE,,,N.S.
Protein-Anabolism,Protein Synthesis & Translation,Ribosomal Structural Proteins,LOC126293382,"39S ribosomal protein L32, mitochondrial","39S ribosomal protein L32, mitochondrial",protein_coding,NC_064929.1,Chromosome10,assembled-molecule,10,Chromosome,Nuclear chromosome,infected_diet33_vs50,Infected: diet 50 vs 33,Diet comparison among infected,"50
vs
33",1,-1,Infected diet 50,Infected diet 33,inf33 vs inf50_log2FC,inf33 vs inf50_padj,TRUE,Placed/host-assigned,27.029625482561993,0.25942182050879836,0.2348439955052277,1.1046559651256809,0.2693086909213153,0.8179331446575211,FALSE,-0.25942182050879836,N.S.,Not significant,TRUE,,,N.S.
Protein-Anabolism,Protein Synthesis & Translation,Ribosomal Structural Proteins,LOC126293382,"39S ribosomal protein L32, mitochondrial","39S ribosomal protein L32, mitochondrial",protein_coding,NC_064929.1,Chromosome10,assembled-molecule,10,Chromosome,Nuclear chromosome,infected_diet83_vs33,Infected: diet 83 vs 33,Diet comparison among infected,"83
vs
33",2,1,Infected diet 83,Infected diet 33,inf83 vs inf33_log2FC,inf83 vs inf33_padj,TRUE,Placed/host-assigned,27.029625482561993,0.15244125974533604,0.26313782422904797,0.579320970643292,0.5623726181054534,0.8768409545774415,FALSE,0.15244125974533604,N.S.,Not significant,TRUE,,,N.S.
Protein-Anabolism,Protein Synthesis & Translation,Ribosomal Structural Proteins,LOC126293382,"39S ribosomal protein L32, mitochondrial","39S ribosomal protein L32, mitochondrial",protein_coding,NC_064929.1,Chromosome10,assembled-molecule,10,Chromosome,Nuclear chromosome,infected_diet83_vs50,Infected: diet 83 vs 50,Diet comparison among infected,"83
vs
50",3,1,Infected diet 83,Infected diet 50,inf83 vs inf50_log2FC,inf83 vs inf50_padj,TRUE,Placed/host-assigned,27.029625482561993,0.4118630802541344,0.2732914008351377,1.5070473457838132,0.131798521809247,0.6594453657777073,FALSE,0.4118630802541344,N.S.,Not significant,TRUE,,,N.S.
Protein-Anabolism,Protein Synthesis & Translation,Ribosomal Structural Proteins,LOC126293382,"39S ribosomal protein L32, mitochondrial","39S ribosomal protein L32, mitochondrial",protein_coding,NC_064929.1,Chromosome10,assembled-molecule,10,Chromosome,Nuclear chromosome,infection_diet33,Diet 33: infected vs control,Within-diet infection response,33,1,1,Infected diet 33,Control diet 33,Diet 33 log2FC,Diet 33 padj,TRUE,Placed/host-assigned,27.029625482561993,-0.7983716005965711,0.2297108471303468,-3.4755502866764676,5.098064028125183e-4,0.00803606019069807,FALSE,-0.7983716005965711,N.S.,Not significant,TRUE,,,N.S.
Protein-Anabolism,Protein Synthesis & Translation,Ribosomal Structural Proteins,LOC126293382,"39S ribosomal protein L32, mitochondrial","39S ribosomal protein L32, mitochondrial",protein_coding,NC_064929.1,Chromosome10,assembled-molecule,10,Chromosome,Nuclear chromosome,infection_diet50,Diet 50: infected vs control,Within-diet infection response,50,2,1,Infected diet 50,Control diet 50,Diet 50 log2FC,Diet 50 padj,TRUE,Placed/host-assigned,27.029625482561993,-0.81097448815361,0.25201926980593903,-3.2179066655422024,0.00129129829907254,0.01036853838778023,FALSE,-0.81097448815361,N.S.,Not significant,TRUE,,,N.S.
Protein-Anabolism,Protein Synthesis & Translation,Ribosomal Structural Proteins,LOC126293382,"39S ribosomal protein L32, mitochondrial","39S ribosomal protein L32, mitochondrial",protein_coding,NC_064929.1,Chromosome10,assembled-molecule,10,Chromosome,Nuclear chromosome,infection_diet83,Diet 83: infected vs control,Within-diet infection response,83,3,1,Infected diet 83,Control diet 83,Diet 83 log2FC,Diet 83 padj,TRUE,Placed/host-assigned,27.029625482561993,-0.09577061830456206,0.2787936598330189,-0.34351792060810515,0.7312088614513992,0.856694049911389,FALSE,-0.09577061830456206,N.S.,Not significant,TRUE,,,N.S.
Protein-Anabolism,Protein Synthesis & Translation,Ribosomal Structural Proteins,LOC126304702,60S ribosomal protein L34-like,60S ribosomal protein L34-like,protein_coding,NW_026061732.1,ptg000182l,unplaced-scaffold,na,na,Unplaced scaffold,control_diet33_vs50,Control: diet 50 vs 33,Diet comparison among controls,"50
vs
33",1,-1,Control diet 50,Control diet 33,cont33 vs cont50_log2FC,cont33 vs cont50_padj,FALSE,Unplaced scaffold,22.61276960248646,-2.285690555718173,2.095924590299161,-1.0905404546982895,0.2754751430619045,0.44644723317239354,FALSE,2.285690555718173,N.S.,Not significant,FALSE,,,N.S.
Protein-Anabolism,Protein Synthesis & Translation,Ribosomal Structural Proteins,LOC126304702,60S ribosomal protein L34-like,60S ribosomal protein L34-like,protein_coding,NW_026061732.1,ptg000182l,unplaced-scaffold,na,na,Unplaced scaffold,control_diet83_vs33,Control: diet 83 vs 33,Diet comparison among controls,"83
vs
33",2,1,Control diet 83,Control diet 33,cont83 vs cont33_log2FC,cont83 vs cont33_padj,FALSE,Unplaced scaffold,22.61276960248646,-1.6513624095411186,2.0270739583783564,-0.8146532605362835,0.41527081444977576,0.9930597908525568,FALSE,-1.6513624095411186,N.S.,Not significant,FALSE,,,N.S.
Protein-Anabolism,Protein Synthesis & Translation,Ribosomal Structural Proteins,LOC126304702,60S ribosomal protein L34-like,60S ribosomal protein L34-like,protein_coding,NW_026061732.1,ptg000182l,unplaced-scaffold,na,na,Unplaced scaffold,control_diet83_vs50,Control: diet 83 vs 50,Diet comparison among controls,"83
vs
50",3,1,Control diet 83,Control diet 50,cont83 vs cont50_log2FC,cont83 vs cont50_padj,FALSE,Unplaced scaffold,22.61276960248646,-3.937052965259291,2.1055754622697784,-1.8698227804265952,0.06150843182082238,0.26338736786134126,FALSE,-3.937052965259291,N.S.,Not significant,FALSE,,,N.S.
Protein-Anabolism,Protein Synthesis & Translation,Ribosomal Structural Proteins,LOC126304702,60S ribosomal protein L34-like,60S ribosomal protein L34-like,protein_coding,NW_026061732.1,ptg000182l,unplaced-scaffold,na,na,Unplaced scaffold,infected_diet33_vs50,Infected: diet 50 vs 33,Diet comparison among infected,"50
vs
33",1,-1,Infected diet 50,Infected diet 33,inf33 vs inf50_log2FC,inf33 vs inf50_padj,TRUE,Unplaced scaffold,22.61276960248646,-6.3904669337087325,1.9023736661850172,-3.359206998761736,7.816649267678232e-4,0.00654329188697581,TRUE,6.3904669337087325,Upregulated,Infected diet 50,FALSE,,,N.S.
Protein-Anabolism,Protein Synthesis & Translation,Ribosomal Structural Proteins,LOC126304702,60S ribosomal protein L34-like,60S ribosomal protein L34-like,protein_coding,NW_026061732.1,ptg000182l,unplaced-scaffold,na,na,Unplaced scaffold,infected_diet83_vs33,Infected: diet 83 vs 33,Diet comparison among infected,"83
vs
33",2,1,Infected diet 83,Infected diet 33,inf83 vs inf33_log2FC,inf83 vs inf33_padj,TRUE,Unplaced scaffold,22.61276960248646,3.752424488707408,2.1321788436189317,1.7599013797259355,0.07842452936217016,0.13444205033514883,FALSE,3.752424488707408,N.S.,Not significant,FALSE,,,N.S.
Protein-Anabolism,Protein Synthesis & Translation,Ribosomal Structural Proteins,LOC126304702,60S ribosomal protein L34-like,60S ribosomal protein L34-like,protein_coding,NW_026061732.1,ptg000182l,unplaced-scaffold,na,na,Unplaced scaffold,infected_diet83_vs50,Infected: diet 83 vs 50,Diet comparison among infected,"83
vs
50",3,1,Infected diet 83,Infected diet 50,inf83 vs inf50_log2FC,inf83 vs inf50_padj,TRUE,Unplaced scaffold,22.61276960248646,-2.6380424450013247,2.024647305526857,-1.3029639472514694,0.1925870703195663,0.8410735678958844,FALSE,-2.6380424450013247,N.S.,Not significant,FALSE,,,N.S.
Protein-Anabolism,Protein Synthesis & Translation,Ribosomal Structural Proteins,LOC126304702,60S ribosomal protein L34-like,60S ribosomal protein L34-like,protein_coding,NW_026061732.1,ptg000182l,unplaced-scaffold,na,na,Unplaced scaffold,infection_diet33,Diet 33: infected vs control,Within-diet infection response,33,1,1,Infected diet 33,Control diet 33,Diet 33 log2FC,Diet 33 padj,TRUE,Unplaced scaffold,22.61276960248646,-6.327116697520914,2.0167419478997606,-3.1372961246281346,0.00170513814599007,0.02031315610066397,TRUE,-6.327116697520914,Downregulated,Control diet 33,FALSE,,,N.S.
Protein-Anabolism,Protein Synthesis & Translation,Ribosomal Structural Proteins,LOC126304702,60S ribosomal protein L34-like,60S ribosomal protein L34-like,protein_coding,NW_026061732.1,ptg000182l,unplaced-scaffold,na,na,Unplaced scaffold,infection_diet50,Diet 50: infected vs control,Within-diet infection response,50,2,1,Infected diet 50,Control diet 50,Diet 50 log2FC,Diet 50 padj,TRUE,Unplaced scaffold,22.61276960248646,-2.222340319530354,1.986121187036785,-1.1189349038897265,0.2631679110635587,0.8147311843699152,FALSE,-2.222340319530354,N.S.,Not significant,FALSE,,,N.S.
Protein-Anabolism,Protein Synthesis & Translation,Ribosomal Structural Proteins,LOC126304702,60S ribosomal protein L34-like,60S ribosomal protein L34-like,protein_coding,NW_026061732.1,ptg000182l,unplaced-scaffold,na,na,Unplaced scaffold,infection_diet83,Diet 83: infected vs control,Within-diet infection response,83,3,1,Infected diet 83,Control diet 83,Diet 83 log2FC,Diet 83 padj,TRUE,Unplaced scaffold,22.61276960248646,-0.9233297992723872,2.141954100697151,-0.4310689005762855,0.6664182726484451,1,FALSE,-0.9233297992723872,N.S.,Not significant,FALSE,,,N.S.
Protein-Anabolism,Protein Synthesis & Translation,Ribosomal Structural Proteins,LOC126313321,60S ribosomal protein L8-like,60S ribosomal protein L8-like,protein_coding,NW_026061886.1,ptg000473l,unplaced-scaffold,na,na,Unplaced scaffold,control_diet33_vs50,Control: diet 50 vs 33,Diet comparison among controls,"50
vs
33",1,-1,Control diet 50,Control diet 33,cont33 vs cont50_log2FC,cont33 vs cont50_padj,FALSE,Unplaced scaffold,23.259839941126852,-2.484390565465993,2.2659304887911578,-1.0964107582979654,0.2728990579954435,0.44644723317239354,FALSE,2.484390565465993,N.S.,Not significant,FALSE,,,N.S.
Protein-Anabolism,Protein Synthesis & Translation,Ribosomal Structural Proteins,LOC126313321,60S ribosomal protein L8-like,60S ribosomal protein L8-like,protein_coding,NW_026061886.1,ptg000473l,unplaced-scaffold,na,na,Unplaced scaffold,control_diet83_vs33,Control: diet 83 vs 33,Diet comparison among controls,"83
vs
33",2,1,Control diet 83,Control diet 33,cont83 vs cont33_log2FC,cont83 vs cont33_padj,FALSE,Unplaced scaffold,23.259839941126852,-1.2112235906665094,2.186399792867024,-0.5539808385538827,0.5795919594177574,0.9930597908525568,FALSE,-1.2112235906665094,N.S.,Not significant,FALSE,,,N.S.
Protein-Anabolism,Protein Synthesis & Translation,Ribosomal Structural Proteins,LOC126313321,60S ribosomal protein L8-like,60S ribosomal protein L8-like,protein_coding,NW_026061886.1,ptg000473l,unplaced-scaffold,na,na,Unplaced scaffold,control_diet83_vs50,Control: diet 83 vs 50,Diet comparison among controls,"83
vs
50",3,1,Control diet 83,Control diet 50,cont83 vs cont50_log2FC,cont83 vs cont50_padj,FALSE,Unplaced scaffold,23.259839941126852,-3.695614156132502,2.27180656261859,-1.6267292369614272,0.10379461639491008,0.26338736786134126,FALSE,-3.695614156132502,N.S.,Not significant,FALSE,,,N.S.
Protein-Anabolism,Protein Synthesis & Translation,Ribosomal Structural Proteins,LOC126313321,60S ribosomal protein L8-like,60S ribosomal protein L8-like,protein_coding,NW_026061886.1,ptg000473l,unplaced-scaffold,na,na,Unplaced scaffold,infected_diet33_vs50,Infected: diet 50 vs 33,Diet comparison among infected,"50
vs
33",1,-1,Infected diet 50,Infected diet 33,inf33 vs inf50_log2FC,inf33 vs inf50_padj,TRUE,Unplaced scaffold,23.259839941126852,-5.373171205103796,2.034138502533336,-2.641497222736798,0.00825404838819079,0.01573825071756827,TRUE,5.373171205103796,Upregulated,Infected diet 50,FALSE,,,N.S.
Protein-Anabolism,Protein Synthesis & Translation,Ribosomal Structural Proteins,LOC126313321,60S ribosomal protein L8-like,60S ribosomal protein L8-like,protein_coding,NW_026061886.1,ptg000473l,unplaced-scaffold,na,na,Unplaced scaffold,infected_diet83_vs33,Infected: diet 83 vs 33,Diet comparison among infected,"83
vs
33",2,1,Infected diet 83,Infected diet 33,inf83 vs inf33_log2FC,inf83 vs inf33_padj,TRUE,Unplaced scaffold,23.259839941126852,3.638376494510688,2.2708547290622465,1.602205745681126,0.10911011993939704,0.15826065994948058,FALSE,3.638376494510688,N.S.,Not significant,FALSE,,,N.S.
Protein-Anabolism,Protein Synthesis & Translation,Ribosomal Structural Proteins,LOC126313321,60S ribosomal protein L8-like,60S ribosomal protein L8-like,protein_coding,NW_026061886.1,ptg000473l,unplaced-scaffold,na,na,Unplaced scaffold,infected_diet83_vs50,Infected: diet 83 vs 50,Diet comparison among infected,"83
vs
50",3,1,Infected diet 83,Infected diet 50,inf83 vs inf50_log2FC,inf83 vs inf50_padj,TRUE,Unplaced scaffold,23.259839941126852,-1.7347947105931083,2.1766309876500363,-0.7970091027997588,0.42544574468200175,0.8410735678958844,FALSE,-1.7347947105931083,N.S.,Not significant,FALSE,,,N.S.
Protein-Anabolism,Protein Synthesis & Translation,Ribosomal Structural Proteins,LOC126313321,60S ribosomal protein L8-like,60S ribosomal protein L8-like,protein_coding,NW_026061886.1,ptg000473l,unplaced-scaffold,na,na,Unplaced scaffold,infection_diet33,Diet 33: infected vs control,Within-diet infection response,33,1,1,Infected diet 33,Control diet 33,Diet 33 log2FC,Diet 33 padj,TRUE,Unplaced scaffold,23.259839941126852,-5.822467596093744,2.1575979894224924,-2.698587792831694,0.00696343681883659,0.0357465738646078,TRUE,-5.822467596093744,Downregulated,Control diet 33,FALSE,,,N.S.
Protein-Anabolism,Protein Synthesis & Translation,Ribosomal Structural Proteins,LOC126313321,60S ribosomal protein L8-like,60S ribosomal protein L8-like,protein_coding,NW_026061886.1,ptg000473l,unplaced-scaffold,na,na,Unplaced scaffold,infection_diet50,Diet 50: infected vs control,Within-diet infection response,50,2,1,Infected diet 50,Control diet 50,Diet 50 log2FC,Diet 50 padj,TRUE,Unplaced scaffold,23.259839941126852,-2.933686956455941,2.148704573356215,-1.365328204180999,0.17214991819103811,0.8147311843699152,FALSE,-2.933686956455941,N.S.,Not significant,FALSE,,,N.S.
Protein-Anabolism,Protein Synthesis & Translation,Ribosomal Structural Proteins,LOC126313321,60S ribosomal protein L8-like,60S ribosomal protein L8-like,protein_coding,NW_026061886.1,ptg000473l,unplaced-scaffold,na,na,Unplaced scaffold,infection_diet83,Diet 83: infected vs control,Within-diet infection response,83,3,1,Infected diet 83,Control diet 83,Diet 83 log2FC,Diet 83 padj,TRUE,Unplaced scaffold,23.259839941126852,-0.972867510916547,2.2982376227869374,-0.4233102361873302,0.6720689269145644,1,FALSE,-0.972867510916547,N.S.,Not significant,FALSE,,,N.S.
Protein-Anabolism,Protein Synthesis & Translation,Ribosomal Structural Proteins,LOC126313359,60S acidic ribosomal protein P0-like,60S acidic ribosomal protein P0-like,protein_coding,NW_026061886.1,ptg000473l,unplaced-scaffold,na,na,Unplaced scaffold,control_diet33_vs50,Control: diet 50 vs 33,Diet comparison among controls,"50
vs
33",1,-1,Control diet 50,Control diet 33,cont33 vs cont50_log2FC,cont33 vs cont50_padj,FALSE,Unplaced scaffold,29.974059293916913,-2.9057511748644904,2.097277107185145,-1.3854874803665964,0.16590345808840015,0.44644723317239354,FALSE,2.9057511748644904,N.S.,Not significant,FALSE,,,N.S.
Protein-Anabolism,Protein Synthesis & Translation,Ribosomal Structural Proteins,LOC126313359,60S acidic ribosomal protein P0-like,60S acidic ribosomal protein P0-like,protein_coding,NW_026061886.1,ptg000473l,unplaced-scaffold,na,na,Unplaced scaffold,control_diet83_vs33,Control: diet 83 vs 33,Diet comparison among controls,"83
vs
33",2,1,Control diet 83,Control diet 33,cont83 vs cont33_log2FC,cont83 vs cont33_padj,FALSE,Unplaced scaffold,29.974059293916913,-0.8881534250779943,2.0231519789778427,-0.4389949120514002,0.6606652229993701,0.9930597908525568,FALSE,-0.8881534250779943,N.S.,Not significant,FALSE,,,N.S.
Protein-Anabolism,Protein Synthesis & Translation,Ribosomal Structural Proteins,LOC126313359,60S acidic ribosomal protein P0-like,60S acidic ribosomal protein P0-like,protein_coding,NW_026061886.1,ptg000473l,unplaced-scaffold,na,na,Unplaced scaffold,control_diet83_vs50,Control: diet 83 vs 50,Diet comparison among controls,"83
vs
50",3,1,Control diet 83,Control diet 50,cont83 vs cont50_log2FC,cont83 vs cont50_padj,FALSE,Unplaced scaffold,29.974059293916913,-3.793904599942485,2.1016058802801725,-1.805240761620207,0.07103701496547891,0.26338736786134126,FALSE,-3.793904599942485,N.S.,Not significant,FALSE,,,N.S.
Protein-Anabolism,Protein Synthesis & Translation,Ribosomal Structural Proteins,LOC126313359,60S acidic ribosomal protein P0-like,60S acidic ribosomal protein P0-like,protein_coding,NW_026061886.1,ptg000473l,unplaced-scaffold,na,na,Unplaced scaffold,infected_diet33_vs50,Infected: diet 50 vs 33,Diet comparison among infected,"50
vs
33",1,-1,Infected diet 50,Infected diet 33,inf33 vs inf50_log2FC,inf33 vs inf50_padj,TRUE,Unplaced scaffold,29.974059293916913,-4.642251133879381,1.8479626175800463,-2.5120914729100563,0.0120017974934676,0.01969934503197244,TRUE,4.642251133879381,Upregulated,Infected diet 50,FALSE,,,N.S.
Protein-Anabolism,Protein Synthesis & Translation,Ribosomal Structural Proteins,LOC126313359,60S acidic ribosomal protein P0-like,60S acidic ribosomal protein P0-like,protein_coding,NW_026061886.1,ptg000473l,unplaced-scaffold,na,na,Unplaced scaffold,infected_diet83_vs33,Infected: diet 83 vs 33,Diet comparison among infected,"83
vs
33",2,1,Infected diet 83,Infected diet 33,inf83 vs inf33_log2FC,inf83 vs inf33_padj,TRUE,Unplaced scaffold,29.974059293916913,2.705888196428569,2.0714595097005617,1.3062713433484956,0.1914602987007596,0.23434257380408427,FALSE,2.705888196428569,N.S.,Not significant,FALSE,,,N.S.
Protein-Anabolism,Protein Synthesis & Translation,Ribosomal Structural Proteins,LOC126313359,60S acidic ribosomal protein P0-like,60S acidic ribosomal protein P0-like,protein_coding,NW_026061886.1,ptg000473l,unplaced-scaffold,na,na,Unplaced scaffold,infected_diet83_vs50,Infected: diet 83 vs 50,Diet comparison among infected,"83
vs
50",3,1,Infected diet 83,Infected diet 50,inf83 vs inf50_log2FC,inf83 vs inf50_padj,TRUE,Unplaced scaffold,29.974059293916913,-1.936362937450813,2.0138555029228313,-0.9615202950958752,0.33629062600106924,0.8410735678958844,FALSE,-1.936362937450813,N.S.,Not significant,FALSE,,,N.S.
Protein-Anabolism,Protein Synthesis & Translation,Ribosomal Structural Proteins,LOC126313359,60S acidic ribosomal protein P0-like,60S acidic ribosomal protein P0-like,protein_coding,NW_026061886.1,ptg000473l,unplaced-scaffold,na,na,Unplaced scaffold,infection_diet33,Diet 33: infected vs control,Within-diet infection response,33,1,1,Infected diet 33,Control diet 33,Diet 33 log2FC,Diet 33 padj,TRUE,Unplaced scaffold,29.974059293916913,-4.684523511444955,1.9653580167473643,-2.383547156053412,0.01714668750004712,0.04939820444776847,TRUE,-4.684523511444955,Downregulated,Control diet 33,FALSE,,,N.S.
Protein-Anabolism,Protein Synthesis & Translation,Ribosomal Structural Proteins,LOC126313359,60S acidic ribosomal protein P0-like,60S acidic ribosomal protein P0-like,protein_coding,NW_026061886.1,ptg000473l,unplaced-scaffold,na,na,Unplaced scaffold,infection_diet50,Diet 50: infected vs control,Within-diet infection response,50,2,1,Infected diet 50,Control diet 50,Diet 50 log2FC,Diet 50 padj,TRUE,Unplaced scaffold,29.974059293916913,-2.948023552430065,1.9876883473781928,-1.483141739155727,0.1380367564582976,0.8147311843699152,FALSE,-2.948023552430065,N.S.,Not significant,FALSE,,,N.S.
Protein-Anabolism,Protein Synthesis & Translation,Ribosomal Structural Proteins,LOC126313359,60S acidic ribosomal protein P0-like,60S acidic ribosomal protein P0-like,protein_coding,NW_026061886.1,ptg000473l,unplaced-scaffold,na,na,Unplaced scaffold,infection_diet83,Diet 83: infected vs control,Within-diet infection response,83,3,1,Infected diet 83,Control diet 83,Diet 83 log2FC,Diet 83 padj,TRUE,Unplaced scaffold,29.974059293916913,-1.0904818899383926,2.1263716270628046,-0.5128369265558226,0.6080653968928311,1,FALSE,-1.0904818899383926,N.S.,Not significant,FALSE,,,N.S.
Protein-Anabolism,Protein Synthesis & Translation,Ribosomal Structural Proteins,LOC126314456,60S ribosomal protein L9-like,60S ribosomal protein L9-like,protein_coding,NW_026061953.1,ptg000560l,unplaced-scaffold,na,na,Unplaced scaffold,control_diet33_vs50,Control: diet 50 vs 33,Diet comparison among controls,"50
vs
33",1,-1,Control diet 50,Control diet 33,cont33 vs cont50_log2FC,cont33 vs cont50_padj,FALSE,Unplaced scaffold,23.571466028416033,-2.457044779954637,2.220519024294871,-1.1065182297795784,0.2685022780598721,0.44644723317239354,FALSE,2.457044779954637,N.S.,Not significant,FALSE,,,N.S.
Protein-Anabolism,Protein Synthesis & Translation,Ribosomal Structural Proteins,LOC126314456,60S ribosomal protein L9-like,60S ribosomal protein L9-like,protein_coding,NW_026061953.1,ptg000560l,unplaced-scaffold,na,na,Unplaced scaffold,control_diet83_vs33,Control: diet 83 vs 33,Diet comparison among controls,"83
vs
33",2,1,Control diet 83,Control diet 33,cont83 vs cont33_log2FC,cont83 vs cont33_padj,FALSE,Unplaced scaffold,23.571466028416033,-1.0920622179945725,2.142318514273067,-0.5097571676287975,0.6102215967432708,0.9930597908525568,FALSE,-1.0920622179945725,N.S.,Not significant,FALSE,,,N.S.
Protein-Anabolism,Protein Synthesis & Translation,Ribosomal Structural Proteins,LOC126314456,60S ribosomal protein L9-like,60S ribosomal protein L9-like,protein_coding,NW_026061953.1,ptg000560l,unplaced-scaffold,na,na,Unplaced scaffold,control_diet83_vs50,Control: diet 83 vs 50,Diet comparison among controls,"83
vs
50",3,1,Control diet 83,Control diet 50,cont83 vs cont50_log2FC,cont83 vs cont50_padj,FALSE,Unplaced scaffold,23.571466028416033,-3.5491069979492096,2.225854994442066,-1.5944915579906545,0.11082598006615624,0.26338736786134126,FALSE,-3.5491069979492096,N.S.,Not significant,FALSE,,,N.S.
Protein-Anabolism,Protein Synthesis & Translation,Ribosomal Structural Proteins,LOC126314456,60S ribosomal protein L9-like,60S ribosomal protein L9-like,protein_coding,NW_026061953.1,ptg000560l,unplaced-scaffold,na,na,Unplaced scaffold,infected_diet33_vs50,Infected: diet 50 vs 33,Diet comparison among infected,"50
vs
33",1,-1,Infected diet 50,Infected diet 33,inf33 vs inf50_log2FC,inf33 vs inf50_padj,TRUE,Unplaced scaffold,23.571466028416033,-18.948151695276124,2.0020240402143803,-9.464497585776805,2.9497566001033075e-21,8.90071904333498e-20,TRUE,18.948151695276124,Upregulated,Infected diet 50,FALSE,,,N.S.
Protein-Anabolism,Protein Synthesis & Translation,Ribosomal Structural Proteins,LOC126314456,60S ribosomal protein L9-like,60S ribosomal protein L9-like,protein_coding,NW_026061953.1,ptg000560l,unplaced-scaffold,na,na,Unplaced scaffold,infected_diet83_vs33,Infected: diet 83 vs 33,Diet comparison among infected,"83
vs
33",2,1,Infected diet 83,Infected diet 33,inf83 vs inf33_log2FC,inf83 vs inf33_padj,TRUE,Unplaced scaffold,23.571466028416033,17.44868655020725,2.2266382940920626,7.83633632660672,4.63882334767807e-15,1.3669849054929808e-13,TRUE,17.44868655020725,Upregulated,Infected diet 83,FALSE,,,N.S.
Protein-Anabolism,Protein Synthesis & Translation,Ribosomal Structural Proteins,LOC126314456,60S ribosomal protein L9-like,60S ribosomal protein L9-like,protein_coding,NW_026061953.1,ptg000560l,unplaced-scaffold,na,na,Unplaced scaffold,infected_diet83_vs50,Infected: diet 83 vs 50,Diet comparison among infected,"83
vs
50",3,1,Infected diet 83,Infected diet 50,inf83 vs inf50_log2FC,inf83 vs inf50_padj,TRUE,Unplaced scaffold,23.571466028416033,-1.499465145068874,2.124661043821557,-0.7057432287513664,0.4803478326331965,0.8410735678958844,FALSE,-1.499465145068874,N.S.,Not significant,FALSE,,,N.S.
Protein-Anabolism,Protein Synthesis & Translation,Ribosomal Structural Proteins,LOC126314456,60S ribosomal protein L9-like,60S ribosomal protein L9-like,protein_coding,NW_026061953.1,ptg000560l,unplaced-scaffold,na,na,Unplaced scaffold,infection_diet33,Diet 33: infected vs control,Within-diet infection response,33,1,1,Infected diet 33,Control diet 33,Diet 33 log2FC,Diet 33 padj,TRUE,Unplaced scaffold,23.571466028416033,-19.100815191046415,2.1233978309245924,-8.995401103301182,2.3537117209115463e-19,6.301670847453846e-18,TRUE,-19.100815191046415,Downregulated,Control diet 33,FALSE,,,N.S.
Protein-Anabolism,Protein Synthesis & Translation,Ribosomal Structural Proteins,LOC126314456,60S ribosomal protein L9-like,60S ribosomal protein L9-like,protein_coding,NW_026061953.1,ptg000560l,unplaced-scaffold,na,na,Unplaced scaffold,infection_diet50,Diet 50: infected vs control,Within-diet infection response,50,2,1,Infected diet 50,Control diet 50,Diet 50 log2FC,Diet 50 padj,TRUE,Unplaced scaffold,23.571466028416033,-2.6097082757249264,2.1047533457572865,-1.2399116889328228,0.21500805995493052,0.8147311843699152,FALSE,-2.6097082757249264,N.S.,Not significant,FALSE,,,N.S.
Protein-Anabolism,Protein Synthesis & Translation,Ribosomal Structural Proteins,LOC126314456,60S ribosomal protein L9-like,60S ribosomal protein L9-like,protein_coding,NW_026061953.1,ptg000560l,unplaced-scaffold,na,na,Unplaced scaffold,infection_diet83,Diet 83: infected vs control,Within-diet infection response,83,3,1,Infected diet 83,Control diet 83,Diet 83 log2FC,Diet 83 padj,TRUE,Unplaced scaffold,23.571466028416033,-0.5600664228445907,2.244688922977771,-0.24950736697253129,0.8029683430495775,1,FALSE,-0.5600664228445907,N.S.,Not significant,FALSE,,,N.S.
Protein-Anabolism,Protein Synthesis & Translation,Ribosomal Structural Proteins,LOC126315212,40S ribosomal protein S6-like,40S ribosomal protein S6-like,protein_coding,NW_026061958.1,ptg000566l,unplaced-scaffold,na,na,Unplaced scaffold,control_diet33_vs50,Control: diet 50 vs 33,Diet comparison among controls,"50
vs
33",1,-1,Control diet 50,Control diet 33,cont33 vs cont50_log2FC,cont33 vs cont50_padj,FALSE,Unplaced scaffold,25.944808257018032,-2.517482858598771,2.129412312177853,-1.1822430274313664,0.2371092843595139,0.44644723317239354,FALSE,2.517482858598771,N.S.,Not significant,FALSE,,,N.S.
Protein-Anabolism,Protein Synthesis & Translation,Ribosomal Structural Proteins,LOC126315212,40S ribosomal protein S6-like,40S ribosomal protein S6-like,protein_coding,NW_026061958.1,ptg000566l,unplaced-scaffold,na,na,Unplaced scaffold,control_diet83_vs33,Control: diet 83 vs 33,Diet comparison among controls,"83
vs
33",2,1,Control diet 83,Control diet 33,cont83 vs cont33_log2FC,cont83 vs cont33_padj,FALSE,Unplaced scaffold,25.944808257018032,-1.3642685372839407,2.056023829596926,-0.663547045343049,0.5069802594997395,0.9930597908525568,FALSE,-1.3642685372839407,N.S.,Not significant,FALSE,,,N.S.
Protein-Anabolism,Protein Synthesis & Translation,Ribosomal Structural Proteins,LOC126315212,40S ribosomal protein S6-like,40S ribosomal protein S6-like,protein_coding,NW_026061958.1,ptg000566l,unplaced-scaffold,na,na,Unplaced scaffold,control_diet83_vs50,Control: diet 83 vs 50,Diet comparison among controls,"83
vs
50",3,1,Control diet 83,Control diet 50,cont83 vs cont50_log2FC,cont83 vs cont50_padj,FALSE,Unplaced scaffold,25.944808257018032,-3.881751395882712,2.136123082785762,-1.8171946303863915,0.06918731688467476,0.26338736786134126,FALSE,-3.881751395882712,N.S.,Not significant,FALSE,,,N.S.
Protein-Anabolism,Protein Synthesis & Translation,Ribosomal Structural Proteins,LOC126315212,40S ribosomal protein S6-like,40S ribosomal protein S6-like,protein_coding,NW_026061958.1,ptg000566l,unplaced-scaffold,na,na,Unplaced scaffold,infected_diet33_vs50,Infected: diet 50 vs 33,Diet comparison among infected,"50
vs
33",1,-1,Infected diet 50,Infected diet 33,inf33 vs inf50_log2FC,inf33 vs inf50_padj,TRUE,Unplaced scaffold,25.944808257018032,-5.578901991672126,1.9227989657270377,-2.901448404702394,0.00371441941849135,0.01065124817689136,TRUE,5.578901991672126,Upregulated,Infected diet 50,FALSE,,,N.S.
Protein-Anabolism,Protein Synthesis & Translation,Ribosomal Structural Proteins,LOC126315212,40S ribosomal protein S6-like,40S ribosomal protein S6-like,protein_coding,NW_026061958.1,ptg000566l,unplaced-scaffold,na,na,Unplaced scaffold,infected_diet83_vs33,Infected: diet 83 vs 33,Diet comparison among infected,"83
vs
33",2,1,Infected diet 83,Infected diet 33,inf83 vs inf33_log2FC,inf83 vs inf33_padj,TRUE,Unplaced scaffold,25.944808257018032,3.547395797636065,2.148369301381844,1.6512039132910523,0.09869694432985364,0.15074853833992047,FALSE,3.547395797636065,N.S.,Not significant,FALSE,,,N.S.
Protein-Anabolism,Protein Synthesis & Translation,Ribosomal Structural Proteins,LOC126315212,40S ribosomal protein S6-like,40S ribosomal protein S6-like,protein_coding,NW_026061958.1,ptg000566l,unplaced-scaffold,na,na,Unplaced scaffold,infected_diet83_vs50,Infected: diet 83 vs 50,Diet comparison among infected,"83
vs
50",3,1,Infected diet 83,Infected diet 50,inf83 vs inf50_log2FC,inf83 vs inf50_padj,TRUE,Unplaced scaffold,25.944808257018032,-2.0315061940360613,2.0493544756078856,-0.9912907787382512,0.3215436143968015,0.8410735678958844,FALSE,-2.0315061940360613,N.S.,Not significant,FALSE,,,N.S.
Protein-Anabolism,Protein Synthesis & Translation,Ribosomal Structural Proteins,LOC126315212,40S ribosomal protein S6-like,40S ribosomal protein S6-like,protein_coding,NW_026061958.1,ptg000566l,unplaced-scaffold,na,na,Unplaced scaffold,infection_diet33,Diet 33: infected vs control,Within-diet infection response,33,1,1,Infected diet 33,Control diet 33,Diet 33 log2FC,Diet 33 padj,TRUE,Unplaced scaffold,25.944808257018032,-5.8975897025793556,2.038553618296769,-2.89302653099056,0.00381549066103308,0.02821202262541737,TRUE,-5.8975897025793556,Downregulated,Control diet 33,FALSE,,,N.S.
Protein-Anabolism,Protein Synthesis & Translation,Ribosomal Structural Proteins,LOC126315212,40S ribosomal protein S6-like,40S ribosomal protein S6-like,protein_coding,NW_026061958.1,ptg000566l,unplaced-scaffold,na,na,Unplaced scaffold,infection_diet50,Diet 50: infected vs control,Within-diet infection response,50,2,1,Infected diet 50,Control diet 50,Diet 50 log2FC,Diet 50 padj,TRUE,Unplaced scaffold,25.944808257018032,-2.836170569506,2.0188738948197695,-1.40482799682701,0.1600724317201513,0.8147311843699152,FALSE,-2.836170569506,N.S.,Not significant,FALSE,,,N.S.
Protein-Anabolism,Protein Synthesis & Translation,Ribosomal Structural Proteins,LOC126315212,40S ribosomal protein S6-like,40S ribosomal protein S6-like,protein_coding,NW_026061958.1,ptg000566l,unplaced-scaffold,na,na,Unplaced scaffold,infection_diet83,Diet 83: infected vs control,Within-diet infection response,83,3,1,Infected diet 83,Control diet 83,Diet 83 log2FC,Diet 83 padj,TRUE,Unplaced scaffold,25.944808257018032,-0.9859253676593496,2.164953530291002,-0.4554025543110971,0.6488196579771542,1,FALSE,-0.9859253676593496,N.S.,Not significant,FALSE,,,N.S.
Protein-Anabolism,Protein Synthesis & Translation,Ribosomal Structural Proteins,LOC126315227,60S ribosomal protein L11-like,60S ribosomal protein L11-like,protein_coding,NW_026061960.1,ptg000569l,unplaced-scaffold,na,na,Unplaced scaffold,control_diet33_vs50,Control: diet 50 vs 33,Diet comparison among controls,"50
vs
33",1,-1,Control diet 50,Control diet 33,cont33 vs cont50_log2FC,cont33 vs cont50_padj,FALSE,Unplaced scaffold,28.641602297001576,-2.4934294885432737,2.249577642399407,-1.1083989463389996,0.26768955976361697,0.44644723317239354,FALSE,2.4934294885432737,N.S.,Not significant,FALSE,,,N.S.
Protein-Anabolism,Protein Synthesis & Translation,Ribosomal Structural Proteins,LOC126315227,60S ribosomal protein L11-like,60S ribosomal protein L11-like,protein_coding,NW_026061960.1,ptg000569l,unplaced-scaffold,na,na,Unplaced scaffold,control_diet83_vs33,Control: diet 83 vs 33,Diet comparison among controls,"83
vs
33",2,1,Control diet 83,Control diet 33,cont83 vs cont33_log2FC,cont83 vs cont33_padj,FALSE,Unplaced scaffold,28.641602297001576,-1.3130039328095204,2.1694604502682333,-0.605221419292147,0.5450318857119545,0.9930597908525568,FALSE,-1.3130039328095204,N.S.,Not significant,FALSE,,,N.S.
Protein-Anabolism,Protein Synthesis & Translation,Ribosomal Structural Proteins,LOC126315227,60S ribosomal protein L11-like,60S ribosomal protein L11-like,protein_coding,NW_026061960.1,ptg000569l,unplaced-scaffold,na,na,Unplaced scaffold,control_diet83_vs50,Control: diet 83 vs 50,Diet comparison among controls,"83
vs
50",3,1,Control diet 83,Control diet 50,cont83 vs cont50_log2FC,cont83 vs cont50_padj,FALSE,Unplaced scaffold,28.641602297001576,-3.806433421352794,2.2548703871723768,-1.6880941108664291,0.09139316476541182,0.26338736786134126,FALSE,-3.806433421352794,N.S.,Not significant,FALSE,,,N.S.
Protein-Anabolism,Protein Synthesis & Translation,Ribosomal Structural Proteins,LOC126315227,60S ribosomal protein L11-like,60S ribosomal protein L11-like,protein_coding,NW_026061960.1,ptg000569l,unplaced-scaffold,na,na,Unplaced scaffold,infected_diet33_vs50,Infected: diet 50 vs 33,Diet comparison among infected,"50
vs
33",1,-1,Infected diet 50,Infected diet 33,inf33 vs inf50_log2FC,inf33 vs inf50_padj,TRUE,Unplaced scaffold,28.641602297001576,-6.656237815843465,2.0259493528596373,-3.285490728802353,0.00101804892704071,0.00690091959537434,TRUE,6.656237815843465,Upregulated,Infected diet 50,FALSE,,,N.S.
Protein-Anabolism,Protein Synthesis & Translation,Ribosomal Structural Proteins,LOC126315227,60S ribosomal protein L11-like,60S ribosomal protein L11-like,protein_coding,NW_026061960.1,ptg000569l,unplaced-scaffold,na,na,Unplaced scaffold,infected_diet83_vs33,Infected: diet 83 vs 33,Diet comparison among infected,"83
vs
33",2,1,Infected diet 83,Infected diet 33,inf83 vs inf33_log2FC,inf83 vs inf33_padj,TRUE,Unplaced scaffold,28.641602297001576,4.633367915799268,2.2622297837514456,2.0481420362682057,0.04054608403195571,0.11425734147295027,FALSE,4.633367915799268,N.S.,Not significant,FALSE,,,N.S.
Protein-Anabolism,Protein Synthesis & Translation,Ribosomal Structural Proteins,LOC126315227,60S ribosomal protein L11-like,60S ribosomal protein L11-like,protein_coding,NW_026061960.1,ptg000569l,unplaced-scaffold,na,na,Unplaced scaffold,infected_diet83_vs50,Infected: diet 83 vs 50,Diet comparison among infected,"83
vs
50",3,1,Infected diet 83,Infected diet 50,inf83 vs inf50_log2FC,inf83 vs inf50_padj,TRUE,Unplaced scaffold,28.641602297001576,-2.0228699000441974,2.161997113934803,-0.9356487513355668,0.34945406510959603,0.8410735678958844,FALSE,-2.0228699000441974,N.S.,Not significant,FALSE,,,N.S.
Protein-Anabolism,Protein Synthesis & Translation,Ribosomal Structural Proteins,LOC126315227,60S ribosomal protein L11-like,60S ribosomal protein L11-like,protein_coding,NW_026061960.1,ptg000569l,unplaced-scaffold,na,na,Unplaced scaffold,infection_diet33,Diet 33: infected vs control,Within-diet infection response,33,1,1,Infected diet 33,Control diet 33,Diet 33 log2FC,Diet 33 padj,TRUE,Unplaced scaffold,28.641602297001576,-7.173973186788188,2.1483296541378953,-3.339326054067357,8.398192822140473e-4,0.01239968469621916,TRUE,-7.173973186788188,Downregulated,Control diet 33,FALSE,,,N.S.
Protein-Anabolism,Protein Synthesis & Translation,Ribosomal Structural Proteins,LOC126315227,60S ribosomal protein L11-like,60S ribosomal protein L11-like,protein_coding,NW_026061960.1,ptg000569l,unplaced-scaffold,na,na,Unplaced scaffold,infection_diet50,Diet 50: infected vs control,Within-diet infection response,50,2,1,Infected diet 50,Control diet 50,Diet 50 log2FC,Diet 50 padj,TRUE,Unplaced scaffold,28.641602297001576,-3.0111648594879967,2.1330143100053056,-1.411694635785405,0.15803989350686556,0.8147311843699152,FALSE,-3.0111648594879967,N.S.,Not significant,FALSE,,,N.S.
Protein-Anabolism,Protein Synthesis & Translation,Ribosomal Structural Proteins,LOC126315227,60S ribosomal protein L11-like,60S ribosomal protein L11-like,protein_coding,NW_026061960.1,ptg000569l,unplaced-scaffold,na,na,Unplaced scaffold,infection_diet83,Diet 83: infected vs control,Within-diet infection response,83,3,1,Infected diet 83,Control diet 83,Diet 83 log2FC,Diet 83 padj,TRUE,Unplaced scaffold,28.641602297001576,-1.2276013381794,2.282306275880148,-0.5378775632144235,0.5906615792631742,1,FALSE,-1.2276013381794,N.S.,Not significant,FALSE,,,N.S.
Protein-Anabolism,Protein Synthesis & Translation,Ribosomal Structural Proteins,LOC126316952,40S ribosomal protein S15-like,40S ribosomal protein S15-like,protein_coding,NW_026062003.1,ptg000615l,unplaced-scaffold,na,na,Unplaced scaffold,control_diet33_vs50,Control: diet 50 vs 33,Diet comparison among controls,"50
vs
33",1,-1,Control diet 50,Control diet 33,cont33 vs cont50_log2FC,cont33 vs cont50_padj,FALSE,Unplaced scaffold,23.695003470413475,-2.8492380693943753,2.166783943825307,-1.3149617789599468,0.18852274815439005,0.44644723317239354,FALSE,2.8492380693943753,N.S.,Not significant,FALSE,,,N.S.
Protein-Anabolism,Protein Synthesis & Translation,Ribosomal Structural Proteins,LOC126316952,40S ribosomal protein S15-like,40S ribosomal protein S15-like,protein_coding,NW_026062003.1,ptg000615l,unplaced-scaffold,na,na,Unplaced scaffold,control_diet83_vs33,Control: diet 83 vs 33,Diet comparison among controls,"83
vs
33",2,1,Control diet 83,Control diet 33,cont83 vs cont33_log2FC,cont83 vs cont33_padj,FALSE,Unplaced scaffold,23.695003470413475,-1.2981603890867162,2.095334958960405,-0.6195479073812594,0.5355554719237892,0.9930597908525568,FALSE,-1.2981603890867162,N.S.,Not significant,FALSE,,,N.S.
Protein-Anabolism,Protein Synthesis & Translation,Ribosomal Structural Proteins,LOC126316952,40S ribosomal protein S15-like,40S ribosomal protein S15-like,protein_coding,NW_026062003.1,ptg000615l,unplaced-scaffold,na,na,Unplaced scaffold,control_diet83_vs50,Control: diet 83 vs 50,Diet comparison among controls,"83
vs
50",3,1,Control diet 83,Control diet 50,cont83 vs cont50_log2FC,cont83 vs cont50_padj,FALSE,Unplaced scaffold,23.695003470413475,-4.147398458481091,2.175455898556633,-1.9064502577288736,0.05659181349043541,0.26338736786134126,FALSE,-4.147398458481091,N.S.,Not significant,FALSE,,,N.S.
Protein-Anabolism,Protein Synthesis & Translation,Ribosomal Structural Proteins,LOC126316952,40S ribosomal protein S15-like,40S ribosomal protein S15-like,protein_coding,NW_026062003.1,ptg000615l,unplaced-scaffold,na,na,Unplaced scaffold,infected_diet33_vs50,Infected: diet 50 vs 33,Diet comparison among infected,"50
vs
33",1,-1,Infected diet 50,Infected diet 33,inf33 vs inf50_log2FC,inf33 vs inf50_padj,TRUE,Unplaced scaffold,23.695003470413475,-4.947325751424289,1.914873816292468,-2.58363016368524,0.0097766568189271,0.01738647723160417,TRUE,4.947325751424289,Upregulated,Infected diet 50,FALSE,,,N.S.
Protein-Anabolism,Protein Synthesis & Translation,Ribosomal Structural Proteins,LOC126316952,40S ribosomal protein S15-like,40S ribosomal protein S15-like,protein_coding,NW_026062003.1,ptg000615l,unplaced-scaffold,na,na,Unplaced scaffold,infected_diet83_vs33,Infected: diet 83 vs 33,Diet comparison among infected,"83
vs
33",2,1,Infected diet 83,Infected diet 33,inf83 vs inf33_log2FC,inf83 vs inf33_padj,TRUE,Unplaced scaffold,23.695003470413475,3.4971349608556896,2.136178164049706,1.637098917922614,0.10160980266155036,0.1524851420374613,FALSE,3.4971349608556896,N.S.,Not significant,FALSE,,,N.S.
Protein-Anabolism,Protein Synthesis & Translation,Ribosomal Structural Proteins,LOC126316952,40S ribosomal protein S15-like,40S ribosomal protein S15-like,protein_coding,NW_026062003.1,ptg000615l,unplaced-scaffold,na,na,Unplaced scaffold,infected_diet83_vs50,Infected: diet 83 vs 50,Diet comparison among infected,"83
vs
50",3,1,Infected diet 83,Infected diet 50,inf83 vs inf50_log2FC,inf83 vs inf50_padj,TRUE,Unplaced scaffold,23.695003470413475,-1.4501907905685991,2.0698940338137857,-0.7006111264046782,0.4835457328443971,0.8410735678958844,FALSE,-1.4501907905685991,N.S.,Not significant,FALSE,,,N.S.
Protein-Anabolism,Protein Synthesis & Translation,Ribosomal Structural Proteins,LOC126316952,40S ribosomal protein S15-like,40S ribosomal protein S15-like,protein_coding,NW_026062003.1,ptg000615l,unplaced-scaffold,na,na,Unplaced scaffold,infection_diet33,Diet 33: infected vs control,Within-diet infection response,33,1,1,Infected diet 33,Control diet 33,Diet 33 log2FC,Diet 33 padj,TRUE,Unplaced scaffold,23.695003470413475,-4.584469585831061,2.0369475266392176,-2.25065669383984,0.02440728962739369,0.05732144745240532,FALSE,-4.584469585831061,N.S.,Not significant,FALSE,,,N.S.
Protein-Anabolism,Protein Synthesis & Translation,Ribosomal Structural Proteins,LOC126316952,40S ribosomal protein S15-like,40S ribosomal protein S15-like,protein_coding,NW_026062003.1,ptg000615l,unplaced-scaffold,na,na,Unplaced scaffold,infection_diet50,Diet 50: infected vs control,Within-diet infection response,50,2,1,Infected diet 50,Control diet 50,Diet 50 log2FC,Diet 50 padj,TRUE,Unplaced scaffold,23.695003470413475,-2.486381903801147,2.052447116312623,-1.2114231270758002,0.22573328021322944,0.8147311843699152,FALSE,-2.486381903801147,N.S.,Not significant,FALSE,,,N.S.
Protein-Anabolism,Protein Synthesis & Translation,Ribosomal Structural Proteins,LOC126316952,40S ribosomal protein S15-like,40S ribosomal protein S15-like,protein_coding,NW_026062003.1,ptg000615l,unplaced-scaffold,na,na,Unplaced scaffold,infection_diet83,Diet 83: infected vs control,Within-diet infection response,83,3,1,Infected diet 83,Control diet 83,Diet 83 log2FC,Diet 83 padj,TRUE,Unplaced scaffold,23.695003470413475,0.2108257641113449,2.19192392945621,0.09618297481867824,0.9233752522451184,1,FALSE,0.2108257641113449,N.S.,Not significant,FALSE,,,N.S.
Protein-Anabolism,Protein Synthesis & Translation,Ribosomal Structural Proteins,LOC126318218,30S ribosomal protein S9-like,30S ribosomal protein S9-like,protein_coding,NW_026062043.1,ptg000659l,unplaced-scaffold,na,na,Unplaced scaffold,control_diet33_vs50,Control: diet 50 vs 33,Diet comparison among controls,"50
vs
33",1,-1,Control diet 50,Control diet 33,cont33 vs cont50_log2FC,cont33 vs cont50_padj,FALSE,Unplaced scaffold,12.10511289183355,-2.481835941600366,2.1296538150639925,-1.165370598754235,0.24386901309942097,0.44644723317239354,FALSE,2.481835941600366,N.S.,Not significant,FALSE,,,N.S.
Protein-Anabolism,Protein Synthesis & Translation,Ribosomal Structural Proteins,LOC126318218,30S ribosomal protein S9-like,30S ribosomal protein S9-like,protein_coding,NW_026062043.1,ptg000659l,unplaced-scaffold,na,na,Unplaced scaffold,control_diet83_vs33,Control: diet 83 vs 33,Diet comparison among controls,"83
vs
33",2,1,Control diet 83,Control diet 33,cont83 vs cont33_log2FC,cont83 vs cont33_padj,FALSE,Unplaced scaffold,12.10511289183355,-0.1201833981243799,2.059432582288512,-0.05835752971861211,0.9534638434611824,0.9930597908525568,FALSE,-0.1201833981243799,N.S.,Not significant,FALSE,,,N.S.
Protein-Anabolism,Protein Synthesis & Translation,Ribosomal Structural Proteins,LOC126318218,30S ribosomal protein S9-like,30S ribosomal protein S9-like,protein_coding,NW_026062043.1,ptg000659l,unplaced-scaffold,na,na,Unplaced scaffold,control_diet83_vs50,Control: diet 83 vs 50,Diet comparison among controls,"83
vs
50",3,1,Control diet 83,Control diet 50,cont83 vs cont50_log2FC,cont83 vs cont50_padj,FALSE,Unplaced scaffold,12.10511289183355,-2.602019339724746,2.13271723998171,-1.220048908005761,0.2224463350930606,0.29559406919791464,FALSE,-2.602019339724746,N.S.,Not significant,FALSE,,,N.S.
Protein-Anabolism,Protein Synthesis & Translation,Ribosomal Structural Proteins,LOC126318218,30S ribosomal protein S9-like,30S ribosomal protein S9-like,protein_coding,NW_026062043.1,ptg000659l,unplaced-scaffold,na,na,Unplaced scaffold,infected_diet33_vs50,Infected: diet 50 vs 33,Diet comparison among infected,"50
vs
33",1,-1,Infected diet 50,Infected diet 33,inf33 vs inf50_log2FC,inf33 vs inf50_padj,TRUE,Unplaced scaffold,12.10511289183355,-5.884192092250226,1.9175326436003344,-3.068626816804611,0.00215045034789966,0.00876046884269957,TRUE,5.884192092250226,Upregulated,Infected diet 50,FALSE,,,N.S.
Protein-Anabolism,Protein Synthesis & Translation,Ribosomal Structural Proteins,LOC126318218,30S ribosomal protein S9-like,30S ribosomal protein S9-like,protein_coding,NW_026062043.1,ptg000659l,unplaced-scaffold,na,na,Unplaced scaffold,infected_diet83_vs33,Infected: diet 83 vs 33,Diet comparison among infected,"83
vs
33",2,1,Infected diet 83,Infected diet 33,inf83 vs inf33_log2FC,inf83 vs inf33_padj,TRUE,Unplaced scaffold,12.10511289183355,3.7745236934236375,2.1398272098072435,1.7639385442545372,0.0777423265614435,0.13426122866100926,FALSE,3.7745236934236375,N.S.,Not significant,FALSE,,,N.S.
Protein-Anabolism,Protein Synthesis & Translation,Ribosomal Structural Proteins,LOC126318218,30S ribosomal protein S9-like,30S ribosomal protein S9-like,protein_coding,NW_026062043.1,ptg000659l,unplaced-scaffold,na,na,Unplaced scaffold,infected_diet83_vs50,Infected: diet 83 vs 50,Diet comparison among infected,"83
vs
50",3,1,Infected diet 83,Infected diet 50,inf83 vs inf50_log2FC,inf83 vs inf50_padj,TRUE,Unplaced scaffold,12.10511289183355,-2.1096683988265883,2.0376980302314225,-1.035319447497818,0.30051975057072694,0.8410735678958844,FALSE,-2.1096683988265883,N.S.,Not significant,FALSE,,,N.S.
Protein-Anabolism,Protein Synthesis & Translation,Ribosomal Structural Proteins,LOC126318218,30S ribosomal protein S9-like,30S ribosomal protein S9-like,protein_coding,NW_026062043.1,ptg000659l,unplaced-scaffold,na,na,Unplaced scaffold,infection_diet33,Diet 33: infected vs control,Within-diet infection response,33,1,1,Infected diet 33,Control diet 33,Diet 33 log2FC,Diet 33 padj,TRUE,Unplaced scaffold,12.10511289183355,-4.27118261238125,2.0410516617651138,-2.0926381690346365,0.03638146659704508,0.06808386293277402,FALSE,-4.27118261238125,N.S.,Not significant,FALSE,,,N.S.
Protein-Anabolism,Protein Synthesis & Translation,Ribosomal Structural Proteins,LOC126318218,30S ribosomal protein S9-like,30S ribosomal protein S9-like,protein_coding,NW_026062043.1,ptg000659l,unplaced-scaffold,na,na,Unplaced scaffold,infection_diet50,Diet 50: infected vs control,Within-diet infection response,50,2,1,Infected diet 50,Control diet 50,Diet 50 log2FC,Diet 50 padj,TRUE,Unplaced scaffold,12.10511289183355,-0.8688264617313909,2.0115826916374515,-0.43191187980652,0.665805460180168,0.851489488750136,FALSE,-0.8688264617313909,N.S.,Not significant,FALSE,,,N.S.
Protein-Anabolism,Protein Synthesis & Translation,Ribosomal Structural Proteins,LOC126318218,30S ribosomal protein S9-like,30S ribosomal protein S9-like,protein_coding,NW_026062043.1,ptg000659l,unplaced-scaffold,na,na,Unplaced scaffold,infection_diet83,Diet 83: infected vs control,Within-diet infection response,83,3,1,Infected diet 83,Control diet 83,Diet 83 log2FC,Diet 83 padj,TRUE,Unplaced scaffold,12.10511289183355,-0.3764755208332331,2.1573667195979565,-0.17450696602170288,0.8614670566704343,1,FALSE,-0.3764755208332331,N.S.,Not significant,FALSE,,,N.S.
Protein-Anabolism,Protein Synthesis & Translation,Ribosomal Structural Proteins,LOC126318343,60S ribosomal protein L5-like,60S ribosomal protein L5-like,protein_coding,NW_026062048.1,ptg000665l,unplaced-scaffold,na,na,Unplaced scaffold,control_diet33_vs50,Control: diet 50 vs 33,Diet comparison among controls,"50
vs
33",1,-1,Control diet 50,Control diet 33,cont33 vs cont50_log2FC,cont33 vs cont50_padj,FALSE,Unplaced scaffold,39.90877672079029,-2.5796813572814963,2.2243984609646956,-1.1597208874900582,0.24616246314189352,0.44644723317239354,FALSE,2.5796813572814963,N.S.,Not significant,FALSE,,,N.S.
Protein-Anabolism,Protein Synthesis & Translation,Ribosomal Structural Proteins,LOC126318343,60S ribosomal protein L5-like,60S ribosomal protein L5-like,protein_coding,NW_026062048.1,ptg000665l,unplaced-scaffold,na,na,Unplaced scaffold,control_diet83_vs33,Control: diet 83 vs 33,Diet comparison among controls,"83
vs
33",2,1,Control diet 83,Control diet 33,cont83 vs cont33_log2FC,cont83 vs cont33_padj,FALSE,Unplaced scaffold,39.90877672079029,-1.6450113040609806,2.1454039753652143,-0.7667606301423715,0.4432238480186843,0.9930597908525568,FALSE,-1.6450113040609806,N.S.,Not significant,FALSE,,,N.S.
Protein-Anabolism,Protein Synthesis & Translation,Ribosomal Structural Proteins,LOC126318343,60S ribosomal protein L5-like,60S ribosomal protein L5-like,protein_coding,NW_026062048.1,ptg000665l,unplaced-scaffold,na,na,Unplaced scaffold,control_diet83_vs50,Control: diet 83 vs 50,Diet comparison among controls,"83
vs
50",3,1,Control diet 83,Control diet 50,cont83 vs cont50_log2FC,cont83 vs cont50_padj,FALSE,Unplaced scaffold,39.90877672079029,-4.224692661342477,2.2303022991306904,-1.8942242327370349,0.0581952529168325,0.26338736786134126,FALSE,-4.224692661342477,N.S.,Not significant,FALSE,,,N.S.
Protein-Anabolism,Protein Synthesis & Translation,Ribosomal Structural Proteins,LOC126318343,60S ribosomal protein L5-like,60S ribosomal protein L5-like,protein_coding,NW_026062048.1,ptg000665l,unplaced-scaffold,na,na,Unplaced scaffold,infected_diet33_vs50,Infected: diet 50 vs 33,Diet comparison among infected,"50
vs
33",1,-1,Infected diet 50,Infected diet 33,inf33 vs inf50_log2FC,inf33 vs inf50_padj,TRUE,Unplaced scaffold,39.90877672079029,-5.225861746827592,1.94604612506564,-2.68537404099367,0.00724486768772766,0.01456268911669503,TRUE,5.225861746827592,Upregulated,Infected diet 50,FALSE,,,N.S.
Protein-Anabolism,Protein Synthesis & Translation,Ribosomal Structural Proteins,LOC126318343,60S ribosomal protein L5-like,60S ribosomal protein L5-like,protein_coding,NW_026062048.1,ptg000665l,unplaced-scaffold,na,na,Unplaced scaffold,infected_diet83_vs33,Infected: diet 83 vs 33,Diet comparison among infected,"83
vs
33",2,1,Infected diet 83,Infected diet 33,inf83 vs inf33_log2FC,inf83 vs inf33_padj,TRUE,Unplaced scaffold,39.90877672079029,3.351246755632508,2.1736088434638425,1.541789253254966,0.12312481442502889,0.1721528936825629,FALSE,3.351246755632508,N.S.,Not significant,FALSE,,,N.S.
Protein-Anabolism,Protein Synthesis & Translation,Ribosomal Structural Proteins,LOC126318343,60S ribosomal protein L5-like,60S ribosomal protein L5-like,protein_coding,NW_026062048.1,ptg000665l,unplaced-scaffold,na,na,Unplaced scaffold,infected_diet83_vs50,Infected: diet 83 vs 50,Diet comparison among infected,"83
vs
50",3,1,Infected diet 83,Infected diet 50,inf83 vs inf50_log2FC,inf83 vs inf50_padj,TRUE,Unplaced scaffold,39.90877672079029,-1.8746149911950836,2.1218670723949127,-0.8834742833721624,0.3769800711770156,0.8410735678958844,FALSE,-1.8746149911950836,N.S.,Not significant,FALSE,,,N.S.
Protein-Anabolism,Protein Synthesis & Translation,Ribosomal Structural Proteins,LOC126318343,60S ribosomal protein L5-like,60S ribosomal protein L5-like,protein_coding,NW_026062048.1,ptg000665l,unplaced-scaffold,na,na,Unplaced scaffold,infection_diet33,Diet 33: infected vs control,Within-diet infection response,33,1,1,Infected diet 33,Control diet 33,Diet 33 log2FC,Diet 33 padj,TRUE,Unplaced scaffold,39.90877672079029,-5.188058779267141,2.07193260477999,-2.5039708180170464,0.01228081629029554,0.04222582039539975,TRUE,-5.188058779267141,Downregulated,Control diet 33,FALSE,,,N.S.
Protein-Anabolism,Protein Synthesis & Translation,Ribosomal Structural Proteins,LOC126318343,60S ribosomal protein L5-like,60S ribosomal protein L5-like,protein_coding,NW_026062048.1,ptg000665l,unplaced-scaffold,na,na,Unplaced scaffold,infection_diet50,Diet 50: infected vs control,Within-diet infection response,50,2,1,Infected diet 50,Control diet 50,Diet 50 log2FC,Diet 50 padj,TRUE,Unplaced scaffold,39.90877672079029,-2.541878389721046,2.1076383264864744,-1.2060315841563147,0.22780531247686017,0.8147311843699152,FALSE,-2.541878389721046,N.S.,Not significant,FALSE,,,N.S.
Protein-Anabolism,Protein Synthesis & Translation,Ribosomal Structural Proteins,LOC126318343,60S ribosomal protein L5-like,60S ribosomal protein L5-like,protein_coding,NW_026062048.1,ptg000665l,unplaced-scaffold,na,na,Unplaced scaffold,infection_diet83,Diet 83: infected vs control,Within-diet infection response,83,3,1,Infected diet 83,Control diet 83,Diet 83 log2FC,Diet 83 padj,TRUE,Unplaced scaffold,39.90877672079029,-0.19180071957365324,2.243753307105461,-0.08548208885810378,0.9318781343670836,1,FALSE,-0.19180071957365324,N.S.,Not significant,FALSE,,,N.S.
Protein-Anabolism,Protein Synthesis & Translation,Ribosomal Structural Proteins,LOC126320365,40S ribosomal protein SA-like,40S ribosomal protein SA-like,protein_coding,NW_026062094.1,ptg000716l,unplaced-scaffold,na,na,Unplaced scaffold,control_diet33_vs50,Control: diet 50 vs 33,Diet comparison among controls,"50
vs
33",1,-1,Control diet 50,Control diet 33,cont33 vs cont50_log2FC,cont33 vs cont50_padj,FALSE,Unplaced scaffold,41.57696871400054,-2.460058475099031,2.2835450202579586,-1.077297996437632,0.2813471571109515,0.44644723317239354,FALSE,2.460058475099031,N.S.,Not significant,FALSE,,,N.S.
Protein-Anabolism,Protein Synthesis & Translation,Ribosomal Structural Proteins,LOC126320365,40S ribosomal protein SA-like,40S ribosomal protein SA-like,protein_coding,NW_026062094.1,ptg000716l,unplaced-scaffold,na,na,Unplaced scaffold,control_diet83_vs33,Control: diet 83 vs 33,Diet comparison among controls,"83
vs
33",2,1,Control diet 83,Control diet 33,cont83 vs cont33_log2FC,cont83 vs cont33_padj,FALSE,Unplaced scaffold,41.57696871400054,-1.549904804242369,2.201420639202159,-0.7040475484976317,0.4814031629586168,0.9930597908525568,FALSE,-1.549904804242369,N.S.,Not significant,FALSE,,,N.S.
Protein-Anabolism,Protein Synthesis & Translation,Ribosomal Structural Proteins,LOC126320365,40S ribosomal protein SA-like,40S ribosomal protein SA-like,protein_coding,NW_026062094.1,ptg000716l,unplaced-scaffold,na,na,Unplaced scaffold,control_diet83_vs50,Control: diet 83 vs 50,Diet comparison among controls,"83
vs
50",3,1,Control diet 83,Control diet 50,cont83 vs cont50_log2FC,cont83 vs cont50_padj,FALSE,Unplaced scaffold,41.57696871400054,-4.0099632793414,2.288762490548519,-1.7520224557596549,0.07976994669550896,0.26338736786134126,FALSE,-4.0099632793414,N.S.,Not significant,FALSE,,,N.S.
Protein-Anabolism,Protein Synthesis & Translation,Ribosomal Structural Proteins,LOC126320365,40S ribosomal protein SA-like,40S ribosomal protein SA-like,protein_coding,NW_026062094.1,ptg000716l,unplaced-scaffold,na,na,Unplaced scaffold,infected_diet33_vs50,Infected: diet 50 vs 33,Diet comparison among infected,"50
vs
33",1,-1,Infected diet 50,Infected diet 33,inf33 vs inf50_log2FC,inf33 vs inf50_padj,TRUE,Unplaced scaffold,41.57696871400054,-6.661701531804028,2.0353045723585934,-3.2730735351732534,0.00106384796252951,0.00698399868496465,TRUE,6.661701531804028,Upregulated,Infected diet 50,FALSE,,,N.S.
Protein-Anabolism,Protein Synthesis & Translation,Ribosomal Structural Proteins,LOC126320365,40S ribosomal protein SA-like,40S ribosomal protein SA-like,protein_coding,NW_026062094.1,ptg000716l,unplaced-scaffold,na,na,Unplaced scaffold,infected_diet83_vs33,Infected: diet 83 vs 33,Diet comparison among infected,"83
vs
33",2,1,Infected diet 83,Infected diet 33,inf83 vs inf33_log2FC,inf83 vs inf33_padj,TRUE,Unplaced scaffold,41.57696871400054,5.2951223736476445,2.2584877361978117,2.34454333702163,0.01905039647185346,0.11037509132111405,FALSE,5.2951223736476445,N.S.,Not significant,FALSE,,,N.S.
Protein-Anabolism,Protein Synthesis & Translation,Ribosomal Structural Proteins,LOC126320365,40S ribosomal protein SA-like,40S ribosomal protein SA-like,protein_coding,NW_026062094.1,ptg000716l,unplaced-scaffold,na,na,Unplaced scaffold,infected_diet83_vs50,Infected: diet 83 vs 50,Diet comparison among infected,"83
vs
50",3,1,Infected diet 83,Infected diet 50,inf83 vs inf50_log2FC,inf83 vs inf50_padj,TRUE,Unplaced scaffold,41.57696871400054,-1.3665791581563846,2.170045881653413,-0.629746665593611,0.5288603455341236,0.8410735678958844,FALSE,-1.3665791581563846,N.S.,Not significant,FALSE,,,N.S.
Protein-Anabolism,Protein Synthesis & Translation,Ribosomal Structural Proteins,LOC126320365,40S ribosomal protein SA-like,40S ribosomal protein SA-like,protein_coding,NW_026062094.1,ptg000716l,unplaced-scaffold,na,na,Unplaced scaffold,infection_diet33,Diet 33: infected vs control,Within-diet infection response,33,1,1,Infected diet 33,Control diet 33,Diet 33 log2FC,Diet 33 padj,TRUE,Unplaced scaffold,41.57696871400054,-6.191115706007022,2.1629296544787446,-2.8623749705346055,0.00420479122222303,0.02982176314590439,TRUE,-6.191115706007022,Downregulated,Control diet 33,FALSE,,,N.S.
Protein-Anabolism,Protein Synthesis & Translation,Ribosomal Structural Proteins,LOC126320365,40S ribosomal protein SA-like,40S ribosomal protein SA-like,protein_coding,NW_026062094.1,ptg000716l,unplaced-scaffold,na,na,Unplaced scaffold,infection_diet50,Diet 50: infected vs control,Within-diet infection response,50,2,1,Infected diet 50,Control diet 50,Diet 50 log2FC,Diet 50 padj,TRUE,Unplaced scaffold,41.57696871400054,-1.9894726493020225,2.163048282305593,-0.919754156935158,0.35770124460723235,0.8147311843699152,FALSE,-1.9894726493020225,N.S.,Not significant,FALSE,,,N.S.
Protein-Anabolism,Protein Synthesis & Translation,Ribosomal Structural Proteins,LOC126320365,40S ribosomal protein SA-like,40S ribosomal protein SA-like,protein_coding,NW_026062094.1,ptg000716l,unplaced-scaffold,na,na,Unplaced scaffold,infection_diet83,Diet 83: infected vs control,Within-diet infection response,83,3,1,Infected diet 83,Control diet 83,Diet 83 log2FC,Diet 83 padj,TRUE,Unplaced scaffold,41.57696871400054,0.6539114718829928,2.295376874292677,0.28488196391910436,0.7757345743885755,1,FALSE,0.6539114718829928,N.S.,Not significant,FALSE,,,N.S.
Protein-Anabolism,Protein Synthesis & Translation,Ribosomal Structural Proteins,LOC126320549,60S acidic ribosomal protein P2-like,60S acidic ribosomal protein P2-like,protein_coding,NW_026062105.1,ptg000728l,unplaced-scaffold,na,na,Unplaced scaffold,control_diet33_vs50,Control: diet 50 vs 33,Diet comparison among controls,"50
vs
33",1,-1,Control diet 50,Control diet 33,cont33 vs cont50_log2FC,cont33 vs cont50_padj,FALSE,Unplaced scaffold,21.04550037791188,-2.560056998685118,2.1792115229353146,-1.17476296896449,0.24008955913833335,0.44644723317239354,FALSE,2.560056998685118,N.S.,Not significant,FALSE,,,N.S.
Protein-Anabolism,Protein Synthesis & Translation,Ribosomal Structural Proteins,LOC126320549,60S acidic ribosomal protein P2-like,60S acidic ribosomal protein P2-like,protein_coding,NW_026062105.1,ptg000728l,unplaced-scaffold,na,na,Unplaced scaffold,control_diet83_vs33,Control: diet 83 vs 33,Diet comparison among controls,"83
vs
33",2,1,Control diet 83,Control diet 33,cont83 vs cont33_log2FC,cont83 vs cont33_padj,FALSE,Unplaced scaffold,21.04550037791188,-1.3282663738183835,2.1064409294918773,-0.6305737584290068,0.5283192614836435,0.9930597908525568,FALSE,-1.3282663738183835,N.S.,Not significant,FALSE,,,N.S.
Protein-Anabolism,Protein Synthesis & Translation,Ribosomal Structural Proteins,LOC126320549,60S acidic ribosomal protein P2-like,60S acidic ribosomal protein P2-like,protein_coding,NW_026062105.1,ptg000728l,unplaced-scaffold,na,na,Unplaced scaffold,control_diet83_vs50,Control: diet 83 vs 50,Diet comparison among controls,"83
vs
50",3,1,Control diet 83,Control diet 50,cont83 vs cont50_log2FC,cont83 vs cont50_padj,FALSE,Unplaced scaffold,21.04550037791188,-3.8883233725035016,2.187511900025869,-1.7775095863284305,0.07548443500073805,0.26338736786134126,FALSE,-3.8883233725035016,N.S.,Not significant,FALSE,,,N.S.
Protein-Anabolism,Protein Synthesis & Translation,Ribosomal Structural Proteins,LOC126320549,60S acidic ribosomal protein P2-like,60S acidic ribosomal protein P2-like,protein_coding,NW_026062105.1,ptg000728l,unplaced-scaffold,na,na,Unplaced scaffold,infected_diet33_vs50,Infected: diet 50 vs 33,Diet comparison among infected,"50
vs
33",1,-1,Infected diet 50,Infected diet 33,inf33 vs inf50_log2FC,inf33 vs inf50_padj,TRUE,Unplaced scaffold,21.04550037791188,-5.382201977616954,1.9532446199925653,-2.7555186495982467,0.00585991637504905,0.01305226481931708,TRUE,5.382201977616954,Upregulated,Infected diet 50,FALSE,,,N.S.
Protein-Anabolism,Protein Synthesis & Translation,Ribosomal Structural Proteins,LOC126320549,60S acidic ribosomal protein P2-like,60S acidic ribosomal protein P2-like,protein_coding,NW_026062105.1,ptg000728l,unplaced-scaffold,na,na,Unplaced scaffold,infected_diet83_vs33,Infected: diet 83 vs 33,Diet comparison among infected,"83
vs
33",2,1,Infected diet 83,Infected diet 33,inf83 vs inf33_log2FC,inf83 vs inf33_padj,TRUE,Unplaced scaffold,21.04550037791188,2.844041921255695,2.195707139863791,1.295273795681205,0.19522579549966143,0.23790413756113712,FALSE,2.844041921255695,N.S.,Not significant,FALSE,,,N.S.
Protein-Anabolism,Protein Synthesis & Translation,Ribosomal Structural Proteins,LOC126320549,60S acidic ribosomal protein P2-like,60S acidic ribosomal protein P2-like,protein_coding,NW_026062105.1,ptg000728l,unplaced-scaffold,na,na,Unplaced scaffold,infected_diet83_vs50,Infected: diet 83 vs 50,Diet comparison among infected,"83
vs
50",3,1,Infected diet 83,Infected diet 50,inf83 vs inf50_log2FC,inf83 vs inf50_padj,TRUE,Unplaced scaffold,21.04550037791188,-2.5381600563612587,2.1064777376728228,-1.2049308715530724,0.22822998963189708,0.8410735678958844,FALSE,-2.5381600563612587,N.S.,Not significant,FALSE,,,N.S.
Protein-Anabolism,Protein Synthesis & Translation,Ribosomal Structural Proteins,LOC126320549,60S acidic ribosomal protein P2-like,60S acidic ribosomal protein P2-like,protein_coding,NW_026062105.1,ptg000728l,unplaced-scaffold,na,na,Unplaced scaffold,infection_diet33,Diet 33: infected vs control,Within-diet infection response,33,1,1,Infected diet 33,Control diet 33,Diet 33 log2FC,Diet 33 padj,TRUE,Unplaced scaffold,21.04550037791188,-5.2796213193925645,2.073631340022303,-2.546075195476057,0.01089417181610617,0.04072230492333661,TRUE,-5.2796213193925645,Downregulated,Control diet 33,FALSE,,,N.S.
Protein-Anabolism,Protein Synthesis & Translation,Ribosomal Structural Proteins,LOC126320549,60S acidic ribosomal protein P2-like,60S acidic ribosomal protein P2-like,protein_coding,NW_026062105.1,ptg000728l,unplaced-scaffold,na,na,Unplaced scaffold,infection_diet50,Diet 50: infected vs control,Within-diet infection response,50,2,1,Infected diet 50,Control diet 50,Diet 50 log2FC,Diet 50 padj,TRUE,Unplaced scaffold,21.04550037791188,-2.457476340460729,2.0649892185920153,-1.190067395187819,0.23401990403656228,0.8147311843699152,FALSE,-2.457476340460729,N.S.,Not significant,FALSE,,,N.S.
Protein-Anabolism,Protein Synthesis & Translation,Ribosomal Structural Proteins,LOC126320549,60S acidic ribosomal protein P2-like,60S acidic ribosomal protein P2-like,protein_coding,NW_026062105.1,ptg000728l,unplaced-scaffold,na,na,Unplaced scaffold,infection_diet83,Diet 83: infected vs control,Within-diet infection response,83,3,1,Infected diet 83,Control diet 83,Diet 83 log2FC,Diet 83 padj,TRUE,Unplaced scaffold,21.04550037791188,-1.107313024318486,2.226718729243714,-0.4972846411969488,0.618988340975537,1,FALSE,-1.107313024318486,N.S.,Not significant,FALSE,,,N.S.
Protein-Anabolism,Protein Synthesis & Translation,Ribosomal Structural Proteins,LOC126322380,40S ribosomal protein S18-like,40S ribosomal protein S18-like,protein_coding,NW_026062176.1,ptg000808l,unplaced-scaffold,na,na,Unplaced scaffold,control_diet33_vs50,Control: diet 50 vs 33,Diet comparison among controls,"50
vs
33",1,-1,Control diet 50,Control diet 33,cont33 vs cont50_log2FC,cont33 vs cont50_padj,FALSE,Unplaced scaffold,14.407200031889197,-1.7663016189781238,2.185962242105442,-0.8080201866967676,0.4190789613920228,0.4693688003947801,FALSE,1.7663016189781238,N.S.,Not significant,FALSE,,,N.S.
Protein-Anabolism,Protein Synthesis & Translation,Ribosomal Structural Proteins,LOC126322380,40S ribosomal protein S18-like,40S ribosomal protein S18-like,protein_coding,NW_026062176.1,ptg000808l,unplaced-scaffold,na,na,Unplaced scaffold,control_diet83_vs33,Control: diet 83 vs 33,Diet comparison among controls,"83
vs
33",2,1,Control diet 83,Control diet 33,cont83 vs cont33_log2FC,cont83 vs cont33_padj,FALSE,Unplaced scaffold,14.407200031889197,-1.2300469603807571,2.112955366237383,-0.5821452644175569,0.5604688382793717,0.9930597908525568,FALSE,-1.2300469603807571,N.S.,Not significant,FALSE,,,N.S.
Protein-Anabolism,Protein Synthesis & Translation,Ribosomal Structural Proteins,LOC126322380,40S ribosomal protein S18-like,40S ribosomal protein S18-like,protein_coding,NW_026062176.1,ptg000808l,unplaced-scaffold,na,na,Unplaced scaffold,control_diet83_vs50,Control: diet 83 vs 50,Diet comparison among controls,"83
vs
50",3,1,Control diet 83,Control diet 50,cont83 vs cont50_log2FC,cont83 vs cont50_padj,FALSE,Unplaced scaffold,14.407200031889197,-2.996348579358881,2.1943375538250316,-1.365491181671587,0.17209872282963942,0.26740968261892134,FALSE,-2.996348579358881,N.S.,Not significant,FALSE,,,N.S.
Protein-Anabolism,Protein Synthesis & Translation,Ribosomal Structural Proteins,LOC126322380,40S ribosomal protein S18-like,40S ribosomal protein S18-like,protein_coding,NW_026062176.1,ptg000808l,unplaced-scaffold,na,na,Unplaced scaffold,infected_diet33_vs50,Infected: diet 50 vs 33,Diet comparison among infected,"50
vs
33",1,-1,Infected diet 50,Infected diet 33,inf33 vs inf50_log2FC,inf33 vs inf50_padj,TRUE,Unplaced scaffold,14.407200031889197,-5.5292277344799965,1.9661413598202624,-2.81222288868663,0.00492003970644255,0.01202929666317579,TRUE,5.5292277344799965,Upregulated,Infected diet 50,FALSE,,,N.S.
Protein-Anabolism,Protein Synthesis & Translation,Ribosomal Structural Proteins,LOC126322380,40S ribosomal protein S18-like,40S ribosomal protein S18-like,protein_coding,NW_026062176.1,ptg000808l,unplaced-scaffold,na,na,Unplaced scaffold,infected_diet83_vs33,Infected: diet 83 vs 33,Diet comparison among infected,"83
vs
33",2,1,Infected diet 83,Infected diet 33,inf83 vs inf33_log2FC,inf83 vs inf33_padj,TRUE,Unplaced scaffold,14.407200031889197,3.951620178503646,2.1896671011786335,1.8046671004814407,0.07112679101253153,0.1302778674092631,FALSE,3.951620178503646,N.S.,Not significant,FALSE,,,N.S.
Protein-Anabolism,Protein Synthesis & Translation,Ribosomal Structural Proteins,LOC126322380,40S ribosomal protein S18-like,40S ribosomal protein S18-like,protein_coding,NW_026062176.1,ptg000808l,unplaced-scaffold,na,na,Unplaced scaffold,infected_diet83_vs50,Infected: diet 83 vs 50,Diet comparison among infected,"83
vs
50",3,1,Infected diet 83,Infected diet 50,inf83 vs inf50_log2FC,inf83 vs inf50_padj,TRUE,Unplaced scaffold,14.407200031889197,-1.5776075559763496,2.0927609955643107,-0.7538402900857532,0.45094512788294633,0.8410735678958844,FALSE,-1.5776075559763496,N.S.,Not significant,FALSE,,,N.S.
Protein-Anabolism,Protein Synthesis & Translation,Ribosomal Structural Proteins,LOC126322380,40S ribosomal protein S18-like,40S ribosomal protein S18-like,protein_coding,NW_026062176.1,ptg000808l,unplaced-scaffold,na,na,Unplaced scaffold,infection_diet33,Diet 33: infected vs control,Within-diet infection response,33,1,1,Infected diet 33,Control diet 33,Diet 33 log2FC,Diet 33 padj,TRUE,Unplaced scaffold,14.407200031889197,-5.332322070379315,2.0866958666417785,-2.5553901532190606,0.0106068833806273,0.04018004430102914,TRUE,-5.332322070379315,Downregulated,Control diet 33,FALSE,,,N.S.
Protein-Anabolism,Protein Synthesis & Translation,Ribosomal Structural Proteins,LOC126322380,40S ribosomal protein S18-like,40S ribosomal protein S18-like,protein_coding,NW_026062176.1,ptg000808l,unplaced-scaffold,na,na,Unplaced scaffold,infection_diet50,Diet 50: infected vs control,Within-diet infection response,50,2,1,Infected diet 50,Control diet 50,Diet 50 log2FC,Diet 50 padj,TRUE,Unplaced scaffold,14.407200031889197,-1.569395954877443,2.071193648804148,-0.7577253608244553,0.4486154133783076,0.8147311843699152,FALSE,-1.569395954877443,N.S.,Not significant,FALSE,,,N.S.
Protein-Anabolism,Protein Synthesis & Translation,Ribosomal Structural Proteins,LOC126322380,40S ribosomal protein S18-like,40S ribosomal protein S18-like,protein_coding,NW_026062176.1,ptg000808l,unplaced-scaffold,na,na,Unplaced scaffold,infection_diet83,Diet 83: infected vs control,Within-diet infection response,83,3,1,Infected diet 83,Control diet 83,Diet 83 log2FC,Diet 83 padj,TRUE,Unplaced scaffold,14.407200031889197,-0.15065493149491158,2.2147060197316284,-0.06802479884583847,0.9457658933801952,1,FALSE,-0.15065493149491158,N.S.,Not significant,FALSE,,,N.S.
Protein-Anabolism,Protein Synthesis & Translation,Ribosomal Structural Proteins,LOC126322397,60S ribosomal protein L19-like,60S ribosomal protein L19-like,protein_coding,NW_026062176.1,ptg000808l,unplaced-scaffold,na,na,Unplaced scaffold,control_diet33_vs50,Control: diet 50 vs 33,Diet comparison among controls,"50
vs
33",1,-1,Control diet 50,Control diet 33,cont33 vs cont50_log2FC,cont33 vs cont50_padj,FALSE,Unplaced scaffold,24.85665636666586,-2.2910910435144407,2.1871594600004727,-1.0475189785723011,0.2948602836876661,0.44644723317239354,FALSE,2.2910910435144407,N.S.,Not significant,FALSE,,,N.S.
Protein-Anabolism,Protein Synthesis & Translation,Ribosomal Structural Proteins,LOC126322397,60S ribosomal protein L19-like,60S ribosomal protein L19-like,protein_coding,NW_026062176.1,ptg000808l,unplaced-scaffold,na,na,Unplaced scaffold,control_diet83_vs33,Control: diet 83 vs 33,Diet comparison among controls,"83
vs
33",2,1,Control diet 83,Control diet 33,cont83 vs cont33_log2FC,cont83 vs cont33_padj,FALSE,Unplaced scaffold,24.85665636666586,-1.7315575653945117,2.1137195237790025,-0.8191993052601205,0.4126727112284666,0.9930597908525568,FALSE,-1.7315575653945117,N.S.,Not significant,FALSE,,,N.S.
Protein-Anabolism,Protein Synthesis & Translation,Ribosomal Structural Proteins,LOC126322397,60S ribosomal protein L19-like,60S ribosomal protein L19-like,protein_coding,NW_026062176.1,ptg000808l,unplaced-scaffold,na,na,Unplaced scaffold,control_diet83_vs50,Control: diet 83 vs 50,Diet comparison among controls,"83
vs
50",3,1,Control diet 83,Control diet 50,cont83 vs cont50_log2FC,cont83 vs cont50_padj,FALSE,Unplaced scaffold,24.85665636666586,-4.022648608908953,2.1962434304147607,-1.831604162453556,0.06701041622557356,0.26338736786134126,FALSE,-4.022648608908953,N.S.,Not significant,FALSE,,,N.S.
Protein-Anabolism,Protein Synthesis & Translation,Ribosomal Structural Proteins,LOC126322397,60S ribosomal protein L19-like,60S ribosomal protein L19-like,protein_coding,NW_026062176.1,ptg000808l,unplaced-scaffold,na,na,Unplaced scaffold,infected_diet33_vs50,Infected: diet 50 vs 33,Diet comparison among infected,"50
vs
33",1,-1,Infected diet 50,Infected diet 33,inf33 vs inf50_log2FC,inf33 vs inf50_padj,TRUE,Unplaced scaffold,24.85665636666586,-6.383772862247024,1.9749715568249728,-3.232336607677419,0.00122782330287282,0.00732460108265514,TRUE,6.383772862247024,Upregulated,Infected diet 50,FALSE,,,N.S.
Protein-Anabolism,Protein Synthesis & Translation,Ribosomal Structural Proteins,LOC126322397,60S ribosomal protein L19-like,60S ribosomal protein L19-like,protein_coding,NW_026062176.1,ptg000808l,unplaced-scaffold,na,na,Unplaced scaffold,infected_diet83_vs33,Infected: diet 83 vs 33,Diet comparison among infected,"83
vs
33",2,1,Infected diet 83,Infected diet 33,inf83 vs inf33_log2FC,inf83 vs inf33_padj,TRUE,Unplaced scaffold,24.85665636666586,4.662993440821882,2.1962082637683724,2.123201846450057,0.03373694131672905,0.11224604693826155,FALSE,4.662993440821882,N.S.,Not significant,FALSE,,,N.S.
Protein-Anabolism,Protein Synthesis & Translation,Ribosomal Structural Proteins,LOC126322397,60S ribosomal protein L19-like,60S ribosomal protein L19-like,protein_coding,NW_026062176.1,ptg000808l,unplaced-scaffold,na,na,Unplaced scaffold,infected_diet83_vs50,Infected: diet 83 vs 50,Diet comparison among infected,"83
vs
50",3,1,Infected diet 83,Infected diet 50,inf83 vs inf50_log2FC,inf83 vs inf50_padj,TRUE,Unplaced scaffold,24.85665636666586,-1.720779421425141,2.091916145479665,-0.8225852767299024,0.4107438741474942,0.8410735678958844,FALSE,-1.720779421425141,N.S.,Not significant,FALSE,,,N.S.
Protein-Anabolism,Protein Synthesis & Translation,Ribosomal Structural Proteins,LOC126322397,60S ribosomal protein L19-like,60S ribosomal protein L19-like,protein_coding,NW_026062176.1,ptg000808l,unplaced-scaffold,na,na,Unplaced scaffold,infection_diet33,Diet 33: infected vs control,Within-diet infection response,33,1,1,Infected diet 33,Control diet 33,Diet 33 log2FC,Diet 33 padj,TRUE,Unplaced scaffold,24.85665636666586,-6.434481376210127,2.0947221476162112,-3.071758888658599,0.00212801539783335,0.02197485303005554,TRUE,-6.434481376210127,Downregulated,Control diet 33,FALSE,,,N.S.
Protein-Anabolism,Protein Synthesis & Translation,Ribosomal Structural Proteins,LOC126322397,60S ribosomal protein L19-like,60S ribosomal protein L19-like,protein_coding,NW_026062176.1,ptg000808l,unplaced-scaffold,na,na,Unplaced scaffold,infection_diet50,Diet 50: infected vs control,Within-diet infection response,50,2,1,Infected diet 50,Control diet 50,Diet 50 log2FC,Diet 50 padj,TRUE,Unplaced scaffold,24.85665636666586,-2.3417995574775445,2.0727562032287694,-1.1297998065714054,0.2585605897475224,0.8147311843699152,FALSE,-2.3417995574775445,N.S.,Not significant,FALSE,,,N.S.
Protein-Anabolism,Protein Synthesis & Translation,Ribosomal Structural Proteins,LOC126322397,60S ribosomal protein L19-like,60S ribosomal protein L19-like,protein_coding,NW_026062176.1,ptg000808l,unplaced-scaffold,na,na,Unplaced scaffold,infection_diet83,Diet 83: infected vs control,Within-diet infection response,83,3,1,Infected diet 83,Control diet 83,Diet 83 log2FC,Diet 83 padj,TRUE,Unplaced scaffold,24.85665636666586,-0.03993036999373297,2.2143351343767166,-0.01803266785313075,0.9856127924658872,1,FALSE,-0.03993036999373297,N.S.,Not significant,FALSE,,,N.S.
Protein-Anabolism,Protein Synthesis & Translation,Ribosomal Structural Proteins,LOC126322686,50S ribosomal protein L17-like,50S ribosomal protein L17-like,protein_coding,NW_026062196.1,ptg000831l,unplaced-scaffold,na,na,Unplaced scaffold,control_diet33_vs50,Control: diet 50 vs 33,Diet comparison among controls,"50
vs
33",1,-1,Control diet 50,Control diet 33,cont33 vs cont50_log2FC,cont33 vs cont50_padj,FALSE,Unplaced scaffold,4.807845280815423,-3.109102879668928,2.174665524448666,-1.429692449121419,0.1528053083865823,0.44644723317239354,FALSE,3.109102879668928,N.S.,Not significant,FALSE,,,N.S.
Protein-Anabolism,Protein Synthesis & Translation,Ribosomal Structural Proteins,LOC126322686,50S ribosomal protein L17-like,50S ribosomal protein L17-like,protein_coding,NW_026062196.1,ptg000831l,unplaced-scaffold,na,na,Unplaced scaffold,control_diet83_vs33,Control: diet 83 vs 33,Diet comparison among controls,"83
vs
33",2,1,Control diet 83,Control diet 33,cont83 vs cont33_log2FC,cont83 vs cont33_padj,FALSE,Unplaced scaffold,4.807845280815423,-1.6732158750462511,2.213914912849229,-0.7557724397334143,0.449785643456513,0.9930597908525568,FALSE,-1.6732158750462511,N.S.,Not significant,FALSE,,,N.S.
Protein-Anabolism,Protein Synthesis & Translation,Ribosomal Structural Proteins,LOC126322686,50S ribosomal protein L17-like,50S ribosomal protein L17-like,protein_coding,NW_026062196.1,ptg000831l,unplaced-scaffold,na,na,Unplaced scaffold,control_diet83_vs50,Control: diet 83 vs 50,Diet comparison among controls,"83
vs
50",3,1,Control diet 83,Control diet 50,cont83 vs cont50_log2FC,cont83 vs cont50_padj,FALSE,Unplaced scaffold,4.807845280815423,-4.782318754715179,2.2560297949277546,-2.119794146986576,0.03402340912409256,0.26338736786134126,FALSE,-4.782318754715179,N.S.,Not significant,FALSE,,,N.S.
Protein-Anabolism,Protein Synthesis & Translation,Ribosomal Structural Proteins,LOC126322686,50S ribosomal protein L17-like,50S ribosomal protein L17-like,protein_coding,NW_026062196.1,ptg000831l,unplaced-scaffold,na,na,Unplaced scaffold,infected_diet33_vs50,Infected: diet 50 vs 33,Diet comparison among infected,"50
vs
33",1,-1,Infected diet 50,Infected diet 33,inf33 vs inf50_log2FC,inf33 vs inf50_padj,TRUE,Unplaced scaffold,4.807845280815423,-4.957458055762858,1.9342224428290085,-2.56302374845369,0.0103764950628597,0.01790359354263359,TRUE,4.957458055762858,Upregulated,Infected diet 50,FALSE,,,N.S.
Protein-Anabolism,Protein Synthesis & Translation,Ribosomal Structural Proteins,LOC126322686,50S ribosomal protein L17-like,50S ribosomal protein L17-like,protein_coding,NW_026062196.1,ptg000831l,unplaced-scaffold,na,na,Unplaced scaffold,infected_diet83_vs33,Infected: diet 83 vs 33,Diet comparison among infected,"83
vs
33",2,1,Infected diet 83,Infected diet 33,inf83 vs inf33_log2FC,inf83 vs inf33_padj,TRUE,Unplaced scaffold,4.807845280815423,3.527739516725479,2.161970601235124,1.631724092228681,0.10273762238377754,0.15351295565432227,FALSE,3.527739516725479,N.S.,Not significant,FALSE,,,N.S.
Protein-Anabolism,Protein Synthesis & Translation,Ribosomal Structural Proteins,LOC126322686,50S ribosomal protein L17-like,50S ribosomal protein L17-like,protein_coding,NW_026062196.1,ptg000831l,unplaced-scaffold,na,na,Unplaced scaffold,infected_diet83_vs50,Infected: diet 83 vs 50,Diet comparison among infected,"83
vs
50",3,1,Infected diet 83,Infected diet 50,inf83 vs inf50_log2FC,inf83 vs inf50_padj,TRUE,Unplaced scaffold,4.807845280815423,-1.4297185390373797,2.062494849922772,-0.6931985983339131,0.4881849276946679,0.8410735678958844,FALSE,-1.4297185390373797,N.S.,Not significant,FALSE,,,N.S.
Protein-Anabolism,Protein Synthesis & Translation,Ribosomal Structural Proteins,LOC126322686,50S ribosomal protein L17-like,50S ribosomal protein L17-like,protein_coding,NW_026062196.1,ptg000831l,unplaced-scaffold,na,na,Unplaced scaffold,infection_diet33,Diet 33: infected vs control,Within-diet infection response,33,1,1,Infected diet 33,Control diet 33,Diet 33 log2FC,Diet 33 padj,TRUE,Unplaced scaffold,4.807845280815423,-2.440995400900827,2.0859490983663123,-1.1702085169827885,0.24191706619605505,,FALSE,-2.440995400900827,N.S.,Not significant,FALSE,,,N.S.
Protein-Anabolism,Protein Synthesis & Translation,Ribosomal Structural Proteins,LOC126322686,50S ribosomal protein L17-like,50S ribosomal protein L17-like,protein_coding,NW_026062196.1,ptg000831l,unplaced-scaffold,na,na,Unplaced scaffold,infection_diet50,Diet 50: infected vs control,Within-diet infection response,50,2,1,Infected diet 50,Control diet 50,Diet 50 log2FC,Diet 50 padj,TRUE,Unplaced scaffold,4.807845280815423,-0.5926402248068966,2.0295819669561954,-0.292001128535691,0.7702857611100998,0.898130585726269,FALSE,-0.5926402248068966,N.S.,Not significant,FALSE,,,N.S.
Protein-Anabolism,Protein Synthesis & Translation,Ribosomal Structural Proteins,LOC126322686,50S ribosomal protein L17-like,50S ribosomal protein L17-like,protein_coding,NW_026062196.1,ptg000831l,unplaced-scaffold,na,na,Unplaced scaffold,infection_diet83,Diet 83: infected vs control,Within-diet infection response,83,3,1,Infected diet 83,Control diet 83,Diet 83 log2FC,Diet 83 padj,TRUE,Unplaced scaffold,4.807845280815423,2.7599599908709025,2.285684247871071,1.2074983644138864,0.22724027457419424,1,FALSE,2.7599599908709025,N.S.,Not significant,FALSE,,,N.S.
Protein-Anabolism,Protein Synthesis & Translation,Ribosomal Structural Proteins,LOC126322727,30S ribosomal protein S5-like,30S ribosomal protein S5-like,protein_coding,NW_026062196.1,ptg000831l,unplaced-scaffold,na,na,Unplaced scaffold,control_diet33_vs50,Control: diet 50 vs 33,Diet comparison among controls,"50
vs
33",1,-1,Control diet 50,Control diet 33,cont33 vs cont50_log2FC,cont33 vs cont50_padj,FALSE,Unplaced scaffold,8.351573276198659,-2.522506869457664,2.267165390199451,-1.1126258720964992,0.2658691440792174,0.44644723317239354,FALSE,2.522506869457664,N.S.,Not significant,FALSE,,,N.S.
Protein-Anabolism,Protein Synthesis & Translation,Ribosomal Structural Proteins,LOC126322727,30S ribosomal protein S5-like,30S ribosomal protein S5-like,protein_coding,NW_026062196.1,ptg000831l,unplaced-scaffold,na,na,Unplaced scaffold,control_diet83_vs33,Control: diet 83 vs 33,Diet comparison among controls,"83
vs
33",2,1,Control diet 83,Control diet 33,cont83 vs cont33_log2FC,cont83 vs cont33_padj,FALSE,Unplaced scaffold,8.351573276198659,-1.309548899067404,2.212448263404053,-0.591900348915976,0.5539173201585695,0.9930597908525568,FALSE,-1.309548899067404,N.S.,Not significant,FALSE,,,N.S.
Protein-Anabolism,Protein Synthesis & Translation,Ribosomal Structural Proteins,LOC126322727,30S ribosomal protein S5-like,30S ribosomal protein S5-like,protein_coding,NW_026062196.1,ptg000831l,unplaced-scaffold,na,na,Unplaced scaffold,control_diet83_vs50,Control: diet 83 vs 50,Diet comparison among controls,"83
vs
50",3,1,Control diet 83,Control diet 50,cont83 vs cont50_log2FC,cont83 vs cont50_padj,FALSE,Unplaced scaffold,8.351573276198659,-3.832055768525068,2.289412227102403,-1.6738164159169855,0.0941666850677342,0.26338736786134126,FALSE,-3.832055768525068,N.S.,Not significant,FALSE,,,N.S.
Protein-Anabolism,Protein Synthesis & Translation,Ribosomal Structural Proteins,LOC126322727,30S ribosomal protein S5-like,30S ribosomal protein S5-like,protein_coding,NW_026062196.1,ptg000831l,unplaced-scaffold,na,na,Unplaced scaffold,infected_diet33_vs50,Infected: diet 50 vs 33,Diet comparison among infected,"50
vs
33",1,-1,Infected diet 50,Infected diet 33,inf33 vs inf50_log2FC,inf33 vs inf50_padj,TRUE,Unplaced scaffold,8.351573276198659,-5.524400094076364,2.035775067368167,-2.7136593735860326,0.00665445505805283,0.01386276042364351,TRUE,5.524400094076364,Upregulated,Infected diet 50,FALSE,,,N.S.
Protein-Anabolism,Protein Synthesis & Translation,Ribosomal Structural Proteins,LOC126322727,30S ribosomal protein S5-like,30S ribosomal protein S5-like,protein_coding,NW_026062196.1,ptg000831l,unplaced-scaffold,na,na,Unplaced scaffold,infected_diet83_vs33,Infected: diet 83 vs 33,Diet comparison among infected,"83
vs
33",2,1,Infected diet 83,Infected diet 33,inf83 vs inf33_log2FC,inf83 vs inf33_padj,TRUE,Unplaced scaffold,8.351573276198659,4.649498573630294,2.2645746740507735,2.0531442954422303,0.04005858504305255,0.11425734147295027,FALSE,4.649498573630294,N.S.,Not significant,FALSE,,,N.S.
Protein-Anabolism,Protein Synthesis & Translation,Ribosomal Structural Proteins,LOC126322727,30S ribosomal protein S5-like,30S ribosomal protein S5-like,protein_coding,NW_026062196.1,ptg000831l,unplaced-scaffold,na,na,Unplaced scaffold,infected_diet83_vs50,Infected: diet 83 vs 50,Diet comparison among infected,"83
vs
50",3,1,Infected diet 83,Infected diet 50,inf83 vs inf50_log2FC,inf83 vs inf50_padj,TRUE,Unplaced scaffold,8.351573276198659,-0.8749015204460704,2.168349696810558,-0.4034872796269761,0.6865897906630656,0.8410735678958844,FALSE,-0.8749015204460704,N.S.,Not significant,FALSE,,,N.S.
Protein-Anabolism,Protein Synthesis & Translation,Ribosomal Structural Proteins,LOC126322727,30S ribosomal protein S5-like,30S ribosomal protein S5-like,protein_coding,NW_026062196.1,ptg000831l,unplaced-scaffold,na,na,Unplaced scaffold,infection_diet33,Diet 33: infected vs control,Within-diet infection response,33,1,1,Infected diet 33,Control diet 33,Diet 33 log2FC,Diet 33 padj,TRUE,Unplaced scaffold,8.351573276198659,-4.853179432346076,2.163850277949406,-2.2428443787456676,0.02490685156058515,0.05792157196030752,FALSE,-4.853179432346076,N.S.,Not significant,FALSE,,,N.S.
Protein-Anabolism,Protein Synthesis & Translation,Ribosomal Structural Proteins,LOC126322727,30S ribosomal protein S5-like,30S ribosomal protein S5-like,protein_coding,NW_026062196.1,ptg000831l,unplaced-scaffold,na,na,Unplaced scaffold,infection_diet50,Diet 50: infected vs control,Within-diet infection response,50,2,1,Infected diet 50,Control diet 50,Diet 50 log2FC,Diet 50 padj,TRUE,Unplaced scaffold,8.351573276198659,-1.851286207727377,2.145267117646278,-0.8629630280067649,0.3881577949795777,0.8147311843699152,FALSE,-1.851286207727377,N.S.,Not significant,FALSE,,,N.S.
Protein-Anabolism,Protein Synthesis & Translation,Ribosomal Structural Proteins,LOC126322727,30S ribosomal protein S5-like,30S ribosomal protein S5-like,protein_coding,NW_026062196.1,ptg000831l,unplaced-scaffold,na,na,Unplaced scaffold,infection_diet83,Diet 83: infected vs control,Within-diet infection response,83,3,1,Infected diet 83,Control diet 83,Diet 83 log2FC,Diet 83 padj,TRUE,Unplaced scaffold,8.351573276198659,1.1058680403516208,2.311055548274436,0.47851209858513527,0.6322857652422458,1,FALSE,1.1058680403516208,N.S.,Not significant,FALSE,,,N.S.
Protein-Anabolism,Protein Synthesis & Translation,Ribosomal Structural Proteins,LOC126322728,60S ribosomal protein L18-like,60S ribosomal protein L18-like,protein_coding,NW_026062196.1,ptg000831l,unplaced-scaffold,na,na,Unplaced scaffold,control_diet33_vs50,Control: diet 50 vs 33,Diet comparison among controls,"50
vs
33",1,-1,Control diet 50,Control diet 33,cont33 vs cont50_log2FC,cont33 vs cont50_padj,FALSE,Unplaced scaffold,14.160339955319287,-2.6598174479653407,2.396136383579434,-1.1100442638377748,0.26697995294383364,0.44644723317239354,FALSE,2.6598174479653407,N.S.,Not significant,FALSE,,,N.S.
Protein-Anabolism,Protein Synthesis & Translation,Ribosomal Structural Proteins,LOC126322728,60S ribosomal protein L18-like,60S ribosomal protein L18-like,protein_coding,NW_026062196.1,ptg000831l,unplaced-scaffold,na,na,Unplaced scaffold,control_diet83_vs33,Control: diet 83 vs 33,Diet comparison among controls,"83
vs
33",2,1,Control diet 83,Control diet 33,cont83 vs cont33_log2FC,cont83 vs cont33_padj,FALSE,Unplaced scaffold,14.160339955319287,-2.407816520238803,2.3392065962820565,-1.029330425138932,0.30332443083603206,0.9930597908525568,FALSE,-2.407816520238803,N.S.,Not significant,FALSE,,,N.S.
Protein-Anabolism,Protein Synthesis & Translation,Ribosomal Structural Proteins,LOC126322728,60S ribosomal protein L18-like,60S ribosomal protein L18-like,protein_coding,NW_026062196.1,ptg000831l,unplaced-scaffold,na,na,Unplaced scaffold,control_diet83_vs50,Control: diet 83 vs 50,Diet comparison among controls,"83
vs
50",3,1,Control diet 83,Control diet 50,cont83 vs cont50_log2FC,cont83 vs cont50_padj,FALSE,Unplaced scaffold,14.160339955319287,-5.067633968204143,2.426362816401716,-2.088572217620537,0.03674624825484055,0.26338736786134126,FALSE,-5.067633968204143,N.S.,Not significant,FALSE,,,N.S.
Protein-Anabolism,Protein Synthesis & Translation,Ribosomal Structural Proteins,LOC126322728,60S ribosomal protein L18-like,60S ribosomal protein L18-like,protein_coding,NW_026062196.1,ptg000831l,unplaced-scaffold,na,na,Unplaced scaffold,infected_diet33_vs50,Infected: diet 50 vs 33,Diet comparison among infected,"50
vs
33",1,-1,Infected diet 50,Infected diet 33,inf33 vs inf50_log2FC,inf33 vs inf50_padj,TRUE,Unplaced scaffold,14.160339955319287,-5.972192645302868,2.1429098966643307,-2.78695462399013,0.00532059285641327,0.01246742540250023,TRUE,5.972192645302868,Upregulated,Infected diet 50,FALSE,,,N.S.
Protein-Anabolism,Protein Synthesis & Translation,Ribosomal Structural Proteins,LOC126322728,60S ribosomal protein L18-like,60S ribosomal protein L18-like,protein_coding,NW_026062196.1,ptg000831l,unplaced-scaffold,na,na,Unplaced scaffold,infected_diet83_vs33,Infected: diet 83 vs 33,Diet comparison among infected,"83
vs
33",2,1,Infected diet 83,Infected diet 33,inf83 vs inf33_log2FC,inf83 vs inf33_padj,TRUE,Unplaced scaffold,14.160339955319287,4.464321454447507,2.393489563622796,1.865193616173655,0.06215427005244324,0.12549448454647688,FALSE,4.464321454447507,N.S.,Not significant,FALSE,,,N.S.
Protein-Anabolism,Protein Synthesis & Translation,Ribosomal Structural Proteins,LOC126322728,60S ribosomal protein L18-like,60S ribosomal protein L18-like,protein_coding,NW_026062196.1,ptg000831l,unplaced-scaffold,na,na,Unplaced scaffold,infected_diet83_vs50,Infected: diet 83 vs 50,Diet comparison among infected,"83
vs
50",3,1,Infected diet 83,Infected diet 50,inf83 vs inf50_log2FC,inf83 vs inf50_padj,TRUE,Unplaced scaffold,14.160339955319287,-1.5078711908553606,2.301498750296077,-0.6551692416349911,0.5123587954363995,0.8410735678958844,FALSE,-1.5078711908553606,N.S.,Not significant,FALSE,,,N.S.
Protein-Anabolism,Protein Synthesis & Translation,Ribosomal Structural Proteins,LOC126322728,60S ribosomal protein L18-like,60S ribosomal protein L18-like,protein_coding,NW_026062196.1,ptg000831l,unplaced-scaffold,na,na,Unplaced scaffold,infection_diet33,Diet 33: infected vs control,Within-diet infection response,33,1,1,Infected diet 33,Control diet 33,Diet 33 log2FC,Diet 33 padj,TRUE,Unplaced scaffold,14.160339955319287,-5.9919860029091385,2.274871333808191,-2.63398897065462,0.00843882291200454,0.03743863897937759,TRUE,-5.9919860029091385,Downregulated,Control diet 33,FALSE,,,N.S.
Protein-Anabolism,Protein Synthesis & Translation,Ribosomal Structural Proteins,LOC126322728,60S ribosomal protein L18-like,60S ribosomal protein L18-like,protein_coding,NW_026062196.1,ptg000831l,unplaced-scaffold,na,na,Unplaced scaffold,infection_diet50,Diet 50: infected vs control,Within-diet infection response,50,2,1,Infected diet 50,Control diet 50,Diet 50 log2FC,Diet 50 padj,TRUE,Unplaced scaffold,14.160339955319287,-2.6796108055716115,2.271231562072173,-1.1798051992227736,0.23807770119569607,0.8147311843699152,FALSE,-2.6796108055716115,N.S.,Not significant,FALSE,,,N.S.
Protein-Anabolism,Protein Synthesis & Translation,Ribosomal Structural Proteins,LOC126322728,60S ribosomal protein L18-like,60S ribosomal protein L18-like,protein_coding,NW_026062196.1,ptg000831l,unplaced-scaffold,na,na,Unplaced scaffold,infection_diet83,Diet 83: infected vs control,Within-diet infection response,83,3,1,Infected diet 83,Control diet 83,Diet 83 log2FC,Diet 83 padj,TRUE,Unplaced scaffold,14.160339955319287,0.8801519717771716,2.454717948335097,0.35855523538829837,0.7199278398308127,1,FALSE,0.8801519717771716,N.S.,Not significant,FALSE,,,N.S.
Protein-Anabolism,Protein Synthesis & Translation,Ribosomal Structural Proteins,LOC126323761,60S ribosomal protein L14-like,60S ribosomal protein L14-like,protein_coding,NW_026062229.1,ptg000867l,unplaced-scaffold,na,na,Unplaced scaffold,control_diet33_vs50,Control: diet 50 vs 33,Diet comparison among controls,"50
vs
33",1,-1,Control diet 50,Control diet 33,cont33 vs cont50_log2FC,cont33 vs cont50_padj,FALSE,Unplaced scaffold,20.389059213676447,-2.4493056673232947,2.131684401224538,-1.149000136191033,0.2505559245026963,0.44644723317239354,FALSE,2.4493056673232947,N.S.,Not significant,FALSE,,,N.S.
Protein-Anabolism,Protein Synthesis & Translation,Ribosomal Structural Proteins,LOC126323761,60S ribosomal protein L14-like,60S ribosomal protein L14-like,protein_coding,NW_026062229.1,ptg000867l,unplaced-scaffold,na,na,Unplaced scaffold,control_diet83_vs33,Control: diet 83 vs 33,Diet comparison among controls,"83
vs
33",2,1,Control diet 83,Control diet 33,cont83 vs cont33_log2FC,cont83 vs cont33_padj,FALSE,Unplaced scaffold,20.389059213676447,-1.928461755792244,2.0667198010705135,-0.9331026657766308,0.3507669628836393,0.9930597908525568,FALSE,-1.928461755792244,N.S.,Not significant,FALSE,,,N.S.
Protein-Anabolism,Protein Synthesis & Translation,Ribosomal Structural Proteins,LOC126323761,60S ribosomal protein L14-like,60S ribosomal protein L14-like,protein_coding,NW_026062229.1,ptg000867l,unplaced-scaffold,na,na,Unplaced scaffold,control_diet83_vs50,Control: diet 83 vs 50,Diet comparison among controls,"83
vs
50",3,1,Control diet 83,Control diet 50,cont83 vs cont50_log2FC,cont83 vs cont50_padj,FALSE,Unplaced scaffold,20.389059213676447,-4.377767423115539,2.1458867071954,-2.040073881084398,0.04134296771768122,0.26338736786134126,FALSE,-4.377767423115539,N.S.,Not significant,FALSE,,,N.S.
Protein-Anabolism,Protein Synthesis & Translation,Ribosomal Structural Proteins,LOC126323761,60S ribosomal protein L14-like,60S ribosomal protein L14-like,protein_coding,NW_026062229.1,ptg000867l,unplaced-scaffold,na,na,Unplaced scaffold,infected_diet33_vs50,Infected: diet 50 vs 33,Diet comparison among infected,"50
vs
33",1,-1,Infected diet 50,Infected diet 33,inf33 vs inf50_log2FC,inf33 vs inf50_padj,TRUE,Unplaced scaffold,20.389059213676447,-5.548589394805106,1.9293529163883272,-2.8758810001395942,0.00402901575669979,0.01104701363610121,TRUE,5.548589394805106,Upregulated,Infected diet 50,FALSE,,,N.S.
Protein-Anabolism,Protein Synthesis & Translation,Ribosomal Structural Proteins,LOC126323761,60S ribosomal protein L14-like,60S ribosomal protein L14-like,protein_coding,NW_026062229.1,ptg000867l,unplaced-scaffold,na,na,Unplaced scaffold,infected_diet83_vs33,Infected: diet 83 vs 33,Diet comparison among infected,"83
vs
33",2,1,Infected diet 83,Infected diet 33,inf83 vs inf33_log2FC,inf83 vs inf33_padj,TRUE,Unplaced scaffold,20.389059213676447,4.326818403540561,2.1442380252929665,2.017881574947534,0.04360359639596808,0.11566969488539282,FALSE,4.326818403540561,N.S.,Not significant,FALSE,,,N.S.
Protein-Anabolism,Protein Synthesis & Translation,Ribosomal Structural Proteins,LOC126323761,60S ribosomal protein L14-like,60S ribosomal protein L14-like,protein_coding,NW_026062229.1,ptg000867l,unplaced-scaffold,na,na,Unplaced scaffold,infected_diet83_vs50,Infected: diet 83 vs 50,Diet comparison among infected,"83
vs
50",3,1,Infected diet 83,Infected diet 50,inf83 vs inf50_log2FC,inf83 vs inf50_padj,TRUE,Unplaced scaffold,20.389059213676447,-1.2217709912645447,2.041560285220483,-0.5984496270373896,0.5495399606390337,0.8410735678958844,FALSE,-1.2217709912645447,N.S.,Not significant,FALSE,,,N.S.
Protein-Anabolism,Protein Synthesis & Translation,Ribosomal Structural Proteins,LOC126323761,60S ribosomal protein L14-like,60S ribosomal protein L14-like,protein_coding,NW_026062229.1,ptg000867l,unplaced-scaffold,na,na,Unplaced scaffold,infection_diet33,Diet 33: infected vs control,Within-diet infection response,33,1,1,Infected diet 33,Control diet 33,Diet 33 log2FC,Diet 33 padj,TRUE,Unplaced scaffold,20.389059213676447,-5.802347077076292,2.0448435575053083,-2.837550606636679,0.0045461139450258,0.03032756412495618,TRUE,-5.802347077076292,Downregulated,Control diet 33,FALSE,,,N.S.
Protein-Anabolism,Protein Synthesis & Translation,Ribosomal Structural Proteins,LOC126323761,60S ribosomal protein L14-like,60S ribosomal protein L14-like,protein_coding,NW_026062229.1,ptg000867l,unplaced-scaffold,na,na,Unplaced scaffold,infection_diet50,Diet 50: infected vs control,Within-diet infection response,50,2,1,Infected diet 50,Control diet 50,Diet 50 log2FC,Diet 50 padj,TRUE,Unplaced scaffold,20.389059213676447,-2.703063349594481,2.021162014220829,-1.337380838634319,0.18109835581578365,0.8147311843699152,FALSE,-2.703063349594481,N.S.,Not significant,FALSE,,,N.S.
Protein-Anabolism,Protein Synthesis & Translation,Ribosomal Structural Proteins,LOC126323761,60S ribosomal protein L14-like,60S ribosomal protein L14-like,protein_coding,NW_026062229.1,ptg000867l,unplaced-scaffold,na,na,Unplaced scaffold,infection_diet83,Diet 83: infected vs control,Within-diet infection response,83,3,1,Infected diet 83,Control diet 83,Diet 83 log2FC,Diet 83 padj,TRUE,Unplaced scaffold,20.389059213676447,0.45293308225651285,2.165110221346308,0.2091963161001892,0.8342949881312873,1,FALSE,0.45293308225651285,N.S.,Not significant,FALSE,,,N.S.
Protein-Anabolism,Protein Synthesis & Translation,Ribosomal Structural Proteins,LOC126323922,60S ribosomal protein L7a-like,60S ribosomal protein L7a-like,protein_coding,NW_026062236.1,ptg000875l,unplaced-scaffold,na,na,Unplaced scaffold,control_diet33_vs50,Control: diet 50 vs 33,Diet comparison among controls,"50
vs
33",1,-1,Control diet 50,Control diet 33,cont33 vs cont50_log2FC,cont33 vs cont50_padj,FALSE,Unplaced scaffold,28.27523058153688,-2.660434851493663,2.2215236974570862,-1.1975721233759449,0.23108363399260629,0.44644723317239354,FALSE,2.660434851493663,N.S.,Not significant,FALSE,,,N.S.
Protein-Anabolism,Protein Synthesis & Translation,Ribosomal Structural Proteins,LOC126323922,60S ribosomal protein L7a-like,60S ribosomal protein L7a-like,protein_coding,NW_026062236.1,ptg000875l,unplaced-scaffold,na,na,Unplaced scaffold,control_diet83_vs33,Control: diet 83 vs 33,Diet comparison among controls,"83
vs
33",2,1,Control diet 83,Control diet 33,cont83 vs cont33_log2FC,cont83 vs cont33_padj,FALSE,Unplaced scaffold,28.27523058153688,-1.2524692963572537,2.1440359392643766,-0.5841643199259889,0.559109764244117,0.9930597908525568,FALSE,-1.2524692963572537,N.S.,Not significant,FALSE,,,N.S.
Protein-Anabolism,Protein Synthesis & Translation,Ribosomal Structural Proteins,LOC126323922,60S ribosomal protein L7a-like,60S ribosomal protein L7a-like,protein_coding,NW_026062236.1,ptg000875l,unplaced-scaffold,na,na,Unplaced scaffold,control_diet83_vs50,Control: diet 83 vs 50,Diet comparison among controls,"83
vs
50",3,1,Control diet 83,Control diet 50,cont83 vs cont50_log2FC,cont83 vs cont50_padj,FALSE,Unplaced scaffold,28.27523058153688,-3.912904147850916,2.227641546150804,-1.75652324073957,0.07899910665004779,0.26338736786134126,FALSE,-3.912904147850916,N.S.,Not significant,FALSE,,,N.S.
Protein-Anabolism,Protein Synthesis & Translation,Ribosomal Structural Proteins,LOC126323922,60S ribosomal protein L7a-like,60S ribosomal protein L7a-like,protein_coding,NW_026062236.1,ptg000875l,unplaced-scaffold,na,na,Unplaced scaffold,infected_diet33_vs50,Infected: diet 50 vs 33,Diet comparison among infected,"50
vs
33",1,-1,Infected diet 50,Infected diet 33,inf33 vs inf50_log2FC,inf33 vs inf50_padj,TRUE,Unplaced scaffold,28.27523058153688,-7.116942680150938,2.001788728251636,-3.555291614798372,3.7756009114713296e-4,0.00515667598172005,TRUE,7.116942680150938,Upregulated,Infected diet 50,FALSE,,,N.S.
Protein-Anabolism,Protein Synthesis & Translation,Ribosomal Structural Proteins,LOC126323922,60S ribosomal protein L7a-like,60S ribosomal protein L7a-like,protein_coding,NW_026062236.1,ptg000875l,unplaced-scaffold,na,na,Unplaced scaffold,infected_diet83_vs33,Infected: diet 83 vs 33,Diet comparison among infected,"83
vs
33",2,1,Infected diet 83,Infected diet 33,inf83 vs inf33_log2FC,inf83 vs inf33_padj,TRUE,Unplaced scaffold,28.27523058153688,5.803219395888639,2.2208962032459416,2.613007932296416,0.00897492191644897,0.10241969716418244,FALSE,5.803219395888639,N.S.,Not significant,FALSE,,,N.S.
Protein-Anabolism,Protein Synthesis & Translation,Ribosomal Structural Proteins,LOC126323922,60S ribosomal protein L7a-like,60S ribosomal protein L7a-like,protein_coding,NW_026062236.1,ptg000875l,unplaced-scaffold,na,na,Unplaced scaffold,infected_diet83_vs50,Infected: diet 83 vs 50,Diet comparison among infected,"83
vs
50",3,1,Infected diet 83,Infected diet 50,inf83 vs inf50_log2FC,inf83 vs inf50_padj,TRUE,Unplaced scaffold,28.27523058153688,-1.3137232842622988,2.1174823020504294,-0.6204175982912237,0.5349828892154738,0.8410735678958844,FALSE,-1.3137232842622988,N.S.,Not significant,FALSE,,,N.S.
Protein-Anabolism,Protein Synthesis & Translation,Ribosomal Structural Proteins,LOC126323922,60S ribosomal protein L7a-like,60S ribosomal protein L7a-like,protein_coding,NW_026062236.1,ptg000875l,unplaced-scaffold,na,na,Unplaced scaffold,infection_diet33,Diet 33: infected vs control,Within-diet infection response,33,1,1,Infected diet 33,Control diet 33,Diet 33 log2FC,Diet 33 padj,TRUE,Unplaced scaffold,28.27523058153688,-6.888002412733314,2.124320779418011,-3.242449294602477,0.00118507033868107,0.01565540289520787,TRUE,-6.888002412733314,Downregulated,Control diet 33,FALSE,,,N.S.
Protein-Anabolism,Protein Synthesis & Translation,Ribosomal Structural Proteins,LOC126323922,60S ribosomal protein L7a-like,60S ribosomal protein L7a-like,protein_coding,NW_026062236.1,ptg000875l,unplaced-scaffold,na,na,Unplaced scaffold,infection_diet50,Diet 50: infected vs control,Within-diet infection response,50,2,1,Infected diet 50,Control diet 50,Diet 50 log2FC,Diet 50 padj,TRUE,Unplaced scaffold,28.27523058153688,-2.43149458407604,2.1046583753786647,-1.1552918100727732,0.24797094864390584,0.8147311843699152,FALSE,-2.43149458407604,N.S.,Not significant,FALSE,,,N.S.
Protein-Anabolism,Protein Synthesis & Translation,Ribosomal Structural Proteins,LOC126323922,60S ribosomal protein L7a-like,60S ribosomal protein L7a-like,protein_coding,NW_026062236.1,ptg000875l,unplaced-scaffold,na,na,Unplaced scaffold,infection_diet83,Diet 83: infected vs control,Within-diet infection response,83,3,1,Infected diet 83,Control diet 83,Diet 83 log2FC,Diet 83 padj,TRUE,Unplaced scaffold,28.27523058153688,0.1676862795125776,2.23976143385459,0.07486791984983528,0.9403198011489268,1,FALSE,0.1676862795125776,N.S.,Not significant,FALSE,,,N.S.
Protein-Anabolism,Protein Synthesis & Translation,Ribosomal Structural Proteins,LOC126324057,60S ribosomal protein L13a-like,60S ribosomal protein L13a-like,protein_coding,NW_026062244.1,ptg000883l,unplaced-scaffold,na,na,Unplaced scaffold,control_diet33_vs50,Control: diet 50 vs 33,Diet comparison among controls,"50
vs
33",1,-1,Control diet 50,Control diet 33,cont33 vs cont50_log2FC,cont33 vs cont50_padj,FALSE,Unplaced scaffold,24.549372898608137,-2.6201833717377565,2.159866240018958,-1.213122981039214,0.22508280489948035,0.44644723317239354,FALSE,2.6201833717377565,N.S.,Not significant,FALSE,,,N.S.
Protein-Anabolism,Protein Synthesis & Translation,Ribosomal Structural Proteins,LOC126324057,60S ribosomal protein L13a-like,60S ribosomal protein L13a-like,protein_coding,NW_026062244.1,ptg000883l,unplaced-scaffold,na,na,Unplaced scaffold,control_diet83_vs33,Control: diet 83 vs 33,Diet comparison among controls,"83
vs
33",2,1,Control diet 83,Control diet 33,cont83 vs cont33_log2FC,cont83 vs cont33_padj,FALSE,Unplaced scaffold,24.549372898608137,-1.7472838720062676,2.09115381891293,-0.835559706896444,0.4034026444196761,0.9930597908525568,FALSE,-1.7472838720062676,N.S.,Not significant,FALSE,,,N.S.
Protein-Anabolism,Protein Synthesis & Translation,Ribosomal Structural Proteins,LOC126324057,60S ribosomal protein L13a-like,60S ribosomal protein L13a-like,protein_coding,NW_026062244.1,ptg000883l,unplaced-scaffold,na,na,Unplaced scaffold,control_diet83_vs50,Control: diet 83 vs 50,Diet comparison among controls,"83
vs
50",3,1,Control diet 83,Control diet 50,cont83 vs cont50_log2FC,cont83 vs cont50_padj,FALSE,Unplaced scaffold,24.549372898608137,-4.367467243744024,2.171566730355052,-2.0112056344821334,0.04430374088466534,0.26338736786134126,FALSE,-4.367467243744024,N.S.,Not significant,FALSE,,,N.S.
Protein-Anabolism,Protein Synthesis & Translation,Ribosomal Structural Proteins,LOC126324057,60S ribosomal protein L13a-like,60S ribosomal protein L13a-like,protein_coding,NW_026062244.1,ptg000883l,unplaced-scaffold,na,na,Unplaced scaffold,infected_diet33_vs50,Infected: diet 50 vs 33,Diet comparison among infected,"50
vs
33",1,-1,Infected diet 50,Infected diet 33,inf33 vs inf50_log2FC,inf33 vs inf50_padj,TRUE,Unplaced scaffold,24.549372898608137,-4.947645109592864,1.9038707874002423,-2.598729463331349,0.00935694843079078,0.01689468553092335,TRUE,4.947645109592864,Upregulated,Infected diet 50,FALSE,,,N.S.
Protein-Anabolism,Protein Synthesis & Translation,Ribosomal Structural Proteins,LOC126324057,60S ribosomal protein L13a-like,60S ribosomal protein L13a-like,protein_coding,NW_026062244.1,ptg000883l,unplaced-scaffold,na,na,Unplaced scaffold,infected_diet83_vs33,Infected: diet 83 vs 33,Diet comparison among infected,"83
vs
33",2,1,Infected diet 83,Infected diet 33,inf83 vs inf33_log2FC,inf83 vs inf33_padj,TRUE,Unplaced scaffold,24.549372898608137,3.914175206939463,2.119996116360257,1.8463124421470951,0.06484685219328039,0.12590781643532672,FALSE,3.914175206939463,N.S.,Not significant,FALSE,,,N.S.
Protein-Anabolism,Protein Synthesis & Translation,Ribosomal Structural Proteins,LOC126324057,60S ribosomal protein L13a-like,60S ribosomal protein L13a-like,protein_coding,NW_026062244.1,ptg000883l,unplaced-scaffold,na,na,Unplaced scaffold,infected_diet83_vs50,Infected: diet 83 vs 50,Diet comparison among infected,"83
vs
50",3,1,Infected diet 83,Infected diet 50,inf83 vs inf50_log2FC,inf83 vs inf50_padj,TRUE,Unplaced scaffold,24.549372898608137,-1.0334699026534009,2.057960293950584,-0.5021816532084251,0.6155397473125361,0.8410735678958844,FALSE,-1.0334699026534009,N.S.,Not significant,FALSE,,,N.S.
Protein-Anabolism,Protein Synthesis & Translation,Ribosomal Structural Proteins,LOC126324057,60S ribosomal protein L13a-like,60S ribosomal protein L13a-like,protein_coding,NW_026062244.1,ptg000883l,unplaced-scaffold,na,na,Unplaced scaffold,infection_diet33,Diet 33: infected vs control,Within-diet infection response,33,1,1,Infected diet 33,Control diet 33,Diet 33 log2FC,Diet 33 padj,TRUE,Unplaced scaffold,24.549372898608137,-4.66600044809063,2.0256050135409236,-2.3035095277208457,0.02125019171130819,0.05419424901287059,FALSE,-4.66600044809063,N.S.,Not significant,FALSE,,,N.S.
Protein-Anabolism,Protein Synthesis & Translation,Ribosomal Structural Proteins,LOC126324057,60S ribosomal protein L13a-like,60S ribosomal protein L13a-like,protein_coding,NW_026062244.1,ptg000883l,unplaced-scaffold,na,na,Unplaced scaffold,infection_diet50,Diet 50: infected vs control,Within-diet infection response,50,2,1,Infected diet 50,Control diet 50,Diet 50 log2FC,Diet 50 padj,TRUE,Unplaced scaffold,24.549372898608137,-2.338538710235523,2.0461354986919917,-1.142905106592624,0.2530779921145987,0.8147311843699152,FALSE,-2.338538710235523,N.S.,Not significant,FALSE,,,N.S.
Protein-Anabolism,Protein Synthesis & Translation,Ribosomal Structural Proteins,LOC126324057,60S ribosomal protein L13a-like,60S ribosomal protein L13a-like,protein_coding,NW_026062244.1,ptg000883l,unplaced-scaffold,na,na,Unplaced scaffold,infection_diet83,Diet 83: infected vs control,Within-diet infection response,83,3,1,Infected diet 83,Control diet 83,Diet 83 log2FC,Diet 83 padj,TRUE,Unplaced scaffold,24.549372898608137,0.9954586308551006,2.182712110392614,0.45606501476552624,0.6483432270011658,1,FALSE,0.9954586308551006,N.S.,Not significant,FALSE,,,N.S.
Protein-Anabolism,Protein Synthesis & Translation,Ribosomal Structural Proteins,LOC126325369,"39S ribosomal protein L18, mitochondrial","39S ribosomal protein L18, mitochondrial",protein_coding,NC_064921.1,Chromosome2,assembled-molecule,2,Chromosome,Nuclear chromosome,control_diet33_vs50,Control: diet 50 vs 33,Diet comparison among controls,"50
vs
33",1,-1,Control diet 50,Control diet 33,cont33 vs cont50_log2FC,cont33 vs cont50_padj,FALSE,Placed/host-assigned,42.65740058066777,-0.09505405261308876,0.1400440507498996,-0.6787439530926086,0.4973001115221989,1,FALSE,0.09505405261308876,N.S.,Not significant,TRUE,,,N.S.
Protein-Anabolism,Protein Synthesis & Translation,Ribosomal Structural Proteins,LOC126325369,"39S ribosomal protein L18, mitochondrial","39S ribosomal protein L18, mitochondrial",protein_coding,NC_064921.1,Chromosome2,assembled-molecule,2,Chromosome,Nuclear chromosome,control_diet83_vs33,Control: diet 83 vs 33,Diet comparison among controls,"83
vs
33",2,1,Control diet 83,Control diet 33,cont83 vs cont33_log2FC,cont83 vs cont33_padj,FALSE,Placed/host-assigned,42.65740058066777,0.14953253896529561,0.1392576777602408,1.0737830859332935,0.2829199124340884,0.9999697606274288,FALSE,0.14953253896529561,N.S.,Not significant,TRUE,,,N.S.
Protein-Anabolism,Protein Synthesis & Translation,Ribosomal Structural Proteins,LOC126325369,"39S ribosomal protein L18, mitochondrial","39S ribosomal protein L18, mitochondrial",protein_coding,NC_064921.1,Chromosome2,assembled-molecule,2,Chromosome,Nuclear chromosome,control_diet83_vs50,Control: diet 83 vs 50,Diet comparison among controls,"83
vs
50",3,1,Control diet 83,Control diet 50,cont83 vs cont50_log2FC,cont83 vs cont50_padj,FALSE,Placed/host-assigned,42.65740058066777,0.05447848635220685,0.14371724684987888,0.3790671443150649,0.7046380038128738,0.9993806165316672,FALSE,0.05447848635220685,N.S.,Not significant,TRUE,,,N.S.
Protein-Anabolism,Protein Synthesis & Translation,Ribosomal Structural Proteins,LOC126325369,"39S ribosomal protein L18, mitochondrial","39S ribosomal protein L18, mitochondrial",protein_coding,NC_064921.1,Chromosome2,assembled-molecule,2,Chromosome,Nuclear chromosome,infected_diet33_vs50,Infected: diet 50 vs 33,Diet comparison among infected,"50
vs
33",1,-1,Infected diet 50,Infected diet 33,inf33 vs inf50_log2FC,inf33 vs inf50_padj,TRUE,Placed/host-assigned,42.65740058066777,0.3497200194211189,0.13490482783365573,2.592346212044693,0.00953237892255459,0.1920670227475404,FALSE,-0.3497200194211189,N.S.,Not significant,TRUE,,,N.S.
Protein-Anabolism,Protein Synthesis & Translation,Ribosomal Structural Proteins,LOC126325369,"39S ribosomal protein L18, mitochondrial","39S ribosomal protein L18, mitochondrial",protein_coding,NC_064921.1,Chromosome2,assembled-molecule,2,Chromosome,Nuclear chromosome,infected_diet83_vs33,Infected: diet 83 vs 33,Diet comparison among infected,"83
vs
33",2,1,Infected diet 83,Infected diet 33,inf83 vs inf33_log2FC,inf83 vs inf33_padj,TRUE,Placed/host-assigned,42.65740058066777,-0.2612848713383586,0.16059789219282203,-1.6269508134306436,0.1037475446850656,0.5910574967067032,FALSE,-0.2612848713383586,N.S.,Not significant,TRUE,,,N.S.
Protein-Anabolism,Protein Synthesis & Translation,Ribosomal Structural Proteins,LOC126325369,"39S ribosomal protein L18, mitochondrial","39S ribosomal protein L18, mitochondrial",protein_coding,NC_064921.1,Chromosome2,assembled-molecule,2,Chromosome,Nuclear chromosome,infected_diet83_vs50,Infected: diet 83 vs 50,Diet comparison among infected,"83
vs
50",3,1,Infected diet 83,Infected diet 50,inf83 vs inf50_log2FC,inf83 vs inf50_padj,TRUE,Placed/host-assigned,42.65740058066777,0.08843514808276033,0.16979969228144953,0.520820426082844,0.6024918724228028,0.9254140063192334,FALSE,0.08843514808276033,N.S.,Not significant,TRUE,,,N.S.
Protein-Anabolism,Protein Synthesis & Translation,Ribosomal Structural Proteins,LOC126325369,"39S ribosomal protein L18, mitochondrial","39S ribosomal protein L18, mitochondrial",protein_coding,NC_064921.1,Chromosome2,assembled-molecule,2,Chromosome,Nuclear chromosome,infection_diet33,Diet 33: infected vs control,Within-diet infection response,33,1,1,Infected diet 33,Control diet 33,Diet 33 log2FC,Diet 33 padj,TRUE,Placed/host-assigned,42.65740058066777,-0.1432561104217008,0.12944004398608092,-1.106737188973032,0.2684075716593349,0.4991898909092033,FALSE,-0.1432561104217008,N.S.,Not significant,TRUE,,,N.S.
Protein-Anabolism,Protein Synthesis & Translation,Ribosomal Structural Proteins,LOC126325369,"39S ribosomal protein L18, mitochondrial","39S ribosomal protein L18, mitochondrial",protein_coding,NC_064921.1,Chromosome2,assembled-molecule,2,Chromosome,Nuclear chromosome,infection_diet50,Diet 50: infected vs control,Within-diet infection response,50,2,1,Infected diet 50,Control diet 50,Diet 50 log2FC,Diet 50 padj,TRUE,Placed/host-assigned,42.65740058066777,-0.5880301824559084,0.14511004009423392,-4.052305285520173,5.071542800516548e-5,9.913007310774532e-4,FALSE,-0.5880301824559084,N.S.,Not significant,TRUE,,,N.S.
Protein-Anabolism,Protein Synthesis & Translation,Ribosomal Structural Proteins,LOC126325369,"39S ribosomal protein L18, mitochondrial","39S ribosomal protein L18, mitochondrial",protein_coding,NC_064921.1,Chromosome2,assembled-molecule,2,Chromosome,Nuclear chromosome,infection_diet83,Diet 83: infected vs control,Within-diet infection response,83,3,1,Infected diet 83,Control diet 83,Diet 83 log2FC,Diet 83 padj,TRUE,Placed/host-assigned,42.65740058066777,-0.554073520725355,0.1686109688152992,-3.286106026306636,0.00101582765680486,0.01450068327875394,FALSE,-0.554073520725355,N.S.,Not significant,TRUE,,,N.S.
Protein-Anabolism,Protein Synthesis & Translation,Ribosomal Structural Proteins,LOC126325806,60S ribosomal protein L6-like,60S ribosomal protein L6-like,protein_coding,NW_026062299.1,ptg000946l,unplaced-scaffold,na,na,Unplaced scaffold,control_diet33_vs50,Control: diet 50 vs 33,Diet comparison among controls,"50
vs
33",1,-1,Control diet 50,Control diet 33,cont33 vs cont50_log2FC,cont33 vs cont50_padj,FALSE,Unplaced scaffold,18.07811318843056,-2.7227273458913626,2.250933280708948,-1.2095993111949634,0.2264326825942773,0.44644723317239354,FALSE,2.7227273458913626,N.S.,Not significant,FALSE,,,N.S.
Protein-Anabolism,Protein Synthesis & Translation,Ribosomal Structural Proteins,LOC126325806,60S ribosomal protein L6-like,60S ribosomal protein L6-like,protein_coding,NW_026062299.1,ptg000946l,unplaced-scaffold,na,na,Unplaced scaffold,control_diet83_vs33,Control: diet 83 vs 33,Diet comparison among controls,"83
vs
33",2,1,Control diet 83,Control diet 33,cont83 vs cont33_log2FC,cont83 vs cont33_padj,FALSE,Unplaced scaffold,18.07811318843056,-0.7620580790954979,2.173432296506258,-0.3506242546963569,0.7258702577579161,0.9930597908525568,FALSE,-0.7620580790954979,N.S.,Not significant,FALSE,,,N.S.
Protein-Anabolism,Protein Synthesis & Translation,Ribosomal Structural Proteins,LOC126325806,60S ribosomal protein L6-like,60S ribosomal protein L6-like,protein_coding,NW_026062299.1,ptg000946l,unplaced-scaffold,na,na,Unplaced scaffold,control_diet83_vs50,Control: diet 83 vs 50,Diet comparison among controls,"83
vs
50",3,1,Control diet 83,Control diet 50,cont83 vs cont50_log2FC,cont83 vs cont50_padj,FALSE,Unplaced scaffold,18.07811318843056,-3.4847854249868604,2.256284130890206,-1.5444798716959265,0.1224721237786202,0.26338736786134126,FALSE,-3.4847854249868604,N.S.,Not significant,FALSE,,,N.S.
Protein-Anabolism,Protein Synthesis & Translation,Ribosomal Structural Proteins,LOC126325806,60S ribosomal protein L6-like,60S ribosomal protein L6-like,protein_coding,NW_026062299.1,ptg000946l,unplaced-scaffold,na,na,Unplaced scaffold,infected_diet33_vs50,Infected: diet 50 vs 33,Diet comparison among infected,"50
vs
33",1,-1,Infected diet 50,Infected diet 33,inf33 vs inf50_log2FC,inf33 vs inf50_padj,TRUE,Unplaced scaffold,18.07811318843056,-18.697957199789364,2.0257951992137184,-9.229934599038785,2.7079719361589153e-20,7.475731036523815e-19,TRUE,18.697957199789364,Upregulated,Infected diet 50,FALSE,,,N.S.
Protein-Anabolism,Protein Synthesis & Translation,Ribosomal Structural Proteins,LOC126325806,60S ribosomal protein L6-like,60S ribosomal protein L6-like,protein_coding,NW_026062299.1,ptg000946l,unplaced-scaffold,na,na,Unplaced scaffold,infected_diet83_vs33,Infected: diet 83 vs 33,Diet comparison among infected,"83
vs
33",2,1,Infected diet 83,Infected diet 33,inf83 vs inf33_log2FC,inf83 vs inf33_padj,TRUE,Unplaced scaffold,18.07811318843056,17.028141555393923,2.259875577924594,7.534990740964636,4.8836947635534704e-14,1.2774428550058964e-12,TRUE,17.028141555393923,Upregulated,Infected diet 83,FALSE,,,N.S.
Protein-Anabolism,Protein Synthesis & Translation,Ribosomal Structural Proteins,LOC126325806,60S ribosomal protein L6-like,60S ribosomal protein L6-like,protein_coding,NW_026062299.1,ptg000946l,unplaced-scaffold,na,na,Unplaced scaffold,infected_diet83_vs50,Infected: diet 83 vs 50,Diet comparison among infected,"83
vs
50",3,1,Infected diet 83,Infected diet 50,inf83 vs inf50_log2FC,inf83 vs inf50_padj,TRUE,Unplaced scaffold,18.07811318843056,-1.669815644395442,2.1605543643533758,-0.772864442545603,0.4396026102064163,0.8410735678958844,FALSE,-1.669815644395442,N.S.,Not significant,FALSE,,,N.S.
Protein-Anabolism,Protein Synthesis & Translation,Ribosomal Structural Proteins,LOC126325806,60S ribosomal protein L6-like,60S ribosomal protein L6-like,protein_coding,NW_026062299.1,ptg000946l,unplaced-scaffold,na,na,Unplaced scaffold,infection_diet33,Diet 33: infected vs control,Within-diet infection response,33,1,1,Infected diet 33,Control diet 33,Diet 33 log2FC,Diet 33 padj,TRUE,Unplaced scaffold,18.07811318843056,-18.552241106145093,2.149718488305339,-8.63007933693223,6.1309432017301046e-18,1.398969766940233e-16,TRUE,-18.552241106145093,Downregulated,Control diet 33,FALSE,,,N.S.
Protein-Anabolism,Protein Synthesis & Translation,Ribosomal Structural Proteins,LOC126325806,60S ribosomal protein L6-like,60S ribosomal protein L6-like,protein_coding,NW_026062299.1,ptg000946l,unplaced-scaffold,na,na,Unplaced scaffold,infection_diet50,Diet 50: infected vs control,Within-diet infection response,50,2,1,Infected diet 50,Control diet 50,Diet 50 log2FC,Diet 50 padj,TRUE,Unplaced scaffold,18.07811318843056,-2.577011252247094,2.1328987890658815,-1.208220130021132,0.2269626007531443,0.8147311843699152,FALSE,-2.577011252247094,N.S.,Not significant,FALSE,,,N.S.
Protein-Anabolism,Protein Synthesis & Translation,Ribosomal Structural Proteins,LOC126325806,60S ribosomal protein L6-like,60S ribosomal protein L6-like,protein_coding,NW_026062299.1,ptg000946l,unplaced-scaffold,na,na,Unplaced scaffold,infection_diet83,Diet 83: infected vs control,Within-diet infection response,83,3,1,Infected diet 83,Control diet 83,Diet 83 log2FC,Diet 83 padj,TRUE,Unplaced scaffold,18.07811318843056,-0.7620414716556754,2.282445179239732,-0.3338706570422456,0.7384771627886562,1,FALSE,-0.7620414716556754,N.S.,Not significant,FALSE,,,N.S.
Protein-Anabolism,Protein Synthesis & Translation,Ribosomal Structural Proteins,LOC126325812,40S ribosomal protein S2-like,40S ribosomal protein S2-like,protein_coding,NW_026062299.1,ptg000946l,unplaced-scaffold,na,na,Unplaced scaffold,control_diet33_vs50,Control: diet 50 vs 33,Diet comparison among controls,"50
vs
33",1,-1,Control diet 50,Control diet 33,cont33 vs cont50_log2FC,cont33 vs cont50_padj,FALSE,Unplaced scaffold,22.15083463924195,-2.5001644663845495,2.202665582253103,-1.1350631192171874,0.2563488728882446,0.44644723317239354,FALSE,2.5001644663845495,N.S.,Not significant,FALSE,,,N.S.
Protein-Anabolism,Protein Synthesis & Translation,Ribosomal Structural Proteins,LOC126325812,40S ribosomal protein S2-like,40S ribosomal protein S2-like,protein_coding,NW_026062299.1,ptg000946l,unplaced-scaffold,na,na,Unplaced scaffold,control_diet83_vs33,Control: diet 83 vs 33,Diet comparison among controls,"83
vs
33",2,1,Control diet 83,Control diet 33,cont83 vs cont33_log2FC,cont83 vs cont33_padj,FALSE,Unplaced scaffold,22.15083463924195,-1.0443155420414312,2.1254132603757796,-0.49134705306994886,0.6231810055593376,0.9930597908525568,FALSE,-1.0443155420414312,N.S.,Not significant,FALSE,,,N.S.
Protein-Anabolism,Protein Synthesis & Translation,Ribosomal Structural Proteins,LOC126325812,40S ribosomal protein S2-like,40S ribosomal protein S2-like,protein_coding,NW_026062299.1,ptg000946l,unplaced-scaffold,na,na,Unplaced scaffold,control_diet83_vs50,Control: diet 83 vs 50,Diet comparison among controls,"83
vs
50",3,1,Control diet 83,Control diet 50,cont83 vs cont50_log2FC,cont83 vs cont50_padj,FALSE,Unplaced scaffold,22.15083463924195,-3.544480008425981,2.2080241465867,-1.6052723037043126,0.10843389154524492,0.26338736786134126,FALSE,-3.544480008425981,N.S.,Not significant,FALSE,,,N.S.
Protein-Anabolism,Protein Synthesis & Translation,Ribosomal Structural Proteins,LOC126325812,40S ribosomal protein S2-like,40S ribosomal protein S2-like,protein_coding,NW_026062299.1,ptg000946l,unplaced-scaffold,na,na,Unplaced scaffold,infected_diet33_vs50,Infected: diet 50 vs 33,Diet comparison among infected,"50
vs
33",1,-1,Infected diet 50,Infected diet 33,inf33 vs inf50_log2FC,inf33 vs inf50_padj,TRUE,Unplaced scaffold,22.15083463924195,-4.60350954415194,1.9651134671761317,-2.3426176763050655,0.01914899427324187,0.02746912113823253,TRUE,4.60350954415194,Upregulated,Infected diet 50,FALSE,,,N.S.
Protein-Anabolism,Protein Synthesis & Translation,Ribosomal Structural Proteins,LOC126325812,40S ribosomal protein S2-like,40S ribosomal protein S2-like,protein_coding,NW_026062299.1,ptg000946l,unplaced-scaffold,na,na,Unplaced scaffold,infected_diet83_vs33,Infected: diet 83 vs 33,Diet comparison among infected,"83
vs
33",2,1,Infected diet 83,Infected diet 33,inf83 vs inf33_log2FC,inf83 vs inf33_padj,TRUE,Unplaced scaffold,22.15083463924195,3.8405784510470222,2.1858644658179833,1.75700667223657,0.07891667192778305,0.1347920943484069,FALSE,3.8405784510470222,N.S.,Not significant,FALSE,,,N.S.
Protein-Anabolism,Protein Synthesis & Translation,Ribosomal Structural Proteins,LOC126325812,40S ribosomal protein S2-like,40S ribosomal protein S2-like,protein_coding,NW_026062299.1,ptg000946l,unplaced-scaffold,na,na,Unplaced scaffold,infected_diet83_vs50,Infected: diet 83 vs 50,Diet comparison among infected,"83
vs
50",3,1,Infected diet 83,Infected diet 50,inf83 vs inf50_log2FC,inf83 vs inf50_padj,TRUE,Unplaced scaffold,22.15083463924195,-0.7629310931049185,2.1072770986418834,-0.3620459281774661,0.717317709450105,0.8410735678958844,FALSE,-0.7629310931049185,N.S.,Not significant,FALSE,,,N.S.
Protein-Anabolism,Protein Synthesis & Translation,Ribosomal Structural Proteins,LOC126325812,40S ribosomal protein S2-like,40S ribosomal protein S2-like,protein_coding,NW_026062299.1,ptg000946l,unplaced-scaffold,na,na,Unplaced scaffold,infection_diet33,Diet 33: infected vs control,Within-diet infection response,33,1,1,Infected diet 33,Control diet 33,Diet 33 log2FC,Diet 33 padj,TRUE,Unplaced scaffold,22.15083463924195,-5.231053609604902,2.084802651818136,-2.5091361069801743,0.01210268413570981,0.04213931406039691,TRUE,-5.231053609604902,Downregulated,Control diet 33,FALSE,,,N.S.
Protein-Anabolism,Protein Synthesis & Translation,Ribosomal Structural Proteins,LOC126325812,40S ribosomal protein S2-like,40S ribosomal protein S2-like,protein_coding,NW_026062299.1,ptg000946l,unplaced-scaffold,na,na,Unplaced scaffold,infection_diet50,Diet 50: infected vs control,Within-diet infection response,50,2,1,Infected diet 50,Control diet 50,Diet 50 log2FC,Diet 50 padj,TRUE,Unplaced scaffold,22.15083463924195,-3.12770853183751,2.089737904401283,-1.4966989521748708,0.13447160904614472,0.8147311843699152,FALSE,-3.12770853183751,N.S.,Not significant,FALSE,,,N.S.
Protein-Anabolism,Protein Synthesis & Translation,Ribosomal Structural Proteins,LOC126325812,40S ribosomal protein S2-like,40S ribosomal protein S2-like,protein_coding,NW_026062299.1,ptg000946l,unplaced-scaffold,na,na,Unplaced scaffold,infection_diet83,Diet 83: infected vs control,Within-diet infection response,83,3,1,Infected diet 83,Control diet 83,Diet 83 log2FC,Diet 83 padj,TRUE,Unplaced scaffold,22.15083463924195,-0.3461596165164481,2.2246309566485425,-0.1556031644178617,0.8763458304833991,1,FALSE,-0.3461596165164481,N.S.,Not significant,FALSE,,,N.S.
Protein-Anabolism,Protein Synthesis & Translation,Ribosomal Structural Proteins,LOC126326057,40S ribosomal protein S4-like,40S ribosomal protein S4-like,protein_coding,NW_026062315.1,ptg000963l,unplaced-scaffold,na,na,Unplaced scaffold,control_diet33_vs50,Control: diet 50 vs 33,Diet comparison among controls,"50
vs
33",1,-1,Control diet 50,Control diet 33,cont33 vs cont50_log2FC,cont33 vs cont50_padj,FALSE,Unplaced scaffold,32.65045712035705,-2.736534037046825,2.251484927540617,-1.215435201707544,0.22420014887876288,0.44644723317239354,FALSE,2.736534037046825,N.S.,Not significant,FALSE,,,N.S.
Protein-Anabolism,Protein Synthesis & Translation,Ribosomal Structural Proteins,LOC126326057,40S ribosomal protein S4-like,40S ribosomal protein S4-like,protein_coding,NW_026062315.1,ptg000963l,unplaced-scaffold,na,na,Unplaced scaffold,control_diet83_vs33,Control: diet 83 vs 33,Diet comparison among controls,"83
vs
33",2,1,Control diet 83,Control diet 33,cont83 vs cont33_log2FC,cont83 vs cont33_padj,FALSE,Unplaced scaffold,32.65045712035705,-0.8735079684169121,2.169329282905626,-0.4026626917822844,0.687196383375194,0.9930597908525568,FALSE,-0.8735079684169121,N.S.,Not significant,FALSE,,,N.S.
Protein-Anabolism,Protein Synthesis & Translation,Ribosomal Structural Proteins,LOC126326057,40S ribosomal protein S4-like,40S ribosomal protein S4-like,protein_coding,NW_026062315.1,ptg000963l,unplaced-scaffold,na,na,Unplaced scaffold,control_diet83_vs50,Control: diet 83 vs 50,Diet comparison among controls,"83
vs
50",3,1,Control diet 83,Control diet 50,cont83 vs cont50_log2FC,cont83 vs cont50_padj,FALSE,Unplaced scaffold,32.65045712035705,-3.610042005463737,2.2547558012136313,-1.6010789299314,0.10935943830446024,0.26338736786134126,FALSE,-3.610042005463737,N.S.,Not significant,FALSE,,,N.S.
Protein-Anabolism,Protein Synthesis & Translation,Ribosomal Structural Proteins,LOC126326057,40S ribosomal protein S4-like,40S ribosomal protein S4-like,protein_coding,NW_026062315.1,ptg000963l,unplaced-scaffold,na,na,Unplaced scaffold,infected_diet33_vs50,Infected: diet 50 vs 33,Diet comparison among infected,"50
vs
33",1,-1,Infected diet 50,Infected diet 33,inf33 vs inf50_log2FC,inf33 vs inf50_padj,TRUE,Unplaced scaffold,32.65045712035705,-7.904511929512588,2.0267664013484845,-3.9000606701657463,9.616858596602026e-5,0.00196501953214033,TRUE,7.904511929512588,Upregulated,Infected diet 50,FALSE,,,N.S.
Protein-Anabolism,Protein Synthesis & Translation,Ribosomal Structural Proteins,LOC126326057,40S ribosomal protein S4-like,40S ribosomal protein S4-like,protein_coding,NW_026062315.1,ptg000963l,unplaced-scaffold,na,na,Unplaced scaffold,infected_diet83_vs33,Infected: diet 83 vs 33,Diet comparison among infected,"83
vs
33",2,1,Infected diet 83,Infected diet 33,inf83 vs inf33_log2FC,inf83 vs inf33_padj,TRUE,Unplaced scaffold,32.65045712035705,5.88354540545065,2.2597564922992355,2.6036192065386285,0.00922451825933785,0.10324364667181984,FALSE,5.88354540545065,N.S.,Not significant,FALSE,,,N.S.
Protein-Anabolism,Protein Synthesis & Translation,Ribosomal Structural Proteins,LOC126326057,40S ribosomal protein S4-like,40S ribosomal protein S4-like,protein_coding,NW_026062315.1,ptg000963l,unplaced-scaffold,na,na,Unplaced scaffold,infected_diet83_vs50,Infected: diet 83 vs 50,Diet comparison among infected,"83
vs
50",3,1,Infected diet 83,Infected diet 50,inf83 vs inf50_log2FC,inf83 vs inf50_padj,TRUE,Unplaced scaffold,32.65045712035705,-2.0209665240619388,2.158756873269821,-0.93617143694409,0.34918492692470904,0.8410735678958844,FALSE,-2.0209665240619388,N.S.,Not significant,FALSE,,,N.S.
Protein-Anabolism,Protein Synthesis & Translation,Ribosomal Structural Proteins,LOC126326057,40S ribosomal protein S4-like,40S ribosomal protein S4-like,protein_coding,NW_026062315.1,ptg000963l,unplaced-scaffold,na,na,Unplaced scaffold,infection_diet33,Diet 33: infected vs control,Within-diet infection response,33,1,1,Infected diet 33,Control diet 33,Diet 33 log2FC,Diet 33 padj,TRUE,Unplaced scaffold,32.65045712035705,-8.152554318955469,2.150034930616457,-3.791824124744789,1.495448083510871e-4,0.00270527905557642,TRUE,-8.152554318955469,Downregulated,Control diet 33,FALSE,,,N.S.
Protein-Anabolism,Protein Synthesis & Translation,Ribosomal Structural Proteins,LOC126326057,40S ribosomal protein S4-like,40S ribosomal protein S4-like,protein_coding,NW_026062315.1,ptg000963l,unplaced-scaffold,na,na,Unplaced scaffold,infection_diet50,Diet 50: infected vs control,Within-diet infection response,50,2,1,Infected diet 50,Control diet 50,Diet 50 log2FC,Diet 50 padj,TRUE,Unplaced scaffold,32.65045712035705,-2.9845764264897054,2.134084398918363,-1.3985278314214775,0.16195462106277508,0.8147311843699152,FALSE,-2.9845764264897054,N.S.,Not significant,FALSE,,,N.S.
Protein-Anabolism,Protein Synthesis & Translation,Ribosomal Structural Proteins,LOC126326057,40S ribosomal protein S4-like,40S ribosomal protein S4-like,protein_coding,NW_026062315.1,ptg000963l,unplaced-scaffold,na,na,Unplaced scaffold,infection_diet83,Diet 83: infected vs control,Within-diet infection response,83,3,1,Infected diet 83,Control diet 83,Diet 83 log2FC,Diet 83 padj,TRUE,Unplaced scaffold,32.65045712035705,-1.3955009450879072,2.2781217569062164,-0.6125664446412449,0.5401630512244422,1,FALSE,-1.3955009450879072,N.S.,Not significant,FALSE,,,N.S.
Protein-Anabolism,Protein Synthesis & Translation,Ribosomal Structural Proteins,LOC126334733,"39S ribosomal protein L12, mitochondrial-like","39S ribosomal protein L12, mitochondrial-like",protein_coding,NC_064921.1,Chromosome2,assembled-molecule,2,Chromosome,Nuclear chromosome,control_diet33_vs50,Control: diet 50 vs 33,Diet comparison among controls,"50
vs
33",1,-1,Control diet 50,Control diet 33,cont33 vs cont50_log2FC,cont33 vs cont50_padj,FALSE,Placed/host-assigned,56.33447586264014,-0.11592767946658528,0.22570957809461584,-0.5136143554261983,0.607521640953995,1,FALSE,0.11592767946658528,N.S.,Not significant,TRUE,,,N.S.
Protein-Anabolism,Protein Synthesis & Translation,Ribosomal Structural Proteins,LOC126334733,"39S ribosomal protein L12, mitochondrial-like","39S ribosomal protein L12, mitochondrial-like",protein_coding,NC_064921.1,Chromosome2,assembled-molecule,2,Chromosome,Nuclear chromosome,control_diet83_vs33,Control: diet 83 vs 33,Diet comparison among controls,"83
vs
33",2,1,Control diet 83,Control diet 33,cont83 vs cont33_log2FC,cont83 vs cont33_padj,FALSE,Placed/host-assigned,56.33447586264014,0.03187708249600412,0.22076735962479613,0.14439218981547194,0.8851907838070965,0.9999697606274288,FALSE,0.03187708249600412,N.S.,Not significant,TRUE,,,N.S.
Protein-Anabolism,Protein Synthesis & Translation,Ribosomal Structural Proteins,LOC126334733,"39S ribosomal protein L12, mitochondrial-like","39S ribosomal protein L12, mitochondrial-like",protein_coding,NC_064921.1,Chromosome2,assembled-molecule,2,Chromosome,Nuclear chromosome,control_diet83_vs50,Control: diet 83 vs 50,Diet comparison among controls,"83
vs
50",3,1,Control diet 83,Control diet 50,cont83 vs cont50_log2FC,cont83 vs cont50_padj,FALSE,Placed/host-assigned,56.33447586264014,-0.08405059697058116,0.2276440803485315,-0.3692193394262508,0.7119642419230781,0.9993806165316672,FALSE,-0.08405059697058116,N.S.,Not significant,TRUE,,,N.S.
Protein-Anabolism,Protein Synthesis & Translation,Ribosomal Structural Proteins,LOC126334733,"39S ribosomal protein L12, mitochondrial-like","39S ribosomal protein L12, mitochondrial-like",protein_coding,NC_064921.1,Chromosome2,assembled-molecule,2,Chromosome,Nuclear chromosome,infected_diet33_vs50,Infected: diet 50 vs 33,Diet comparison among infected,"50
vs
33",1,-1,Infected diet 50,Infected diet 33,inf33 vs inf50_log2FC,inf33 vs inf50_padj,TRUE,Placed/host-assigned,56.33447586264014,0.01272299687097502,0.2000970257832033,0.0635841378510036,0.9493013623430738,0.9931316800376828,FALSE,-0.01272299687097502,N.S.,Not significant,TRUE,,,N.S.
Protein-Anabolism,Protein Synthesis & Translation,Ribosomal Structural Proteins,LOC126334733,"39S ribosomal protein L12, mitochondrial-like","39S ribosomal protein L12, mitochondrial-like",protein_coding,NC_064921.1,Chromosome2,assembled-molecule,2,Chromosome,Nuclear chromosome,infected_diet83_vs33,Infected: diet 83 vs 33,Diet comparison among infected,"83
vs
33",2,1,Infected diet 83,Infected diet 33,inf83 vs inf33_log2FC,inf83 vs inf33_padj,TRUE,Placed/host-assigned,56.33447586264014,-0.4856102966828393,0.23663309041303365,-2.052165636831374,0.04015356780673412,0.44197628488143087,FALSE,-0.4856102966828393,N.S.,Not significant,TRUE,,,N.S.
Protein-Anabolism,Protein Synthesis & Translation,Ribosomal Structural Proteins,LOC126334733,"39S ribosomal protein L12, mitochondrial-like","39S ribosomal protein L12, mitochondrial-like",protein_coding,NC_064921.1,Chromosome2,assembled-molecule,2,Chromosome,Nuclear chromosome,infected_diet83_vs50,Infected: diet 83 vs 50,Diet comparison among infected,"83
vs
50",3,1,Infected diet 83,Infected diet 50,inf83 vs inf50_log2FC,inf83 vs inf50_padj,TRUE,Placed/host-assigned,56.33447586264014,-0.4728872998118642,0.24038770116251,-1.967185914774304,0.04916178125111482,0.5066871293741606,FALSE,-0.4728872998118642,N.S.,Not significant,TRUE,,,N.S.
Protein-Anabolism,Protein Synthesis & Translation,Ribosomal Structural Proteins,LOC126334733,"39S ribosomal protein L12, mitochondrial-like","39S ribosomal protein L12, mitochondrial-like",protein_coding,NC_064921.1,Chromosome2,assembled-molecule,2,Chromosome,Nuclear chromosome,infection_diet33,Diet 33: infected vs control,Within-diet infection response,33,1,1,Infected diet 33,Control diet 33,Diet 33 log2FC,Diet 33 padj,TRUE,Placed/host-assigned,56.33447586264014,-0.3462594754604439,0.20749579000203305,-1.668754221264206,0.09516609860883468,0.26306558099347654,FALSE,-0.3462594754604439,N.S.,Not significant,TRUE,,,N.S.
Protein-Anabolism,Protein Synthesis & Translation,Ribosomal Structural Proteins,LOC126334733,"39S ribosomal protein L12, mitochondrial-like","39S ribosomal protein L12, mitochondrial-like",protein_coding,NC_064921.1,Chromosome2,assembled-molecule,2,Chromosome,Nuclear chromosome,infection_diet50,Diet 50: infected vs control,Within-diet infection response,50,2,1,Infected diet 50,Control diet 50,Diet 50 log2FC,Diet 50 padj,TRUE,Placed/host-assigned,56.33447586264014,-0.47491015179800417,0.21892722649859164,-2.1692603491738804,0.03006292371328967,0.09081856304322564,FALSE,-0.47491015179800417,N.S.,Not significant,TRUE,,,N.S.
Protein-Anabolism,Protein Synthesis & Translation,Ribosomal Structural Proteins,LOC126334733,"39S ribosomal protein L12, mitochondrial-like","39S ribosomal protein L12, mitochondrial-like",protein_coding,NC_064921.1,Chromosome2,assembled-molecule,2,Chromosome,Nuclear chromosome,infection_diet83,Diet 83: infected vs control,Within-diet infection response,83,3,1,Infected diet 83,Control diet 83,Diet 83 log2FC,Diet 83 padj,TRUE,Placed/host-assigned,56.33447586264014,-0.8637468546392872,0.24835245858569477,-3.4779074044932345,5.053444596006528e-4,0.00873047420913988,FALSE,-0.8637468546392872,N.S.,Not significant,TRUE,,,N.S.
Protein-Anabolism,Protein Synthesis & Translation,RNA Polymerases & Transcription Machinery,LOC126318616,DNA-directed RNA polymerase II subunit rpb2-like,DNA-directed RNA polymerase II subunit rpb2-like,protein_coding,NW_026062056.1,ptg000673l,unplaced-scaffold,na,na,Unplaced scaffold,control_diet33_vs50,Control: diet 50 vs 33,Diet comparison among controls,"50
vs
33",1,-1,Control diet 50,Control diet 33,cont33 vs cont50_log2FC,cont33 vs cont50_padj,FALSE,Unplaced scaffold,50.59804636837634,-2.874223450421444,2.229780345783271,-1.2890164073142347,0.19739238259528505,0.44644723317239354,FALSE,2.874223450421444,N.S.,Not significant,FALSE,,,N.S.
Protein-Anabolism,Protein Synthesis & Translation,RNA Polymerases & Transcription Machinery,LOC126318616,DNA-directed RNA polymerase II subunit rpb2-like,DNA-directed RNA polymerase II subunit rpb2-like,protein_coding,NW_026062056.1,ptg000673l,unplaced-scaffold,na,na,Unplaced scaffold,control_diet83_vs33,Control: diet 83 vs 33,Diet comparison among controls,"83
vs
33",2,1,Control diet 83,Control diet 33,cont83 vs cont33_log2FC,cont83 vs cont33_padj,FALSE,Unplaced scaffold,50.59804636837634,-1.0297745620765577,2.1487228245832064,-0.4792496036692429,0.6317610696988691,0.9930597908525568,FALSE,-1.0297745620765577,N.S.,Not significant,FALSE,,,N.S.
Protein-Anabolism,Protein Synthesis & Translation,RNA Polymerases & Transcription Machinery,LOC126318616,DNA-directed RNA polymerase II subunit rpb2-like,DNA-directed RNA polymerase II subunit rpb2-like,protein_coding,NW_026062056.1,ptg000673l,unplaced-scaffold,na,na,Unplaced scaffold,control_diet83_vs50,Control: diet 83 vs 50,Diet comparison among controls,"83
vs
50",3,1,Control diet 83,Control diet 50,cont83 vs cont50_log2FC,cont83 vs cont50_padj,FALSE,Unplaced scaffold,50.59804636837634,-3.9039980124980014,2.233453219824476,-1.7479649798999648,0.08047009166000034,0.26338736786134126,FALSE,-3.9039980124980014,N.S.,Not significant,FALSE,,,N.S.
Protein-Anabolism,Protein Synthesis & Translation,RNA Polymerases & Transcription Machinery,LOC126318616,DNA-directed RNA polymerase II subunit rpb2-like,DNA-directed RNA polymerase II subunit rpb2-like,protein_coding,NW_026062056.1,ptg000673l,unplaced-scaffold,na,na,Unplaced scaffold,infected_diet33_vs50,Infected: diet 50 vs 33,Diet comparison among infected,"50
vs
33",1,-1,Infected diet 50,Infected diet 33,inf33 vs inf50_log2FC,inf33 vs inf50_padj,TRUE,Unplaced scaffold,50.59804636837634,-5.216310122960356,1.9176015234593011,-2.720226313520169,0.0065237250555863,0.01378588478765999,TRUE,5.216310122960356,Upregulated,Infected diet 50,FALSE,,,N.S.
Protein-Anabolism,Protein Synthesis & Translation,RNA Polymerases & Transcription Machinery,LOC126318616,DNA-directed RNA polymerase II subunit rpb2-like,DNA-directed RNA polymerase II subunit rpb2-like,protein_coding,NW_026062056.1,ptg000673l,unplaced-scaffold,na,na,Unplaced scaffold,infected_diet83_vs33,Infected: diet 83 vs 33,Diet comparison among infected,"83
vs
33",2,1,Infected diet 83,Infected diet 33,inf83 vs inf33_log2FC,inf83 vs inf33_padj,TRUE,Unplaced scaffold,50.59804636837634,4.050985844148716,2.140194102771541,1.8928123570206592,0.05838282767762901,0.1231116148854351,FALSE,4.050985844148716,N.S.,Not significant,FALSE,,,N.S.
Protein-Anabolism,Protein Synthesis & Translation,RNA Polymerases & Transcription Machinery,LOC126318616,DNA-directed RNA polymerase II subunit rpb2-like,DNA-directed RNA polymerase II subunit rpb2-like,protein_coding,NW_026062056.1,ptg000673l,unplaced-scaffold,na,na,Unplaced scaffold,infected_diet83_vs50,Infected: diet 83 vs 50,Diet comparison among infected,"83
vs
50",3,1,Infected diet 83,Infected diet 50,inf83 vs inf50_log2FC,inf83 vs inf50_padj,TRUE,Unplaced scaffold,50.59804636837634,-1.1653242788116396,2.115015990689644,-0.5509765807641301,0.5816497287948788,0.8410735678958844,FALSE,-1.1653242788116396,N.S.,Not significant,FALSE,,,N.S.
Protein-Anabolism,Protein Synthesis & Translation,RNA Polymerases & Transcription Machinery,LOC126318616,DNA-directed RNA polymerase II subunit rpb2-like,DNA-directed RNA polymerase II subunit rpb2-like,protein_coding,NW_026062056.1,ptg000673l,unplaced-scaffold,na,na,Unplaced scaffold,infection_diet33,Diet 33: infected vs control,Within-diet infection response,33,1,1,Infected diet 33,Control diet 33,Diet 33 log2FC,Diet 33 padj,TRUE,Unplaced scaffold,50.59804636837634,-3.870134026524631,2.0475534964464908,-1.8901259641036052,0.05874111537209206,0.08983408961703036,FALSE,-3.870134026524631,N.S.,Not significant,FALSE,,,N.S.
Protein-Anabolism,Protein Synthesis & Translation,RNA Polymerases & Transcription Machinery,LOC126318616,DNA-directed RNA polymerase II subunit rpb2-like,DNA-directed RNA polymerase II subunit rpb2-like,protein_coding,NW_026062056.1,ptg000673l,unplaced-scaffold,na,na,Unplaced scaffold,infection_diet50,Diet 50: infected vs control,Within-diet infection response,50,2,1,Infected diet 50,Control diet 50,Diet 50 log2FC,Diet 50 padj,TRUE,Unplaced scaffold,50.59804636837634,-1.5280473539857191,2.1110757145125203,-0.7238240407396135,0.4691737680829434,0.8147311843699152,FALSE,-1.5280473539857191,N.S.,Not significant,FALSE,,,N.S.
Protein-Anabolism,Protein Synthesis & Translation,RNA Polymerases & Transcription Machinery,LOC126318616,DNA-directed RNA polymerase II subunit rpb2-like,DNA-directed RNA polymerase II subunit rpb2-like,protein_coding,NW_026062056.1,ptg000673l,unplaced-scaffold,na,na,Unplaced scaffold,infection_diet83,Diet 83: infected vs control,Within-diet infection response,83,3,1,Infected diet 83,Control diet 83,Diet 83 log2FC,Diet 83 padj,TRUE,Unplaced scaffold,50.59804636837634,1.210626379700643,2.2371779664596794,0.5411399530348727,0.5884111218653211,1,FALSE,1.210626379700643,N.S.,Not significant,FALSE,,,N.S.
Protein-Anabolism,Protein Synthesis & Translation,RNA Polymerases & Transcription Machinery,LOC126322623,DNA-directed RNA polymerase III subunit RPC1-like,DNA-directed RNA polymerase III subunit RPC1-like,protein_coding,NW_026062185.1,ptg000818l,unplaced-scaffold,na,na,Unplaced scaffold,control_diet33_vs50,Control: diet 50 vs 33,Diet comparison among controls,"50
vs
33",1,-1,Control diet 50,Control diet 33,cont33 vs cont50_log2FC,cont33 vs cont50_padj,FALSE,Unplaced scaffold,12.326552654497332,-2.683241143675627,2.1570006975873146,-1.2439686026420538,0.21351111868793068,0.44644723317239354,FALSE,2.683241143675627,N.S.,Not significant,FALSE,,,N.S.
Protein-Anabolism,Protein Synthesis & Translation,RNA Polymerases & Transcription Machinery,LOC126322623,DNA-directed RNA polymerase III subunit RPC1-like,DNA-directed RNA polymerase III subunit RPC1-like,protein_coding,NW_026062185.1,ptg000818l,unplaced-scaffold,na,na,Unplaced scaffold,control_diet83_vs33,Control: diet 83 vs 33,Diet comparison among controls,"83
vs
33",2,1,Control diet 83,Control diet 33,cont83 vs cont33_log2FC,cont83 vs cont33_padj,FALSE,Unplaced scaffold,12.326552654497332,-0.8424824735733545,2.0911282886539433,-0.40288416456536935,0.6870334412406641,0.9930597908525568,FALSE,-0.8424824735733545,N.S.,Not significant,FALSE,,,N.S.
Protein-Anabolism,Protein Synthesis & Translation,RNA Polymerases & Transcription Machinery,LOC126322623,DNA-directed RNA polymerase III subunit RPC1-like,DNA-directed RNA polymerase III subunit RPC1-like,protein_coding,NW_026062185.1,ptg000818l,unplaced-scaffold,na,na,Unplaced scaffold,control_diet83_vs50,Control: diet 83 vs 50,Diet comparison among controls,"83
vs
50",3,1,Control diet 83,Control diet 50,cont83 vs cont50_log2FC,cont83 vs cont50_padj,FALSE,Unplaced scaffold,12.326552654497332,-3.525723617248982,2.166800843313648,-1.6271562880957524,0.10370390880435812,0.26338736786134126,FALSE,-3.525723617248982,N.S.,Not significant,FALSE,,,N.S.
Protein-Anabolism,Protein Synthesis & Translation,RNA Polymerases & Transcription Machinery,LOC126322623,DNA-directed RNA polymerase III subunit RPC1-like,DNA-directed RNA polymerase III subunit RPC1-like,protein_coding,NW_026062185.1,ptg000818l,unplaced-scaffold,na,na,Unplaced scaffold,infected_diet33_vs50,Infected: diet 50 vs 33,Diet comparison among infected,"50
vs
33",1,-1,Infected diet 50,Infected diet 33,inf33 vs inf50_log2FC,inf33 vs inf50_padj,TRUE,Unplaced scaffold,12.326552654497332,-6.23331150582741,1.948591083063084,-3.1988812634967863,0.00137961976745699,0.00758126301888952,TRUE,6.23331150582741,Upregulated,Infected diet 50,FALSE,,,N.S.
Protein-Anabolism,Protein Synthesis & Translation,RNA Polymerases & Transcription Machinery,LOC126322623,DNA-directed RNA polymerase III subunit RPC1-like,DNA-directed RNA polymerase III subunit RPC1-like,protein_coding,NW_026062185.1,ptg000818l,unplaced-scaffold,na,na,Unplaced scaffold,infected_diet83_vs33,Infected: diet 83 vs 33,Diet comparison among infected,"83
vs
33",2,1,Infected diet 83,Infected diet 33,inf83 vs inf33_log2FC,inf83 vs inf33_padj,TRUE,Unplaced scaffold,12.326552654497332,4.837464075274139,2.1699170982074016,2.2293312860986414,0.02579187046392011,0.11037509132111405,FALSE,4.837464075274139,N.S.,Not significant,FALSE,,,N.S.
Protein-Anabolism,Protein Synthesis & Translation,RNA Polymerases & Transcription Machinery,LOC126322623,DNA-directed RNA polymerase III subunit RPC1-like,DNA-directed RNA polymerase III subunit RPC1-like,protein_coding,NW_026062185.1,ptg000818l,unplaced-scaffold,na,na,Unplaced scaffold,infected_diet83_vs50,Infected: diet 83 vs 50,Diet comparison among infected,"83
vs
50",3,1,Infected diet 83,Infected diet 50,inf83 vs inf50_log2FC,inf83 vs inf50_padj,TRUE,Unplaced scaffold,12.326552654497332,-1.3958474305532704,2.066752705421507,-0.6753819297740279,0.4994331431129172,0.8410735678958844,FALSE,-1.3958474305532704,N.S.,Not significant,FALSE,,,N.S.
Protein-Anabolism,Protein Synthesis & Translation,RNA Polymerases & Transcription Machinery,LOC126322623,DNA-directed RNA polymerase III subunit RPC1-like,DNA-directed RNA polymerase III subunit RPC1-like,protein_coding,NW_026062185.1,ptg000818l,unplaced-scaffold,na,na,Unplaced scaffold,infection_diet33,Diet 33: infected vs control,Within-diet infection response,33,1,1,Infected diet 33,Control diet 33,Diet 33 log2FC,Diet 33 padj,TRUE,Unplaced scaffold,12.326552654497332,-5.543195795348054,2.069362741417617,-2.6786970135311745,0.00739092382419764,0.03612365056975872,TRUE,-5.543195795348054,Downregulated,Control diet 33,FALSE,,,N.S.
Protein-Anabolism,Protein Synthesis & Translation,RNA Polymerases & Transcription Machinery,LOC126322623,DNA-directed RNA polymerase III subunit RPC1-like,DNA-directed RNA polymerase III subunit RPC1-like,protein_coding,NW_026062185.1,ptg000818l,unplaced-scaffold,na,na,Unplaced scaffold,infection_diet50,Diet 50: infected vs control,Within-diet infection response,50,2,1,Infected diet 50,Control diet 50,Diet 50 log2FC,Diet 50 padj,TRUE,Unplaced scaffold,12.326552654497332,-1.9931254331962711,2.0414203542675113,-0.976342490673084,0.32889477014578233,0.8147311843699152,FALSE,-1.9931254331962711,N.S.,Not significant,FALSE,,,N.S.
Protein-Anabolism,Protein Synthesis & Translation,RNA Polymerases & Transcription Machinery,LOC126322623,DNA-directed RNA polymerase III subunit RPC1-like,DNA-directed RNA polymerase III subunit RPC1-like,protein_coding,NW_026062185.1,ptg000818l,unplaced-scaffold,na,na,Unplaced scaffold,infection_diet83,Diet 83: infected vs control,Within-diet infection response,83,3,1,Infected diet 83,Control diet 83,Diet 83 log2FC,Diet 83 padj,TRUE,Unplaced scaffold,12.326552654497332,0.13675075349943994,2.190683814961476,0.06242377497176367,0.950225362188474,1,FALSE,0.13675075349943994,N.S.,Not significant,FALSE,,,N.S.
Protein-Anabolism,Protein Synthesis & Translation,RNA Polymerases & Transcription Machinery,LOC126326048,RNA polymerase-associated protein RTF1 homolog,RNA polymerase-associated protein RTF1 homolog,protein_coding,NW_026062315.1,ptg000963l,unplaced-scaffold,na,na,Unplaced scaffold,control_diet33_vs50,Control: diet 50 vs 33,Diet comparison among controls,"50
vs
33",1,-1,Control diet 50,Control diet 33,cont33 vs cont50_log2FC,cont33 vs cont50_padj,FALSE,Unplaced scaffold,40.89665884826752,-2.491917906140123,2.2168351269710014,-1.1240880640253044,0.26097566838646724,0.44644723317239354,FALSE,2.491917906140123,N.S.,Not significant,FALSE,,,N.S.
Protein-Anabolism,Protein Synthesis & Translation,RNA Polymerases & Transcription Machinery,LOC126326048,RNA polymerase-associated protein RTF1 homolog,RNA polymerase-associated protein RTF1 homolog,protein_coding,NW_026062315.1,ptg000963l,unplaced-scaffold,na,na,Unplaced scaffold,control_diet83_vs33,Control: diet 83 vs 33,Diet comparison among controls,"83
vs
33",2,1,Control diet 83,Control diet 33,cont83 vs cont33_log2FC,cont83 vs cont33_padj,FALSE,Unplaced scaffold,40.89665884826752,-0.824683470915801,2.1359743994768405,-0.38609239470182266,0.6994282421494447,0.9930597908525568,FALSE,-0.824683470915801,N.S.,Not significant,FALSE,,,N.S.
Protein-Anabolism,Protein Synthesis & Translation,RNA Polymerases & Transcription Machinery,LOC126326048,RNA polymerase-associated protein RTF1 homolog,RNA polymerase-associated protein RTF1 homolog,protein_coding,NW_026062315.1,ptg000963l,unplaced-scaffold,na,na,Unplaced scaffold,control_diet83_vs50,Control: diet 83 vs 50,Diet comparison among controls,"83
vs
50",3,1,Control diet 83,Control diet 50,cont83 vs cont50_log2FC,cont83 vs cont50_padj,FALSE,Unplaced scaffold,40.89665884826752,-3.3166013770559237,2.2200171246679163,-1.4939530601828312,0.1351878884760119,0.26338736786134126,FALSE,-3.3166013770559237,N.S.,Not significant,FALSE,,,N.S.
Protein-Anabolism,Protein Synthesis & Translation,RNA Polymerases & Transcription Machinery,LOC126326048,RNA polymerase-associated protein RTF1 homolog,RNA polymerase-associated protein RTF1 homolog,protein_coding,NW_026062315.1,ptg000963l,unplaced-scaffold,na,na,Unplaced scaffold,infected_diet33_vs50,Infected: diet 50 vs 33,Diet comparison among infected,"50
vs
33",1,-1,Infected diet 50,Infected diet 33,inf33 vs inf50_log2FC,inf33 vs inf50_padj,TRUE,Unplaced scaffold,40.89665884826752,-5.540419980120331,1.915219948862327,-2.892837443245845,0.00381778832302889,0.01074529359898046,TRUE,5.540419980120331,Upregulated,Infected diet 50,FALSE,,,N.S.
Protein-Anabolism,Protein Synthesis & Translation,RNA Polymerases & Transcription Machinery,LOC126326048,RNA polymerase-associated protein RTF1 homolog,RNA polymerase-associated protein RTF1 homolog,protein_coding,NW_026062315.1,ptg000963l,unplaced-scaffold,na,na,Unplaced scaffold,infected_diet83_vs33,Infected: diet 83 vs 33,Diet comparison among infected,"83
vs
33",2,1,Infected diet 83,Infected diet 33,inf83 vs inf33_log2FC,inf83 vs inf33_padj,TRUE,Unplaced scaffold,40.89665884826752,4.199227193676022,2.1362540830935925,1.9656965090945353,0.04933367831623742,0.1191435419130898,FALSE,4.199227193676022,N.S.,Not significant,FALSE,,,N.S.
Protein-Anabolism,Protein Synthesis & Translation,RNA Polymerases & Transcription Machinery,LOC126326048,RNA polymerase-associated protein RTF1 homolog,RNA polymerase-associated protein RTF1 homolog,protein_coding,NW_026062315.1,ptg000963l,unplaced-scaffold,na,na,Unplaced scaffold,infected_diet83_vs50,Infected: diet 83 vs 50,Diet comparison among infected,"83
vs
50",3,1,Infected diet 83,Infected diet 50,inf83 vs inf50_log2FC,inf83 vs inf50_padj,TRUE,Unplaced scaffold,40.89665884826752,-1.3411927864443078,2.1031416925248387,-0.6377091905939039,0.5236630017528201,0.8410735678958844,FALSE,-1.3411927864443078,N.S.,Not significant,FALSE,,,N.S.
Protein-Anabolism,Protein Synthesis & Translation,RNA Polymerases & Transcription Machinery,LOC126326048,RNA polymerase-associated protein RTF1 homolog,RNA polymerase-associated protein RTF1 homolog,protein_coding,NW_026062315.1,ptg000963l,unplaced-scaffold,na,na,Unplaced scaffold,infection_diet33,Diet 33: infected vs control,Within-diet infection response,33,1,1,Infected diet 33,Control diet 33,Diet 33 log2FC,Diet 33 padj,TRUE,Unplaced scaffold,40.89665884826752,-4.09568630106821,2.044102805975301,-2.0036596442682537,0.04510653199102425,0.07643368458900986,FALSE,-4.09568630106821,N.S.,Not significant,FALSE,,,N.S.
Protein-Anabolism,Protein Synthesis & Translation,RNA Polymerases & Transcription Machinery,LOC126326048,RNA polymerase-associated protein RTF1 homolog,RNA polymerase-associated protein RTF1 homolog,protein_coding,NW_026062315.1,ptg000963l,unplaced-scaffold,na,na,Unplaced scaffold,infection_diet50,Diet 50: infected vs control,Within-diet infection response,50,2,1,Infected diet 50,Control diet 50,Diet 50 log2FC,Diet 50 padj,TRUE,Unplaced scaffold,40.89665884826752,-1.0471842270880023,2.09858741807356,-0.4989948086362234,0.6177830412795424,0.8313956441683323,FALSE,-1.0471842270880023,N.S.,Not significant,FALSE,,,N.S.
Protein-Anabolism,Protein Synthesis & Translation,RNA Polymerases & Transcription Machinery,LOC126326048,RNA polymerase-associated protein RTF1 homolog,RNA polymerase-associated protein RTF1 homolog,protein_coding,NW_026062315.1,ptg000963l,unplaced-scaffold,na,na,Unplaced scaffold,infection_diet83,Diet 83: infected vs control,Within-diet infection response,83,3,1,Infected diet 83,Control diet 83,Diet 83 log2FC,Diet 83 padj,TRUE,Unplaced scaffold,40.89665884826752,0.9282243635236136,2.2243227871328375,0.4173065028570333,0.6764542326460292,1,FALSE,0.9282243635236136,N.S.,Not significant,FALSE,,,N.S.
Protein-Anabolism,Protein Synthesis & Translation,RNA Polymerases & Transcription Machinery,LOC126326066,RNA polymerase-associated protein CTR9 homolog,RNA polymerase-associated protein CTR9 homolog,protein_coding,NW_026062315.1,ptg000963l,unplaced-scaffold,na,na,Unplaced scaffold,control_diet33_vs50,Control: diet 50 vs 33,Diet comparison among controls,"50
vs
33",1,-1,Control diet 50,Control diet 33,cont33 vs cont50_log2FC,cont33 vs cont50_padj,FALSE,Unplaced scaffold,14.577262368322408,-2.532989783174677,2.1957320652393877,-1.1535969361992808,0.24866545505124055,0.44644723317239354,FALSE,2.532989783174677,N.S.,Not significant,FALSE,,,N.S.
Protein-Anabolism,Protein Synthesis & Translation,RNA Polymerases & Transcription Machinery,LOC126326066,RNA polymerase-associated protein CTR9 homolog,RNA polymerase-associated protein CTR9 homolog,protein_coding,NW_026062315.1,ptg000963l,unplaced-scaffold,na,na,Unplaced scaffold,control_diet83_vs33,Control: diet 83 vs 33,Diet comparison among controls,"83
vs
33",2,1,Control diet 83,Control diet 33,cont83 vs cont33_log2FC,cont83 vs cont33_padj,FALSE,Unplaced scaffold,14.577262368322408,-1.2256119132289978,2.1281208257369877,-0.5759127481892656,0.5646741583897145,0.9930597908525568,FALSE,-1.2256119132289978,N.S.,Not significant,FALSE,,,N.S.
Protein-Anabolism,Protein Synthesis & Translation,RNA Polymerases & Transcription Machinery,LOC126326066,RNA polymerase-associated protein CTR9 homolog,RNA polymerase-associated protein CTR9 homolog,protein_coding,NW_026062315.1,ptg000963l,unplaced-scaffold,na,na,Unplaced scaffold,control_diet83_vs50,Control: diet 83 vs 50,Diet comparison among controls,"83
vs
50",3,1,Control diet 83,Control diet 50,cont83 vs cont50_log2FC,cont83 vs cont50_padj,FALSE,Unplaced scaffold,14.577262368322408,-3.7586016964036744,2.2074070083677664,-1.7027225528213374,0.08862000226236746,0.26338736786134126,FALSE,-3.7586016964036744,N.S.,Not significant,FALSE,,,N.S.
Protein-Anabolism,Protein Synthesis & Translation,RNA Polymerases & Transcription Machinery,LOC126326066,RNA polymerase-associated protein CTR9 homolog,RNA polymerase-associated protein CTR9 homolog,protein_coding,NW_026062315.1,ptg000963l,unplaced-scaffold,na,na,Unplaced scaffold,infected_diet33_vs50,Infected: diet 50 vs 33,Diet comparison among infected,"50
vs
33",1,-1,Infected diet 50,Infected diet 33,inf33 vs inf50_log2FC,inf33 vs inf50_padj,TRUE,Unplaced scaffold,14.577262368322408,-5.253595730725242,1.9628271239580208,-2.676545308856044,0.00743855073598812,0.01479160088880396,TRUE,5.253595730725242,Upregulated,Infected diet 50,FALSE,,,N.S.
Protein-Anabolism,Protein Synthesis & Translation,RNA Polymerases & Transcription Machinery,LOC126326066,RNA polymerase-associated protein CTR9 homolog,RNA polymerase-associated protein CTR9 homolog,protein_coding,NW_026062315.1,ptg000963l,unplaced-scaffold,na,na,Unplaced scaffold,infected_diet83_vs33,Infected: diet 83 vs 33,Diet comparison among infected,"83
vs
33",2,1,Infected diet 83,Infected diet 33,inf83 vs inf33_log2FC,inf83 vs inf33_padj,TRUE,Unplaced scaffold,14.577262368322408,3.102344882821879,2.1990386383679734,1.4107732482246418,0.1583114849296714,0.20520553280416204,FALSE,3.102344882821879,N.S.,Not significant,FALSE,,,N.S.
Protein-Anabolism,Protein Synthesis & Translation,RNA Polymerases & Transcription Machinery,LOC126326066,RNA polymerase-associated protein CTR9 homolog,RNA polymerase-associated protein CTR9 homolog,protein_coding,NW_026062315.1,ptg000963l,unplaced-scaffold,na,na,Unplaced scaffold,infected_diet83_vs50,Infected: diet 83 vs 50,Diet comparison among infected,"83
vs
50",3,1,Infected diet 83,Infected diet 50,inf83 vs inf50_log2FC,inf83 vs inf50_padj,TRUE,Unplaced scaffold,14.577262368322408,-2.1512508479033627,2.111775304942722,-1.018693060226742,0.30834870825564226,0.8410735678958844,FALSE,-2.1512508479033627,N.S.,Not significant,FALSE,,,N.S.
Protein-Anabolism,Protein Synthesis & Translation,RNA Polymerases & Transcription Machinery,LOC126326066,RNA polymerase-associated protein CTR9 homolog,RNA polymerase-associated protein CTR9 homolog,protein_coding,NW_026062315.1,ptg000963l,unplaced-scaffold,na,na,Unplaced scaffold,infection_diet33,Diet 33: infected vs control,Within-diet infection response,33,1,1,Infected diet 33,Control diet 33,Diet 33 log2FC,Diet 33 padj,TRUE,Unplaced scaffold,14.577262368322408,-4.576011715769914,2.0864273488045817,-2.1932283999209172,0.0282909273416613,0.06088765498612637,FALSE,-4.576011715769914,N.S.,Not significant,FALSE,,,N.S.
Protein-Anabolism,Protein Synthesis & Translation,RNA Polymerases & Transcription Machinery,LOC126326066,RNA polymerase-associated protein CTR9 homolog,RNA polymerase-associated protein CTR9 homolog,protein_coding,NW_026062315.1,ptg000963l,unplaced-scaffold,na,na,Unplaced scaffold,infection_diet50,Diet 50: infected vs control,Within-diet infection response,50,2,1,Infected diet 50,Control diet 50,Diet 50 log2FC,Diet 50 padj,TRUE,Unplaced scaffold,14.577262368322408,-1.8554057682193492,2.0786415128698903,-0.8926049810569168,0.37206875077183016,0.8147311843699152,FALSE,-1.8554057682193492,N.S.,Not significant,FALSE,,,N.S.
Protein-Anabolism,Protein Synthesis & Translation,RNA Polymerases & Transcription Machinery,LOC126326066,RNA polymerase-associated protein CTR9 homolog,RNA polymerase-associated protein CTR9 homolog,protein_coding,NW_026062315.1,ptg000963l,unplaced-scaffold,na,na,Unplaced scaffold,infection_diet83,Diet 83: infected vs control,Within-diet infection response,83,3,1,Infected diet 83,Control diet 83,Diet 83 log2FC,Diet 83 padj,TRUE,Unplaced scaffold,14.577262368322408,-0.2480549197190373,2.238635767634171,-0.11080628805515157,0.9117699589147884,1,FALSE,-0.2480549197190373,N.S.,Not significant,FALSE,,,N.S.
Protein-Anabolism,Protein Synthesis & Translation,RNA Polymerases & Transcription Machinery,LOC126332392,DNA-directed RNA polymerase III subunit rpc2-like,DNA-directed RNA polymerase III subunit rpc2-like,protein_coding,NW_026062747.1,ptg001449l,unplaced-scaffold,na,na,Unplaced scaffold,control_diet33_vs50,Control: diet 50 vs 33,Diet comparison among controls,"50
vs
33",1,-1,Control diet 50,Control diet 33,cont33 vs cont50_log2FC,cont33 vs cont50_padj,FALSE,Unplaced scaffold,9.349828434685136,-2.8681409892822836,2.5083942536057773,-1.143417142324966,0.252865438473586,0.44644723317239354,FALSE,2.8681409892822836,N.S.,Not significant,FALSE,,,N.S.
Protein-Anabolism,Protein Synthesis & Translation,RNA Polymerases & Transcription Machinery,LOC126332392,DNA-directed RNA polymerase III subunit rpc2-like,DNA-directed RNA polymerase III subunit rpc2-like,protein_coding,NW_026062747.1,ptg001449l,unplaced-scaffold,na,na,Unplaced scaffold,control_diet83_vs33,Control: diet 83 vs 33,Diet comparison among controls,"83
vs
33",2,1,Control diet 83,Control diet 33,cont83 vs cont33_log2FC,cont83 vs cont33_padj,FALSE,Unplaced scaffold,9.349828434685136,0.04208081101756322,2.427180523941745,0.01733732229740535,0.9861675111846168,0.9972437703991848,FALSE,0.04208081101756322,N.S.,Not significant,FALSE,,,N.S.
Protein-Anabolism,Protein Synthesis & Translation,RNA Polymerases & Transcription Machinery,LOC126332392,DNA-directed RNA polymerase III subunit rpc2-like,DNA-directed RNA polymerase III subunit rpc2-like,protein_coding,NW_026062747.1,ptg001449l,unplaced-scaffold,na,na,Unplaced scaffold,control_diet83_vs50,Control: diet 83 vs 50,Diet comparison among controls,"83
vs
50",3,1,Control diet 83,Control diet 50,cont83 vs cont50_log2FC,cont83 vs cont50_padj,FALSE,Unplaced scaffold,9.349828434685136,-2.8260601782647203,2.510679897370897,-1.1256154881488794,0.26032830943758944,0.32303683962629287,FALSE,-2.8260601782647203,N.S.,Not significant,FALSE,,,N.S.
Protein-Anabolism,Protein Synthesis & Translation,RNA Polymerases & Transcription Machinery,LOC126332392,DNA-directed RNA polymerase III subunit rpc2-like,DNA-directed RNA polymerase III subunit rpc2-like,protein_coding,NW_026062747.1,ptg001449l,unplaced-scaffold,na,na,Unplaced scaffold,infected_diet33_vs50,Infected: diet 50 vs 33,Diet comparison among infected,"50
vs
33",1,-1,Infected diet 50,Infected diet 33,inf33 vs inf50_log2FC,inf33 vs inf50_padj,TRUE,Unplaced scaffold,9.349828434685136,-5.957930701699806,2.223182694587185,-2.6799105247650883,0.00736418416128842,0.01472269483709049,TRUE,5.957930701699806,Upregulated,Infected diet 50,FALSE,,,N.S.
Protein-Anabolism,Protein Synthesis & Translation,RNA Polymerases & Transcription Machinery,LOC126332392,DNA-directed RNA polymerase III subunit rpc2-like,DNA-directed RNA polymerase III subunit rpc2-like,protein_coding,NW_026062747.1,ptg001449l,unplaced-scaffold,na,na,Unplaced scaffold,infected_diet83_vs33,Infected: diet 83 vs 33,Diet comparison among infected,"83
vs
33",2,1,Infected diet 83,Infected diet 33,inf83 vs inf33_log2FC,inf83 vs inf33_padj,TRUE,Unplaced scaffold,9.349828434685136,5.148809885351427,2.4699820270117203,2.084553583404271,0.03710984154631867,0.11320320176179374,FALSE,5.148809885351427,N.S.,Not significant,FALSE,,,N.S.
Protein-Anabolism,Protein Synthesis & Translation,RNA Polymerases & Transcription Machinery,LOC126332392,DNA-directed RNA polymerase III subunit rpc2-like,DNA-directed RNA polymerase III subunit rpc2-like,protein_coding,NW_026062747.1,ptg001449l,unplaced-scaffold,na,na,Unplaced scaffold,infected_diet83_vs50,Infected: diet 83 vs 50,Diet comparison among infected,"83
vs
50",3,1,Infected diet 83,Infected diet 50,inf83 vs inf50_log2FC,inf83 vs inf50_padj,TRUE,Unplaced scaffold,9.349828434685136,-0.8091208163483786,2.3794743278121375,-0.3400418348250655,0.7338250234194192,0.8423247665738941,FALSE,-0.8091208163483786,N.S.,Not significant,FALSE,,,N.S.
Protein-Anabolism,Protein Synthesis & Translation,RNA Polymerases & Transcription Machinery,LOC126332392,DNA-directed RNA polymerase III subunit rpc2-like,DNA-directed RNA polymerase III subunit rpc2-like,protein_coding,NW_026062747.1,ptg001449l,unplaced-scaffold,na,na,Unplaced scaffold,infection_diet33,Diet 33: infected vs control,Within-diet infection response,33,1,1,Infected diet 33,Control diet 33,Diet 33 log2FC,Diet 33 padj,TRUE,Unplaced scaffold,9.349828434685136,-4.166968429066262,2.372887261419947,-1.7560751818325868,0.07907557216984204,0.1118195414908752,FALSE,-4.166968429066262,N.S.,Not significant,FALSE,,,N.S.
Protein-Anabolism,Protein Synthesis & Translation,RNA Polymerases & Transcription Machinery,LOC126332392,DNA-directed RNA polymerase III subunit rpc2-like,DNA-directed RNA polymerase III subunit rpc2-like,protein_coding,NW_026062747.1,ptg001449l,unplaced-scaffold,na,na,Unplaced scaffold,infection_diet50,Diet 50: infected vs control,Within-diet infection response,50,2,1,Infected diet 50,Control diet 50,Diet 50 log2FC,Diet 50 padj,TRUE,Unplaced scaffold,9.349828434685136,-1.07717871664874,2.3672746079881324,-0.45502905029011326,0.6490883394869298,0.8441463331941363,FALSE,-1.07717871664874,N.S.,Not significant,FALSE,,,N.S.
Protein-Anabolism,Protein Synthesis & Translation,RNA Polymerases & Transcription Machinery,LOC126332392,DNA-directed RNA polymerase III subunit rpc2-like,DNA-directed RNA polymerase III subunit rpc2-like,protein_coding,NW_026062747.1,ptg001449l,unplaced-scaffold,na,na,Unplaced scaffold,infection_diet83,Diet 83: infected vs control,Within-diet infection response,83,3,1,Infected diet 83,Control diet 83,Diet 83 log2FC,Diet 83 padj,TRUE,Unplaced scaffold,9.349828434685136,0.9397606452676016,2.522186066521262,0.37259766745273126,0.7094479091353718,1,FALSE,0.9397606452676016,N.S.,Not significant,FALSE,,,N.S.
Protein-Anabolism,Protein Synthesis & Translation,RNA Polymerases & Transcription Machinery,LOC126332393,DNA-directed RNA polymerase I subunit rpa1-like,DNA-directed RNA polymerase I subunit rpa1-like,protein_coding,NW_026062747.1,ptg001449l,unplaced-scaffold,na,na,Unplaced scaffold,control_diet33_vs50,Control: diet 50 vs 33,Diet comparison among controls,"50
vs
33",1,-1,Control diet 50,Control diet 33,cont33 vs cont50_log2FC,cont33 vs cont50_padj,FALSE,Unplaced scaffold,25.655776931790104,-2.5529898441830743,2.1494363746110627,-1.1877485066963351,0.23493250701616855,0.44644723317239354,FALSE,2.5529898441830743,N.S.,Not significant,FALSE,,,N.S.
Protein-Anabolism,Protein Synthesis & Translation,RNA Polymerases & Transcription Machinery,LOC126332393,DNA-directed RNA polymerase I subunit rpa1-like,DNA-directed RNA polymerase I subunit rpa1-like,protein_coding,NW_026062747.1,ptg001449l,unplaced-scaffold,na,na,Unplaced scaffold,control_diet83_vs33,Control: diet 83 vs 33,Diet comparison among controls,"83
vs
33",2,1,Control diet 83,Control diet 33,cont83 vs cont33_log2FC,cont83 vs cont33_padj,FALSE,Unplaced scaffold,25.655776931790104,-0.8851610137234578,2.073693156648041,-0.42685245446546666,0.6694867977734897,0.9930597908525568,FALSE,-0.8851610137234578,N.S.,Not significant,FALSE,,,N.S.
Protein-Anabolism,Protein Synthesis & Translation,RNA Polymerases & Transcription Machinery,LOC126332393,DNA-directed RNA polymerase I subunit rpa1-like,DNA-directed RNA polymerase I subunit rpa1-like,protein_coding,NW_026062747.1,ptg001449l,unplaced-scaffold,na,na,Unplaced scaffold,control_diet83_vs50,Control: diet 83 vs 50,Diet comparison among controls,"83
vs
50",3,1,Control diet 83,Control diet 50,cont83 vs cont50_log2FC,cont83 vs cont50_padj,FALSE,Unplaced scaffold,25.655776931790104,-3.4381508579065323,2.154054916444522,-1.5961296212361828,0.11045985654845482,0.26338736786134126,FALSE,-3.4381508579065323,N.S.,Not significant,FALSE,,,N.S.
Protein-Anabolism,Protein Synthesis & Translation,RNA Polymerases & Transcription Machinery,LOC126332393,DNA-directed RNA polymerase I subunit rpa1-like,DNA-directed RNA polymerase I subunit rpa1-like,protein_coding,NW_026062747.1,ptg001449l,unplaced-scaffold,na,na,Unplaced scaffold,infected_diet33_vs50,Infected: diet 50 vs 33,Diet comparison among infected,"50
vs
33",1,-1,Infected diet 50,Infected diet 33,inf33 vs inf50_log2FC,inf33 vs inf50_padj,TRUE,Unplaced scaffold,25.655776931790104,-6.125553099815345,1.935762042660243,-3.1644143054883096,0.00155395415857232,0.00783011852717511,TRUE,6.125553099815345,Upregulated,Infected diet 50,FALSE,,,N.S.
Protein-Anabolism,Protein Synthesis & Translation,RNA Polymerases & Transcription Machinery,LOC126332393,DNA-directed RNA polymerase I subunit rpa1-like,DNA-directed RNA polymerase I subunit rpa1-like,protein_coding,NW_026062747.1,ptg001449l,unplaced-scaffold,na,na,Unplaced scaffold,infected_diet83_vs33,Infected: diet 83 vs 33,Diet comparison among infected,"83
vs
33",2,1,Infected diet 83,Infected diet 33,inf83 vs inf33_log2FC,inf83 vs inf33_padj,TRUE,Unplaced scaffold,25.655776931790104,4.761400895366299,2.1479955151318824,2.216671711753532,0.02664553321411773,0.11037509132111405,FALSE,4.761400895366299,N.S.,Not significant,FALSE,,,N.S.
Protein-Anabolism,Protein Synthesis & Translation,RNA Polymerases & Transcription Machinery,LOC126332393,DNA-directed RNA polymerase I subunit rpa1-like,DNA-directed RNA polymerase I subunit rpa1-like,protein_coding,NW_026062747.1,ptg001449l,unplaced-scaffold,na,na,Unplaced scaffold,infected_diet83_vs50,Infected: diet 83 vs 50,Diet comparison among infected,"83
vs
50",3,1,Infected diet 83,Infected diet 50,inf83 vs inf50_log2FC,inf83 vs inf50_padj,TRUE,Unplaced scaffold,25.655776931790104,-1.3641522044490448,2.048208075434721,-0.6660222761593746,0.5053968620342133,0.8410735678958844,FALSE,-1.3641522044490448,N.S.,Not significant,FALSE,,,N.S.
Protein-Anabolism,Protein Synthesis & Translation,RNA Polymerases & Transcription Machinery,LOC126332393,DNA-directed RNA polymerase I subunit rpa1-like,DNA-directed RNA polymerase I subunit rpa1-like,protein_coding,NW_026062747.1,ptg001449l,unplaced-scaffold,na,na,Unplaced scaffold,infection_diet33,Diet 33: infected vs control,Within-diet infection response,33,1,1,Infected diet 33,Control diet 33,Diet 33 log2FC,Diet 33 padj,TRUE,Unplaced scaffold,25.655776931790104,-5.612453107656595,2.0550219648371257,-2.7310915424212605,0.00631249350330937,0.0342580728503925,TRUE,-5.612453107656595,Downregulated,Control diet 33,FALSE,,,N.S.
Protein-Anabolism,Protein Synthesis & Translation,RNA Polymerases & Transcription Machinery,LOC126332393,DNA-directed RNA polymerase I subunit rpa1-like,DNA-directed RNA polymerase I subunit rpa1-like,protein_coding,NW_026062747.1,ptg001449l,unplaced-scaffold,na,na,Unplaced scaffold,infection_diet50,Diet 50: infected vs control,Within-diet infection response,50,2,1,Infected diet 50,Control diet 50,Diet 50 log2FC,Diet 50 padj,TRUE,Unplaced scaffold,25.655776931790104,-2.039889852024325,2.0357151417480455,-1.0020507340102087,0.3163190902840056,0.8147311843699152,FALSE,-2.039889852024325,N.S.,Not significant,FALSE,,,N.S.
Protein-Anabolism,Protein Synthesis & Translation,RNA Polymerases & Transcription Machinery,LOC126332393,DNA-directed RNA polymerase I subunit rpa1-like,DNA-directed RNA polymerase I subunit rpa1-like,protein_coding,NW_026062747.1,ptg001449l,unplaced-scaffold,na,na,Unplaced scaffold,infection_diet83,Diet 83: infected vs control,Within-diet infection response,83,3,1,Infected diet 83,Control diet 83,Diet 83 log2FC,Diet 83 padj,TRUE,Unplaced scaffold,25.655776931790104,0.03410880143316262,2.1658653616955412,0.01574834799816949,0.987435155645071,1,FALSE,0.03410880143316262,N.S.,Not significant,FALSE,,,N.S.
Protein-Anabolism,Protein Synthesis & Translation,Translation Initiation & Elongation Factors,LOC126272860,translation initiation factor IF-2-like,translation initiation factor IF-2-like,protein_coding,NC_064924.1,Chromosome5,assembled-molecule,5,Chromosome,Nuclear chromosome,control_diet33_vs50,Control: diet 50 vs 33,Diet comparison among controls,"50
vs
33",1,-1,Control diet 50,Control diet 33,cont33 vs cont50_log2FC,cont33 vs cont50_padj,FALSE,Placed/host-assigned,104.00033586411833,-0.39171007707556593,0.6277111696189416,-0.6240291650590788,0.5326084316169196,1,FALSE,0.39171007707556593,N.S.,Not significant,TRUE,,,N.S.
Protein-Anabolism,Protein Synthesis & Translation,Translation Initiation & Elongation Factors,LOC126272860,translation initiation factor IF-2-like,translation initiation factor IF-2-like,protein_coding,NC_064924.1,Chromosome5,assembled-molecule,5,Chromosome,Nuclear chromosome,control_diet83_vs33,Control: diet 83 vs 33,Diet comparison among controls,"83
vs
33",2,1,Control diet 83,Control diet 33,cont83 vs cont33_log2FC,cont83 vs cont33_padj,FALSE,Placed/host-assigned,104.00033586411833,-0.46158068042629646,0.6043781109039937,-0.763728321887586,0.4450291593584439,0.9999697606274288,FALSE,-0.46158068042629646,N.S.,Not significant,TRUE,,,N.S.
Protein-Anabolism,Protein Synthesis & Translation,Translation Initiation & Elongation Factors,LOC126272860,translation initiation factor IF-2-like,translation initiation factor IF-2-like,protein_coding,NC_064924.1,Chromosome5,assembled-molecule,5,Chromosome,Nuclear chromosome,control_diet83_vs50,Control: diet 83 vs 50,Diet comparison among controls,"83
vs
50",3,1,Control diet 83,Control diet 50,cont83 vs cont50_log2FC,cont83 vs cont50_padj,FALSE,Placed/host-assigned,104.00033586411833,-0.8532907575018625,0.6284640349111268,-1.3577399979977045,0.17454620018147848,0.9577299962103782,FALSE,-0.8532907575018625,N.S.,Not significant,TRUE,,,N.S.
Protein-Anabolism,Protein Synthesis & Translation,Translation Initiation & Elongation Factors,LOC126272860,translation initiation factor IF-2-like,translation initiation factor IF-2-like,protein_coding,NC_064924.1,Chromosome5,assembled-molecule,5,Chromosome,Nuclear chromosome,infected_diet33_vs50,Infected: diet 50 vs 33,Diet comparison among infected,"50
vs
33",1,-1,Infected diet 50,Infected diet 33,inf33 vs inf50_log2FC,inf33 vs inf50_padj,TRUE,Placed/host-assigned,104.00033586411833,1.4082096235179875,0.5532952977250802,2.5451321009015597,0.01092364045036697,0.20655707547100569,FALSE,-1.4082096235179875,N.S.,Not significant,TRUE,,,N.S.
Protein-Anabolism,Protein Synthesis & Translation,Translation Initiation & Elongation Factors,LOC126272860,translation initiation factor IF-2-like,translation initiation factor IF-2-like,protein_coding,NC_064924.1,Chromosome5,assembled-molecule,5,Chromosome,Nuclear chromosome,infected_diet83_vs33,Infected: diet 83 vs 33,Diet comparison among infected,"83
vs
33",2,1,Infected diet 83,Infected diet 33,inf83 vs inf33_log2FC,inf83 vs inf33_padj,TRUE,Placed/host-assigned,104.00033586411833,-2.3050635315601284,0.6481014066762676,-3.5566402229883267,3.7562802283992285e-4,0.05366446536614074,FALSE,-2.3050635315601284,N.S.,Not significant,TRUE,,,N.S.
Protein-Anabolism,Protein Synthesis & Translation,Translation Initiation & Elongation Factors,LOC126272860,translation initiation factor IF-2-like,translation initiation factor IF-2-like,protein_coding,NC_064924.1,Chromosome5,assembled-molecule,5,Chromosome,Nuclear chromosome,infected_diet83_vs50,Infected: diet 83 vs 50,Diet comparison among infected,"83
vs
50",3,1,Infected diet 83,Infected diet 50,inf83 vs inf50_log2FC,inf83 vs inf50_padj,TRUE,Placed/host-assigned,104.00033586411833,-0.896853908042141,0.6596903795807109,-1.3595073322308682,0.17398588063871956,0.7148893534774249,FALSE,-0.896853908042141,N.S.,Not significant,TRUE,,,N.S.
Protein-Anabolism,Protein Synthesis & Translation,Translation Initiation & Elongation Factors,LOC126272860,translation initiation factor IF-2-like,translation initiation factor IF-2-like,protein_coding,NC_064924.1,Chromosome5,assembled-molecule,5,Chromosome,Nuclear chromosome,infection_diet33,Diet 33: infected vs control,Within-diet infection response,33,1,1,Infected diet 33,Control diet 33,Diet 33 log2FC,Diet 33 padj,TRUE,Placed/host-assigned,104.00033586411833,-2.317112469938015,0.5724102083019595,-4.047992918944739,5.1658708896880385e-5,0.00143245294878641,TRUE,-2.317112469938015,Downregulated,Control diet 33,TRUE,,,N.S.
Protein-Anabolism,Protein Synthesis & Translation,Translation Initiation & Elongation Factors,LOC126272860,translation initiation factor IF-2-like,translation initiation factor IF-2-like,protein_coding,NC_064924.1,Chromosome5,assembled-molecule,5,Chromosome,Nuclear chromosome,infection_diet50,Diet 50: infected vs control,Within-diet infection response,50,2,1,Infected diet 50,Control diet 50,Diet 50 log2FC,Diet 50 padj,TRUE,Placed/host-assigned,104.00033586411833,-4.117032170531568,0.610330691003469,-6.745576178976993,1.5242093771634682e-11,3.474214019044215e-9,TRUE,-4.117032170531568,Downregulated,Control diet 50,TRUE,,,N.S.
Protein-Anabolism,Protein Synthesis & Translation,Translation Initiation & Elongation Factors,LOC126272860,translation initiation factor IF-2-like,translation initiation factor IF-2-like,protein_coding,NC_064924.1,Chromosome5,assembled-molecule,5,Chromosome,Nuclear chromosome,infection_diet83,Diet 83: infected vs control,Within-diet infection response,83,3,1,Infected diet 83,Control diet 83,Diet 83 log2FC,Diet 83 padj,TRUE,Placed/host-assigned,104.00033586411833,-4.160595321071847,0.6765019495222051,-6.15016013480872,7.740475527072607e-10,3.646280004953003e-7,TRUE,-4.160595321071847,Downregulated,Control diet 83,TRUE,,,N.S.
Protein-Anabolism,Protein Synthesis & Translation,Translation Initiation & Elongation Factors,LOC126277947,translation initiation factor IF-2-like,translation initiation factor IF-2-like,protein_coding,NC_064925.1,Chromosome6,assembled-molecule,6,Chromosome,Nuclear chromosome,control_diet33_vs50,Control: diet 50 vs 33,Diet comparison among controls,"50
vs
33",1,-1,Control diet 50,Control diet 33,cont33 vs cont50_log2FC,cont33 vs cont50_padj,FALSE,Placed/host-assigned,205.58634793463673,-3.42024624154651,1.4541340805936565,-2.3520845066434175,0.01866853313857222,0.8193417959902352,FALSE,3.42024624154651,N.S.,Not significant,TRUE,,,N.S.
Protein-Anabolism,Protein Synthesis & Translation,Translation Initiation & Elongation Factors,LOC126277947,translation initiation factor IF-2-like,translation initiation factor IF-2-like,protein_coding,NC_064925.1,Chromosome6,assembled-molecule,6,Chromosome,Nuclear chromosome,control_diet83_vs33,Control: diet 83 vs 33,Diet comparison among controls,"83
vs
33",2,1,Control diet 83,Control diet 33,cont83 vs cont33_log2FC,cont83 vs cont33_padj,FALSE,Placed/host-assigned,205.58634793463673,-0.1778324764048715,1.398775215882492,-0.127134420445587,0.8988340089154245,0.9999697606274288,FALSE,-0.1778324764048715,N.S.,Not significant,TRUE,,,N.S.
Protein-Anabolism,Protein Synthesis & Translation,Translation Initiation & Elongation Factors,LOC126277947,translation initiation factor IF-2-like,translation initiation factor IF-2-like,protein_coding,NC_064925.1,Chromosome6,assembled-molecule,6,Chromosome,Nuclear chromosome,control_diet83_vs50,Control: diet 83 vs 50,Diet comparison among controls,"83
vs
50",3,1,Control diet 83,Control diet 50,cont83 vs cont50_log2FC,cont83 vs cont50_padj,FALSE,Placed/host-assigned,205.58634793463673,-3.5980787179513816,1.4545430720544943,-2.4736831703919315,0.01337282322105237,0.4162659422024496,FALSE,-3.5980787179513816,N.S.,Not significant,TRUE,,,N.S.
Protein-Anabolism,Protein Synthesis & Translation,Translation Initiation & Elongation Factors,LOC126277947,translation initiation factor IF-2-like,translation initiation factor IF-2-like,protein_coding,NC_064925.1,Chromosome6,assembled-molecule,6,Chromosome,Nuclear chromosome,infected_diet33_vs50,Infected: diet 50 vs 33,Diet comparison among infected,"50
vs
33",1,-1,Infected diet 50,Infected diet 33,inf33 vs inf50_log2FC,inf33 vs inf50_padj,TRUE,Placed/host-assigned,205.58634793463673,-5.234486071405743,1.249204511451901,-4.190255497333985,2.786405227377772e-5,0.00450250107916584,TRUE,5.234486071405743,Upregulated,Infected diet 50,TRUE,,,N.S.
Protein-Anabolism,Protein Synthesis & Translation,Translation Initiation & Elongation Factors,LOC126277947,translation initiation factor IF-2-like,translation initiation factor IF-2-like,protein_coding,NC_064925.1,Chromosome6,assembled-molecule,6,Chromosome,Nuclear chromosome,infected_diet83_vs33,Infected: diet 83 vs 33,Diet comparison among infected,"83
vs
33",2,1,Infected diet 83,Infected diet 33,inf83 vs inf33_log2FC,inf83 vs inf33_padj,TRUE,Placed/host-assigned,205.58634793463673,4.746143537368461,1.3934796607591668,3.405965419533117,6.593052958783993e-4,0.07482405940525555,FALSE,4.746143537368461,N.S.,Not significant,TRUE,,,N.S.
Protein-Anabolism,Protein Synthesis & Translation,Translation Initiation & Elongation Factors,LOC126277947,translation initiation factor IF-2-like,translation initiation factor IF-2-like,protein_coding,NC_064925.1,Chromosome6,assembled-molecule,6,Chromosome,Nuclear chromosome,infected_diet83_vs50,Infected: diet 83 vs 50,Diet comparison among infected,"83
vs
50",3,1,Infected diet 83,Infected diet 50,inf83 vs inf50_log2FC,inf83 vs inf50_padj,TRUE,Placed/host-assigned,205.58634793463673,-0.4883425340372818,1.378545144086211,-0.35424486178940967,0.7231553857027212,0.9522197710175166,FALSE,-0.4883425340372818,N.S.,Not significant,TRUE,,,N.S.
Protein-Anabolism,Protein Synthesis & Translation,Translation Initiation & Elongation Factors,LOC126277947,translation initiation factor IF-2-like,translation initiation factor IF-2-like,protein_coding,NC_064925.1,Chromosome6,assembled-molecule,6,Chromosome,Nuclear chromosome,infection_diet33,Diet 33: infected vs control,Within-diet infection response,33,1,1,Infected diet 33,Control diet 33,Diet 33 log2FC,Diet 33 padj,TRUE,Placed/host-assigned,205.58634793463673,-4.212384360447669,1.3336591098453414,-3.1585165424590103,0.00158574309380686,0.01788664455810967,TRUE,-4.212384360447669,Downregulated,Control diet 33,TRUE,,,N.S.
Protein-Anabolism,Protein Synthesis & Translation,Translation Initiation & Elongation Factors,LOC126277947,translation initiation factor IF-2-like,translation initiation factor IF-2-like,protein_coding,NC_064925.1,Chromosome6,assembled-molecule,6,Chromosome,Nuclear chromosome,infection_diet50,Diet 50: infected vs control,Within-diet infection response,50,2,1,Infected diet 50,Control diet 50,Diet 50 log2FC,Diet 50 padj,TRUE,Placed/host-assigned,205.58634793463673,-2.398144530588437,1.3770879472649062,-1.7414606927259038,0.08160285755257725,0.18335726502248056,FALSE,-2.398144530588437,N.S.,Not significant,TRUE,,,N.S.
Protein-Anabolism,Protein Synthesis & Translation,Translation Initiation & Elongation Factors,LOC126277947,translation initiation factor IF-2-like,translation initiation factor IF-2-like,protein_coding,NC_064925.1,Chromosome6,assembled-molecule,6,Chromosome,Nuclear chromosome,infection_diet83,Diet 83: infected vs control,Within-diet infection response,83,3,1,Infected diet 83,Control diet 83,Diet 83 log2FC,Diet 83 padj,TRUE,Placed/host-assigned,205.58634793463673,0.7115916533256635,1.4559227480340866,0.48875646340887,0.6250141240140306,0.7895370785511963,FALSE,0.7115916533256635,N.S.,Not significant,TRUE,,,N.S.
Protein-Anabolism,Protein Synthesis & Translation,Translation Initiation & Elongation Factors,LOC126318441,elongation factor 1-gamma-A-like,elongation factor 1-gamma-A-like,protein_coding,NW_026062051.1,ptg000668l,unplaced-scaffold,na,na,Unplaced scaffold,control_diet33_vs50,Control: diet 50 vs 33,Diet comparison among controls,"50
vs
33",1,-1,Control diet 50,Control diet 33,cont33 vs cont50_log2FC,cont33 vs cont50_padj,FALSE,Unplaced scaffold,46.687934368427904,-2.660307471130875,2.372845562176006,-1.121146489066593,0.26222551283768886,0.44644723317239354,FALSE,2.660307471130875,N.S.,Not significant,FALSE,,,N.S.
Protein-Anabolism,Protein Synthesis & Translation,Translation Initiation & Elongation Factors,LOC126318441,elongation factor 1-gamma-A-like,elongation factor 1-gamma-A-like,protein_coding,NW_026062051.1,ptg000668l,unplaced-scaffold,na,na,Unplaced scaffold,control_diet83_vs33,Control: diet 83 vs 33,Diet comparison among controls,"83
vs
33",2,1,Control diet 83,Control diet 33,cont83 vs cont33_log2FC,cont83 vs cont33_padj,FALSE,Unplaced scaffold,46.687934368427904,-1.1697979461777983,2.284968667258627,-0.5119536048523826,0.6086834804372909,0.9930597908525568,FALSE,-1.1697979461777983,N.S.,Not significant,FALSE,,,N.S.
Protein-Anabolism,Protein Synthesis & Translation,Translation Initiation & Elongation Factors,LOC126318441,elongation factor 1-gamma-A-like,elongation factor 1-gamma-A-like,protein_coding,NW_026062051.1,ptg000668l,unplaced-scaffold,na,na,Unplaced scaffold,control_diet83_vs50,Control: diet 83 vs 50,Diet comparison among controls,"83
vs
50",3,1,Control diet 83,Control diet 50,cont83 vs cont50_log2FC,cont83 vs cont50_padj,FALSE,Unplaced scaffold,46.687934368427904,-3.8301054173086735,2.3760409678822163,-1.6119694353260567,0.10696859098494316,0.26338736786134126,FALSE,-3.8301054173086735,N.S.,Not significant,FALSE,,,N.S.
Protein-Anabolism,Protein Synthesis & Translation,Translation Initiation & Elongation Factors,LOC126318441,elongation factor 1-gamma-A-like,elongation factor 1-gamma-A-like,protein_coding,NW_026062051.1,ptg000668l,unplaced-scaffold,na,na,Unplaced scaffold,infected_diet33_vs50,Infected: diet 50 vs 33,Diet comparison among infected,"50
vs
33",1,-1,Infected diet 50,Infected diet 33,inf33 vs inf50_log2FC,inf33 vs inf50_padj,TRUE,Unplaced scaffold,46.687934368427904,-6.074954234136931,2.086858675360133,-2.91105205439394,0.00360214000300905,0.01051468313589256,TRUE,6.074954234136931,Upregulated,Infected diet 50,FALSE,,,N.S.
Protein-Anabolism,Protein Synthesis & Translation,Translation Initiation & Elongation Factors,LOC126318441,elongation factor 1-gamma-A-like,elongation factor 1-gamma-A-like,protein_coding,NW_026062051.1,ptg000668l,unplaced-scaffold,na,na,Unplaced scaffold,infected_diet83_vs33,Infected: diet 83 vs 33,Diet comparison among infected,"83
vs
33",2,1,Infected diet 83,Infected diet 33,inf83 vs inf33_log2FC,inf83 vs inf33_padj,TRUE,Unplaced scaffold,46.687934368427904,4.519153163598314,2.322644701169468,1.9456928394269204,0.05169164731022912,0.12046799508253676,FALSE,4.519153163598314,N.S.,Not significant,FALSE,,,N.S.
Protein-Anabolism,Protein Synthesis & Translation,Translation Initiation & Elongation Factors,LOC126318441,elongation factor 1-gamma-A-like,elongation factor 1-gamma-A-like,protein_coding,NW_026062051.1,ptg000668l,unplaced-scaffold,na,na,Unplaced scaffold,infected_diet83_vs50,Infected: diet 83 vs 50,Diet comparison among infected,"83
vs
50",3,1,Infected diet 83,Infected diet 50,inf83 vs inf50_log2FC,inf83 vs inf50_padj,TRUE,Unplaced scaffold,46.687934368427904,-1.5558010705386178,2.2562740216533395,-0.6895443796310552,0.4904807553168506,0.8410735678958844,FALSE,-1.5558010705386178,N.S.,Not significant,FALSE,,,N.S.
Protein-Anabolism,Protein Synthesis & Translation,Translation Initiation & Elongation Factors,LOC126318441,elongation factor 1-gamma-A-like,elongation factor 1-gamma-A-like,protein_coding,NW_026062051.1,ptg000668l,unplaced-scaffold,na,na,Unplaced scaffold,infection_diet33,Diet 33: infected vs control,Within-diet infection response,33,1,1,Infected diet 33,Control diet 33,Diet 33 log2FC,Diet 33 padj,TRUE,Unplaced scaffold,46.687934368427904,-5.792635848976953,2.220899847949711,-2.608238212238429,0.00910095956259308,0.03815183048368877,TRUE,-5.792635848976953,Downregulated,Control diet 33,FALSE,,,N.S.
Protein-Anabolism,Protein Synthesis & Translation,Translation Initiation & Elongation Factors,LOC126318441,elongation factor 1-gamma-A-like,elongation factor 1-gamma-A-like,protein_coding,NW_026062051.1,ptg000668l,unplaced-scaffold,na,na,Unplaced scaffold,infection_diet50,Diet 50: infected vs control,Within-diet infection response,50,2,1,Infected diet 50,Control diet 50,Diet 50 log2FC,Diet 50 padj,TRUE,Unplaced scaffold,46.687934368427904,-2.377989085970896,2.2478832394591066,-1.0578792724764017,0.29011048606090456,0.8147311843699152,FALSE,-2.377989085970896,N.S.,Not significant,FALSE,,,N.S.
Protein-Anabolism,Protein Synthesis & Translation,Translation Initiation & Elongation Factors,LOC126318441,elongation factor 1-gamma-A-like,elongation factor 1-gamma-A-like,protein_coding,NW_026062051.1,ptg000668l,unplaced-scaffold,na,na,Unplaced scaffold,infection_diet83,Diet 83: infected vs control,Within-diet infection response,83,3,1,Infected diet 83,Control diet 83,Diet 83 log2FC,Diet 83 padj,TRUE,Unplaced scaffold,46.687934368427904,-0.1036847392008403,2.383980722153858,-0.04349227249923571,0.9653091243514365,1,FALSE,-0.1036847392008403,N.S.,Not significant,FALSE,,,N.S.
Protein-Anabolism,Protein Synthesis & Translation,Translation Initiation & Elongation Factors,LOC126318456,eukaryotic translation initiation factor 4 gamma 3-like,eukaryotic translation initiation factor 4 gamma 3-like,protein_coding,NW_026062051.1,ptg000668l,unplaced-scaffold,na,na,Unplaced scaffold,control_diet33_vs50,Control: diet 50 vs 33,Diet comparison among controls,"50
vs
33",1,-1,Control diet 50,Control diet 33,cont33 vs cont50_log2FC,cont33 vs cont50_padj,FALSE,Unplaced scaffold,47.86974274796566,-2.682231532937111,2.20768029263502,-1.2149546933427038,0.22438337186380455,0.44644723317239354,FALSE,2.682231532937111,N.S.,Not significant,FALSE,,,N.S.
Protein-Anabolism,Protein Synthesis & Translation,Translation Initiation & Elongation Factors,LOC126318456,eukaryotic translation initiation factor 4 gamma 3-like,eukaryotic translation initiation factor 4 gamma 3-like,protein_coding,NW_026062051.1,ptg000668l,unplaced-scaffold,na,na,Unplaced scaffold,control_diet83_vs33,Control: diet 83 vs 33,Diet comparison among controls,"83
vs
33",2,1,Control diet 83,Control diet 33,cont83 vs cont33_log2FC,cont83 vs cont33_padj,FALSE,Unplaced scaffold,47.86974274796566,-0.90584059803544,2.1260634150263713,-0.4260647126671921,0.6700606922459054,0.9930597908525568,FALSE,-0.90584059803544,N.S.,Not significant,FALSE,,,N.S.
Protein-Anabolism,Protein Synthesis & Translation,Translation Initiation & Elongation Factors,LOC126318456,eukaryotic translation initiation factor 4 gamma 3-like,eukaryotic translation initiation factor 4 gamma 3-like,protein_coding,NW_026062051.1,ptg000668l,unplaced-scaffold,na,na,Unplaced scaffold,control_diet83_vs50,Control: diet 83 vs 50,Diet comparison among controls,"83
vs
50",3,1,Control diet 83,Control diet 50,cont83 vs cont50_log2FC,cont83 vs cont50_padj,FALSE,Unplaced scaffold,47.86974274796566,-3.588072130972551,2.2103807082066047,-1.6232824135909774,0.10452904722404742,0.26338736786134126,FALSE,-3.588072130972551,N.S.,Not significant,FALSE,,,N.S.
Protein-Anabolism,Protein Synthesis & Translation,Translation Initiation & Elongation Factors,LOC126318456,eukaryotic translation initiation factor 4 gamma 3-like,eukaryotic translation initiation factor 4 gamma 3-like,protein_coding,NW_026062051.1,ptg000668l,unplaced-scaffold,na,na,Unplaced scaffold,infected_diet33_vs50,Infected: diet 50 vs 33,Diet comparison among infected,"50
vs
33",1,-1,Infected diet 50,Infected diet 33,inf33 vs inf50_log2FC,inf33 vs inf50_padj,TRUE,Unplaced scaffold,47.86974274796566,-5.2018759934429575,1.9090882024331048,-2.724796050184189,0.00643412181215576,0.01366329468293306,TRUE,5.2018759934429575,Upregulated,Infected diet 50,FALSE,,,N.S.
Protein-Anabolism,Protein Synthesis & Translation,Translation Initiation & Elongation Factors,LOC126318456,eukaryotic translation initiation factor 4 gamma 3-like,eukaryotic translation initiation factor 4 gamma 3-like,protein_coding,NW_026062051.1,ptg000668l,unplaced-scaffold,na,na,Unplaced scaffold,infected_diet83_vs33,Infected: diet 83 vs 33,Diet comparison among infected,"83
vs
33",2,1,Infected diet 83,Infected diet 33,inf83 vs inf33_log2FC,inf83 vs inf33_padj,TRUE,Unplaced scaffold,47.86974274796566,3.775395806955011,2.130653909147173,1.7719423087657495,0.07640413430604698,0.13373595839434388,FALSE,3.775395806955011,N.S.,Not significant,FALSE,,,N.S.
Protein-Anabolism,Protein Synthesis & Translation,Translation Initiation & Elongation Factors,LOC126318456,eukaryotic translation initiation factor 4 gamma 3-like,eukaryotic translation initiation factor 4 gamma 3-like,protein_coding,NW_026062051.1,ptg000668l,unplaced-scaffold,na,na,Unplaced scaffold,infected_diet83_vs50,Infected: diet 83 vs 50,Diet comparison among infected,"83
vs
50",3,1,Infected diet 83,Infected diet 50,inf83 vs inf50_log2FC,inf83 vs inf50_padj,TRUE,Unplaced scaffold,47.86974274796566,-1.426480186487947,2.097446057609782,-0.6801033958954551,0.496438994394359,0.8410735678958844,FALSE,-1.426480186487947,N.S.,Not significant,FALSE,,,N.S.
Protein-Anabolism,Protein Synthesis & Translation,Translation Initiation & Elongation Factors,LOC126318456,eukaryotic translation initiation factor 4 gamma 3-like,eukaryotic translation initiation factor 4 gamma 3-like,protein_coding,NW_026062051.1,ptg000668l,unplaced-scaffold,na,na,Unplaced scaffold,infection_diet33,Diet 33: infected vs control,Within-diet infection response,33,1,1,Infected diet 33,Control diet 33,Diet 33 log2FC,Diet 33 padj,TRUE,Unplaced scaffold,47.86974274796566,-4.505683137254456,2.0363249893670323,-2.2126542476183992,0.02692149196104815,0.05963335749816863,FALSE,-4.505683137254456,N.S.,Not significant,FALSE,,,N.S.
Protein-Anabolism,Protein Synthesis & Translation,Translation Initiation & Elongation Factors,LOC126318456,eukaryotic translation initiation factor 4 gamma 3-like,eukaryotic translation initiation factor 4 gamma 3-like,protein_coding,NW_026062051.1,ptg000668l,unplaced-scaffold,na,na,Unplaced scaffold,infection_diet50,Diet 50: infected vs control,Within-diet infection response,50,2,1,Infected diet 50,Control diet 50,Diet 50 log2FC,Diet 50 padj,TRUE,Unplaced scaffold,47.86974274796566,-1.9860386767486091,2.0908970746638076,-0.9498500432250792,0.3421884537978139,0.8147311843699152,FALSE,-1.9860386767486091,N.S.,Not significant,FALSE,,,N.S.
Protein-Anabolism,Protein Synthesis & Translation,Translation Initiation & Elongation Factors,LOC126318456,eukaryotic translation initiation factor 4 gamma 3-like,eukaryotic translation initiation factor 4 gamma 3-like,protein_coding,NW_026062051.1,ptg000668l,unplaced-scaffold,na,na,Unplaced scaffold,infection_diet83,Diet 83: infected vs control,Within-diet infection response,83,3,1,Infected diet 83,Control diet 83,Diet 83 log2FC,Diet 83 padj,TRUE,Unplaced scaffold,47.86974274796566,0.17555326773599486,2.216576699091886,0.07920017737618448,0.9368734035114494,1,FALSE,0.17555326773599486,N.S.,Not significant,FALSE,,,N.S.
Protein-Anabolism,Protein Synthesis & Translation,Translation Initiation & Elongation Factors,LOC126318651,elongation factor 1-beta-like,elongation factor 1-beta-like,protein_coding,NW_026062056.1,ptg000673l,unplaced-scaffold,na,na,Unplaced scaffold,control_diet33_vs50,Control: diet 50 vs 33,Diet comparison among controls,"50
vs
33",1,-1,Control diet 50,Control diet 33,cont33 vs cont50_log2FC,cont33 vs cont50_padj,FALSE,Unplaced scaffold,18.356273396587856,-2.651523167660344,2.291622985881169,-1.1570503455396206,0.24725179176043235,0.44644723317239354,FALSE,2.651523167660344,N.S.,Not significant,FALSE,,,N.S.
Protein-Anabolism,Protein Synthesis & Translation,Translation Initiation & Elongation Factors,LOC126318651,elongation factor 1-beta-like,elongation factor 1-beta-like,protein_coding,NW_026062056.1,ptg000673l,unplaced-scaffold,na,na,Unplaced scaffold,control_diet83_vs33,Control: diet 83 vs 33,Diet comparison among controls,"83
vs
33",2,1,Control diet 83,Control diet 33,cont83 vs cont33_log2FC,cont83 vs cont33_padj,FALSE,Unplaced scaffold,18.356273396587856,-0.8213503038523206,2.213767968133336,-0.37101914729793867,0.7106232704583497,0.9930597908525568,FALSE,-0.8213503038523206,N.S.,Not significant,FALSE,,,N.S.
Protein-Anabolism,Protein Synthesis & Translation,Translation Initiation & Elongation Factors,LOC126318651,elongation factor 1-beta-like,elongation factor 1-beta-like,protein_coding,NW_026062056.1,ptg000673l,unplaced-scaffold,na,na,Unplaced scaffold,control_diet83_vs50,Control: diet 83 vs 50,Diet comparison among controls,"83
vs
50",3,1,Control diet 83,Control diet 50,cont83 vs cont50_log2FC,cont83 vs cont50_padj,FALSE,Unplaced scaffold,18.356273396587856,-3.472873471512665,2.297841845245627,-1.5113631422015614,0.13069595460600736,0.26338736786134126,FALSE,-3.472873471512665,N.S.,Not significant,FALSE,,,N.S.
Protein-Anabolism,Protein Synthesis & Translation,Translation Initiation & Elongation Factors,LOC126318651,elongation factor 1-beta-like,elongation factor 1-beta-like,protein_coding,NW_026062056.1,ptg000673l,unplaced-scaffold,na,na,Unplaced scaffold,infected_diet33_vs50,Infected: diet 50 vs 33,Diet comparison among infected,"50
vs
33",1,-1,Infected diet 50,Infected diet 33,inf33 vs inf50_log2FC,inf33 vs inf50_padj,TRUE,Unplaced scaffold,18.356273396587856,-7.978053026564825,2.055697619951779,-3.880946764316421,1.0405061716905927e-4,0.00204554054207355,TRUE,7.978053026564825,Upregulated,Infected diet 50,FALSE,,,N.S.
Protein-Anabolism,Protein Synthesis & Translation,Translation Initiation & Elongation Factors,LOC126318651,elongation factor 1-beta-like,elongation factor 1-beta-like,protein_coding,NW_026062056.1,ptg000673l,unplaced-scaffold,na,na,Unplaced scaffold,infected_diet83_vs33,Infected: diet 83 vs 33,Diet comparison among infected,"83
vs
33",2,1,Infected diet 83,Infected diet 33,inf83 vs inf33_log2FC,inf83 vs inf33_padj,TRUE,Unplaced scaffold,18.356273396587856,6.261561355905818,2.2864102969087527,2.738599176347091,0.0061701547315373,0.0932735078897327,FALSE,6.261561355905818,N.S.,Not significant,FALSE,,,N.S.
Protein-Anabolism,Protein Synthesis & Translation,Translation Initiation & Elongation Factors,LOC126318651,elongation factor 1-beta-like,elongation factor 1-beta-like,protein_coding,NW_026062056.1,ptg000673l,unplaced-scaffold,na,na,Unplaced scaffold,infected_diet83_vs50,Infected: diet 83 vs 50,Diet comparison among infected,"83
vs
50",3,1,Infected diet 83,Infected diet 50,inf83 vs inf50_log2FC,inf83 vs inf50_padj,TRUE,Unplaced scaffold,18.356273396587856,-1.7164916706590057,2.186307200728234,-0.7851100111124649,0.43238907058652015,0.8410735678958844,FALSE,-1.7164916706590057,N.S.,Not significant,FALSE,,,N.S.
Protein-Anabolism,Protein Synthesis & Translation,Translation Initiation & Elongation Factors,LOC126318651,elongation factor 1-beta-like,elongation factor 1-beta-like,protein_coding,NW_026062056.1,ptg000673l,unplaced-scaffold,na,na,Unplaced scaffold,infection_diet33,Diet 33: infected vs control,Within-diet infection response,33,1,1,Infected diet 33,Control diet 33,Diet 33 log2FC,Diet 33 padj,TRUE,Unplaced scaffold,18.356273396587856,-7.0331384384668345,2.1847028350464455,-3.2192654880302354,0.00128519435588438,0.0167575991338691,TRUE,-7.0331384384668345,Downregulated,Control diet 33,FALSE,,,N.S.
Protein-Anabolism,Protein Synthesis & Translation,Translation Initiation & Elongation Factors,LOC126318651,elongation factor 1-beta-like,elongation factor 1-beta-like,protein_coding,NW_026062056.1,ptg000673l,unplaced-scaffold,na,na,Unplaced scaffold,infection_diet50,Diet 50: infected vs control,Within-diet infection response,50,2,1,Infected diet 50,Control diet 50,Diet 50 log2FC,Diet 50 padj,TRUE,Unplaced scaffold,18.356273396587856,-1.706608579562354,2.168986430716974,-0.7868230780024854,0.43138544185548217,0.8147311843699152,FALSE,-1.706608579562354,N.S.,Not significant,FALSE,,,N.S.
Protein-Anabolism,Protein Synthesis & Translation,Translation Initiation & Elongation Factors,LOC126318651,elongation factor 1-beta-like,elongation factor 1-beta-like,protein_coding,NW_026062056.1,ptg000673l,unplaced-scaffold,na,na,Unplaced scaffold,infection_diet83,Diet 83: infected vs control,Within-diet infection response,83,3,1,Infected diet 83,Control diet 83,Diet 83 log2FC,Diet 83 padj,TRUE,Unplaced scaffold,18.356273396587856,0.04977322129130484,2.3141983893096967,0.0215077590241309,0.982840614089408,1,FALSE,0.04977322129130484,N.S.,Not significant,FALSE,,,N.S.
Protein-Anabolism,Protein Synthesis & Translation,Translation Initiation & Elongation Factors,LOC126320390,translation initiation factor eIF-2B subunit beta-like,translation initiation factor eIF-2B subunit beta-like,protein_coding,NW_026062097.1,ptg000720l,unplaced-scaffold,na,na,Unplaced scaffold,control_diet33_vs50,Control: diet 50 vs 33,Diet comparison among controls,"50
vs
33",1,-1,Control diet 50,Control diet 33,cont33 vs cont50_log2FC,cont33 vs cont50_padj,FALSE,Unplaced scaffold,11.761998180881475,-2.2666597535824793,2.179121748463896,-1.0401712319104202,0.2982603544255918,0.44644723317239354,FALSE,2.2666597535824793,N.S.,Not significant,FALSE,,,N.S.
Protein-Anabolism,Protein Synthesis & Translation,Translation Initiation & Elongation Factors,LOC126320390,translation initiation factor eIF-2B subunit beta-like,translation initiation factor eIF-2B subunit beta-like,protein_coding,NW_026062097.1,ptg000720l,unplaced-scaffold,na,na,Unplaced scaffold,control_diet83_vs33,Control: diet 83 vs 33,Diet comparison among controls,"83
vs
33",2,1,Control diet 83,Control diet 33,cont83 vs cont33_log2FC,cont83 vs cont33_padj,FALSE,Unplaced scaffold,11.761998180881475,-1.0557650476163158,2.111172050854438,-0.500084797536527,0.6170153701729995,0.9930597908525568,FALSE,-1.0557650476163158,N.S.,Not significant,FALSE,,,N.S.
Protein-Anabolism,Protein Synthesis & Translation,Translation Initiation & Elongation Factors,LOC126320390,translation initiation factor eIF-2B subunit beta-like,translation initiation factor eIF-2B subunit beta-like,protein_coding,NW_026062097.1,ptg000720l,unplaced-scaffold,na,na,Unplaced scaffold,control_diet83_vs50,Control: diet 83 vs 50,Diet comparison among controls,"83
vs
50",3,1,Control diet 83,Control diet 50,cont83 vs cont50_log2FC,cont83 vs cont50_padj,FALSE,Unplaced scaffold,11.761998180881475,-3.322424801198795,2.1895643610821143,-1.5173907925487082,0.129168047216548,0.26338736786134126,FALSE,-3.322424801198795,N.S.,Not significant,FALSE,,,N.S.
Protein-Anabolism,Protein Synthesis & Translation,Translation Initiation & Elongation Factors,LOC126320390,translation initiation factor eIF-2B subunit beta-like,translation initiation factor eIF-2B subunit beta-like,protein_coding,NW_026062097.1,ptg000720l,unplaced-scaffold,na,na,Unplaced scaffold,infected_diet33_vs50,Infected: diet 50 vs 33,Diet comparison among infected,"50
vs
33",1,-1,Infected diet 50,Infected diet 33,inf33 vs inf50_log2FC,inf33 vs inf50_padj,TRUE,Unplaced scaffold,11.761998180881475,-4.7920980123337955,1.9491969333931352,-2.4584986412798098,0.01395193044850713,0.0218498850415667,TRUE,4.7920980123337955,Upregulated,Infected diet 50,FALSE,,,N.S.
Protein-Anabolism,Protein Synthesis & Translation,Translation Initiation & Elongation Factors,LOC126320390,translation initiation factor eIF-2B subunit beta-like,translation initiation factor eIF-2B subunit beta-like,protein_coding,NW_026062097.1,ptg000720l,unplaced-scaffold,na,na,Unplaced scaffold,infected_diet83_vs33,Infected: diet 83 vs 33,Diet comparison among infected,"83
vs
33",2,1,Infected diet 83,Infected diet 33,inf83 vs inf33_log2FC,inf83 vs inf33_padj,TRUE,Unplaced scaffold,11.761998180881475,3.062431886889898,2.1823799068955085,1.4032533369711446,0.1605413076605086,0.20695917642748585,FALSE,3.062431886889898,N.S.,Not significant,FALSE,,,N.S.
Protein-Anabolism,Protein Synthesis & Translation,Translation Initiation & Elongation Factors,LOC126320390,translation initiation factor eIF-2B subunit beta-like,translation initiation factor eIF-2B subunit beta-like,protein_coding,NW_026062097.1,ptg000720l,unplaced-scaffold,na,na,Unplaced scaffold,infected_diet83_vs50,Infected: diet 83 vs 50,Diet comparison among infected,"83
vs
50",3,1,Infected diet 83,Infected diet 50,inf83 vs inf50_log2FC,inf83 vs inf50_padj,TRUE,Unplaced scaffold,11.761998180881475,-1.7296661254438972,2.0973378425272142,-0.8246959981228936,0.40954420426705607,0.8410735678958844,FALSE,-1.7296661254438972,N.S.,Not significant,FALSE,,,N.S.
Protein-Anabolism,Protein Synthesis & Translation,Translation Initiation & Elongation Factors,LOC126320390,translation initiation factor eIF-2B subunit beta-like,translation initiation factor eIF-2B subunit beta-like,protein_coding,NW_026062097.1,ptg000720l,unplaced-scaffold,na,na,Unplaced scaffold,infection_diet33,Diet 33: infected vs control,Within-diet infection response,33,1,1,Infected diet 33,Control diet 33,Diet 33 log2FC,Diet 33 padj,TRUE,Unplaced scaffold,11.761998180881475,-4.441615674004591,2.070597938892301,-2.1450884261870287,0.0319457776329869,0.0642732615494307,FALSE,-4.441615674004591,N.S.,Not significant,FALSE,,,N.S.
Protein-Anabolism,Protein Synthesis & Translation,Translation Initiation & Elongation Factors,LOC126320390,translation initiation factor eIF-2B subunit beta-like,translation initiation factor eIF-2B subunit beta-like,protein_coding,NW_026062097.1,ptg000720l,unplaced-scaffold,na,na,Unplaced scaffold,infection_diet50,Diet 50: infected vs control,Within-diet infection response,50,2,1,Infected diet 50,Control diet 50,Diet 50 log2FC,Diet 50 padj,TRUE,Unplaced scaffold,11.761998180881475,-1.916177415253276,2.064113479252656,-0.9283294908509864,0.35323668094147337,0.8147311843699152,FALSE,-1.916177415253276,N.S.,Not significant,FALSE,,,N.S.
Protein-Anabolism,Protein Synthesis & Translation,Translation Initiation & Elongation Factors,LOC126320390,translation initiation factor eIF-2B subunit beta-like,translation initiation factor eIF-2B subunit beta-like,protein_coding,NW_026062097.1,ptg000720l,unplaced-scaffold,na,na,Unplaced scaffold,infection_diet83,Diet 83: infected vs control,Within-diet infection response,83,3,1,Infected diet 83,Control diet 83,Diet 83 log2FC,Diet 83 padj,TRUE,Unplaced scaffold,11.761998180881475,-0.3234187394983779,2.2209127992303372,-0.14562424045215078,0.8842180308627785,1,FALSE,-0.3234187394983779,N.S.,Not significant,FALSE,,,N.S.
Protein-Anabolism,Protein Synthesis & Translation,Translation Initiation & Elongation Factors,LOC126320478,eukaryotic translation initiation factor 2 subunit 2-like,eukaryotic translation initiation factor 2 subunit 2-like,protein_coding,NW_026062097.1,ptg000720l,unplaced-scaffold,na,na,Unplaced scaffold,control_diet33_vs50,Control: diet 50 vs 33,Diet comparison among controls,"50
vs
33",1,-1,Control diet 50,Control diet 33,cont33 vs cont50_log2FC,cont33 vs cont50_padj,FALSE,Unplaced scaffold,6.500668506588036,-2.55158615972637,2.3322749181979097,-1.0940331861468184,0.27394042364110277,0.44644723317239354,FALSE,2.55158615972637,N.S.,Not significant,FALSE,,,N.S.
Protein-Anabolism,Protein Synthesis & Translation,Translation Initiation & Elongation Factors,LOC126320478,eukaryotic translation initiation factor 2 subunit 2-like,eukaryotic translation initiation factor 2 subunit 2-like,protein_coding,NW_026062097.1,ptg000720l,unplaced-scaffold,na,na,Unplaced scaffold,control_diet83_vs33,Control: diet 83 vs 33,Diet comparison among controls,"83
vs
33",2,1,Control diet 83,Control diet 33,cont83 vs cont33_log2FC,cont83 vs cont33_padj,FALSE,Unplaced scaffold,6.500668506588036,-0.557249972935233,2.270738274385234,-0.24540475633903672,0.8061430465704122,0.9930597908525568,FALSE,-0.557249972935233,N.S.,Not significant,FALSE,,,N.S.
Protein-Anabolism,Protein Synthesis & Translation,Translation Initiation & Elongation Factors,LOC126320478,eukaryotic translation initiation factor 2 subunit 2-like,eukaryotic translation initiation factor 2 subunit 2-like,protein_coding,NW_026062097.1,ptg000720l,unplaced-scaffold,na,na,Unplaced scaffold,control_diet83_vs50,Control: diet 83 vs 50,Diet comparison among controls,"83
vs
50",3,1,Control diet 83,Control diet 50,cont83 vs cont50_log2FC,cont83 vs cont50_padj,FALSE,Unplaced scaffold,6.500668506588036,-3.1088361326616023,2.345133072923834,-1.3256544665013863,0.18495417614309595,0.27326522345329995,FALSE,-3.1088361326616023,N.S.,Not significant,FALSE,,,N.S.
Protein-Anabolism,Protein Synthesis & Translation,Translation Initiation & Elongation Factors,LOC126320478,eukaryotic translation initiation factor 2 subunit 2-like,eukaryotic translation initiation factor 2 subunit 2-like,protein_coding,NW_026062097.1,ptg000720l,unplaced-scaffold,na,na,Unplaced scaffold,infected_diet33_vs50,Infected: diet 50 vs 33,Diet comparison among infected,"50
vs
33",1,-1,Infected diet 50,Infected diet 33,inf33 vs inf50_log2FC,inf33 vs inf50_padj,TRUE,Unplaced scaffold,6.500668506588036,-5.1909244882291645,2.082758507132241,-2.4923314299057022,0.01269075549320093,0.02039164737142813,TRUE,5.1909244882291645,Upregulated,Infected diet 50,FALSE,,,N.S.
Protein-Anabolism,Protein Synthesis & Translation,Translation Initiation & Elongation Factors,LOC126320478,eukaryotic translation initiation factor 2 subunit 2-like,eukaryotic translation initiation factor 2 subunit 2-like,protein_coding,NW_026062097.1,ptg000720l,unplaced-scaffold,na,na,Unplaced scaffold,infected_diet83_vs33,Infected: diet 83 vs 33,Diet comparison among infected,"83
vs
33",2,1,Infected diet 83,Infected diet 33,inf83 vs inf33_log2FC,inf83 vs inf33_padj,TRUE,Unplaced scaffold,6.500668506588036,4.4044401072313395,2.316630239535966,1.901227063371828,0.05727227771446401,0.12212108041689042,FALSE,4.4044401072313395,N.S.,Not significant,FALSE,,,N.S.
Protein-Anabolism,Protein Synthesis & Translation,Translation Initiation & Elongation Factors,LOC126320478,eukaryotic translation initiation factor 2 subunit 2-like,eukaryotic translation initiation factor 2 subunit 2-like,protein_coding,NW_026062097.1,ptg000720l,unplaced-scaffold,na,na,Unplaced scaffold,infected_diet83_vs50,Infected: diet 83 vs 50,Diet comparison among infected,"83
vs
50",3,1,Infected diet 83,Infected diet 50,inf83 vs inf50_log2FC,inf83 vs inf50_padj,TRUE,Unplaced scaffold,6.500668506588036,-0.7864843809978244,2.223087454211846,-0.35378022556321687,0.7235035940463108,0.8410735678958844,FALSE,-0.7864843809978244,N.S.,Not significant,FALSE,,,N.S.
Protein-Anabolism,Protein Synthesis & Translation,Translation Initiation & Elongation Factors,LOC126320478,eukaryotic translation initiation factor 2 subunit 2-like,eukaryotic translation initiation factor 2 subunit 2-like,protein_coding,NW_026062097.1,ptg000720l,unplaced-scaffold,na,na,Unplaced scaffold,infection_diet33,Diet 33: infected vs control,Within-diet infection response,33,1,1,Infected diet 33,Control diet 33,Diet 33 log2FC,Diet 33 padj,TRUE,Unplaced scaffold,6.500668506588036,-3.972603886169761,2.2202083586661403,-1.7892932754097128,0.07356759648002979,0.10589514962860204,FALSE,-3.972603886169761,N.S.,Not significant,FALSE,,,N.S.
Protein-Anabolism,Protein Synthesis & Translation,Translation Initiation & Elongation Factors,LOC126320478,eukaryotic translation initiation factor 2 subunit 2-like,eukaryotic translation initiation factor 2 subunit 2-like,protein_coding,NW_026062097.1,ptg000720l,unplaced-scaffold,na,na,Unplaced scaffold,infection_diet50,Diet 50: infected vs control,Within-diet infection response,50,2,1,Infected diet 50,Control diet 50,Diet 50 log2FC,Diet 50 padj,TRUE,Unplaced scaffold,6.500668506588036,-1.333265557666966,2.2018319956790053,-0.6055255624786262,0.5448298451029541,0.8147311843699152,FALSE,-1.333265557666966,N.S.,Not significant,FALSE,,,N.S.
Protein-Anabolism,Protein Synthesis & Translation,Translation Initiation & Elongation Factors,LOC126320478,eukaryotic translation initiation factor 2 subunit 2-like,eukaryotic translation initiation factor 2 subunit 2-like,protein_coding,NW_026062097.1,ptg000720l,unplaced-scaffold,na,na,Unplaced scaffold,infection_diet83,Diet 83: infected vs control,Within-diet infection response,83,3,1,Infected diet 83,Control diet 83,Diet 83 log2FC,Diet 83 padj,TRUE,Unplaced scaffold,6.500668506588036,0.9890861939968122,2.36510101720825,0.41820040108237033,0.675800602560261,1,FALSE,0.9890861939968122,N.S.,Not significant,FALSE,,,N.S.
Protein-Anabolism,Protein Synthesis & Translation,Translation Initiation & Elongation Factors,LOC126320556,eukaryotic translation initiation factor 3 subunit B-like,eukaryotic translation initiation factor 3 subunit B-like,protein_coding,NW_026062105.1,ptg000728l,unplaced-scaffold,na,na,Unplaced scaffold,control_diet33_vs50,Control: diet 50 vs 33,Diet comparison among controls,"50
vs
33",1,-1,Control diet 50,Control diet 33,cont33 vs cont50_log2FC,cont33 vs cont50_padj,FALSE,Unplaced scaffold,21.359327017935627,-2.561974770312142,2.1777856522856496,-1.176412732641192,0.23942998615967295,0.44644723317239354,FALSE,2.561974770312142,N.S.,Not significant,FALSE,,,N.S.
Protein-Anabolism,Protein Synthesis & Translation,Translation Initiation & Elongation Factors,LOC126320556,eukaryotic translation initiation factor 3 subunit B-like,eukaryotic translation initiation factor 3 subunit B-like,protein_coding,NW_026062105.1,ptg000728l,unplaced-scaffold,na,na,Unplaced scaffold,control_diet83_vs33,Control: diet 83 vs 33,Diet comparison among controls,"83
vs
33",2,1,Control diet 83,Control diet 33,cont83 vs cont33_log2FC,cont83 vs cont33_padj,FALSE,Unplaced scaffold,21.359327017935627,-1.4575183340188311,2.1058917504366335,-0.6921145560861002,0.4888653912127154,0.9930597908525568,FALSE,-1.4575183340188311,N.S.,Not significant,FALSE,,,N.S.
Protein-Anabolism,Protein Synthesis & Translation,Translation Initiation & Elongation Factors,LOC126320556,eukaryotic translation initiation factor 3 subunit B-like,eukaryotic translation initiation factor 3 subunit B-like,protein_coding,NW_026062105.1,ptg000728l,unplaced-scaffold,na,na,Unplaced scaffold,control_diet83_vs50,Control: diet 83 vs 50,Diet comparison among controls,"83
vs
50",3,1,Control diet 83,Control diet 50,cont83 vs cont50_log2FC,cont83 vs cont50_padj,FALSE,Unplaced scaffold,21.359327017935627,-4.019493104330973,2.1869860688881686,-1.837914361463868,0.0660750255352716,0.26338736786134126,FALSE,-4.019493104330973,N.S.,Not significant,FALSE,,,N.S.
Protein-Anabolism,Protein Synthesis & Translation,Translation Initiation & Elongation Factors,LOC126320556,eukaryotic translation initiation factor 3 subunit B-like,eukaryotic translation initiation factor 3 subunit B-like,protein_coding,NW_026062105.1,ptg000728l,unplaced-scaffold,na,na,Unplaced scaffold,infected_diet33_vs50,Infected: diet 50 vs 33,Diet comparison among infected,"50
vs
33",1,-1,Infected diet 50,Infected diet 33,inf33 vs inf50_log2FC,inf33 vs inf50_padj,TRUE,Unplaced scaffold,21.359327017935627,-5.346055854527358,1.954337000266414,-2.735483109514166,0.00622887829215252,0.01342519864463106,TRUE,5.346055854527358,Upregulated,Infected diet 50,FALSE,,,N.S.
Protein-Anabolism,Protein Synthesis & Translation,Translation Initiation & Elongation Factors,LOC126320556,eukaryotic translation initiation factor 3 subunit B-like,eukaryotic translation initiation factor 3 subunit B-like,protein_coding,NW_026062105.1,ptg000728l,unplaced-scaffold,na,na,Unplaced scaffold,infected_diet83_vs33,Infected: diet 83 vs 33,Diet comparison among infected,"83
vs
33",2,1,Infected diet 83,Infected diet 33,inf83 vs inf33_log2FC,inf83 vs inf33_padj,TRUE,Unplaced scaffold,21.359327017935627,3.187084911009463,2.1887223578440427,1.4561394228863442,0.14535408137721753,0.19347301397722264,FALSE,3.187084911009463,N.S.,Not significant,FALSE,,,N.S.
Protein-Anabolism,Protein Synthesis & Translation,Translation Initiation & Elongation Factors,LOC126320556,eukaryotic translation initiation factor 3 subunit B-like,eukaryotic translation initiation factor 3 subunit B-like,protein_coding,NW_026062105.1,ptg000728l,unplaced-scaffold,na,na,Unplaced scaffold,infected_diet83_vs50,Infected: diet 83 vs 50,Diet comparison among infected,"83
vs
50",3,1,Infected diet 83,Infected diet 50,inf83 vs inf50_log2FC,inf83 vs inf50_padj,TRUE,Unplaced scaffold,21.359327017935627,-2.158970943517895,2.0977183303634592,-1.0291996367042389,0.30338587300625136,0.8410735678958844,FALSE,-2.158970943517895,N.S.,Not significant,FALSE,,,N.S.
Protein-Anabolism,Protein Synthesis & Translation,Translation Initiation & Elongation Factors,LOC126320556,eukaryotic translation initiation factor 3 subunit B-like,eukaryotic translation initiation factor 3 subunit B-like,protein_coding,NW_026062105.1,ptg000728l,unplaced-scaffold,na,na,Unplaced scaffold,infection_diet33,Diet 33: infected vs control,Within-diet infection response,33,1,1,Infected diet 33,Control diet 33,Diet 33 log2FC,Diet 33 padj,TRUE,Unplaced scaffold,21.359327017935627,-5.364796920763202,2.0741430547507114,-2.5865124917374565,0.00969526560519197,0.03928515741977162,TRUE,-5.364796920763202,Downregulated,Control diet 33,FALSE,,,N.S.
Protein-Anabolism,Protein Synthesis & Translation,Translation Initiation & Elongation Factors,LOC126320556,eukaryotic translation initiation factor 3 subunit B-like,eukaryotic translation initiation factor 3 subunit B-like,protein_coding,NW_026062105.1,ptg000728l,unplaced-scaffold,na,na,Unplaced scaffold,infection_diet50,Diet 50: infected vs control,Within-diet infection response,50,2,1,Infected diet 50,Control diet 50,Diet 50 log2FC,Diet 50 padj,TRUE,Unplaced scaffold,21.359327017935627,-2.5807158365479848,2.06400437168649,-1.2503441717225103,0.21117384907608072,0.8147311843699152,FALSE,-2.5807158365479848,N.S.,Not significant,FALSE,,,N.S.
Protein-Anabolism,Protein Synthesis & Translation,Translation Initiation & Elongation Factors,LOC126320556,eukaryotic translation initiation factor 3 subunit B-like,eukaryotic translation initiation factor 3 subunit B-like,protein_coding,NW_026062105.1,ptg000728l,unplaced-scaffold,na,na,Unplaced scaffold,infection_diet83,Diet 83: infected vs control,Within-diet infection response,83,3,1,Infected diet 83,Control diet 83,Diet 83 log2FC,Diet 83 padj,TRUE,Unplaced scaffold,21.359327017935627,-0.7201936757349069,2.218832173174176,-0.32458231156105216,0.7454972163196065,1,FALSE,-0.7201936757349069,N.S.,Not significant,FALSE,,,N.S.
Protein-Anabolism,Protein Synthesis & Translation,Translation Initiation & Elongation Factors,LOC126322401,eukaryotic translation initiation factor 3 subunit L-like,eukaryotic translation initiation factor 3 subunit L-like,protein_coding,NW_026062176.1,ptg000808l,unplaced-scaffold,na,na,Unplaced scaffold,control_diet33_vs50,Control: diet 50 vs 33,Diet comparison among controls,"50
vs
33",1,-1,Control diet 50,Control diet 33,cont33 vs cont50_log2FC,cont33 vs cont50_padj,FALSE,Unplaced scaffold,8.647264752757492,-2.7312598924147653,2.265013409710888,-1.2058471180368815,0.2278764439287877,0.44644723317239354,FALSE,2.7312598924147653,N.S.,Not significant,FALSE,,,N.S.
Protein-Anabolism,Protein Synthesis & Translation,Translation Initiation & Elongation Factors,LOC126322401,eukaryotic translation initiation factor 3 subunit L-like,eukaryotic translation initiation factor 3 subunit L-like,protein_coding,NW_026062176.1,ptg000808l,unplaced-scaffold,na,na,Unplaced scaffold,control_diet83_vs33,Control: diet 83 vs 33,Diet comparison among controls,"83
vs
33",2,1,Control diet 83,Control diet 33,cont83 vs cont33_log2FC,cont83 vs cont33_padj,FALSE,Unplaced scaffold,8.647264752757492,-1.1097335034641411,2.207550617246565,-0.5026990071232389,0.6151759078652665,0.9930597908525568,FALSE,-1.1097335034641411,N.S.,Not significant,FALSE,,,N.S.
Protein-Anabolism,Protein Synthesis & Translation,Translation Initiation & Elongation Factors,LOC126322401,eukaryotic translation initiation factor 3 subunit L-like,eukaryotic translation initiation factor 3 subunit L-like,protein_coding,NW_026062176.1,ptg000808l,unplaced-scaffold,na,na,Unplaced scaffold,control_diet83_vs50,Control: diet 83 vs 50,Diet comparison among controls,"83
vs
50",3,1,Control diet 83,Control diet 50,cont83 vs cont50_log2FC,cont83 vs cont50_padj,FALSE,Unplaced scaffold,8.647264752757492,-3.840993395878906,2.2837781230444545,-1.6818592651892832,0.0925961332441274,0.26338736786134126,FALSE,-3.840993395878906,N.S.,Not significant,FALSE,,,N.S.
Protein-Anabolism,Protein Synthesis & Translation,Translation Initiation & Elongation Factors,LOC126322401,eukaryotic translation initiation factor 3 subunit L-like,eukaryotic translation initiation factor 3 subunit L-like,protein_coding,NW_026062176.1,ptg000808l,unplaced-scaffold,na,na,Unplaced scaffold,infected_diet33_vs50,Infected: diet 50 vs 33,Diet comparison among infected,"50
vs
33",1,-1,Infected diet 50,Infected diet 33,inf33 vs inf50_log2FC,inf33 vs inf50_padj,TRUE,Unplaced scaffold,8.647264752757492,-5.261349670620352,2.0342117735719367,-2.5864316286901547,0.00969754075691,0.0172837350715532,TRUE,5.261349670620352,Upregulated,Infected diet 50,FALSE,,,N.S.
Protein-Anabolism,Protein Synthesis & Translation,Translation Initiation & Elongation Factors,LOC126322401,eukaryotic translation initiation factor 3 subunit L-like,eukaryotic translation initiation factor 3 subunit L-like,protein_coding,NW_026062176.1,ptg000808l,unplaced-scaffold,na,na,Unplaced scaffold,infected_diet83_vs33,Infected: diet 83 vs 33,Diet comparison among infected,"83
vs
33",2,1,Infected diet 83,Infected diet 33,inf83 vs inf33_log2FC,inf83 vs inf33_padj,TRUE,Unplaced scaffold,8.647264752757492,4.217722300161659,2.266613242880859,1.8608036961793033,0.06277190335280584,0.12590781643532672,FALSE,4.217722300161659,N.S.,Not significant,FALSE,,,N.S.
Protein-Anabolism,Protein Synthesis & Translation,Translation Initiation & Elongation Factors,LOC126322401,eukaryotic translation initiation factor 3 subunit L-like,eukaryotic translation initiation factor 3 subunit L-like,protein_coding,NW_026062176.1,ptg000808l,unplaced-scaffold,na,na,Unplaced scaffold,infected_diet83_vs50,Infected: diet 83 vs 50,Diet comparison among infected,"83
vs
50",3,1,Infected diet 83,Infected diet 50,inf83 vs inf50_log2FC,inf83 vs inf50_padj,TRUE,Unplaced scaffold,8.647264752757492,-1.0436273704586927,2.1708854241550135,-0.4807381167363588,0.6307026370258533,0.8410735678958844,FALSE,-1.0436273704586927,N.S.,Not significant,FALSE,,,N.S.
Protein-Anabolism,Protein Synthesis & Translation,Translation Initiation & Elongation Factors,LOC126322401,eukaryotic translation initiation factor 3 subunit L-like,eukaryotic translation initiation factor 3 subunit L-like,protein_coding,NW_026062176.1,ptg000808l,unplaced-scaffold,na,na,Unplaced scaffold,infection_diet33,Diet 33: infected vs control,Within-diet infection response,33,1,1,Infected diet 33,Control diet 33,Diet 33 log2FC,Diet 33 padj,TRUE,Unplaced scaffold,8.647264752757492,-4.595252923557699,2.1622595318684863,-2.1252087715792265,0.03356919644866523,0.06540057966539616,FALSE,-4.595252923557699,N.S.,Not significant,FALSE,,,N.S.
Protein-Anabolism,Protein Synthesis & Translation,Translation Initiation & Elongation Factors,LOC126322401,eukaryotic translation initiation factor 3 subunit L-like,eukaryotic translation initiation factor 3 subunit L-like,protein_coding,NW_026062176.1,ptg000808l,unplaced-scaffold,na,na,Unplaced scaffold,infection_diet50,Diet 50: infected vs control,Within-diet infection response,50,2,1,Infected diet 50,Control diet 50,Diet 50 log2FC,Diet 50 padj,TRUE,Unplaced scaffold,8.647264752757492,-2.065163145352112,2.1431138566937356,-0.9636273588087004,0.335232785231655,0.8147311843699152,FALSE,-2.065163145352112,N.S.,Not significant,FALSE,,,N.S.
Protein-Anabolism,Protein Synthesis & Translation,Translation Initiation & Elongation Factors,LOC126322401,eukaryotic translation initiation factor 3 subunit L-like,eukaryotic translation initiation factor 3 subunit L-like,protein_coding,NW_026062176.1,ptg000808l,unplaced-scaffold,na,na,Unplaced scaffold,infection_diet83,Diet 83: infected vs control,Within-diet infection response,83,3,1,Infected diet 83,Control diet 83,Diet 83 log2FC,Diet 83 padj,TRUE,Unplaced scaffold,8.647264752757492,0.7322028800681022,2.309859094696568,0.31699027951498804,0.7512509780305013,1,FALSE,0.7322028800681022,N.S.,Not significant,FALSE,,,N.S.
Protein-Anabolism,Protein Synthesis & Translation,Translation Initiation & Elongation Factors,LOC126322545,eukaryotic translation initiation factor 1-like,eukaryotic translation initiation factor 1-like,protein_coding,NW_026062185.1,ptg000818l,unplaced-scaffold,na,na,Unplaced scaffold,control_diet33_vs50,Control: diet 50 vs 33,Diet comparison among controls,"50
vs
33",1,-1,Control diet 50,Control diet 33,cont33 vs cont50_log2FC,cont33 vs cont50_padj,FALSE,Unplaced scaffold,64.69465428277387,-2.734618604125206,2.2105220841694027,-1.2370917367028844,0.21605302718171307,0.44644723317239354,FALSE,2.734618604125206,N.S.,Not significant,FALSE,,,N.S.
Protein-Anabolism,Protein Synthesis & Translation,Translation Initiation & Elongation Factors,LOC126322545,eukaryotic translation initiation factor 1-like,eukaryotic translation initiation factor 1-like,protein_coding,NW_026062185.1,ptg000818l,unplaced-scaffold,na,na,Unplaced scaffold,control_diet83_vs33,Control: diet 83 vs 33,Diet comparison among controls,"83
vs
33",2,1,Control diet 83,Control diet 33,cont83 vs cont33_log2FC,cont83 vs cont33_padj,FALSE,Unplaced scaffold,64.69465428277387,-0.5319547511474065,2.12787779770481,-0.2499930925174313,0.8025926904453182,0.9930597908525568,FALSE,-0.5319547511474065,N.S.,Not significant,FALSE,,,N.S.
Protein-Anabolism,Protein Synthesis & Translation,Translation Initiation & Elongation Factors,LOC126322545,eukaryotic translation initiation factor 1-like,eukaryotic translation initiation factor 1-like,protein_coding,NW_026062185.1,ptg000818l,unplaced-scaffold,na,na,Unplaced scaffold,control_diet83_vs50,Control: diet 83 vs 50,Diet comparison among controls,"83
vs
50",3,1,Control diet 83,Control diet 50,cont83 vs cont50_log2FC,cont83 vs cont50_padj,FALSE,Unplaced scaffold,64.69465428277387,-3.266573355272613,2.212198153647437,-1.4766187874656431,0.1397778527142128,0.26338736786134126,FALSE,-3.266573355272613,N.S.,Not significant,FALSE,,,N.S.
Protein-Anabolism,Protein Synthesis & Translation,Translation Initiation & Elongation Factors,LOC126322545,eukaryotic translation initiation factor 1-like,eukaryotic translation initiation factor 1-like,protein_coding,NW_026062185.1,ptg000818l,unplaced-scaffold,na,na,Unplaced scaffold,infected_diet33_vs50,Infected: diet 50 vs 33,Diet comparison among infected,"50
vs
33",1,-1,Infected diet 50,Infected diet 33,inf33 vs inf50_log2FC,inf33 vs inf50_padj,TRUE,Unplaced scaffold,64.69465428277387,-4.907646382080823,1.8860176669409856,-2.6021211084627587,0.00926491278579771,0.0168538678270296,TRUE,4.907646382080823,Upregulated,Infected diet 50,FALSE,,,N.S.
Protein-Anabolism,Protein Synthesis & Translation,Translation Initiation & Elongation Factors,LOC126322545,eukaryotic translation initiation factor 1-like,eukaryotic translation initiation factor 1-like,protein_coding,NW_026062185.1,ptg000818l,unplaced-scaffold,na,na,Unplaced scaffold,infected_diet83_vs33,Infected: diet 83 vs 33,Diet comparison among infected,"83
vs
33",2,1,Infected diet 83,Infected diet 33,inf83 vs inf33_log2FC,inf83 vs inf33_padj,TRUE,Unplaced scaffold,64.69465428277387,3.746504686271857,2.1070932607161583,1.7780440743275383,0.07539661645358776,0.13305753807773762,FALSE,3.746504686271857,N.S.,Not significant,FALSE,,,N.S.
Protein-Anabolism,Protein Synthesis & Translation,Translation Initiation & Elongation Factors,LOC126322545,eukaryotic translation initiation factor 1-like,eukaryotic translation initiation factor 1-like,protein_coding,NW_026062185.1,ptg000818l,unplaced-scaffold,na,na,Unplaced scaffold,infected_diet83_vs50,Infected: diet 83 vs 50,Diet comparison among infected,"83
vs
50",3,1,Infected diet 83,Infected diet 50,inf83 vs inf50_log2FC,inf83 vs inf50_padj,TRUE,Unplaced scaffold,64.69465428277387,-1.1611416958089655,2.0948302203940443,-0.5542891660167816,0.5793809636123595,0.8410735678958844,FALSE,-1.1611416958089655,N.S.,Not significant,FALSE,,,N.S.
Protein-Anabolism,Protein Synthesis & Translation,Translation Initiation & Elongation Factors,LOC126322545,eukaryotic translation initiation factor 1-like,eukaryotic translation initiation factor 1-like,protein_coding,NW_026062185.1,ptg000818l,unplaced-scaffold,na,na,Unplaced scaffold,infection_diet33,Diet 33: infected vs control,Within-diet infection response,33,1,1,Infected diet 33,Control diet 33,Diet 33 log2FC,Diet 33 padj,TRUE,Unplaced scaffold,64.69465428277387,-2.974301467083966,2.0160657395850703,-1.4752998420061991,0.14013194889923516,0.17434011982011413,FALSE,-2.974301467083966,N.S.,Not significant,FALSE,,,N.S.
Protein-Anabolism,Protein Synthesis & Translation,Translation Initiation & Elongation Factors,LOC126322545,eukaryotic translation initiation factor 1-like,eukaryotic translation initiation factor 1-like,protein_coding,NW_026062185.1,ptg000818l,unplaced-scaffold,na,na,Unplaced scaffold,infection_diet50,Diet 50: infected vs control,Within-diet infection response,50,2,1,Infected diet 50,Control diet 50,Diet 50 log2FC,Diet 50 padj,TRUE,Unplaced scaffold,64.69465428277387,-0.801273689128349,2.0925939544702548,-0.38290930135616935,0.7017870145411971,0.8652604927672931,FALSE,-0.801273689128349,N.S.,Not significant,FALSE,,,N.S.
Protein-Anabolism,Protein Synthesis & Translation,Translation Initiation & Elongation Factors,LOC126322545,eukaryotic translation initiation factor 1-like,eukaryotic translation initiation factor 1-like,protein_coding,NW_026062185.1,ptg000818l,unplaced-scaffold,na,na,Unplaced scaffold,infection_diet83,Diet 83: infected vs control,Within-diet infection response,83,3,1,Infected diet 83,Control diet 83,Diet 83 log2FC,Diet 83 padj,TRUE,Unplaced scaffold,64.69465428277387,1.304157970335298,2.2143136329327486,0.5889671413023844,0.5558833161505456,1,FALSE,1.304157970335298,N.S.,Not significant,FALSE,,,N.S.
Protein-Anabolism,Protein Synthesis & Translation,Translation Initiation & Elongation Factors,LOC126322697,eukaryotic translation initiation factor 4E type 2-like,eukaryotic translation initiation factor 4E type 2-like,protein_coding,NW_026062196.1,ptg000831l,unplaced-scaffold,na,na,Unplaced scaffold,control_diet33_vs50,Control: diet 50 vs 33,Diet comparison among controls,"50
vs
33",1,-1,Control diet 50,Control diet 33,cont33 vs cont50_log2FC,cont33 vs cont50_padj,FALSE,,,,,,,,FALSE,,N.S.,Not significant,FALSE,,,N.S.
Protein-Anabolism,Protein Synthesis & Translation,Translation Initiation & Elongation Factors,LOC126322697,eukaryotic translation initiation factor 4E type 2-like,eukaryotic translation initiation factor 4E type 2-like,protein_coding,NW_026062196.1,ptg000831l,unplaced-scaffold,na,na,Unplaced scaffold,control_diet83_vs33,Control: diet 83 vs 33,Diet comparison among controls,"83
vs
33",2,1,Control diet 83,Control diet 33,cont83 vs cont33_log2FC,cont83 vs cont33_padj,FALSE,,,,,,,,FALSE,,N.S.,Not significant,FALSE,,,N.S.
Protein-Anabolism,Protein Synthesis & Translation,Translation Initiation & Elongation Factors,LOC126322697,eukaryotic translation initiation factor 4E type 2-like,eukaryotic translation initiation factor 4E type 2-like,protein_coding,NW_026062196.1,ptg000831l,unplaced-scaffold,na,na,Unplaced scaffold,control_diet83_vs50,Control: diet 83 vs 50,Diet comparison among controls,"83
vs
50",3,1,Control diet 83,Control diet 50,cont83 vs cont50_log2FC,cont83 vs cont50_padj,FALSE,,,,,,,,FALSE,,N.S.,Not significant,FALSE,,,N.S.
Protein-Anabolism,Protein Synthesis & Translation,Translation Initiation & Elongation Factors,LOC126322697,eukaryotic translation initiation factor 4E type 2-like,eukaryotic translation initiation factor 4E type 2-like,protein_coding,NW_026062196.1,ptg000831l,unplaced-scaffold,na,na,Unplaced scaffold,infected_diet33_vs50,Infected: diet 50 vs 33,Diet comparison among infected,"50
vs
33",1,-1,Infected diet 50,Infected diet 33,inf33 vs inf50_log2FC,inf33 vs inf50_padj,TRUE,,,,,,,,FALSE,,N.S.,Not significant,FALSE,,,N.S.
Protein-Anabolism,Protein Synthesis & Translation,Translation Initiation & Elongation Factors,LOC126322697,eukaryotic translation initiation factor 4E type 2-like,eukaryotic translation initiation factor 4E type 2-like,protein_coding,NW_026062196.1,ptg000831l,unplaced-scaffold,na,na,Unplaced scaffold,infected_diet83_vs33,Infected: diet 83 vs 33,Diet comparison among infected,"83
vs
33",2,1,Infected diet 83,Infected diet 33,inf83 vs inf33_log2FC,inf83 vs inf33_padj,TRUE,,,,,,,,FALSE,,N.S.,Not significant,FALSE,,,N.S.
Protein-Anabolism,Protein Synthesis & Translation,Translation Initiation & Elongation Factors,LOC126322697,eukaryotic translation initiation factor 4E type 2-like,eukaryotic translation initiation factor 4E type 2-like,protein_coding,NW_026062196.1,ptg000831l,unplaced-scaffold,na,na,Unplaced scaffold,infected_diet83_vs50,Infected: diet 83 vs 50,Diet comparison among infected,"83
vs
50",3,1,Infected diet 83,Infected diet 50,inf83 vs inf50_log2FC,inf83 vs inf50_padj,TRUE,,,,,,,,FALSE,,N.S.,Not significant,FALSE,,,N.S.
Protein-Anabolism,Protein Synthesis & Translation,Translation Initiation & Elongation Factors,LOC126322697,eukaryotic translation initiation factor 4E type 2-like,eukaryotic translation initiation factor 4E type 2-like,protein_coding,NW_026062196.1,ptg000831l,unplaced-scaffold,na,na,Unplaced scaffold,infection_diet33,Diet 33: infected vs control,Within-diet infection response,33,1,1,Infected diet 33,Control diet 33,Diet 33 log2FC,Diet 33 padj,TRUE,,,,,,,,FALSE,,N.S.,Not significant,FALSE,,,N.S.
Protein-Anabolism,Protein Synthesis & Translation,Translation Initiation & Elongation Factors,LOC126322697,eukaryotic translation initiation factor 4E type 2-like,eukaryotic translation initiation factor 4E type 2-like,protein_coding,NW_026062196.1,ptg000831l,unplaced-scaffold,na,na,Unplaced scaffold,infection_diet50,Diet 50: infected vs control,Within-diet infection response,50,2,1,Infected diet 50,Control diet 50,Diet 50 log2FC,Diet 50 padj,TRUE,,,,,,,,FALSE,,N.S.,Not significant,FALSE,,,N.S.
Protein-Anabolism,Protein Synthesis & Translation,Translation Initiation & Elongation Factors,LOC126322697,eukaryotic translation initiation factor 4E type 2-like,eukaryotic translation initiation factor 4E type 2-like,protein_coding,NW_026062196.1,ptg000831l,unplaced-scaffold,na,na,Unplaced scaffold,infection_diet83,Diet 83: infected vs control,Within-diet infection response,83,3,1,Infected diet 83,Control diet 83,Diet 83 log2FC,Diet 83 padj,TRUE,,,,,,,,FALSE,,N.S.,Not significant,FALSE,,,N.S.
Protein-Anabolism,Protein Synthesis & Translation,Translation Initiation & Elongation Factors,LOC126323753,eukaryotic translation initiation factor 5-like,eukaryotic translation initiation factor 5-like,protein_coding,NW_026062229.1,ptg000867l,unplaced-scaffold,na,na,Unplaced scaffold,control_diet33_vs50,Control: diet 50 vs 33,Diet comparison among controls,"50
vs
33",1,-1,Control diet 50,Control diet 33,cont33 vs cont50_log2FC,cont33 vs cont50_padj,FALSE,Unplaced scaffold,9.665454778161688,-2.5833712638167285,2.353588338701858,-1.0976308903882526,0.272365698475607,0.44644723317239354,FALSE,2.5833712638167285,N.S.,Not significant,FALSE,,,N.S.
Protein-Anabolism,Protein Synthesis & Translation,Translation Initiation & Elongation Factors,LOC126323753,eukaryotic translation initiation factor 5-like,eukaryotic translation initiation factor 5-like,protein_coding,NW_026062229.1,ptg000867l,unplaced-scaffold,na,na,Unplaced scaffold,control_diet83_vs33,Control: diet 83 vs 33,Diet comparison among controls,"83
vs
33",2,1,Control diet 83,Control diet 33,cont83 vs cont33_log2FC,cont83 vs cont33_padj,FALSE,Unplaced scaffold,9.665454778161688,-1.6272787729145273,2.2965254483620177,-0.7085829482426044,0.4785833210315948,0.9930597908525568,FALSE,-1.6272787729145273,N.S.,Not significant,FALSE,,,N.S.
Protein-Anabolism,Protein Synthesis & Translation,Translation Initiation & Elongation Factors,LOC126323753,eukaryotic translation initiation factor 5-like,eukaryotic translation initiation factor 5-like,protein_coding,NW_026062229.1,ptg000867l,unplaced-scaffold,na,na,Unplaced scaffold,control_diet83_vs50,Control: diet 83 vs 50,Diet comparison among controls,"83
vs
50",3,1,Control diet 83,Control diet 50,cont83 vs cont50_log2FC,cont83 vs cont50_padj,FALSE,Unplaced scaffold,9.665454778161688,-4.210650036731256,2.3786683464473843,-1.770171130843017,0.07669863697672039,0.26338736786134126,FALSE,-4.210650036731256,N.S.,Not significant,FALSE,,,N.S.
Protein-Anabolism,Protein Synthesis & Translation,Translation Initiation & Elongation Factors,LOC126323753,eukaryotic translation initiation factor 5-like,eukaryotic translation initiation factor 5-like,protein_coding,NW_026062229.1,ptg000867l,unplaced-scaffold,na,na,Unplaced scaffold,infected_diet33_vs50,Infected: diet 50 vs 33,Diet comparison among infected,"50
vs
33",1,-1,Infected diet 50,Infected diet 33,inf33 vs inf50_log2FC,inf33 vs inf50_padj,TRUE,Unplaced scaffold,9.665454778161688,-5.847008177447798,2.104900459121729,-2.7778074502807923,0.00547270381706973,0.01255673422218918,TRUE,5.847008177447798,Upregulated,Infected diet 50,FALSE,,,N.S.
Protein-Anabolism,Protein Synthesis & Translation,Translation Initiation & Elongation Factors,LOC126323753,eukaryotic translation initiation factor 5-like,eukaryotic translation initiation factor 5-like,protein_coding,NW_026062229.1,ptg000867l,unplaced-scaffold,na,na,Unplaced scaffold,infected_diet83_vs33,Infected: diet 83 vs 33,Diet comparison among infected,"83
vs
33",2,1,Infected diet 83,Infected diet 33,inf83 vs inf33_log2FC,inf83 vs inf33_padj,TRUE,Unplaced scaffold,9.665454778161688,3.848726821411652,2.3610247921961234,1.630108601202672,0.10307854618421358,0.1535874129372405,FALSE,3.848726821411652,N.S.,Not significant,FALSE,,,N.S.
Protein-Anabolism,Protein Synthesis & Translation,Translation Initiation & Elongation Factors,LOC126323753,eukaryotic translation initiation factor 5-like,eukaryotic translation initiation factor 5-like,protein_coding,NW_026062229.1,ptg000867l,unplaced-scaffold,na,na,Unplaced scaffold,infected_diet83_vs50,Infected: diet 83 vs 50,Diet comparison among infected,"83
vs
50",3,1,Infected diet 83,Infected diet 50,inf83 vs inf50_log2FC,inf83 vs inf50_padj,TRUE,Unplaced scaffold,9.665454778161688,-1.9982813560361463,2.2673073243861532,-0.8813456096328528,0.3781307868543296,0.8410735678958844,FALSE,-1.9982813560361463,N.S.,Not significant,FALSE,,,N.S.
Protein-Anabolism,Protein Synthesis & Translation,Translation Initiation & Elongation Factors,LOC126323753,eukaryotic translation initiation factor 5-like,eukaryotic translation initiation factor 5-like,protein_coding,NW_026062229.1,ptg000867l,unplaced-scaffold,na,na,Unplaced scaffold,infection_diet33,Diet 33: infected vs control,Within-diet infection response,33,1,1,Infected diet 33,Control diet 33,Diet 33 log2FC,Diet 33 padj,TRUE,Unplaced scaffold,9.665454778161688,-5.080336412635054,2.238270047337622,-2.269760263591971,0.02322213274956844,0.05593272908823892,FALSE,-5.080336412635054,N.S.,Not significant,FALSE,,,N.S.
Protein-Anabolism,Protein Synthesis & Translation,Translation Initiation & Elongation Factors,LOC126323753,eukaryotic translation initiation factor 5-like,eukaryotic translation initiation factor 5-like,protein_coding,NW_026062229.1,ptg000867l,unplaced-scaffold,na,na,Unplaced scaffold,infection_diet50,Diet 50: infected vs control,Within-diet infection response,50,2,1,Infected diet 50,Control diet 50,Diet 50 log2FC,Diet 50 padj,TRUE,Unplaced scaffold,9.665454778161688,-1.8166994990039835,2.2271352015707255,-0.8157113666573654,0.4146652364094936,0.8147311843699152,FALSE,-1.8166994990039835,N.S.,Not significant,FALSE,,,N.S.
Protein-Anabolism,Protein Synthesis & Translation,Translation Initiation & Elongation Factors,LOC126323753,eukaryotic translation initiation factor 5-like,eukaryotic translation initiation factor 5-like,protein_coding,NW_026062229.1,ptg000867l,unplaced-scaffold,na,na,Unplaced scaffold,infection_diet83,Diet 83: infected vs control,Within-diet infection response,83,3,1,Infected diet 83,Control diet 83,Diet 83 log2FC,Diet 83 padj,TRUE,Unplaced scaffold,9.665454778161688,0.3956691816911256,2.4163224949353004,0.16374849901884478,0.8699291361129069,1,FALSE,0.3956691816911256,N.S.,Not significant,FALSE,,,N.S.
Protein-Anabolism,Protein Synthesis & Translation,Translation Initiation & Elongation Factors,LOC126324027,eukaryotic translation initiation factor 3 subunit M-like,eukaryotic translation initiation factor 3 subunit M-like,protein_coding,NW_026062244.1,ptg000883l,unplaced-scaffold,na,na,Unplaced scaffold,control_diet33_vs50,Control: diet 50 vs 33,Diet comparison among controls,"50
vs
33",1,-1,Control diet 50,Control diet 33,cont33 vs cont50_log2FC,cont33 vs cont50_padj,FALSE,Unplaced scaffold,15.367995121953369,-3.059497274799307,2.155687988268802,-1.4192672090993743,0.155821128207247,0.44644723317239354,FALSE,3.059497274799307,N.S.,Not significant,FALSE,,,N.S.
Protein-Anabolism,Protein Synthesis & Translation,Translation Initiation & Elongation Factors,LOC126324027,eukaryotic translation initiation factor 3 subunit M-like,eukaryotic translation initiation factor 3 subunit M-like,protein_coding,NW_026062244.1,ptg000883l,unplaced-scaffold,na,na,Unplaced scaffold,control_diet83_vs33,Control: diet 83 vs 33,Diet comparison among controls,"83
vs
33",2,1,Control diet 83,Control diet 33,cont83 vs cont33_log2FC,cont83 vs cont33_padj,FALSE,Unplaced scaffold,15.367995121953369,-0.23240711587883364,2.085121590265841,-0.1114597426662313,0.9112517873302124,0.9930597908525568,FALSE,-0.23240711587883364,N.S.,Not significant,FALSE,,,N.S.
Protein-Anabolism,Protein Synthesis & Translation,Translation Initiation & Elongation Factors,LOC126324027,eukaryotic translation initiation factor 3 subunit M-like,eukaryotic translation initiation factor 3 subunit M-like,protein_coding,NW_026062244.1,ptg000883l,unplaced-scaffold,na,na,Unplaced scaffold,control_diet83_vs50,Control: diet 83 vs 50,Diet comparison among controls,"83
vs
50",3,1,Control diet 83,Control diet 50,cont83 vs cont50_log2FC,cont83 vs cont50_padj,FALSE,Unplaced scaffold,15.367995121953369,-3.2919043906781407,2.1595593412967875,-1.5243407892192462,0.12742360284446935,0.26338736786134126,FALSE,-3.2919043906781407,N.S.,Not significant,FALSE,,,N.S.
Protein-Anabolism,Protein Synthesis & Translation,Translation Initiation & Elongation Factors,LOC126324027,eukaryotic translation initiation factor 3 subunit M-like,eukaryotic translation initiation factor 3 subunit M-like,protein_coding,NW_026062244.1,ptg000883l,unplaced-scaffold,na,na,Unplaced scaffold,infected_diet33_vs50,Infected: diet 50 vs 33,Diet comparison among infected,"50
vs
33",1,-1,Infected diet 50,Infected diet 33,inf33 vs inf50_log2FC,inf33 vs inf50_padj,TRUE,Unplaced scaffold,15.367995121953369,-5.2121639596335,1.919050663636753,-2.71601165013332,0.006607359293635,0.01383493615650815,TRUE,5.2121639596335,Upregulated,Infected diet 50,FALSE,,,N.S.
Protein-Anabolism,Protein Synthesis & Translation,Translation Initiation & Elongation Factors,LOC126324027,eukaryotic translation initiation factor 3 subunit M-like,eukaryotic translation initiation factor 3 subunit M-like,protein_coding,NW_026062244.1,ptg000883l,unplaced-scaffold,na,na,Unplaced scaffold,infected_diet83_vs33,Infected: diet 83 vs 33,Diet comparison among infected,"83
vs
33",2,1,Infected diet 83,Infected diet 33,inf83 vs inf33_log2FC,inf83 vs inf33_padj,TRUE,Unplaced scaffold,15.367995121953369,4.25393454418355,2.132454582531588,1.9948535265559573,0.0460588574428223,0.11736776161123667,FALSE,4.25393454418355,N.S.,Not significant,FALSE,,,N.S.
Protein-Anabolism,Protein Synthesis & Translation,Translation Initiation & Elongation Factors,LOC126324027,eukaryotic translation initiation factor 3 subunit M-like,eukaryotic translation initiation factor 3 subunit M-like,protein_coding,NW_026062244.1,ptg000883l,unplaced-scaffold,na,na,Unplaced scaffold,infected_diet83_vs50,Infected: diet 83 vs 50,Diet comparison among infected,"83
vs
50",3,1,Infected diet 83,Infected diet 50,inf83 vs inf50_log2FC,inf83 vs inf50_padj,TRUE,Unplaced scaffold,15.367995121953369,-0.95822941544995055,2.050002656712751,-0.46742837737903425,0.6401934237763238,0.8410735678958844,FALSE,-0.95822941544995055,N.S.,Not significant,FALSE,,,N.S.
Protein-Anabolism,Protein Synthesis & Translation,Translation Initiation & Elongation Factors,LOC126324027,eukaryotic translation initiation factor 3 subunit M-like,eukaryotic translation initiation factor 3 subunit M-like,protein_coding,NW_026062244.1,ptg000883l,unplaced-scaffold,na,na,Unplaced scaffold,infection_diet33,Diet 33: infected vs control,Within-diet infection response,33,1,1,Infected diet 33,Control diet 33,Diet 33 log2FC,Diet 33 padj,TRUE,Unplaced scaffold,15.367995121953369,-3.8389164964125135,2.044337704980787,-1.8778289355322495,0.06040457051048655,0.0917491509720552,FALSE,-3.8389164964125135,N.S.,Not significant,FALSE,,,N.S.
Protein-Anabolism,Protein Synthesis & Translation,Translation Initiation & Elongation Factors,LOC126324027,eukaryotic translation initiation factor 3 subunit M-like,eukaryotic translation initiation factor 3 subunit M-like,protein_coding,NW_026062244.1,ptg000883l,unplaced-scaffold,na,na,Unplaced scaffold,infection_diet50,Diet 50: infected vs control,Within-diet infection response,50,2,1,Infected diet 50,Control diet 50,Diet 50 log2FC,Diet 50 padj,TRUE,Unplaced scaffold,15.367995121953369,-1.6862498115783209,2.0372602927375145,-0.8277046470642527,0.4078377867349912,0.8147311843699152,FALSE,-1.6862498115783209,N.S.,Not significant,FALSE,,,N.S.
Protein-Anabolism,Protein Synthesis & Translation,Translation Initiation & Elongation Factors,LOC126324027,eukaryotic translation initiation factor 3 subunit M-like,eukaryotic translation initiation factor 3 subunit M-like,protein_coding,NW_026062244.1,ptg000883l,unplaced-scaffold,na,na,Unplaced scaffold,infection_diet83,Diet 83: infected vs control,Within-diet infection response,83,3,1,Infected diet 83,Control diet 83,Diet 83 log2FC,Diet 83 padj,TRUE,Unplaced scaffold,15.367995121953369,0.6474251636498697,2.1715842007038564,0.2981349576221937,0.7656001617315572,1,FALSE,0.6474251636498697,N.S.,Not significant,FALSE,,,N.S.
Protein-Anabolism,Protein Synthesis & Translation,Translation Initiation & Elongation Factors,LOC126326116,translation initiation factor eIF-2B subunit delta-like,translation initiation factor eIF-2B subunit delta-like,protein_coding,NW_026062325.1,ptg000973l,unplaced-scaffold,na,na,Unplaced scaffold,control_diet33_vs50,Control: diet 50 vs 33,Diet comparison among controls,"50
vs
33",1,-1,Control diet 50,Control diet 33,cont33 vs cont50_log2FC,cont33 vs cont50_padj,FALSE,Unplaced scaffold,12.296620861568725,-2.49053079798414,2.193382160257698,-1.1354750864261296,0.25617631471122054,0.44644723317239354,FALSE,2.49053079798414,N.S.,Not significant,FALSE,,,N.S.
Protein-Anabolism,Protein Synthesis & Translation,Translation Initiation & Elongation Factors,LOC126326116,translation initiation factor eIF-2B subunit delta-like,translation initiation factor eIF-2B subunit delta-like,protein_coding,NW_026062325.1,ptg000973l,unplaced-scaffold,na,na,Unplaced scaffold,control_diet83_vs33,Control: diet 83 vs 33,Diet comparison among controls,"83
vs
33",2,1,Control diet 83,Control diet 33,cont83 vs cont33_log2FC,cont83 vs cont33_padj,FALSE,Unplaced scaffold,12.296620861568725,-0.7317885634589852,2.125413411435749,-0.3443041055079496,0.730617597084626,0.9930597908525568,FALSE,-0.7317885634589852,N.S.,Not significant,FALSE,,,N.S.
Protein-Anabolism,Protein Synthesis & Translation,Translation Initiation & Elongation Factors,LOC126326116,translation initiation factor eIF-2B subunit delta-like,translation initiation factor eIF-2B subunit delta-like,protein_coding,NW_026062325.1,ptg000973l,unplaced-scaffold,na,na,Unplaced scaffold,control_diet83_vs50,Control: diet 83 vs 50,Diet comparison among controls,"83
vs
50",3,1,Control diet 83,Control diet 50,cont83 vs cont50_log2FC,cont83 vs cont50_padj,FALSE,Unplaced scaffold,12.296620861568725,-3.222319361443126,2.2022760887133424,-1.4631768368904796,0.14341899720371343,0.26338736786134126,FALSE,-3.222319361443126,N.S.,Not significant,FALSE,,,N.S.
Protein-Anabolism,Protein Synthesis & Translation,Translation Initiation & Elongation Factors,LOC126326116,translation initiation factor eIF-2B subunit delta-like,translation initiation factor eIF-2B subunit delta-like,protein_coding,NW_026062325.1,ptg000973l,unplaced-scaffold,na,na,Unplaced scaffold,infected_diet33_vs50,Infected: diet 50 vs 33,Diet comparison among infected,"50
vs
33",1,-1,Infected diet 50,Infected diet 33,inf33 vs inf50_log2FC,inf33 vs inf50_padj,TRUE,Unplaced scaffold,12.296620861568725,-6.5722138597180075,1.9753321740690144,-3.327143629812809,8.774113651721272e-4,0.00685807979705322,TRUE,6.5722138597180075,Upregulated,Infected diet 50,FALSE,,,N.S.
Protein-Anabolism,Protein Synthesis & Translation,Translation Initiation & Elongation Factors,LOC126326116,translation initiation factor eIF-2B subunit delta-like,translation initiation factor eIF-2B subunit delta-like,protein_coding,NW_026062325.1,ptg000973l,unplaced-scaffold,na,na,Unplaced scaffold,infected_diet83_vs33,Infected: diet 83 vs 33,Diet comparison among infected,"83
vs
33",2,1,Infected diet 83,Infected diet 33,inf83 vs inf33_log2FC,inf83 vs inf33_padj,TRUE,Unplaced scaffold,12.296620861568725,5.607328709418598,2.1908881563397986,2.5593861070418433,0.01048572084751032,0.10623651794761116,FALSE,5.607328709418598,N.S.,Not significant,FALSE,,,N.S.
Protein-Anabolism,Protein Synthesis & Translation,Translation Initiation & Elongation Factors,LOC126326116,translation initiation factor eIF-2B subunit delta-like,translation initiation factor eIF-2B subunit delta-like,protein_coding,NW_026062325.1,ptg000973l,unplaced-scaffold,na,na,Unplaced scaffold,infected_diet83_vs50,Infected: diet 83 vs 50,Diet comparison among infected,"83
vs
50",3,1,Infected diet 83,Infected diet 50,inf83 vs inf50_log2FC,inf83 vs inf50_padj,TRUE,Unplaced scaffold,12.296620861568725,-0.9648851502994088,2.0873608803273074,-0.4622512376240905,0.6439011636090674,0.8410735678958844,FALSE,-0.9648851502994088,N.S.,Not significant,FALSE,,,N.S.
Protein-Anabolism,Protein Synthesis & Translation,Translation Initiation & Elongation Factors,LOC126326116,translation initiation factor eIF-2B subunit delta-like,translation initiation factor eIF-2B subunit delta-like,protein_coding,NW_026062325.1,ptg000973l,unplaced-scaffold,na,na,Unplaced scaffold,infection_diet33,Diet 33: infected vs control,Within-diet infection response,33,1,1,Infected diet 33,Control diet 33,Diet 33 log2FC,Diet 33 padj,TRUE,Unplaced scaffold,12.296620861568725,-5.402423270583976,2.1003737960551887,-2.5721246764411756,0.01010764846651876,0.03963241398378251,TRUE,-5.402423270583976,Downregulated,Control diet 33,FALSE,,,N.S.
Protein-Anabolism,Protein Synthesis & Translation,Translation Initiation & Elongation Factors,LOC126326116,translation initiation factor eIF-2B subunit delta-like,translation initiation factor eIF-2B subunit delta-like,protein_coding,NW_026062325.1,ptg000973l,unplaced-scaffold,na,na,Unplaced scaffold,infection_diet50,Diet 50: infected vs control,Within-diet infection response,50,2,1,Infected diet 50,Control diet 50,Diet 50 log2FC,Diet 50 padj,TRUE,Unplaced scaffold,12.296620861568725,-1.3207402088501092,2.073955741016105,-0.6368217907114215,0.5242409305550753,0.8147311843699152,FALSE,-1.3207402088501092,N.S.,Not significant,FALSE,,,N.S.
Protein-Anabolism,Protein Synthesis & Translation,Translation Initiation & Elongation Factors,LOC126326116,translation initiation factor eIF-2B subunit delta-like,translation initiation factor eIF-2B subunit delta-like,protein_coding,NW_026062325.1,ptg000973l,unplaced-scaffold,na,na,Unplaced scaffold,infection_diet83,Diet 83: infected vs control,Within-diet infection response,83,3,1,Infected diet 83,Control diet 83,Diet 83 log2FC,Diet 83 padj,TRUE,Unplaced scaffold,12.296620861568725,0.9366940022936074,2.214904738345572,0.4229048708403022,0.6723646688968461,1,FALSE,0.9366940022936074,N.S.,Not significant,FALSE,,,N.S.
Protein-Anabolism,Protein Synthesis & Translation,Translation Initiation & Elongation Factors,LOC126326525,eukaryotic translation initiation factor 3 subunit D-like,eukaryotic translation initiation factor 3 subunit D-like,protein_coding,NW_026062344.1,ptg000994l,unplaced-scaffold,na,na,Unplaced scaffold,control_diet33_vs50,Control: diet 50 vs 33,Diet comparison among controls,"50
vs
33",1,-1,Control diet 50,Control diet 33,cont33 vs cont50_log2FC,cont33 vs cont50_padj,FALSE,Unplaced scaffold,35.420116811951786,-2.7597925377236487,2.1547137595776573,-1.2808163151399712,0.20025819203895384,0.44644723317239354,FALSE,2.7597925377236487,N.S.,Not significant,FALSE,,,N.S.
Protein-Anabolism,Protein Synthesis & Translation,Translation Initiation & Elongation Factors,LOC126326525,eukaryotic translation initiation factor 3 subunit D-like,eukaryotic translation initiation factor 3 subunit D-like,protein_coding,NW_026062344.1,ptg000994l,unplaced-scaffold,na,na,Unplaced scaffold,control_diet83_vs33,Control: diet 83 vs 33,Diet comparison among controls,"83
vs
33",2,1,Control diet 83,Control diet 33,cont83 vs cont33_log2FC,cont83 vs cont33_padj,FALSE,Unplaced scaffold,35.420116811951786,-0.6047414253933782,2.0776305023319157,-0.2910726545045528,0.7709957534255832,0.9930597908525568,FALSE,-0.6047414253933782,N.S.,Not significant,FALSE,,,N.S.
Protein-Anabolism,Protein Synthesis & Translation,Translation Initiation & Elongation Factors,LOC126326525,eukaryotic translation initiation factor 3 subunit D-like,eukaryotic translation initiation factor 3 subunit D-like,protein_coding,NW_026062344.1,ptg000994l,unplaced-scaffold,na,na,Unplaced scaffold,control_diet83_vs50,Control: diet 83 vs 50,Diet comparison among controls,"83
vs
50",3,1,Control diet 83,Control diet 50,cont83 vs cont50_log2FC,cont83 vs cont50_padj,FALSE,Unplaced scaffold,35.420116811951786,-3.3645339631170272,2.1579825432479915,-1.5591108341650664,0.11897014981967718,0.26338736786134126,FALSE,-3.3645339631170272,N.S.,Not significant,FALSE,,,N.S.
Protein-Anabolism,Protein Synthesis & Translation,Translation Initiation & Elongation Factors,LOC126326525,eukaryotic translation initiation factor 3 subunit D-like,eukaryotic translation initiation factor 3 subunit D-like,protein_coding,NW_026062344.1,ptg000994l,unplaced-scaffold,na,na,Unplaced scaffold,infected_diet33_vs50,Infected: diet 50 vs 33,Diet comparison among infected,"50
vs
33",1,-1,Infected diet 50,Infected diet 33,inf33 vs inf50_log2FC,inf33 vs inf50_padj,TRUE,Unplaced scaffold,35.420116811951786,-4.86450568074046,1.8515161531952715,-2.6273093390762448,0.00860630564805693,0.01613509550762383,TRUE,4.86450568074046,Upregulated,Infected diet 50,FALSE,,,N.S.
Protein-Anabolism,Protein Synthesis & Translation,Translation Initiation & Elongation Factors,LOC126326525,eukaryotic translation initiation factor 3 subunit D-like,eukaryotic translation initiation factor 3 subunit D-like,protein_coding,NW_026062344.1,ptg000994l,unplaced-scaffold,na,na,Unplaced scaffold,infected_diet83_vs33,Infected: diet 83 vs 33,Diet comparison among infected,"83
vs
33",2,1,Infected diet 83,Infected diet 33,inf83 vs inf33_log2FC,inf83 vs inf33_padj,TRUE,Unplaced scaffold,35.420116811951786,3.4605190044444294,2.0681391894928103,1.673252468705013,0.09427760521603364,0.14809980178819515,FALSE,3.4605190044444294,N.S.,Not significant,FALSE,,,N.S.
Protein-Anabolism,Protein Synthesis & Translation,Translation Initiation & Elongation Factors,LOC126326525,eukaryotic translation initiation factor 3 subunit D-like,eukaryotic translation initiation factor 3 subunit D-like,protein_coding,NW_026062344.1,ptg000994l,unplaced-scaffold,na,na,Unplaced scaffold,infected_diet83_vs50,Infected: diet 83 vs 50,Diet comparison among infected,"83
vs
50",3,1,Infected diet 83,Infected diet 50,inf83 vs inf50_log2FC,inf83 vs inf50_padj,TRUE,Unplaced scaffold,35.420116811951786,-1.4039866762960302,2.0443909419331945,-0.6867505854669889,0.4922399138432075,0.8410735678958844,FALSE,-1.4039866762960302,N.S.,Not significant,FALSE,,,N.S.
Protein-Anabolism,Protein Synthesis & Translation,Translation Initiation & Elongation Factors,LOC126326525,eukaryotic translation initiation factor 3 subunit D-like,eukaryotic translation initiation factor 3 subunit D-like,protein_coding,NW_026062344.1,ptg000994l,unplaced-scaffold,na,na,Unplaced scaffold,infection_diet33,Diet 33: infected vs control,Within-diet infection response,33,1,1,Infected diet 33,Control diet 33,Diet 33 log2FC,Diet 33 padj,TRUE,Unplaced scaffold,35.420116811951786,-3.1461002536886453,1.9784120756519208,-1.590214845737813,0.11178638527315984,0.1445377087112073,FALSE,-3.1461002536886453,N.S.,Not significant,FALSE,,,N.S.
Protein-Anabolism,Protein Synthesis & Translation,Translation Initiation & Elongation Factors,LOC126326525,eukaryotic translation initiation factor 3 subunit D-like,eukaryotic translation initiation factor 3 subunit D-like,protein_coding,NW_026062344.1,ptg000994l,unplaced-scaffold,na,na,Unplaced scaffold,infection_diet50,Diet 50: infected vs control,Within-diet infection response,50,2,1,Infected diet 50,Control diet 50,Diet 50 log2FC,Diet 50 padj,TRUE,Unplaced scaffold,35.420116811951786,-1.0413871106718349,2.0388205193618583,-0.5107791984543026,0.6095056765218876,0.8299357856589411,FALSE,-1.0413871106718349,N.S.,Not significant,FALSE,,,N.S.
Protein-Anabolism,Protein Synthesis & Translation,Translation Initiation & Elongation Factors,LOC126326525,eukaryotic translation initiation factor 3 subunit D-like,eukaryotic translation initiation factor 3 subunit D-like,protein_coding,NW_026062344.1,ptg000994l,unplaced-scaffold,na,na,Unplaced scaffold,infection_diet83,Diet 83: infected vs control,Within-diet infection response,83,3,1,Infected diet 83,Control diet 83,Diet 83 log2FC,Diet 83 padj,TRUE,Unplaced scaffold,35.420116811951786,0.919160176149162,2.1632461418550144,0.42489856256531633,0.6709106225746254,1,FALSE,0.919160176149162,N.S.,Not significant,FALSE,,,N.S.
Protein-Anabolism,Protein Synthesis & Translation,Translation Initiation & Elongation Factors,LOC126329065,elongation factor 1-alpha-like,elongation factor 1-alpha-like,protein_coding,NW_026062491.1,ptg001160l,unplaced-scaffold,na,na,Unplaced scaffold,control_diet33_vs50,Control: diet 50 vs 33,Diet comparison among controls,"50
vs
33",1,-1,Control diet 50,Control diet 33,cont33 vs cont50_log2FC,cont33 vs cont50_padj,FALSE,Unplaced scaffold,140.8411642976461,-2.718286051539146,2.5759425183060665,-1.0552588158398362,0.29130697118980675,0.44644723317239354,FALSE,2.718286051539146,N.S.,Not significant,FALSE,,,N.S.
Protein-Anabolism,Protein Synthesis & Translation,Translation Initiation & Elongation Factors,LOC126329065,elongation factor 1-alpha-like,elongation factor 1-alpha-like,protein_coding,NW_026062491.1,ptg001160l,unplaced-scaffold,na,na,Unplaced scaffold,control_diet83_vs33,Control: diet 83 vs 33,Diet comparison among controls,"83
vs
33",2,1,Control diet 83,Control diet 33,cont83 vs cont33_log2FC,cont83 vs cont33_padj,FALSE,Unplaced scaffold,140.8411642976461,-1.3283013813058886,2.4766242938665197,-0.5363354403796698,0.5917267411681486,0.9930597908525568,FALSE,-1.3283013813058886,N.S.,Not significant,FALSE,,,N.S.
Protein-Anabolism,Protein Synthesis & Translation,Translation Initiation & Elongation Factors,LOC126329065,elongation factor 1-alpha-like,elongation factor 1-alpha-like,protein_coding,NW_026062491.1,ptg001160l,unplaced-scaffold,na,na,Unplaced scaffold,control_diet83_vs50,Control: diet 83 vs 50,Diet comparison among controls,"83
vs
50",3,1,Control diet 83,Control diet 50,cont83 vs cont50_log2FC,cont83 vs cont50_padj,FALSE,Unplaced scaffold,140.8411642976461,-4.046587432845033,2.577070025334574,-1.5702279693853782,0.11636208481715418,0.26338736786134126,FALSE,-4.046587432845033,N.S.,Not significant,FALSE,,,N.S.
Protein-Anabolism,Protein Synthesis & Translation,Translation Initiation & Elongation Factors,LOC126329065,elongation factor 1-alpha-like,elongation factor 1-alpha-like,protein_coding,NW_026062491.1,ptg001160l,unplaced-scaffold,na,na,Unplaced scaffold,infected_diet33_vs50,Infected: diet 50 vs 33,Diet comparison among infected,"50
vs
33",1,-1,Infected diet 50,Infected diet 33,inf33 vs inf50_log2FC,inf33 vs inf50_padj,TRUE,Unplaced scaffold,140.8411642976461,-6.339070948388672,2.219617955938364,-2.8559288464166217,0.00429111288370428,0.01135270809106819,TRUE,6.339070948388672,Upregulated,Infected diet 50,FALSE,,,N.S.
Protein-Anabolism,Protein Synthesis & Translation,Translation Initiation & Elongation Factors,LOC126329065,elongation factor 1-alpha-like,elongation factor 1-alpha-like,protein_coding,NW_026062491.1,ptg001160l,unplaced-scaffold,na,na,Unplaced scaffold,infected_diet83_vs33,Infected: diet 83 vs 33,Diet comparison among infected,"83
vs
33",2,1,Infected diet 83,Infected diet 33,inf83 vs inf33_log2FC,inf83 vs inf33_padj,TRUE,Unplaced scaffold,140.8411642976461,4.612763963038611,2.476199969287331,1.8628398434098192,0.06248480248469655,0.12572568728122174,FALSE,4.612763963038611,N.S.,Not significant,FALSE,,,N.S.
Protein-Anabolism,Protein Synthesis & Translation,Translation Initiation & Elongation Factors,LOC126329065,elongation factor 1-alpha-like,elongation factor 1-alpha-like,protein_coding,NW_026062491.1,ptg001160l,unplaced-scaffold,na,na,Unplaced scaffold,infected_diet83_vs50,Infected: diet 83 vs 50,Diet comparison among infected,"83
vs
50",3,1,Infected diet 83,Infected diet 50,inf83 vs inf50_log2FC,inf83 vs inf50_padj,TRUE,Unplaced scaffold,140.8411642976461,-1.7263069853500603,2.443963712434601,-0.7063554080475142,0.4799671442964108,0.8410735678958844,FALSE,-1.7263069853500603,N.S.,Not significant,FALSE,,,N.S.
Protein-Anabolism,Protein Synthesis & Translation,Translation Initiation & Elongation Factors,LOC126329065,elongation factor 1-alpha-like,elongation factor 1-alpha-like,protein_coding,NW_026062491.1,ptg001160l,unplaced-scaffold,na,na,Unplaced scaffold,infection_diet33,Diet 33: infected vs control,Within-diet infection response,33,1,1,Infected diet 33,Control diet 33,Diet 33 log2FC,Diet 33 padj,TRUE,Unplaced scaffold,140.8411642976461,-6.379947900391966,2.3678227726789816,-2.6944364139101595,0.00705077783801084,0.0357465738646078,TRUE,-6.379947900391966,Downregulated,Control diet 33,FALSE,,,N.S.
Protein-Anabolism,Protein Synthesis & Translation,Translation Initiation & Elongation Factors,LOC126329065,elongation factor 1-alpha-like,elongation factor 1-alpha-like,protein_coding,NW_026062491.1,ptg001160l,unplaced-scaffold,na,na,Unplaced scaffold,infection_diet50,Diet 50: infected vs control,Within-diet infection response,50,2,1,Infected diet 50,Control diet 50,Diet 50 log2FC,Diet 50 padj,TRUE,Unplaced scaffold,140.8411642976461,-2.7591630035424393,2.440409606013675,-1.1306147118677494,0.2582172926189217,0.8147311843699152,FALSE,-2.7591630035424393,N.S.,Not significant,FALSE,,,N.S.
Protein-Anabolism,Protein Synthesis & Translation,Translation Initiation & Elongation Factors,LOC126329065,elongation factor 1-alpha-like,elongation factor 1-alpha-like,protein_coding,NW_026062491.1,ptg001160l,unplaced-scaffold,na,na,Unplaced scaffold,infection_diet83,Diet 83: infected vs control,Within-diet infection response,83,3,1,Infected diet 83,Control diet 83,Diet 83 log2FC,Diet 83 padj,TRUE,Unplaced scaffold,140.8411642976461,-0.43888255604746573,2.580435912409227,-0.1700807812885004,0.8649466076088803,1,FALSE,-0.43888255604746573,N.S.,Not significant,FALSE,,,N.S.
Protein-Anabolism,Protein Synthesis & Translation,Translation Initiation & Elongation Factors,LOC126334929,eukaryotic translation initiation factor 4E-binding protein,eukaryotic translation initiation factor 4E-binding protein,protein_coding,NC_064921.1,Chromosome2,assembled-molecule,2,Chromosome,Nuclear chromosome,control_diet33_vs50,Control: diet 50 vs 33,Diet comparison among controls,"50
vs
33",1,-1,Control diet 50,Control diet 33,cont33 vs cont50_log2FC,cont33 vs cont50_padj,FALSE,Placed/host-assigned,1171.46839920998,-0.04945783114282949,0.4187600078179157,-0.1181054308422275,0.9059841203827884,1,FALSE,0.04945783114282949,N.S.,Not significant,TRUE,,,N.S.
Protein-Anabolism,Protein Synthesis & Translation,Translation Initiation & Elongation Factors,LOC126334929,eukaryotic translation initiation factor 4E-binding protein,eukaryotic translation initiation factor 4E-binding protein,protein_coding,NC_064921.1,Chromosome2,assembled-molecule,2,Chromosome,Nuclear chromosome,control_diet83_vs33,Control: diet 83 vs 33,Diet comparison among controls,"83
vs
33",2,1,Control diet 83,Control diet 33,cont83 vs cont33_log2FC,cont83 vs cont33_padj,FALSE,Placed/host-assigned,1171.46839920998,0.10825448629777544,0.4024104843083552,0.2690150742067228,0.7879180825953033,0.9999697606274288,FALSE,0.10825448629777544,N.S.,Not significant,TRUE,,,N.S.
Protein-Anabolism,Protein Synthesis & Translation,Translation Initiation & Elongation Factors,LOC126334929,eukaryotic translation initiation factor 4E-binding protein,eukaryotic translation initiation factor 4E-binding protein,protein_coding,NC_064921.1,Chromosome2,assembled-molecule,2,Chromosome,Nuclear chromosome,control_diet83_vs50,Control: diet 83 vs 50,Diet comparison among controls,"83
vs
50",3,1,Control diet 83,Control diet 50,cont83 vs cont50_log2FC,cont83 vs cont50_padj,FALSE,Placed/host-assigned,1171.46839920998,0.05879665515494595,0.4187821237993413,0.14039915224060104,0.888344627633071,0.9993806165316672,FALSE,0.05879665515494595,N.S.,Not significant,TRUE,,,N.S.
Protein-Anabolism,Protein Synthesis & Translation,Translation Initiation & Elongation Factors,LOC126334929,eukaryotic translation initiation factor 4E-binding protein,eukaryotic translation initiation factor 4E-binding protein,protein_coding,NC_064921.1,Chromosome2,assembled-molecule,2,Chromosome,Nuclear chromosome,infected_diet33_vs50,Infected: diet 50 vs 33,Diet comparison among infected,"50
vs
33",1,-1,Infected diet 50,Infected diet 33,inf33 vs inf50_log2FC,inf33 vs inf50_padj,TRUE,Placed/host-assigned,1171.46839920998,0.23046325860755812,0.35548623404690877,0.6483043126141053,0.5167881452500588,0.9356144042197808,FALSE,-0.23046325860755812,N.S.,Not significant,TRUE,,,N.S.
Protein-Anabolism,Protein Synthesis & Translation,Translation Initiation & Elongation Factors,LOC126334929,eukaryotic translation initiation factor 4E-binding protein,eukaryotic translation initiation factor 4E-binding protein,protein_coding,NC_064921.1,Chromosome2,assembled-molecule,2,Chromosome,Nuclear chromosome,infected_diet83_vs33,Infected: diet 83 vs 33,Diet comparison among infected,"83
vs
33",2,1,Infected diet 83,Infected diet 33,inf83 vs inf33_log2FC,inf83 vs inf33_padj,TRUE,Placed/host-assigned,1171.46839920998,0.2348378198544468,0.3973272095360697,0.5910438908240138,0.5544910131415408,0.8738225266832556,FALSE,0.2348378198544468,N.S.,Not significant,TRUE,,,N.S.
Protein-Anabolism,Protein Synthesis & Translation,Translation Initiation & Elongation Factors,LOC126334929,eukaryotic translation initiation factor 4E-binding protein,eukaryotic translation initiation factor 4E-binding protein,protein_coding,NC_064921.1,Chromosome2,assembled-molecule,2,Chromosome,Nuclear chromosome,infected_diet83_vs50,Infected: diet 83 vs 50,Diet comparison among infected,"83
vs
50",3,1,Infected diet 83,Infected diet 50,inf83 vs inf50_log2FC,inf83 vs inf50_padj,TRUE,Placed/host-assigned,1171.46839920998,0.4653010784620049,0.397617382200988,1.1702231826142957,0.24191116583913805,0.7689216347465118,FALSE,0.4653010784620049,N.S.,Not significant,TRUE,,,N.S.
Protein-Anabolism,Protein Synthesis & Translation,Translation Initiation & Elongation Factors,LOC126334929,eukaryotic translation initiation factor 4E-binding protein,eukaryotic translation initiation factor 4E-binding protein,protein_coding,NC_064921.1,Chromosome2,assembled-molecule,2,Chromosome,Nuclear chromosome,infection_diet33,Diet 33: infected vs control,Within-diet infection response,33,1,1,Infected diet 33,Control diet 33,Diet 33 log2FC,Diet 33 padj,TRUE,Placed/host-assigned,1171.46839920998,-0.977051155433904,0.37950985904273016,-2.5745079664027775,0.01003827748254132,0.06202557260995432,FALSE,-0.977051155433904,N.S.,Not significant,TRUE,,,N.S.
Protein-Anabolism,Protein Synthesis & Translation,Translation Initiation & Elongation Factors,LOC126334929,eukaryotic translation initiation factor 4E-binding protein,eukaryotic translation initiation factor 4E-binding protein,protein_coding,NC_064921.1,Chromosome2,assembled-molecule,2,Chromosome,Nuclear chromosome,infection_diet50,Diet 50: infected vs control,Within-diet infection response,50,2,1,Infected diet 50,Control diet 50,Diet 50 log2FC,Diet 50 padj,TRUE,Placed/host-assigned,1171.46839920998,-1.2569722451842915,0.3971179593444264,-3.165236463390719,0.00154956963260701,0.01186911547317199,TRUE,-1.2569722451842915,Downregulated,Control diet 50,TRUE,,,N.S.
Protein-Anabolism,Protein Synthesis & Translation,Translation Initiation & Elongation Factors,LOC126334929,eukaryotic translation initiation factor 4E-binding protein,eukaryotic translation initiation factor 4E-binding protein,protein_coding,NC_064921.1,Chromosome2,assembled-molecule,2,Chromosome,Nuclear chromosome,infection_diet83,Diet 83: infected vs control,Within-diet infection response,83,3,1,Infected diet 83,Control diet 83,Diet 83 log2FC,Diet 83 padj,TRUE,Placed/host-assigned,1171.46839920998,-0.8504678218772325,0.41925574081742983,-2.028518011987293,0.04250740687964444,0.1675166408318838,FALSE,-0.8504678218772325,N.S.,Not significant,TRUE,,,N.S.
Protein-Anabolism,Protein Synthesis & Translation,Translation Initiation & Elongation Factors,LOC126355534,translation initiation factor IF-2-like,translation initiation factor IF-2-like,protein_coding,NC_064922.1,Chromosome3,assembled-molecule,3,Chromosome,Nuclear chromosome,control_diet33_vs50,Control: diet 50 vs 33,Diet comparison among controls,"50
vs
33",1,-1,Control diet 50,Control diet 33,cont33 vs cont50_log2FC,cont33 vs cont50_padj,FALSE,Placed/host-assigned,104.68966349050656,0.16437767020542357,0.1583389699628824,1.0381378017297749,0.2992059046408069,1,FALSE,-0.16437767020542357,N.S.,Not significant,TRUE,,,N.S.
Protein-Anabolism,Protein Synthesis & Translation,Translation Initiation & Elongation Factors,LOC126355534,translation initiation factor IF-2-like,translation initiation factor IF-2-like,protein_coding,NC_064922.1,Chromosome3,assembled-molecule,3,Chromosome,Nuclear chromosome,control_diet83_vs33,Control: diet 83 vs 33,Diet comparison among controls,"83
vs
33",2,1,Control diet 83,Control diet 33,cont83 vs cont33_log2FC,cont83 vs cont33_padj,FALSE,Placed/host-assigned,104.68966349050656,0.19142664676117732,0.15281725584573921,1.2526507278367325,0.21033284486187215,0.9999697606274288,FALSE,0.19142664676117732,N.S.,Not significant,TRUE,,,N.S.
Protein-Anabolism,Protein Synthesis & Translation,Translation Initiation & Elongation Factors,LOC126355534,translation initiation factor IF-2-like,translation initiation factor IF-2-like,protein_coding,NC_064922.1,Chromosome3,assembled-molecule,3,Chromosome,Nuclear chromosome,control_diet83_vs50,Control: diet 83 vs 50,Diet comparison among controls,"83
vs
50",3,1,Control diet 83,Control diet 50,cont83 vs cont50_log2FC,cont83 vs cont50_padj,FALSE,Placed/host-assigned,104.68966349050656,0.3558043169666009,0.15923375207538726,2.23447800688732,0.02545163806277928,0.5441490909276806,FALSE,0.3558043169666009,N.S.,Not significant,TRUE,,,N.S.
Protein-Anabolism,Protein Synthesis & Translation,Translation Initiation & Elongation Factors,LOC126355534,translation initiation factor IF-2-like,translation initiation factor IF-2-like,protein_coding,NC_064922.1,Chromosome3,assembled-molecule,3,Chromosome,Nuclear chromosome,infected_diet33_vs50,Infected: diet 50 vs 33,Diet comparison among infected,"50
vs
33",1,-1,Infected diet 50,Infected diet 33,inf33 vs inf50_log2FC,inf33 vs inf50_padj,TRUE,Placed/host-assigned,104.68966349050656,-0.146856759171009,0.13272898207888728,-1.1064407853570737,0.2685357805827974,0.8179331446575211,FALSE,0.146856759171009,N.S.,Not significant,TRUE,,,N.S.
Protein-Anabolism,Protein Synthesis & Translation,Translation Initiation & Elongation Factors,LOC126355534,translation initiation factor IF-2-like,translation initiation factor IF-2-like,protein_coding,NC_064922.1,Chromosome3,assembled-molecule,3,Chromosome,Nuclear chromosome,infected_diet83_vs33,Infected: diet 83 vs 33,Diet comparison among infected,"83
vs
33",2,1,Infected diet 83,Infected diet 33,inf83 vs inf33_log2FC,inf83 vs inf33_padj,TRUE,Placed/host-assigned,104.68966349050656,-0.18919183679598503,0.15466339084081596,-1.2232489910343862,0.2212356667757946,0.709647641248145,FALSE,-0.18919183679598503,N.S.,Not significant,TRUE,,,N.S.
Protein-Anabolism,Protein Synthesis & Translation,Translation Initiation & Elongation Factors,LOC126355534,translation initiation factor IF-2-like,translation initiation factor IF-2-like,protein_coding,NC_064922.1,Chromosome3,assembled-molecule,3,Chromosome,Nuclear chromosome,infected_diet83_vs50,Infected: diet 83 vs 50,Diet comparison among infected,"83
vs
50",3,1,Infected diet 83,Infected diet 50,inf83 vs inf50_log2FC,inf83 vs inf50_padj,TRUE,Placed/host-assigned,104.68966349050656,-0.33604859596699405,0.15648597216297835,-2.147467861317328,0.0317560531441113,0.43752208527718095,FALSE,-0.33604859596699405,N.S.,Not significant,TRUE,,,N.S.
Protein-Anabolism,Protein Synthesis & Translation,Translation Initiation & Elongation Factors,LOC126355534,translation initiation factor IF-2-like,translation initiation factor IF-2-like,protein_coding,NC_064922.1,Chromosome3,assembled-molecule,3,Chromosome,Nuclear chromosome,infection_diet33,Diet 33: infected vs control,Within-diet infection response,33,1,1,Infected diet 33,Control diet 33,Diet 33 log2FC,Diet 33 padj,TRUE,Placed/host-assigned,104.68966349050656,0.227870737172384,0.14163128707917422,1.608901125391881,0.10763796338381112,0.2842018037370613,FALSE,0.227870737172384,N.S.,Not significant,TRUE,,,N.S.
Protein-Anabolism,Protein Synthesis & Translation,Translation Initiation & Elongation Factors,LOC126355534,translation initiation factor IF-2-like,translation initiation factor IF-2-like,protein_coding,NC_064922.1,Chromosome3,assembled-molecule,3,Chromosome,Nuclear chromosome,infection_diet50,Diet 50: infected vs control,Within-diet infection response,50,2,1,Infected diet 50,Control diet 50,Diet 50 log2FC,Diet 50 padj,TRUE,Placed/host-assigned,104.68966349050656,0.5391051665488166,0.1504286894608229,3.5837922173031966,3.386415116801561e-4,0.00394707274473998,FALSE,0.5391051665488166,N.S.,Not significant,TRUE,,,N.S.
Protein-Anabolism,Protein Synthesis & Translation,Translation Initiation & Elongation Factors,LOC126355534,translation initiation factor IF-2-like,translation initiation factor IF-2-like,protein_coding,NC_064922.1,Chromosome3,assembled-molecule,3,Chromosome,Nuclear chromosome,infection_diet83,Diet 83: infected vs control,Within-diet infection response,83,3,1,Infected diet 83,Control diet 83,Diet 83 log2FC,Diet 83 padj,TRUE,Placed/host-assigned,104.68966349050656,-0.15274774638477842,0.1649680474240319,-0.9259232243451208,0.35448588094669725,0.5844819122084618,FALSE,-0.15274774638477842,N.S.,Not significant,TRUE,,,N.S.
Protein-Anabolism,Storage Hexamerins & Reserves,Hexamerin Storage Proteins,LOC126334873,hexamerin-like,hexamerin-like,protein_coding,NC_064921.1,Chromosome2,assembled-molecule,2,Chromosome,Nuclear chromosome,control_diet33_vs50,Control: diet 50 vs 33,Diet comparison among controls,"50
vs
33",1,-1,Control diet 50,Control diet 33,cont33 vs cont50_log2FC,cont33 vs cont50_padj,FALSE,Placed/host-assigned,31915.91410287188,0.5895450642433425,0.9916690243458368,0.594497811033516,0.5521792059269222,1,FALSE,-0.5895450642433425,N.S.,Not significant,TRUE,,,N.S.
Protein-Anabolism,Storage Hexamerins & Reserves,Hexamerin Storage Proteins,LOC126334873,hexamerin-like,hexamerin-like,protein_coding,NC_064921.1,Chromosome2,assembled-molecule,2,Chromosome,Nuclear chromosome,control_diet83_vs33,Control: diet 83 vs 33,Diet comparison among controls,"83
vs
33",2,1,Control diet 83,Control diet 33,cont83 vs cont33_log2FC,cont83 vs cont33_padj,FALSE,Placed/host-assigned,31915.91410287188,-0.1558517875131021,0.9527650064178332,-0.1635784127914891,0.8700630398699636,0.9999697606274288,FALSE,-0.1558517875131021,N.S.,Not significant,TRUE,,,N.S.
Protein-Anabolism,Storage Hexamerins & Reserves,Hexamerin Storage Proteins,LOC126334873,hexamerin-like,hexamerin-like,protein_coding,NC_064921.1,Chromosome2,assembled-molecule,2,Chromosome,Nuclear chromosome,control_diet83_vs50,Control: diet 83 vs 50,Diet comparison among controls,"83
vs
50",3,1,Control diet 83,Control diet 50,cont83 vs cont50_log2FC,cont83 vs cont50_padj,FALSE,Placed/host-assigned,31915.91410287188,0.4336932767302405,0.9916697804450232,0.4373363848352983,0.6618674118967758,0.9993806165316672,FALSE,0.4336932767302405,N.S.,Not significant,TRUE,,,N.S.
Protein-Anabolism,Storage Hexamerins & Reserves,Hexamerin Storage Proteins,LOC126334873,hexamerin-like,hexamerin-like,protein_coding,NC_064921.1,Chromosome2,assembled-molecule,2,Chromosome,Nuclear chromosome,infected_diet33_vs50,Infected: diet 50 vs 33,Diet comparison among infected,"50
vs
33",1,-1,Infected diet 50,Infected diet 33,inf33 vs inf50_log2FC,inf33 vs inf50_padj,TRUE,Placed/host-assigned,31915.91410287188,1.0723087013875288,0.8402872460298841,1.2761215958636518,0.20191253861664224,0.7645136835924988,FALSE,-1.0723087013875288,N.S.,Not significant,TRUE,,,N.S.
Protein-Anabolism,Storage Hexamerins & Reserves,Hexamerin Storage Proteins,LOC126334873,hexamerin-like,hexamerin-like,protein_coding,NC_064921.1,Chromosome2,assembled-molecule,2,Chromosome,Nuclear chromosome,infected_diet83_vs33,Infected: diet 83 vs 33,Diet comparison among infected,"83
vs
33",2,1,Infected diet 83,Infected diet 33,inf83 vs inf33_log2FC,inf83 vs inf33_padj,TRUE,Placed/host-assigned,31915.91410287188,-0.3779611496775094,0.9394625252035288,-0.4023163665795252,0.6874512111588069,0.9203507412829612,FALSE,-0.3779611496775094,N.S.,Not significant,TRUE,,,N.S.
Protein-Anabolism,Storage Hexamerins & Reserves,Hexamerin Storage Proteins,LOC126334873,hexamerin-like,hexamerin-like,protein_coding,NC_064921.1,Chromosome2,assembled-molecule,2,Chromosome,Nuclear chromosome,infected_diet83_vs50,Infected: diet 83 vs 50,Diet comparison among infected,"83
vs
50",3,1,Infected diet 83,Infected diet 50,inf83 vs inf50_log2FC,inf83 vs inf50_padj,TRUE,Placed/host-assigned,31915.91410287188,0.6943475517100193,0.9394784862013538,0.7390776498965014,0.4598598475638805,0.8803153201228878,FALSE,0.6943475517100193,N.S.,Not significant,TRUE,,,N.S.
Protein-Anabolism,Storage Hexamerins & Reserves,Hexamerin Storage Proteins,LOC126334873,hexamerin-like,hexamerin-like,protein_coding,NC_064921.1,Chromosome2,assembled-molecule,2,Chromosome,Nuclear chromosome,infection_diet33,Diet 33: infected vs control,Within-diet infection response,33,1,1,Infected diet 33,Control diet 33,Diet 33 log2FC,Diet 33 padj,TRUE,Placed/host-assigned,31915.91410287188,-1.96368931628892,0.8982795566861712,-2.1860558905883765,0.02881151655252159,0.12350443971467388,FALSE,-1.96368931628892,N.S.,Not significant,TRUE,,,N.S.
Protein-Anabolism,Storage Hexamerins & Reserves,Hexamerin Storage Proteins,LOC126334873,hexamerin-like,hexamerin-like,protein_coding,NC_064921.1,Chromosome2,assembled-molecule,2,Chromosome,Nuclear chromosome,infection_diet50,Diet 50: infected vs control,Within-diet infection response,50,2,1,Infected diet 50,Control diet 50,Diet 50 log2FC,Diet 50 padj,TRUE,Placed/host-assigned,31915.91410287188,-2.446452953433106,0.9394593912070957,-2.604107187953808,0.00921139436910523,0.04045227632821479,TRUE,-2.446452953433106,Downregulated,Control diet 50,TRUE,,,N.S.
Protein-Anabolism,Storage Hexamerins & Reserves,Hexamerin Storage Proteins,LOC126334873,hexamerin-like,hexamerin-like,protein_coding,NC_064921.1,Chromosome2,assembled-molecule,2,Chromosome,Nuclear chromosome,infection_diet83,Diet 83: infected vs control,Within-diet infection response,83,3,1,Infected diet 83,Control diet 83,Diet 83 log2FC,Diet 83 padj,TRUE,Placed/host-assigned,31915.91410287188,-2.185798678453327,0.9916878701264128,-2.204119606882656,0.02751593360115471,0.1271599652228641,FALSE,-2.185798678453327,N.S.,Not significant,TRUE,,,N.S.
Protein-Anabolism,Storage Hexamerins & Reserves,Hexamerin Storage Proteins,LOC126334879,hexamerin-like,hexamerin-like,protein_coding,NC_064921.1,Chromosome2,assembled-molecule,2,Chromosome,Nuclear chromosome,control_diet33_vs50,Control: diet 50 vs 33,Diet comparison among controls,"50
vs
33",1,-1,Control diet 50,Control diet 33,cont33 vs cont50_log2FC,cont33 vs cont50_padj,FALSE,Placed/host-assigned,17160.587447065536,0.20715879250248695,1.2550980703012622,0.16505386901978303,0.8689015821035753,1,FALSE,-0.20715879250248695,N.S.,Not significant,TRUE,,,N.S.
Protein-Anabolism,Storage Hexamerins & Reserves,Hexamerin Storage Proteins,LOC126334879,hexamerin-like,hexamerin-like,protein_coding,NC_064921.1,Chromosome2,assembled-molecule,2,Chromosome,Nuclear chromosome,control_diet83_vs33,Control: diet 83 vs 33,Diet comparison among controls,"83
vs
33",2,1,Control diet 83,Control diet 33,cont83 vs cont33_log2FC,cont83 vs cont33_padj,FALSE,Placed/host-assigned,17160.587447065536,-0.5331734824180325,1.2058620035733074,-0.44215132481004454,0.6583797062294849,0.9999697606274288,FALSE,-0.5331734824180325,N.S.,Not significant,TRUE,,,N.S.
Protein-Anabolism,Storage Hexamerins & Reserves,Hexamerin Storage Proteins,LOC126334879,hexamerin-like,hexamerin-like,protein_coding,NC_064921.1,Chromosome2,assembled-molecule,2,Chromosome,Nuclear chromosome,control_diet83_vs50,Control: diet 83 vs 50,Diet comparison among controls,"83
vs
50",3,1,Control diet 83,Control diet 50,cont83 vs cont50_log2FC,cont83 vs cont50_padj,FALSE,Placed/host-assigned,17160.587447065536,-0.3260146899155456,1.2551004429398234,-0.2597518722500974,0.7950551772616263,0.9993806165316672,FALSE,-0.3260146899155456,N.S.,Not significant,TRUE,,,N.S.
Protein-Anabolism,Storage Hexamerins & Reserves,Hexamerin Storage Proteins,LOC126334879,hexamerin-like,hexamerin-like,protein_coding,NC_064921.1,Chromosome2,assembled-molecule,2,Chromosome,Nuclear chromosome,infected_diet33_vs50,Infected: diet 50 vs 33,Diet comparison among infected,"50
vs
33",1,-1,Infected diet 50,Infected diet 33,inf33 vs inf50_log2FC,inf33 vs inf50_padj,TRUE,Placed/host-assigned,17160.587447065536,2.0613158005791794,1.0635644378525138,1.9381202748197053,0.05260855041803913,0.486736662247806,FALSE,-2.0613158005791794,N.S.,Not significant,TRUE,,,N.S.
Protein-Anabolism,Storage Hexamerins & Reserves,Hexamerin Storage Proteins,LOC126334879,hexamerin-like,hexamerin-like,protein_coding,NC_064921.1,Chromosome2,assembled-molecule,2,Chromosome,Nuclear chromosome,infected_diet83_vs33,Infected: diet 83 vs 33,Diet comparison among infected,"83
vs
33",2,1,Infected diet 83,Infected diet 33,inf83 vs inf33_log2FC,inf83 vs inf33_padj,TRUE,Placed/host-assigned,17160.587447065536,0.2931021427659911,1.189023812362648,0.24650653731112665,0.8052901445085612,0.9545916626279216,FALSE,0.2931021427659911,N.S.,Not significant,TRUE,,,N.S.
Protein-Anabolism,Storage Hexamerins & Reserves,Hexamerin Storage Proteins,LOC126334879,hexamerin-like,hexamerin-like,protein_coding,NC_064921.1,Chromosome2,assembled-molecule,2,Chromosome,Nuclear chromosome,infected_diet83_vs50,Infected: diet 83 vs 50,Diet comparison among infected,"83
vs
50",3,1,Infected diet 83,Infected diet 50,inf83 vs inf50_log2FC,inf83 vs inf50_padj,TRUE,Placed/host-assigned,17160.587447065536,2.35441794334517,1.1890918710521283,1.980013488160458,0.04770201308878924,0.4988636209434537,FALSE,2.35441794334517,N.S.,Not significant,TRUE,,,N.S.
Protein-Anabolism,Storage Hexamerins & Reserves,Hexamerin Storage Proteins,LOC126334879,hexamerin-like,hexamerin-like,protein_coding,NC_064921.1,Chromosome2,assembled-molecule,2,Chromosome,Nuclear chromosome,infection_diet33,Diet 33: infected vs control,Within-diet infection response,33,1,1,Infected diet 33,Control diet 33,Diet 33 log2FC,Diet 33 padj,TRUE,Placed/host-assigned,17160.587447065536,-2.319704514912736,1.1369047185001322,-2.0403684470348744,0.04131364213165545,0.15379489733575152,FALSE,-2.319704514912736,N.S.,Not significant,TRUE,,,N.S.
Protein-Anabolism,Storage Hexamerins & Reserves,Hexamerin Storage Proteins,LOC126334879,hexamerin-like,hexamerin-like,protein_coding,NC_064921.1,Chromosome2,assembled-molecule,2,Chromosome,Nuclear chromosome,infection_diet50,Diet 50: infected vs control,Within-diet infection response,50,2,1,Infected diet 50,Control diet 50,Diet 50 log2FC,Diet 50 padj,TRUE,Placed/host-assigned,17160.587447065536,-4.173861522989428,1.189070284125636,-3.5101890768875883,4.4778815786900586e-4,0.00481960567174774,TRUE,-4.173861522989428,Downregulated,Control diet 50,TRUE,,,N.S.
Protein-Anabolism,Storage Hexamerins & Reserves,Hexamerin Storage Proteins,LOC126334879,hexamerin-like,hexamerin-like,protein_coding,NC_064921.1,Chromosome2,assembled-molecule,2,Chromosome,Nuclear chromosome,infection_diet83,Diet 83: infected vs control,Within-diet infection response,83,3,1,Infected diet 83,Control diet 83,Diet 83 log2FC,Diet 83 padj,TRUE,Placed/host-assigned,17160.587447065536,-1.493428889728712,1.25512089420875,-1.189868558972716,0.2340980577991137,0.4588451806958495,FALSE,-1.493428889728712,N.S.,Not significant,TRUE,,,N.S.
Protein-Anabolism,Storage Hexamerins & Reserves,Hexamerin Storage Proteins,LOC126336409,hexamerin-like,hexamerin-like,protein_coding,NC_064921.1,Chromosome2,assembled-molecule,2,Chromosome,Nuclear chromosome,control_diet33_vs50,Control: diet 50 vs 33,Diet comparison among controls,"50
vs
33",1,-1,Control diet 50,Control diet 33,cont33 vs cont50_log2FC,cont33 vs cont50_padj,FALSE,Placed/host-assigned,245.90590597863576,0.10580702765776936,0.7795815209034634,0.135722852351796,0.8920403813205511,1,FALSE,-0.10580702765776936,N.S.,Not significant,TRUE,,,N.S.
Protein-Anabolism,Storage Hexamerins & Reserves,Hexamerin Storage Proteins,LOC126336409,hexamerin-like,hexamerin-like,protein_coding,NC_064921.1,Chromosome2,assembled-molecule,2,Chromosome,Nuclear chromosome,control_diet83_vs33,Control: diet 83 vs 33,Diet comparison among controls,"83
vs
33",2,1,Control diet 83,Control diet 33,cont83 vs cont33_log2FC,cont83 vs cont33_padj,FALSE,Placed/host-assigned,245.90590597863576,-0.06837512312797193,0.7492440315857636,-0.09125881588039753,0.9272869415536092,0.9999697606274288,FALSE,-0.06837512312797193,N.S.,Not significant,TRUE,,,N.S.
Protein-Anabolism,Storage Hexamerins & Reserves,Hexamerin Storage Proteins,LOC126336409,hexamerin-like,hexamerin-like,protein_coding,NC_064921.1,Chromosome2,assembled-molecule,2,Chromosome,Nuclear chromosome,control_diet83_vs50,Control: diet 83 vs 50,Diet comparison among controls,"83
vs
50",3,1,Control diet 83,Control diet 50,cont83 vs cont50_log2FC,cont83 vs cont50_padj,FALSE,Placed/host-assigned,245.90590597863576,0.03743190452979741,0.7797329597806398,0.04800605650981848,0.9617114157772167,0.9997779790351212,FALSE,0.03743190452979741,N.S.,Not significant,TRUE,,,N.S.
Protein-Anabolism,Storage Hexamerins & Reserves,Hexamerin Storage Proteins,LOC126336409,hexamerin-like,hexamerin-like,protein_coding,NC_064921.1,Chromosome2,assembled-molecule,2,Chromosome,Nuclear chromosome,infected_diet33_vs50,Infected: diet 50 vs 33,Diet comparison among infected,"50
vs
33",1,-1,Infected diet 50,Infected diet 33,inf33 vs inf50_log2FC,inf33 vs inf50_padj,TRUE,Placed/host-assigned,245.90590597863576,-2.550845791716609,0.6630881156445753,-3.846918277576096,1.1961284424640948e-4,0.01144240053692413,TRUE,2.550845791716609,Upregulated,Infected diet 50,TRUE,,,N.S.
Protein-Anabolism,Storage Hexamerins & Reserves,Hexamerin Storage Proteins,LOC126336409,hexamerin-like,hexamerin-like,protein_coding,NC_064921.1,Chromosome2,assembled-molecule,2,Chromosome,Nuclear chromosome,infected_diet83_vs33,Infected: diet 83 vs 33,Diet comparison among infected,"83
vs
33",2,1,Infected diet 83,Infected diet 33,inf83 vs inf33_log2FC,inf83 vs inf33_padj,TRUE,Placed/host-assigned,245.90590597863576,2.26517998807232,0.7412464901034711,3.0559065281457483,0.00224381194265945,0.14329375991416904,FALSE,2.26517998807232,N.S.,Not significant,TRUE,,,N.S.
Protein-Anabolism,Storage Hexamerins & Reserves,Hexamerin Storage Proteins,LOC126336409,hexamerin-like,hexamerin-like,protein_coding,NC_064921.1,Chromosome2,assembled-molecule,2,Chromosome,Nuclear chromosome,infected_diet83_vs50,Infected: diet 83 vs 50,Diet comparison among infected,"83
vs
50",3,1,Infected diet 83,Infected diet 50,inf83 vs inf50_log2FC,inf83 vs inf50_padj,TRUE,Placed/host-assigned,245.90590597863576,-0.2856658036442891,0.7394185051809548,-0.3863384560200848,0.6992460233364894,0.9494876896483904,FALSE,-0.2856658036442891,N.S.,Not significant,TRUE,,,N.S.
Protein-Anabolism,Storage Hexamerins & Reserves,Hexamerin Storage Proteins,LOC126336409,hexamerin-like,hexamerin-like,protein_coding,NC_064921.1,Chromosome2,assembled-molecule,2,Chromosome,Nuclear chromosome,infection_diet33,Diet 33: infected vs control,Within-diet infection response,33,1,1,Infected diet 33,Control diet 33,Diet 33 log2FC,Diet 33 padj,TRUE,Placed/host-assigned,245.90590597863576,-2.51308519413582,0.7083512407091979,-3.5477952881394423,3.884700256499515e-4,0.00654498233088715,TRUE,-2.51308519413582,Downregulated,Control diet 33,TRUE,,,N.S.
Protein-Anabolism,Storage Hexamerins & Reserves,Hexamerin Storage Proteins,LOC126336409,hexamerin-like,hexamerin-like,protein_coding,NC_064921.1,Chromosome2,assembled-molecule,2,Chromosome,Nuclear chromosome,infection_diet50,Diet 50: infected vs control,Within-diet infection response,50,2,1,Infected diet 50,Control diet 50,Diet 50 log2FC,Diet 50 padj,TRUE,Placed/host-assigned,245.90590597863576,0.14356762523855818,0.7386959568245727,0.1943527968607157,0.845899647765377,0.9072748802535144,FALSE,0.14356762523855818,N.S.,Not significant,TRUE,,,N.S.
Protein-Anabolism,Storage Hexamerins & Reserves,Hexamerin Storage Proteins,LOC126336409,hexamerin-like,hexamerin-like,protein_coding,NC_064921.1,Chromosome2,assembled-molecule,2,Chromosome,Nuclear chromosome,infection_diet83,Diet 83: infected vs control,Within-diet infection response,83,3,1,Infected diet 83,Control diet 83,Diet 83 log2FC,Diet 83 padj,TRUE,Placed/host-assigned,245.90590597863576,-0.17953008293552836,0.7804175150157407,-0.2300436362347753,0.8180578620370222,0.9089429545986564,FALSE,-0.17953008293552836,N.S.,Not significant,TRUE,,,N.S.
Protein-Anabolism,Storage Hexamerins & Reserves,Hexamerin Storage Proteins,LOC126336417,hexamerin-like,hexamerin-like,protein_coding,NC_064921.1,Chromosome2,assembled-molecule,2,Chromosome,Nuclear chromosome,control_diet33_vs50,Control: diet 50 vs 33,Diet comparison among controls,"50
vs
33",1,-1,Control diet 50,Control diet 33,cont33 vs cont50_log2FC,cont33 vs cont50_padj,FALSE,Placed/host-assigned,19437.11705146449,0.32747128370484263,1.1946239278162376,0.27412081415735357,0.7839917788735731,1,FALSE,-0.32747128370484263,N.S.,Not significant,TRUE,,,N.S.
Protein-Anabolism,Storage Hexamerins & Reserves,Hexamerin Storage Proteins,LOC126336417,hexamerin-like,hexamerin-like,protein_coding,NC_064921.1,Chromosome2,assembled-molecule,2,Chromosome,Nuclear chromosome,control_diet83_vs33,Control: diet 83 vs 33,Diet comparison among controls,"83
vs
33",2,1,Control diet 83,Control diet 33,cont83 vs cont33_log2FC,cont83 vs cont33_padj,FALSE,Placed/host-assigned,19437.11705146449,-0.1576399786993326,1.1477585841317286,-0.1373459374460581,0.8907573616252038,0.9999697606274288,FALSE,-0.1576399786993326,N.S.,Not significant,TRUE,,,N.S.
Protein-Anabolism,Storage Hexamerins & Reserves,Hexamerin Storage Proteins,LOC126336417,hexamerin-like,hexamerin-like,protein_coding,NC_064921.1,Chromosome2,assembled-molecule,2,Chromosome,Nuclear chromosome,control_diet83_vs50,Control: diet 83 vs 50,Diet comparison among controls,"83
vs
50",3,1,Control diet 83,Control diet 50,cont83 vs cont50_log2FC,cont83 vs cont50_padj,FALSE,Placed/host-assigned,19437.11705146449,0.16983130500551,1.1946249273019836,0.14216286729347574,0.8869513614421757,0.9993806165316672,FALSE,0.16983130500551,N.S.,Not significant,TRUE,,,N.S.
Protein-Anabolism,Storage Hexamerins & Reserves,Hexamerin Storage Proteins,LOC126336417,hexamerin-like,hexamerin-like,protein_coding,NC_064921.1,Chromosome2,assembled-molecule,2,Chromosome,Nuclear chromosome,infected_diet33_vs50,Infected: diet 50 vs 33,Diet comparison among infected,"50
vs
33",1,-1,Infected diet 50,Infected diet 33,inf33 vs inf50_log2FC,inf33 vs inf50_padj,TRUE,Placed/host-assigned,19437.11705146449,1.9038235154120324,1.0123275574503685,1.880639819987684,0.06002093112037762,0.5189842955691977,FALSE,-1.9038235154120324,N.S.,Not significant,TRUE,,,N.S.
Protein-Anabolism,Storage Hexamerins & Reserves,Hexamerin Storage Proteins,LOC126336417,hexamerin-like,hexamerin-like,protein_coding,NC_064921.1,Chromosome2,assembled-molecule,2,Chromosome,Nuclear chromosome,infected_diet83_vs33,Infected: diet 83 vs 33,Diet comparison among infected,"83
vs
33",2,1,Infected diet 83,Infected diet 33,inf83 vs inf33_log2FC,inf83 vs inf33_padj,TRUE,Placed/host-assigned,19437.11705146449,0.20519278792919407,1.1317419525316732,0.18130704395130345,0.8561265773850162,0.9672905130310584,FALSE,0.20519278792919407,N.S.,Not significant,TRUE,,,N.S.
Protein-Anabolism,Storage Hexamerins & Reserves,Hexamerin Storage Proteins,LOC126336417,hexamerin-like,hexamerin-like,protein_coding,NC_064921.1,Chromosome2,assembled-molecule,2,Chromosome,Nuclear chromosome,infected_diet83_vs50,Infected: diet 83 vs 50,Diet comparison among infected,"83
vs
50",3,1,Infected diet 83,Infected diet 50,inf83 vs inf50_log2FC,inf83 vs inf50_padj,TRUE,Placed/host-assigned,19437.11705146449,2.1090163033412264,1.1318102160526522,1.863401013198766,0.06240586759524959,0.5372124875880041,FALSE,2.1090163033412264,N.S.,Not significant,TRUE,,,N.S.
Protein-Anabolism,Storage Hexamerins & Reserves,Hexamerin Storage Proteins,LOC126336417,hexamerin-like,hexamerin-like,protein_coding,NC_064921.1,Chromosome2,assembled-molecule,2,Chromosome,Nuclear chromosome,infection_diet33,Diet 33: infected vs control,Within-diet infection response,33,1,1,Infected diet 33,Control diet 33,Diet 33 log2FC,Diet 33 padj,TRUE,Placed/host-assigned,19437.11705146449,-2.5949920697699675,1.0821275213578987,-2.3980464580677734,0.01648277453783988,0.08599989380582077,FALSE,-2.5949920697699675,N.S.,Not significant,TRUE,,,N.S.
Protein-Anabolism,Storage Hexamerins & Reserves,Hexamerin Storage Proteins,LOC126336417,hexamerin-like,hexamerin-like,protein_coding,NC_064921.1,Chromosome2,assembled-molecule,2,Chromosome,Nuclear chromosome,infection_diet50,Diet 50: infected vs control,Within-diet infection response,50,2,1,Infected diet 50,Control diet 50,Diet 50 log2FC,Diet 50 padj,TRUE,Placed/host-assigned,19437.11705146449,-4.171344301477157,1.131783300815282,-3.685638671707139,2.2812982389477276e-4,0.0030243252075806,TRUE,-4.171344301477157,Downregulated,Control diet 50,TRUE,,,N.S.
Protein-Anabolism,Storage Hexamerins & Reserves,Hexamerin Storage Proteins,LOC126336417,hexamerin-like,hexamerin-like,protein_coding,NC_064921.1,Chromosome2,assembled-molecule,2,Chromosome,Nuclear chromosome,infection_diet83,Diet 83: infected vs control,Within-diet infection response,83,3,1,Infected diet 83,Control diet 83,Diet 83 log2FC,Diet 83 padj,TRUE,Placed/host-assigned,19437.11705146449,-2.232159303141441,1.1946504267308011,-1.868462316001356,0.06169765805708682,0.2081927659175623,FALSE,-2.232159303141441,N.S.,Not significant,TRUE,,,N.S.
Protein-Anabolism,Storage Hexamerins & Reserves,Vitellogenin Reserves,LOC126299533,vitellogenin-like,vitellogenin-like,protein_coding,NC_064931.1,ChromosomeX,assembled-molecule,X,Chromosome,Nuclear chromosome,control_diet33_vs50,Control: diet 50 vs 33,Diet comparison among controls,"50
vs
33",1,-1,Control diet 50,Control diet 33,cont33 vs cont50_log2FC,cont33 vs cont50_padj,FALSE,Placed/host-assigned,37.508026138515945,-0.10561496135447188,0.2589744509040633,-0.4078200030380479,0.6834058269759595,1,FALSE,0.10561496135447188,N.S.,Not significant,TRUE,,,N.S.
Protein-Anabolism,Storage Hexamerins & Reserves,Vitellogenin Reserves,LOC126299533,vitellogenin-like,vitellogenin-like,protein_coding,NC_064931.1,ChromosomeX,assembled-molecule,X,Chromosome,Nuclear chromosome,control_diet83_vs33,Control: diet 83 vs 33,Diet comparison among controls,"83
vs
33",2,1,Control diet 83,Control diet 33,cont83 vs cont33_log2FC,cont83 vs cont33_padj,FALSE,Placed/host-assigned,37.508026138515945,-0.09048219338607756,0.25470339295144434,-0.35524533983466305,0.7224058006595608,0.9999697606274288,FALSE,-0.09048219338607756,N.S.,Not significant,TRUE,,,N.S.
Protein-Anabolism,Storage Hexamerins & Reserves,Vitellogenin Reserves,LOC126299533,vitellogenin-like,vitellogenin-like,protein_coding,NC_064931.1,ChromosomeX,assembled-molecule,X,Chromosome,Nuclear chromosome,control_diet83_vs50,Control: diet 83 vs 50,Diet comparison among controls,"83
vs
50",3,1,Control diet 83,Control diet 50,cont83 vs cont50_log2FC,cont83 vs cont50_padj,FALSE,Placed/host-assigned,37.508026138515945,-0.19609715474054945,0.2625449887868222,-0.7469087703661098,0.4551186315449902,0.9989643578317658,FALSE,-0.19609715474054945,N.S.,Not significant,TRUE,,,N.S.
Protein-Anabolism,Storage Hexamerins & Reserves,Vitellogenin Reserves,LOC126299533,vitellogenin-like,vitellogenin-like,protein_coding,NC_064931.1,ChromosomeX,assembled-molecule,X,Chromosome,Nuclear chromosome,infected_diet33_vs50,Infected: diet 50 vs 33,Diet comparison among infected,"50
vs
33",1,-1,Infected diet 50,Infected diet 33,inf33 vs inf50_log2FC,inf33 vs inf50_padj,TRUE,Placed/host-assigned,37.508026138515945,0.03164750829792454,0.2367693376714163,0.13366387982993097,0.8936683685204231,0.9895738354417604,FALSE,-0.03164750829792454,N.S.,Not significant,TRUE,,,N.S.
Protein-Anabolism,Storage Hexamerins & Reserves,Vitellogenin Reserves,LOC126299533,vitellogenin-like,vitellogenin-like,protein_coding,NC_064931.1,ChromosomeX,assembled-molecule,X,Chromosome,Nuclear chromosome,infected_diet83_vs33,Infected: diet 83 vs 33,Diet comparison among infected,"83
vs
33",2,1,Infected diet 83,Infected diet 33,inf83 vs inf33_log2FC,inf83 vs inf33_padj,TRUE,Placed/host-assigned,37.508026138515945,-0.00113436605518852,0.2714432522495388,-0.0041790173297279,0.9966656362986098,0.9989164329567486,FALSE,-0.00113436605518852,N.S.,Not significant,TRUE,,,N.S.
Protein-Anabolism,Storage Hexamerins & Reserves,Vitellogenin Reserves,LOC126299533,vitellogenin-like,vitellogenin-like,protein_coding,NC_064931.1,ChromosomeX,assembled-molecule,X,Chromosome,Nuclear chromosome,infected_diet83_vs50,Infected: diet 83 vs 50,Diet comparison among infected,"83
vs
50",3,1,Infected diet 83,Infected diet 50,inf83 vs inf50_log2FC,inf83 vs inf50_padj,TRUE,Placed/host-assigned,37.508026138515945,0.03051314224273601,0.2770092288683272,0.11015207820834028,0.912288766966118,0.9850978227716808,FALSE,0.03051314224273601,N.S.,Not significant,TRUE,,,N.S.
Protein-Anabolism,Storage Hexamerins & Reserves,Vitellogenin Reserves,LOC126299533,vitellogenin-like,vitellogenin-like,protein_coding,NC_064931.1,ChromosomeX,assembled-molecule,X,Chromosome,Nuclear chromosome,infection_diet33,Diet 33: infected vs control,Within-diet infection response,33,1,1,Infected diet 33,Control diet 33,Diet 33 log2FC,Diet 33 padj,TRUE,Placed/host-assigned,37.508026138515945,-0.6571118681744115,0.24085136395701495,-2.728287925708766,0.00636640120109391,0.04591253631968414,FALSE,-0.6571118681744115,N.S.,Not significant,TRUE,,,N.S.
Protein-Anabolism,Storage Hexamerins & Reserves,Vitellogenin Reserves,LOC126299533,vitellogenin-like,vitellogenin-like,protein_coding,NC_064931.1,ChromosomeX,assembled-molecule,X,Chromosome,Nuclear chromosome,infection_diet50,Diet 50: infected vs control,Within-diet infection response,50,2,1,Infected diet 50,Control diet 50,Diet 50 log2FC,Diet 50 padj,TRUE,Placed/host-assigned,37.508026138515945,-0.7943743378268079,0.25518249540763516,-3.1129656309609075,0.00185217585601332,0.01344672057527832,FALSE,-0.7943743378268079,N.S.,Not significant,TRUE,,,N.S.
Protein-Anabolism,Storage Hexamerins & Reserves,Vitellogenin Reserves,LOC126299533,vitellogenin-like,vitellogenin-like,protein_coding,NC_064931.1,ChromosomeX,assembled-molecule,X,Chromosome,Nuclear chromosome,infection_diet83,Diet 83: infected vs control,Within-diet infection response,83,3,1,Infected diet 83,Control diet 83,Diet 83 log2FC,Diet 83 padj,TRUE,Placed/host-assigned,37.508026138515945,-0.5677640408435225,0.2838060571108906,-2.000535318461093,0.04544249010979816,0.17417772450004548,FALSE,-0.5677640408435225,N.S.,Not significant,TRUE,,,N.S.
