Sample	0	1	2	3	4	5	6	7	8	9	10	11	12	13	14	15	16	17	18	19	20	21	22	23	24	25	26	27	28	29	30	31	32	33	34	35	36	37	38	39	40	41	42	43	44	45	46	47	48	49	50	51	52	53	54	55	56	57	58	59	60	61	62	63	64	65	66	67	68	69	70	71	72	73	74	75	76	77	78	79	80	81	82	83	84	85	86	87	88	89	90	91	92	93	94	95	96	97	98	99	100
mehreen_1002_MERGE_1_val_1	(0.0, 0.0004007619851230096)	(1.0, 0.0003137050744970375)	(2.0, 0.00024240846665680172)	(3.0, 0.0003452256800685102)	(4.0, 0.00037149285137807076)	(5.0, 0.00026492318492213937)	(6.0, 0.00024015699483026794)	(7.0, 0.000287437903187477)	(8.0, 0.0003512296049392669)	(9.0, 0.0005155870482762316)	(10.0, 0.0009125965803550182)	(11.0, 0.0011520030845764415)	(12.0, 0.0010394294932497535)	(13.0, 0.003936323243389861)	(14.0, 0.007413346234166835)	(15.0, 0.007045605835832986)	(16.0, 0.008876052430804936)	(17.0, 0.011445732275488802)	(18.0, 0.011427720500876532)	(19.0, 0.014407168217989543)	(20.0, 0.021966109630272228)	(21.0, 0.032634333634998035)	(22.0, 0.07374095575324262)	(23.0, 0.09211446683897581)	(24.0, 0.08475590641925462)	(25.0, 0.10342886325791681)	(26.0, 0.13464101718915433)	(27.0, 0.17676155211994798)	(28.0, 0.2401149673561727)	(29.0, 0.30365750622582616)	(30.0, 0.3289632990654568)	(31.0, 0.39104838517273416)	(32.0, 0.439942848338959)	(33.0, 0.45246853660057523)	(34.0, 0.5021127398850358)	(35.0, 0.570659550134465)	(36.0, 0.6211105308234335)	(37.0, 0.6571783589938955)	(38.0, 0.6925167102925607)	(39.0, 0.7200079317851468)	(40.0, 0.7760973484183648)	(41.0, 0.838090124180754)	(42.0, 0.9695985935685911)	(43.0, 1.0976292894750423)	(44.0, 1.1516706172367235)	(45.0, 1.3439845862437578)	(46.0, 1.2825771931562673)	(47.0, 1.0545736432456285)	(48.0, 1.0117386412552147)	(49.0, 1.0843290949050985)	(50.0, 1.532420770274892)	(51.0, 2.1534592539998765)	(52.0, 2.2025510961962276)	(53.0, 3.4811019072360434)	(54.0, 4.243081026320824)	(55.0, 2.946268527295993)	(56.0, 2.1515027249826186)	(57.0, 2.466654745373509)	(58.0, 3.6393983884159793)	(59.0, 4.487481295053499)	(60.0, 4.8768380743938975)	(61.0, 4.883714819842741)	(62.0, 4.460489900306404)	(63.0, 3.629717059561884)	(64.0, 2.9698309304512773)	(65.0, 3.476980212812269)	(66.0, 5.464430193645114)	(67.0, 5.346675965645572)	(68.0, 3.5861578341339357)	(69.0, 3.24972415154804)	(70.0, 3.134400012139936)	(71.0, 2.9169280969432134)	(72.0, 2.176695944230923)	(73.0, 1.1641227574186728)	(74.0, 0.6169865849278325)	(75.0, 0.4555883260615422)	(76.0, 0.4330045626601908)	(77.0, 0.3173779755367229)	(78.0, 0.1044772986384727)	(79.0, 0.033817106834537106)	(80.0, 0.01917728652780574)	(81.0, 0.010810066729797436)	(82.0, 0.008036253439507842)	(83.0, 0.006244081865586966)	(84.0, 0.005253434261912111)	(85.0, 0.0044654191226252945)	(86.0, 0.003747950100569869)	(87.0, 0.0034312430636374534)	(88.0, 0.003171573312977226)	(89.0, 0.0026387249806975694)	(90.0, 0.0020931183080675543)	(91.0, 0.0015047336707333975)	(92.0, 0.001034926549596686)	(93.0, 0.0006041449401198929)	(94.0, 0.00026717465674867315)	(95.0, 0.0001433437062893162)	(96.0, 0.00014484468750700536)	(97.0, 0.00015159910298660667)	(98.0, 0.00021088786108532903)	(99.0, 0.001105472666828077)	(100.0, 0.0027835696682045746)
mehreen_1002_MERGE_2_val_2	(0.0, 0.00010051058853922614)	(1.0, 8.850932423603496e-05)	(2.0, 8.700916619813606e-05)	(3.0, 0.00013501422341090076)	(4.0, 0.0003030319236555773)	(5.0, 0.00026702813074600375)	(6.0, 0.00010951153676661953)	(7.0, 0.0001200126430319118)	(8.0, 0.00016501738416887872)	(9.0, 0.0004988025476013834)	(10.0, 0.0012121276946223092)	(11.0, 0.0023402465391222805)	(12.0, 0.005828113977237217)	(13.0, 0.013654438460955766)	(14.0, 0.019603315160243846)	(15.0, 0.016607499558559745)	(16.0, 0.011666729060739726)	(17.0, 0.015370619256312106)	(18.0, 0.03045170801130972)	(19.0, 0.030411953823305398)	(20.0, 0.024583839846068184)	(21.0, 0.037896242274383)	(22.0, 0.06966058856885425)	(23.0, 0.10622169018950725)	(24.0, 0.12063670877567774)	(25.0, 0.11245184652090136)	(26.0, 0.11905479212471336)	(27.0, 0.15836793366589186)	(28.0, 0.21135726595957566)	(29.0, 0.25714733982938265)	(30.0, 0.30159477225527015)	(31.0, 0.33937700251877284)	(32.0, 0.37807882965950756)	(33.0, 0.4226245224368774)	(34.0, 0.4832744117510919)	(35.0, 0.5765504881525506)	(36.0, 0.6450207013183321)	(37.0, 0.662606303917602)	(38.0, 0.6911828143815381)	(39.0, 0.7316540779279744)	(40.0, 0.8113364722690124)	(41.0, 0.8819511613499703)	(42.0, 1.0597806452415246)	(43.0, 1.1355918817657642)	(44.0, 1.0510587264091804)	(45.0, 1.0437537068436318)	(46.0, 0.9794306805736217)	(47.0, 0.9556921797819095)	(48.0, 1.1198897275830766)	(49.0, 1.4967564295479618)	(50.0, 1.6373332389633917)	(51.0, 1.561328482052263)	(52.0, 1.8156427734270737)	(53.0, 2.0734089284470896)	(54.0, 2.910129574875389)	(55.0, 4.639174225406711)	(56.0, 4.104038600206436)	(57.0, 2.861914495537319)	(58.0, 3.447754712339558)	(59.0, 4.201763395269284)	(60.0, 7.031579759348698)	(61.0, 7.200280781579638)	(62.0, 4.0171584475995585)	(63.0, 2.320814241978357)	(64.0, 1.6586654862623138)	(65.0, 1.8673734731269602)	(66.0, 2.1651503431757777)	(67.0, 2.476433136039799)	(68.0, 2.5713263828061126)	(69.0, 2.6465608085647805)	(70.0, 3.076629865264731)	(71.0, 3.195138599863649)	(72.0, 2.43108035823804)	(73.0, 1.9285611690977618)	(74.0, 2.5152429745592624)	(75.0, 2.8868396213370087)	(76.0, 1.8381983996059024)	(77.0, 0.698144297756408)	(78.0, 0.28328909379780887)	(79.0, 0.3606754962618424)	(80.0, 0.301715534977321)	(81.0, 0.030171928537241578)	(82.0, 0.011080917346940207)	(83.0, 0.00885918329281194)	(84.0, 0.007791070769827924)	(85.0, 0.006826469151458933)	(86.0, 0.005873118718374184)	(87.0, 0.005396818541341285)	(88.0, 0.005030779980093953)	(89.0, 0.004351958467944702)	(90.0, 0.003689638694212338)	(91.0, 0.0031098276125644145)	(92.0, 0.0026770320186305825)	(93.0, 0.0021557271004607158)	(94.0, 0.001764935931588053)	(95.0, 0.0016486736836508885)	(96.0, 0.001689928029693108)	(97.0, 0.001851945097786189)	(98.0, 0.002713785890559106)	(99.0, 0.006214404671996183)	(100.0, 0.030150176245692044)
mehreen_1003_MERGE_1_val_1	(0.0, 0.00045237906320046205)	(1.0, 0.00034141816090600913)	(2.0, 0.00026118489309309695)	(3.0, 0.00041140888389174093)	(4.0, 0.00043786879136195665)	(5.0, 0.0003089834356199382)	(6.0, 0.00027057389251801216)	(7.0, 0.000264599074702157)	(8.0, 0.00027654871033386735)	(9.0, 0.0002970337999882279)	(10.0, 0.0003234937074584436)	(11.0, 0.00045920742641858224)	(12.0, 0.0005769966919311554)	(13.0, 0.0007434380453728348)	(14.0, 0.001165089474091756)	(15.0, 0.001392986096496517)	(16.0, 0.0014493200930460087)	(17.0, 0.00205619087405644)	(18.0, 0.00336638306653325)	(19.0, 0.005590722384835899)	(20.0, 0.008747986827814217)	(21.0, 0.01701201341254417)	(22.0, 0.03897202952201867)	(23.0, 0.053861275519129725)	(24.0, 0.07025446851503175)	(25.0, 0.09651720699732425)	(26.0, 0.13027322056610136)	(27.0, 0.18363517202490603)	(28.0, 0.2595887631908613)	(29.0, 0.3462782484265061)	(30.0, 0.41946208476211144)	(31.0, 0.4975597819785565)	(32.0, 0.5815418211982166)	(33.0, 0.6682415489786885)	(34.0, 0.7626581807410385)	(35.0, 0.8632826482140621)	(36.0, 0.9486013395336692)	(37.0, 1.0222443832956931)	(38.0, 1.0857891314035195)	(39.0, 1.1201298235728483)	(40.0, 1.1631229054849372)	(41.0, 1.1996025824323422)	(42.0, 1.2697187765922069)	(43.0, 1.3382661543027088)	(44.0, 1.4108798223096009)	(45.0, 1.5005635448163914)	(46.0, 1.4138262610382197)	(47.0, 1.3105677524538066)	(48.0, 1.2859301644174266)	(49.0, 1.2887101617926038)	(50.0, 1.6544535131177638)	(51.0, 2.4344958530667338)	(52.0, 2.321157826826973)	(53.0, 2.3944620130642975)	(54.0, 2.9518399639243915)	(55.0, 2.5291531846325226)	(56.0, 1.9981583221564407)	(57.0, 2.261027260328207)	(58.0, 3.0954361746744476)	(59.0, 3.5262657771039243)	(60.0, 3.864335479396848)	(61.0, 4.063179976944714)	(62.0, 3.557393724379128)	(63.0, 2.742875832087271)	(64.0, 2.3836586889078295)	(65.0, 2.667783468232201)	(66.0, 4.763957823112343)	(67.0, 5.75402183765184)	(68.0, 5.19552232813317)	(69.0, 4.677963123834142)	(70.0, 3.804676069960132)	(71.0, 3.2867669120461747)	(72.0, 2.1865631058892037)	(73.0, 1.2267436191335654)	(74.0, 0.7683393789385146)	(75.0, 0.612062044147007)	(76.0, 0.4318717813656426)	(77.0, 0.20237988260404818)	(78.0, 0.08921256544474018)	(79.0, 0.044106105116642785)	(80.0, 0.029204909483900015)	(81.0, 0.020641288462975044)	(82.0, 0.014917412995385803)	(83.0, 0.01127533476392095)	(84.0, 0.009569951050195435)	(85.0, 0.008227324132432554)	(86.0, 0.006938470575012369)	(87.0, 0.006341842338829119)	(88.0, 0.005704243923337147)	(89.0, 0.004621094807862832)	(90.0, 0.0036668310481305375)	(91.0, 0.0027671941941432034)	(92.0, 0.0020186348763567784)	(93.0, 0.0011889887453551766)	(94.0, 0.000529198149404314)	(95.0, 0.00028423061895425255)	(96.0, 0.0002560636206795068)	(97.0, 0.00026715971090895214)	(98.0, 0.00037385288619207993)	(99.0, 0.0014954115447683197)	(100.0, 0.00356184496365194)
mehreen_1003_MERGE_2_val_2	(0.0, 0.00013488932552810197)	(1.0, 0.00010671623855071358)	(2.0, 8.96416403825994e-05)	(3.0, 0.00014257289470375332)	(4.0, 0.00030392784739243227)	(5.0, 0.000263802541697364)	(6.0, 0.00011013115818433642)	(7.0, 0.00011183861800114781)	(8.0, 0.00011183861800114781)	(9.0, 0.00027831595014026096)	(10.0, 0.0005139454048602365)	(11.0, 0.0004815036683408196)	(12.0, 0.0005267513534863221)	(13.0, 0.0007914076250920919)	(14.0, 0.0009963028031094619)	(15.0, 0.0012396158270050889)	(16.0, 0.0016630658615743204)	(17.0, 0.002686688021752765)	(18.0, 0.004121807997782761)	(19.0, 0.005792557428532733)	(20.0, 0.00910332201333007)	(21.0, 0.015525932114266217)	(22.0, 0.03263297201889981)	(23.0, 0.057758243223279805)	(24.0, 0.07941566353971583)	(25.0, 0.09450790086051193)	(26.0, 0.12315480793706549)	(27.0, 0.17735982728156074)	(28.0, 0.24309446903907506)	(29.0, 0.314179436132568)	(30.0, 0.39026128437995955)	(31.0, 0.47584856142754023)	(32.0, 0.5715474155102781)	(33.0, 0.662303173423347)	(34.0, 0.7572012288520004)	(35.0, 0.8685446835062729)	(36.0, 0.958903457011933)	(37.0, 1.01210619744396)	(38.0, 1.0597503024423574)	(39.0, 1.0962096919107316)	(40.0, 1.1197103150994154)	(41.0, 1.1458942113902186)	(42.0, 1.1991678114046433)	(43.0, 1.2270455078337232)	(44.0, 1.2769468747099453)	(45.0, 1.3381926046090624)	(46.0, 1.2868894132232382)	(47.0, 1.2375002842920595)	(48.0, 1.3173300068373521)	(49.0, 1.4994749902555269)	(50.0, 1.551104306466362)	(51.0, 1.499658542185834)	(52.0, 1.5718857998967737)	(53.0, 1.6551210510466967)	(54.0, 2.0292895266532085)	(55.0, 2.8771440658292695)	(56.0, 2.6978394418163605)	(57.0, 2.4739453584173297)	(58.0, 3.480403278787277)	(59.0, 4.079025030882826)	(60.0, 5.117707840375455)	(61.0, 4.815058026655906)	(62.0, 3.0349440871793467)	(63.0, 2.0698229152444947)	(64.0, 1.7014649253945924)	(65.0, 1.9656260336534868)	(66.0, 2.3920479020338785)	(67.0, 2.893071251000486)	(68.0, 3.1669102415010677)	(69.0, 3.453703729631797)	(70.0, 4.663712203413376)	(71.0, 4.472199241710265)	(72.0, 2.745928340097037)	(73.0, 2.191651026903898)	(74.0, 2.907516361050711)	(75.0, 3.2598524017095634)	(76.0, 1.9619874367838617)	(77.0, 0.697895173304781)	(78.0, 0.26007259572753944)	(79.0, 0.26489616971003166)	(80.0, 0.20944470469926407)	(81.0, 0.03229574870507955)	(82.0, 0.01657345871188002)	(83.0, 0.013270377696258336)	(84.0, 0.011358876431337952)	(85.0, 0.009689834460404792)	(86.0, 0.00822995631703103)	(87.0, 0.007502578435069367)	(88.0, 0.006834961646696103)	(89.0, 0.005731942605035928)	(90.0, 0.004848332149836019)	(91.0, 0.004120100537965949)	(92.0, 0.0034644359683103656)	(93.0, 0.002606437410362628)	(94.0, 0.0019652862491499412)	(95.0, 0.0017535612318653254)	(96.0, 0.0017031911672693886)	(97.0, 0.0019618713295163183)	(98.0, 0.002902681688579409)	(99.0, 0.005929154213877646)	(100.0, 0.028300292733740833)
mehreen_1004_MERGE_1_val_1	(0.0, 0.00033655846651785103)	(1.0, 0.0002869824268440597)	(2.0, 0.00024788019836895664)	(3.0, 0.0003596008511549653)	(4.0, 0.0003959100633104182)	(5.0, 0.00029885274620257315)	(6.0, 0.00027231909116589605)	(7.0, 0.0002995510002824857)	(8.0, 0.0003295759257187255)	(9.0, 0.0003735659327532164)	(10.0, 0.00040987514490866924)	(11.0, 0.0005139150028156397)	(12.0, 0.000562094534329606)	(13.0, 0.000671720424875877)	(14.0, 0.0009370569752426475)	(15.0, 0.0011479297073762388)	(16.0, 0.0014991515095722533)	(17.0, 0.002373365617622771)	(18.0, 0.003960497141264006)	(19.0, 0.006838002204583641)	(20.0, 0.010390020709098804)	(21.0, 0.018625927581667378)	(22.0, 0.04142950932345157)	(23.0, 0.059951397047211974)	(24.0, 0.08208116360188054)	(25.0, 0.11223456778882428)	(26.0, 0.15405230638070722)	(27.0, 0.21861636987982155)	(28.0, 0.3078560343089656)	(29.0, 0.41363873439939786)	(30.0, 0.501991616147053)	(31.0, 0.5955429995196571)	(32.0, 0.6957962255512617)	(33.0, 0.801156481923347)	(34.0, 0.9230744372923986)	(35.0, 1.0524329881369983)	(36.0, 1.157669653536939)	(37.0, 1.2535064225130967)	(38.0, 1.334760155030281)	(39.0, 1.3811298119691138)	(40.0, 1.4420615577445233)	(41.0, 1.4940640303460107)	(42.0, 1.5842658888972743)	(43.0, 1.7114032935136718)	(44.0, 1.819553074935008)	(45.0, 1.9683391490450148)	(46.0, 1.9433451442545449)	(47.0, 1.8596077219751115)	(48.0, 1.8155318296887915)	(49.0, 1.6926677400414585)	(50.0, 1.995069711732227)	(51.0, 3.0271248528010575)	(52.0, 2.873159828180339)	(53.0, 2.4926490603483127)	(54.0, 2.9297854410449276)	(55.0, 2.56589312031482)	(56.0, 2.088035259931784)	(57.0, 2.3488568994178403)	(58.0, 3.183995312648292)	(59.0, 3.4887615726536447)	(60.0, 3.3785121412140113)	(61.0, 3.475348810032604)	(62.0, 3.0858633825114614)	(63.0, 2.291376623559439)	(64.0, 2.080596759218476)	(65.0, 2.1916345195143303)	(66.0, 3.7913625467571874)	(67.0, 4.920910715479729)	(68.0, 4.441741533934618)	(69.0, 3.9147321723583777)	(70.0, 3.5147156768039935)	(71.0, 3.0062575296228706)	(72.0, 1.8055740282551587)	(73.0, 0.9419573223754738)	(74.0, 0.5532567324401527)	(75.0, 0.4622986647203439)	(76.0, 0.3491647456765923)	(77.0, 0.16707474497107636)	(78.0, 0.06619658153794986)	(79.0, 0.028652157915131742)	(80.0, 0.016492761367534525)	(81.0, 0.011385032772974193)	(82.0, 0.008100445581065539)	(83.0, 0.005831119821349738)	(84.0, 0.0046950604333320135)	(85.0, 0.0038585520455967737)	(86.0, 0.003135160818807367)	(87.0, 0.002882392841879023)	(88.0, 0.002631719627190416)	(89.0, 0.0021708719344481304)	(90.0, 0.0017177050365848828)	(91.0, 0.0012184533694474067)	(92.0, 0.0008574560101326164)	(93.0, 0.0005111219864959895)	(94.0, 0.00022832908413140517)	(95.0, 0.00011870319358513417)	(96.0, 0.00012009970174495929)	(97.0, 0.00013336652926329782)	(98.0, 0.0002388028953300935)	(99.0, 0.001279201474399799)	(100.0, 0.0029445374549912405)
mehreen_1004_MERGE_2_val_2	(0.0, 0.00010332964635002652)	(1.0, 8.308262105171051e-05)	(2.0, 6.28355957533945e-05)	(3.0, 8.936618062704995e-05)	(4.0, 0.00019688486669396945)	(5.0, 0.0001836195742571417)	(6.0, 9.006435391319878e-05)	(7.0, 9.914060663313355e-05)	(8.0, 0.0001361437907990214)	(9.0, 0.0003386140437821815)	(10.0, 0.0005773893076450806)	(11.0, 0.0005082701523163466)	(12.0, 0.0005592368022052111)	(13.0, 0.0008894727665536066)	(14.0, 0.0011547786152901612)	(15.0, 0.0013356054964027077)	(16.0, 0.0017293752297906464)	(17.0, 0.003029373888599764)	(18.0, 0.004732218533516755)	(19.0, 0.006546770904217557)	(20.0, 0.010580117978299336)	(21.0, 0.018257929606077992)	(22.0, 0.03975119422016966)	(23.0, 0.07090019538169962)	(24.0, 0.097289749251553)	(25.0, 0.1150100854272964)	(26.0, 0.1470548429149553)	(27.0, 0.21061723705923072)	(28.0, 0.2889411089925508)	(29.0, 0.3743821594048721)	(30.0, 0.4668566075018566)	(31.0, 0.5697128923638742)	(32.0, 0.6859852750925276)	(33.0, 0.7996632458898522)	(34.0, 0.9186270866366093)	(35.0, 1.053823456286327)	(36.0, 1.1642619030359207)	(37.0, 1.2343145160482356)	(38.0, 1.3027292145312455)	(39.0, 1.3613310874774334)	(40.0, 1.4222494993870631)	(41.0, 1.4728489101274134)	(42.0, 1.597434442174241)	(43.0, 1.6270474621062434)	(44.0, 1.6028082819577283)	(45.0, 1.6753708279337483)	(46.0, 1.64925775068521)	(47.0, 1.6121756729379872)	(48.0, 1.7367353725732275)	(49.0, 2.0026283850434328)	(50.0, 2.039029045663374)	(51.0, 1.962448512425568)	(52.0, 1.9417448817981107)	(53.0, 1.8525937385431945)	(54.0, 2.078082764770681)	(55.0, 2.7926777847830158)	(56.0, 2.630083699038246)	(57.0, 2.253900950728396)	(58.0, 3.0574257930639375)	(59.0, 3.8039077834012613)	(60.0, 4.397106526937895)	(61.0, 3.8616495068589134)	(62.0, 2.5780676947003)	(63.0, 1.8682823904562447)	(64.0, 1.607065742656664)	(65.0, 1.911211669474964)	(66.0, 2.4162206543717093)	(67.0, 3.0731318993091414)	(68.0, 3.307729294227726)	(69.0, 3.2320535935687684)	(70.0, 3.8027055290025125)	(71.0, 3.5775006593024883)	(72.0, 2.3429676150156884)	(73.0, 1.8389262982935453)	(74.0, 2.4993619219794563)	(75.0, 2.9167515558110964)	(76.0, 1.72210305684212)	(77.0, 0.547499112918477)	(78.0, 0.20775402841273438)	(79.0, 0.22230745056250667)	(80.0, 0.17534971168270883)	(81.0, 0.02262011629793587)	(82.0, 0.010549398353708788)	(83.0, 0.008461860228123792)	(84.0, 0.007173032341893056)	(85.0, 0.00605106787105189)	(86.0, 0.0052118635811009995)	(87.0, 0.004751069212242773)	(88.0, 0.004339845146701113)	(89.0, 0.0037799101712097534)	(90.0, 0.003291188870905574)	(91.0, 0.00286460499306864)	(92.0, 0.0025029512308435476)	(93.0, 0.0020924253385880367)	(94.0, 0.0017908144789717433)	(95.0, 0.0017335642695075395)	(96.0, 0.001799192558405529)	(97.0, 0.0019465071217829317)	(98.0, 0.0029246478956774396)	(99.0, 0.0063491878642374395)	(100.0, 0.031033802569315393)
mehreen_1005_MERGE_1_val_1	(0.0, 0.00023628944147901197)	(1.0, 0.0001992381385252024)	(2.0, 0.00018385835239343237)	(3.0, 0.0002768361503718601)	(4.0, 0.00032437367114278564)	(5.0, 0.00027893339393528335)	(6.0, 0.00025097014642297427)	(7.0, 0.0002446784157327047)	(8.0, 0.0002558637147376283)	(9.0, 0.00030130399194513063)	(10.0, 0.0003579295681575566)	(11.0, 0.00041105973843094386)	(12.0, 0.0004383239047554452)	(13.0, 0.000538991595799758)	(14.0, 0.0007585030887713846)	(15.0, 0.0009067083005866229)	(16.0, 0.0011800490450194442)	(17.0, 0.001788948759599975)	(18.0, 0.0029585115868023034)	(19.0, 0.0051648118155234925)	(20.0, 0.008236574554750648)	(21.0, 0.015809721062271763)	(22.0, 0.0348743641349763)	(23.0, 0.05025065486080727)	(24.0, 0.06805834995783352)	(25.0, 0.0897053989382998)	(26.0, 0.12042162816819574)	(27.0, 0.17204248215710619)	(28.0, 0.24217500599916522)	(29.0, 0.3274433366384494)	(30.0, 0.39952070434498954)	(31.0, 0.47551362578444073)	(32.0, 0.5605281899525507)	(33.0, 0.6495582764634282)	(34.0, 0.7457651304483399)	(35.0, 0.8475835091277842)	(36.0, 0.9360983728032475)	(37.0, 1.0149211748909444)	(38.0, 1.0749212159969184)	(39.0, 1.1044545998570434)	(40.0, 1.1516411818716896)	(41.0, 1.193215540110615)	(42.0, 1.2535798025154368)	(43.0, 1.358802007498317)	(44.0, 1.4864647186098252)	(45.0, 1.6327397672655262)	(46.0, 1.5994103725556048)	(47.0, 1.4891512876145703)	(48.0, 1.4418940983999555)	(49.0, 1.4055453720398927)	(50.0, 1.7802626758414641)	(51.0, 2.7322057237663735)	(52.0, 2.6635398722563353)	(53.0, 3.019243565911912)	(54.0, 3.4878719410776347)	(55.0, 2.492370542502801)	(56.0, 1.8881106297657502)	(57.0, 2.084357399888323)	(58.0, 3.023029789625079)	(59.0, 3.6247667183553314)	(60.0, 3.9215644329638533)	(61.0, 3.786013289729123)	(62.0, 3.1819197583147703)	(63.0, 2.6695086274378377)	(64.0, 2.185370437039413)	(65.0, 2.548562688378786)	(66.0, 4.6527439335097736)	(67.0, 5.333154060953532)	(68.0, 4.899351813320827)	(69.0, 4.560339382105347)	(70.0, 3.8804276995484956)	(71.0, 3.3694510832689444)	(72.0, 2.0798665023378464)	(73.0, 1.0762865215567068)	(74.0, 0.6753480805628431)	(75.0, 0.5839613913678657)	(76.0, 0.41267531505596755)	(77.0, 0.20462875356438778)	(78.0, 0.08098645836396183)	(79.0, 0.03501068496659881)	(80.0, 0.02227762021186886)	(81.0, 0.015647534226700368)	(82.0, 0.011159433000974757)	(83.0, 0.008319765216099768)	(84.0, 0.007041145723599433)	(85.0, 0.0060610338982929985)	(86.0, 0.005009615791830176)	(87.0, 0.004499985605918343)	(88.0, 0.00408263413679713)	(89.0, 0.0033702704064210547)	(90.0, 0.0027390000938306773)	(91.0, 0.0021084288624281067)	(92.0, 0.001571534510191772)	(93.0, 0.0009493522530428941)	(94.0, 0.00041455514436998254)	(95.0, 0.00020133538208862555)	(96.0, 0.00017546937813973964)	(97.0, 0.00016078867319577737)	(98.0, 0.00026355360780351333)	(99.0, 0.001065399730218977)	(100.0, 0.002569123365193399)
mehreen_1005_MERGE_2_val_2	(0.0, 6.988856785031669e-05)	(1.0, 5.660973995875652e-05)	(2.0, 4.6126454781209014e-05)	(3.0, 6.918968217181354e-05)	(4.0, 0.0001880002475173519)	(5.0, 0.00019289244726687407)	(6.0, 0.00010483285177547504)	(7.0, 0.00011741279398853205)	(8.0, 0.0001474648781641682)	(9.0, 0.00033686289703852647)	(10.0, 0.0005702907136585841)	(11.0, 0.0005213687161633625)	(12.0, 0.000569591827980081)	(13.0, 0.0007960307878151071)	(14.0, 0.0009819343782969494)	(15.0, 0.0011720312828498109)	(16.0, 0.0015445373494919988)	(17.0, 0.0025446427554300308)	(18.0, 0.0037292539804928988)	(19.0, 0.005105359881465634)	(20.0, 0.008336308373185775)	(21.0, 0.014469030202051064)	(22.0, 0.03157705272613009)	(23.0, 0.05913201837247445)	(24.0, 0.08070242595379619)	(25.0, 0.09237940787022711)	(26.0, 0.11791808833408982)	(27.0, 0.1665947769561569)	(28.0, 0.22702322826225474)	(29.0, 0.2960738321840461)	(30.0, 0.3697839069244181)	(31.0, 0.45314279734220486)	(32.0, 0.551168502609059)	(33.0, 0.6461938916580992)	(34.0, 0.7428826286219767)	(35.0, 0.8569128159265536)	(36.0, 0.9506494597844337)	(37.0, 1.0043902740329347)	(38.0, 1.0562098515512306)	(39.0, 1.0979340254435481)	(40.0, 1.1348065349556968)	(41.0, 1.1710961738119736)	(42.0, 1.2479798884184286)	(43.0, 1.282158892525626)	(44.0, 1.326518564311579)	(45.0, 1.392172583835845)	(46.0, 1.3423441316156046)	(47.0, 1.338338817792103)	(48.0, 1.43213766247537)	(49.0, 1.6562129909456984)	(50.0, 1.7106044677608858)	(51.0, 1.6496916886795852)	(52.0, 1.7544972839135988)	(53.0, 1.7165442971424842)	(54.0, 1.991424421125922)	(55.0, 2.797172515414937)	(56.0, 2.6185534103601333)	(57.0, 2.6130350090426724)	(58.0, 3.6738651938144873)	(59.0, 3.7840438221448327)	(60.0, 4.751469333756057)	(61.0, 4.674607284605636)	(62.0, 2.9005048596386658)	(63.0, 2.072175070191535)	(64.0, 1.8527599114254656)	(65.0, 2.096425005464238)	(66.0, 2.6397394308182784)	(67.0, 3.0856431703025473)	(68.0, 3.055882521454847)	(69.0, 3.2841972904509755)	(70.0, 4.411105718353908)	(71.0, 4.299373467160249)	(72.0, 2.718371757392348)	(73.0, 2.274075454968636)	(74.0, 3.031097938638089)	(75.0, 3.1503529952751554)	(76.0, 1.7379833142162473)	(77.0, 0.607962049501262)	(78.0, 0.24093175215014626)	(79.0, 0.26200245647133824)	(80.0, 0.2100500906741268)	(81.0, 0.029464321320015013)	(82.0, 0.014160122732152664)	(83.0, 0.011347107876177417)	(84.0, 0.009874555751571245)	(85.0, 0.00853828633427319)	(86.0, 0.007410284849169078)	(87.0, 0.006830908621689953)	(88.0, 0.006198417082644588)	(89.0, 0.00536045315411929)	(90.0, 0.004628719848726474)	(91.0, 0.003965477339826969)	(92.0, 0.0034944283925158344)	(93.0, 0.0028661301675414873)	(94.0, 0.002218962029247555)	(95.0, 0.0019121512163846647)	(96.0, 0.0019205378445267026)	(97.0, 0.0021574600895392765)	(98.0, 0.003190413122366957)	(99.0, 0.007650701522574168)	(100.0, 0.03456269234469561)
mehreen_1006_MERGE_1_val_1	(0.0, 0.0)	(1.0, 6.011628304652947e-07)	(2.0, 1.8034884913958842e-06)	(3.0, 2.4046513218611788e-06)	(4.0, 2.4046513218611788e-06)	(5.0, 1.8034884913958842e-06)	(6.0, 3.0058141523264734e-06)	(7.0, 8.416279626514125e-06)	(8.0, 1.4427907931167073e-05)	(9.0, 1.683255925302825e-05)	(10.0, 4.929535209815416e-05)	(11.0, 8.897209890886362e-05)	(12.0, 0.0001009953555181695)	(13.0, 0.00011121512363607952)	(14.0, 0.0001238395430758507)	(15.0, 0.00012143489175398953)	(16.0, 0.00012263721741492012)	(17.0, 0.00014968954478585838)	(18.0, 0.00017794419781772724)	(19.0, 0.00023204885255960375)	(20.0, 0.00028976048428427204)	(21.0, 0.00036731048941429504)	(22.0, 0.0006648860904946159)	(23.0, 0.0014091256746106508)	(24.0, 0.002587404822322628)	(25.0, 0.004527357276234135)	(26.0, 0.008681993597579785)	(27.0, 0.01683917204416337)	(28.0, 0.0316662520947594)	(29.0, 0.05306885118498482)	(30.0, 0.0805954960291602)	(31.0, 0.1164344193301792)	(32.0, 0.16047019782459251)	(33.0, 0.21076768836113233)	(34.0, 0.2727944668828805)	(35.0, 0.3464260926839307)	(36.0, 0.423694753609296)	(37.0, 0.5110948117164928)	(38.0, 0.6147238615949309)	(39.0, 0.7157414601378276)	(40.0, 0.8385686450071748)	(41.0, 1.0105913889448188)	(42.0, 1.2011684224819437)	(43.0, 1.453015370537261)	(44.0, 1.9230038702321979)	(45.0, 2.2406541017102466)	(46.0, 2.284572653452719)	(47.0, 2.2582447272924915)	(48.0, 2.2381274143338006)	(49.0, 2.075415480314403)	(50.0, 2.2097344938509247)	(51.0, 3.3208877999131476)	(52.0, 3.357973534924551)	(53.0, 3.4784886475479295)	(54.0, 3.8358775456082252)	(55.0, 2.9533308337383617)	(56.0, 2.4503156504633226)	(57.0, 2.6715790406815483)	(58.0, 3.5728165061134085)	(59.0, 3.992066862917074)	(60.0, 3.9538425255047684)	(61.0, 3.6646940249819107)	(62.0, 2.9417259864590597)	(63.0, 2.572390179468927)	(64.0, 2.2908475910771156)	(65.0, 2.4287393153150925)	(66.0, 4.187099715353608)	(67.0, 4.5656765973736535)	(68.0, 3.651351817122564)	(69.0, 3.7334442085995825)	(70.0, 4.277643253901308)	(71.0, 3.6915323383852034)	(72.0, 1.9134465835534606)	(73.0, 0.9603870786470011)	(74.0, 0.654785352617138)	(75.0, 0.6164389791502483)	(76.0, 0.4472453074927739)	(77.0, 0.23091926760115947)	(78.0, 0.09466631323903088)	(79.0, 0.040891095728249345)	(80.0, 0.02646859826255646)	(81.0, 0.01965622106772374)	(82.0, 0.014768767256040895)	(83.0, 0.012011834515527052)	(84.0, 0.010594292561289888)	(85.0, 0.009448476206423036)	(86.0, 0.008318290085148283)	(87.0, 0.0076816586476855355)	(88.0, 0.0068015562638843435)	(89.0, 0.005381609658325319)	(90.0, 0.0043085340059447665)	(91.0, 0.0034428595300747427)	(92.0, 0.0027996153014768774)	(93.0, 0.001805893142717745)	(94.0, 0.0008314081945335025)	(95.0, 0.00038955351414151094)	(96.0, 0.00026811862238752143)	(97.0, 0.00026691629672659085)	(98.0, 0.00044305700605292217)	(99.0, 0.002044554786412467)	(100.0, 0.0038925293272627833)
mehreen_1006_MERGE_2_val_2	(0.0, 0.0)	(1.0, 0.0)	(2.0, 6.015559292233837e-07)	(3.0, 1.2031118584467673e-06)	(4.0, 1.8046677876701513e-06)	(5.0, 1.2031118584467673e-06)	(6.0, 1.8046677876701513e-06)	(7.0, 6.617115221457221e-06)	(8.0, 1.142956265524429e-05)	(9.0, 1.5038898230584595e-05)	(10.0, 4.992914212554085e-05)	(11.0, 8.903027752506079e-05)	(12.0, 9.865517239263493e-05)	(13.0, 0.00011008473504787922)	(14.0, 0.0001257251892076872)	(15.0, 0.0001263267451369106)	(16.0, 0.00012392052142001705)	(17.0, 0.0001479827585889524)	(18.0, 0.0001846776702715788)	(19.0, 0.0002436301513354704)	(20.0, 0.00030739507983314906)	(21.0, 0.0003771755676230616)	(22.0, 0.0007778118164858351)	(23.0, 0.0016121698903186685)	(24.0, 0.00258488582787288)	(25.0, 0.004210891504563686)	(26.0, 0.008421783009127373)	(27.0, 0.01690191694338941)	(28.0, 0.031007801927748536)	(29.0, 0.05071176638946047)	(30.0, 0.07793818774611082)	(31.0, 0.11452060846997246)	(32.0, 0.15958677246367148)	(33.0, 0.21127546568219074)	(34.0, 0.27298848690528843)	(35.0, 0.34567870072485446)	(36.0, 0.4187918083626645)	(37.0, 0.5008109515326268)	(38.0, 0.6010608486936329)	(39.0, 0.6982235608258646)	(40.0, 0.8480819708021355)	(41.0, 1.017075273331073)	(42.0, 1.2538825773172917)	(43.0, 1.3972393708105164)	(44.0, 1.6941276747838498)	(45.0, 1.9432049150584378)	(46.0, 1.911991381002895)	(47.0, 1.9981606585285694)	(48.0, 2.0986150847055116)	(49.0, 2.3663525899046087)	(50.0, 2.440380664110768)	(51.0, 2.4253604141139893)	(52.0, 2.4920061939567186)	(53.0, 2.170531096044167)	(54.0, 2.0151425824105456)	(55.0, 2.6863568835702094)	(56.0, 2.9119469741441995)	(57.0, 3.077204012796731)	(58.0, 3.777625658987978)	(59.0, 3.7858068196254155)	(60.0, 4.570238157556425)	(61.0, 4.494424665352331)	(62.0, 3.201181080474095)	(63.0, 2.4871486298282397)	(64.0, 2.188862309875391)	(65.0, 2.3601607747251125)	(66.0, 2.910485193236187)	(67.0, 3.39573750221538)	(68.0, 3.2898317762078153)	(69.0, 3.2253431759272813)	(70.0, 3.3135830089613427)	(71.0, 3.2306970236973696)	(72.0, 2.6364692488037846)	(73.0, 2.3077538237271007)	(74.0, 2.924927949540911)	(75.0, 2.827091494767949)	(76.0, 1.4699807168840664)	(77.0, 0.5369632597670936)	(78.0, 0.22139303485579878)	(79.0, 0.23637298060531947)	(80.0, 0.19012776699034267)	(81.0, 0.029763182710185354)	(82.0, 0.015854608070611502)	(83.0, 0.013232425775126773)	(84.0, 0.01174237173844045)	(85.0, 0.010310067070959572)	(86.0, 0.008941527331976375)	(87.0, 0.00808370857690383)	(88.0, 0.007080313286959226)	(89.0, 0.005751476239304772)	(90.0, 0.00485335323697426)	(91.0, 0.004154946803145911)	(92.0, 0.003529930192682816)	(93.0, 0.002577065600792976)	(94.0, 0.0016097636666017748)	(95.0, 0.0011916822957915231)	(96.0, 0.0011573936078257902)	(97.0, 0.0013095872579193064)	(98.0, 0.0018118864588208318)	(99.0, 0.0031112472659433404)	(100.0, 0.014938438390404287)
mehreen_1007_MERGE_1_val_1	(0.0, 0.0005587186130612953)	(1.0, 0.0005654909598862808)	(2.0, 0.0007347996305109158)	(3.0, 0.0011360611798913007)	(4.0, 0.0012325671221473425)	(5.0, 0.000982836832976006)	(6.0, 0.0012435721857379438)	(7.0, 0.0019335050185333314)	(8.0, 0.0026031208108537626)	(9.0, 0.004479060881374718)	(10.0, 0.013449034251067877)	(11.0, 0.02286428942450383)	(12.0, 0.02254260295031702)	(13.0, 0.1230907897175221)	(14.0, 0.21595490246842813)	(15.0, 0.1843390478593369)	(16.0, 0.2318428281198439)	(17.0, 0.3020060343133989)	(18.0, 0.2456220142786298)	(19.0, 0.17889746718546118)	(20.0, 0.2380852388057742)	(21.0, 0.23797518816986818)	(22.0, 0.23109279070897673)	(23.0, 0.29812293995262285)	(24.0, 0.3400564649495793)	(25.0, 0.5199587790951977)	(26.0, 0.7001480714375248)	(27.0, 0.7928361031709812)	(28.0, 1.017564580951178)	(29.0, 1.0792996015210385)	(30.0, 0.9404521003718349)	(31.0, 1.3867268994678383)	(32.0, 1.641454334052661)	(33.0, 1.3456204473268831)	(34.0, 1.447341943181517)	(35.0, 1.5933063343004272)	(36.0, 1.4982843825424104)	(37.0, 1.4411452458366554)	(38.0, 1.45035140480187)	(39.0, 1.4550962802961251)	(40.0, 1.4804722638493455)	(41.0, 1.5057034884891818)	(42.0, 1.532776791465414)	(43.0, 1.5844777336707057)	(44.0, 1.6642889944598054)	(45.0, 1.7579988040204817)	(46.0, 1.7178421735217306)	(47.0, 1.6254351941815113)	(48.0, 1.564314764086018)	(49.0, 1.4662613405804668)	(50.0, 1.6306896887743467)	(51.0, 2.2554987879573214)	(52.0, 2.101424511515491)	(53.0, 1.9710475231576379)	(54.0, 2.3857614929625033)	(55.0, 2.070462188375011)	(56.0, 1.6163822595632118)	(57.0, 1.727486841943863)	(58.0, 2.420792303458093)	(59.0, 2.8447225907484106)	(60.0, 2.970760197878154)	(61.0, 3.031641902748067)	(62.0, 2.6308256351714245)	(63.0, 2.0055373924505826)	(64.0, 1.8044452516329377)	(65.0, 2.078854819177874)	(66.0, 3.877180408911084)	(67.0, 4.943329805984708)	(68.0, 4.786111467529378)	(69.0, 4.020816805808906)	(70.0, 2.908146465307752)	(71.0, 2.5008583737964827)	(72.0, 1.5982916281069695)	(73.0, 0.9225163863492142)	(74.0, 0.5837957668108632)	(75.0, 0.4457897297546639)	(76.0, 0.3201034381164661)	(77.0, 0.15575381845442668)	(78.0, 0.07248527461117184)	(79.0, 0.03730547248543207)	(80.0, 0.02653151523023342)	(81.0, 0.022047375088739964)	(82.0, 0.017828203016774062)	(83.0, 0.01393748976581995)	(84.0, 0.011925256215446165)	(85.0, 0.010744328237839336)	(86.0, 0.009444037647442137)	(87.0, 0.008839605693312191)	(88.0, 0.008169143357638638)	(89.0, 0.0068798578308320426)	(90.0, 0.0056540630555096845)	(91.0, 0.004446892233956038)	(92.0, 0.0034936844183393423)	(93.0, 0.0022941324869638034)	(94.0, 0.0011758487174880897)	(95.0, 0.0006433729483736128)	(96.0, 0.0005409412026457088)	(97.0, 0.0005544858962956795)	(98.0, 0.0009142668213730288)	(99.0, 0.0035131549154611757)	(100.0, 0.011034692607960583)
mehreen_1007_MERGE_2_val_2	(0.0, 0.00019302144020357054)	(1.0, 0.0002599016760635797)	(2.0, 0.0004588492131155055)	(3.0, 0.0007145179628588314)	(4.0, 0.0010277545105576082)	(5.0, 0.0009083859883264526)	(6.0, 0.0008592840430115094)	(7.0, 0.0013469171551047402)	(8.0, 0.0016796251638766845)	(9.0, 0.0021198495011830734)	(10.0, 0.011456838378398775)	(11.0, 0.04388190057680647)	(12.0, 0.11614133920459402)	(13.0, 0.2720764187458935)	(14.0, 0.39960771609302626)	(15.0, 0.34643369565799875)	(16.0, 0.22060064835055182)	(17.0, 0.24815615211013958)	(18.0, 0.4040226582450509)	(19.0, 0.3863095547653171)	(20.0, 0.30888594602682)	(21.0, 0.38807553162612696)	(22.0, 0.501579757733203)	(23.0, 0.599220669162496)	(24.0, 0.5758117400262287)	(25.0, 0.5866378723829097)	(26.0, 0.6709196683454819)	(27.0, 0.7288134016275923)	(28.0, 0.9703873533097374)	(29.0, 1.0182033356085876)	(30.0, 0.9981197933895118)	(31.0, 1.0667634663545387)	(32.0, 1.0608940907188746)	(33.0, 1.1035755333912571)	(34.0, 1.2287431646811604)	(35.0, 1.343256520422985)	(36.0, 1.3538786257310296)	(37.0, 1.3883939069463784)	(38.0, 1.4232198849536342)	(39.0, 1.4504892428939729)	(40.0, 1.4589559421197444)	(41.0, 1.4649269079870944)	(42.0, 1.4983881905487)	(43.0, 1.5002608371527804)	(44.0, 1.5229501688146045)	(45.0, 1.5314202543814321)	(46.0, 1.490960251441919)	(47.0, 1.4944287112687349)	(48.0, 1.531402476090887)	(49.0, 1.6119144278726416)	(50.0, 1.542846615690325)	(51.0, 1.4053941856337817)	(52.0, 1.4098556899753292)	(53.0, 1.4127273071909892)	(54.0, 1.577310255204567)	(55.0, 2.1413078978709676)	(56.0, 2.041071356022095)	(57.0, 1.8127938724971309)	(58.0, 2.5720216963210105)	(59.0, 3.1868745623842036)	(60.0, 3.933710071112908)	(61.0, 3.6092867457349644)	(62.0, 2.3438398769308844)	(63.0, 1.6889028917854165)	(64.0, 1.4095068968465403)	(65.0, 1.5926139770228123)	(66.0, 1.957162904160969)	(67.0, 2.4148522954647254)	(68.0, 2.6627553185809134)	(69.0, 2.870143310715425)	(70.0, 4.132596654025822)	(71.0, 3.9521131415828434)	(72.0, 2.188325550265818)	(73.0, 1.6983922660101611)	(74.0, 2.400974223231141)	(75.0, 2.7767912002338133)	(76.0, 1.61943379818794)	(77.0, 0.5314616777984023)	(78.0, 0.19043173588083934)	(79.0, 0.19744061528191548)	(80.0, 0.15578354077903436)	(81.0, 0.028285260257199546)	(82.0, 0.01699689234634687)	(83.0, 0.014911752840989879)	(84.0, 0.01376039688188086)	(85.0, 0.012420252408888527)	(86.0, 0.010959046243136934)	(87.0, 0.010272465593991777)	(88.0, 0.009715412490246387)	(89.0, 0.008437068741529755)	(90.0, 0.0072662413213475715)	(91.0, 0.006351082650908713)	(92.0, 0.005567991281661771)	(93.0, 0.00457240701113809)	(94.0, 0.0035158686016027573)	(95.0, 0.003073104508504216)	(96.0, 0.0033059154561181714)	(97.0, 0.003921382943083065)	(98.0, 0.006227481202357304)	(99.0, 0.013665579332307177)	(100.0, 0.058319565669927936)
mehreen_1009_MERGE_1_val_1	(0.0, 0.0005682124574299115)	(1.0, 0.0004635095153819429)	(2.0, 0.0003588065733339743)	(3.0, 0.0004641218132886561)	(4.0, 0.0005045334751317317)	(5.0, 0.000392482958203204)	(6.0, 0.0003447237214795692)	(7.0, 0.00038023700006893863)	(8.0, 0.0004304454284194265)	(9.0, 0.0005284130934935492)	(10.0, 0.0006704662078510271)	(11.0, 0.0006625063350637545)	(12.0, 0.0007274099131753609)	(13.0, 0.0009374280951780112)	(14.0, 0.0018675086154754635)	(15.0, 0.0023255074496969868)	(16.0, 0.0021803928458059424)	(17.0, 0.003238443628606468)	(18.0, 0.005257802124946821)	(19.0, 0.008662790784179298)	(20.0, 0.013413610242367533)	(21.0, 0.026105321252720127)	(22.0, 0.057069226395210025)	(23.0, 0.08015836815946059)	(24.0, 0.10718519776178419)	(25.0, 0.14225823415622682)	(26.0, 0.1960357470049463)	(27.0, 0.27958073488643803)	(28.0, 0.3819171455249598)	(29.0, 0.49929465424189307)	(30.0, 0.5924594545357568)	(31.0, 0.6989558171524887)	(32.0, 0.8100842134335062)	(33.0, 0.9148820616570155)	(34.0, 1.0351410443229414)	(35.0, 1.1681590907689583)	(36.0, 1.2852837204504188)	(37.0, 1.36452915243097)	(38.0, 1.4306316098439207)	(39.0, 1.4733840865843613)	(40.0, 1.5047937446029385)	(41.0, 1.529061559837612)	(42.0, 1.5664325502759493)	(43.0, 1.5963573858707472)	(44.0, 1.6182996936557237)	(45.0, 1.6957437451947242)	(46.0, 1.614081573376376)	(47.0, 1.4935568534189365)	(48.0, 1.426543909018703)	(49.0, 1.3743589830253449)	(50.0, 1.7138040842511386)	(51.0, 2.5353627604564517)	(52.0, 2.36658651625838)	(53.0, 2.24820606357025)	(54.0, 2.8170302066089685)	(55.0, 2.443260909328642)	(56.0, 1.8320345239521234)	(57.0, 2.016761128620076)	(58.0, 2.866644093692038)	(59.0, 3.4640796933156532)	(60.0, 3.77412531055061)	(61.0, 3.757686948649079)	(62.0, 3.0965044016596384)	(63.0, 2.3101332615573233)	(64.0, 2.110394336812575)	(65.0, 2.3945213836563592)	(66.0, 4.409017622319503)	(67.0, 5.335560897609872)	(68.0, 4.727149245710515)	(69.0, 4.173935025505545)	(70.0, 3.323554262235425)	(71.0, 2.9636008549221766)	(72.0, 2.022318956719312)	(73.0, 1.104088237810482)	(74.0, 0.6856175195526468)	(75.0, 0.5735994544131748)	(76.0, 0.4318304462844119)	(77.0, 0.21373115650895974)	(78.0, 0.08491959668206296)	(79.0, 0.04023409545012875)	(80.0, 0.027306037447784842)	(81.0, 0.021075906246977354)	(82.0, 0.0165320434812582)	(83.0, 0.013196244485484324)	(84.0, 0.01151609902946312)	(85.0, 0.010446414586435044)	(86.0, 0.009280599372052983)	(87.0, 0.008567272310732028)	(88.0, 0.008012530407249807)	(89.0, 0.006863247236349007)	(90.0, 0.005764784791705406)	(91.0, 0.004748982564468097)	(92.0, 0.0037344049330442137)	(93.0, 0.0023653068136333492)	(94.0, 0.001108871509057726)	(95.0, 0.0005094318583854379)	(96.0, 0.00035084670054670185)	(97.0, 0.00031410882614390584)	(98.0, 0.000385747681229358)	(99.0, 0.001517886510742188)	(100.0, 0.003386007424124365)
mehreen_1009_MERGE_2_val_2	(0.0, 0.00019707525872033843)	(1.0, 0.00016769758040177868)	(2.0, 0.00013464769229339893)	(3.0, 0.00019340304893051847)	(4.0, 0.00047249099295683627)	(5.0, 0.00042720040554905666)	(6.0, 0.00016769758040177868)	(7.0, 0.0001903428741056685)	(8.0, 0.00026317503493709796)	(9.0, 0.0007466826572633941)	(10.0, 0.0012369226642043602)	(11.0, 0.0009994530977960022)	(12.0, 0.0010949305523313213)	(13.0, 0.0017510320347791561)	(14.0, 0.0022155665731913824)	(15.0, 0.00250811928644704)	(16.0, 0.003134843090576315)	(17.0, 0.005288594132305728)	(18.0, 0.007482127446758192)	(19.0, 0.009025679628412518)	(20.0, 0.013973982320194929)	(21.0, 0.0240572583680756)	(22.0, 0.052451396497928585)	(23.0, 0.09432132048649093)	(24.0, 0.12504425165805474)	(25.0, 0.1427198214463882)	(26.0, 0.1842604706237967)	(27.0, 0.2656678533494207)	(28.0, 0.3587675520458315)	(29.0, 0.45405588777697503)	(30.0, 0.5515053189694277)	(31.0, 0.6609341105312379)	(32.0, 0.7922566168599549)	(33.0, 0.9187740366786924)	(34.0, 1.0476245337838954)	(35.0, 1.2029779809771943)	(36.0, 1.3276929578240952)	(37.0, 1.3879808500134996)	(38.0, 1.4440561055390155)	(39.0, 1.4930525646596886)	(40.0, 1.5100842736648736)	(41.0, 1.5100628524410997)	(42.0, 1.5297232516208308)	(43.0, 1.515399185300673)	(44.0, 1.4981936583654365)	(45.0, 1.4986263670856703)	(46.0, 1.4401372456583126)	(47.0, 1.411125564248805)	(48.0, 1.4868495902897176)	(49.0, 1.6164027035347064)	(50.0, 1.5826428548669613)	(51.0, 1.4479321229721704)	(52.0, 1.4292913740440794)	(53.0, 1.4593582037331954)	(54.0, 1.8834115254923764)	(55.0, 2.772111388062373)	(56.0, 2.501109037958274)	(57.0, 2.100388937203609)	(58.0, 2.975278230789058)	(59.0, 3.586817447437427)	(60.0, 4.881444604244053)	(61.0, 4.628129452592622)	(62.0, 2.6875875232951216)	(63.0, 1.805663499822308)	(64.0, 1.5179605516290724)	(65.0, 1.7871708633557395)	(66.0, 2.2129164617930623)	(67.0, 2.716039804746647)	(68.0, 2.9237669199973233)	(69.0, 3.0255636355459576)	(70.0, 4.1380706080012875)	(71.0, 4.093494877432593)	(72.0, 2.559510026350676)	(73.0, 2.054363295802901)	(74.0, 2.7794888575301213)	(75.0, 3.2100248536382643)	(76.0, 1.9461261363178866)	(77.0, 0.6799292277040467)	(78.0, 0.26917420166373385)	(79.0, 0.2945087770037018)	(80.0, 0.2357852461847607)	(81.0, 0.03313557300347554)	(82.0, 0.017372612480673313)	(83.0, 0.014853476564856812)	(84.0, 0.013396221313263254)	(85.0, 0.012125636725985545)	(86.0, 0.010892998306535973)	(87.0, 0.010120610180743839)	(88.0, 0.009564270397586115)	(89.0, 0.008445470481620964)	(90.0, 0.007351151964254612)	(91.0, 0.00641657457274543)	(92.0, 0.005469144446971877)	(93.0, 0.004165509971585787)	(94.0, 0.0029622492304547765)	(95.0, 0.002468337013723991)	(96.0, 0.0023826521186281913)	(97.0, 0.0026060448808422395)	(98.0, 0.0038766294681199494)	(99.0, 0.00878698599207422)	(100.0, 0.04207005942210753)
mehreen_1011_MERGE_1_val_1	(0.0, 0.00016562294484220847)	(1.0, 0.00014722039541529642)	(2.0, 0.00013518795925154624)	(3.0, 0.00018402549426912052)	(4.0, 0.0002073825762340474)	(5.0, 0.0001903956075322824)	(6.0, 0.0001868566557194147)	(7.0, 0.000183317703906547)	(8.0, 0.0001960579304328707)	(9.0, 0.00020172025333345904)	(10.0, 0.00024489546545044497)	(11.0, 0.00032558356678382864)	(12.0, 0.0003602652945499321)	(13.0, 0.0004912065116260371)	(14.0, 0.000690095603509202)	(15.0, 0.0008160822880472922)	(16.0, 0.0010362050908076634)	(17.0, 0.0014955610361178909)	(18.0, 0.002493545447346583)	(19.0, 0.004338754922575803)	(20.0, 0.007213091584986951)	(21.0, 0.01359806844576286)	(22.0, 0.03170688487220689)	(23.0, 0.048107095363398404)	(24.0, 0.06823311432317702)	(25.0, 0.08957299375476926)	(26.0, 0.1259626196657627)	(27.0, 0.18344935291398567)	(28.0, 0.25639139651936443)	(29.0, 0.34751445116816976)	(30.0, 0.4242566212302059)	(31.0, 0.5120113015435237)	(32.0, 0.6130681939310487)	(33.0, 0.7155526994798844)	(34.0, 0.8216886955092371)	(35.0, 0.9375256662480229)	(36.0, 1.0412254478493974)	(37.0, 1.1205411436697508)	(38.0, 1.1996990022392506)	(39.0, 1.2716189965610731)	(40.0, 1.377656609730028)	(41.0, 1.5233396844778149)	(42.0, 1.6444178428514575)	(43.0, 1.865411227757794)	(44.0, 2.1795554867017093)	(45.0, 2.4234444742565744)	(46.0, 2.506059888747246)	(47.0, 2.391520297743057)	(48.0, 2.3216026423569556)	(49.0, 2.10603588616047)	(50.0, 2.155468672872969)	(51.0, 3.0062114549754875)	(52.0, 3.022838158382702)	(53.0, 3.1737298624086674)	(54.0, 3.505753613701553)	(55.0, 2.7608806984520595)	(56.0, 2.251815220397567)	(57.0, 2.413892135523282)	(58.0, 3.2170629117765075)	(59.0, 3.5478812960819304)	(60.0, 3.3438593084893817)	(61.0, 3.219310853968041)	(62.0, 2.75200571509575)	(63.0, 2.1044801629435335)	(64.0, 1.8212160897283396)	(65.0, 2.0964163073427335)	(66.0, 3.661926849413042)	(67.0, 4.110772107839053)	(68.0, 3.510570834909229)	(69.0, 3.5296415384384097)	(70.0, 3.643519345453592)	(71.0, 3.038600649757215)	(72.0, 1.5552263481021154)	(73.0, 0.7540805600762126)	(74.0, 0.4659575060219512)	(75.0, 0.4224149507067895)	(76.0, 0.34524881421757186)	(77.0, 0.19238662182220176)	(78.0, 0.07125750254245376)	(79.0, 0.0313374183029435)	(80.0, 0.019748766696526927)	(81.0, 0.01408007368267544)	(82.0, 0.010142635895678835)	(83.0, 0.007833823732963945)	(84.0, 0.006594482808097677)	(85.0, 0.005682848821102956)	(86.0, 0.0048738444366814)	(87.0, 0.00440811837810801)	(88.0, 0.003966457191862121)	(89.0, 0.003221153940072183)	(90.0, 0.0025699868065045257)	(91.0, 0.002053299841825841)	(92.0, 0.0016321645760945843)	(93.0, 0.001058146592047443)	(94.0, 0.0005435829984564791)	(95.0, 0.00027320707995338666)	(96.0, 0.00017977875209367929)	(97.0, 0.0001783631713685322)	(98.0, 0.00022295396421066524)	(99.0, 0.0007184072180121436)	(100.0, 0.0021835332685393723)
mehreen_1011_MERGE_2_val_2	(0.0, 6.930041527778852e-05)	(1.0, 5.727891466837623e-05)	(2.0, 4.313597277495e-05)	(3.0, 4.879314953232049e-05)	(4.0, 9.900059325398361e-05)	(5.0, 0.00010607206420069673)	(6.0, 8.415050426588606e-05)	(7.0, 0.0001053649171060254)	(8.0, 0.00012587218285149343)	(9.0, 0.0003443806351049287)	(10.0, 0.0006427967090562221)	(11.0, 0.0005699605583050771)	(12.0, 0.0005756177350624475)	(13.0, 0.0008351407188068187)	(14.0, 0.0010090989040959614)	(15.0, 0.0011088066444446163)	(16.0, 0.0014793517220523834)	(17.0, 0.0026129085148104956)	(18.0, 0.003819301458319753)	(19.0, 0.004928815249859041)	(20.0, 0.007900247341667893)	(21.0, 0.014425800731294753)	(22.0, 0.03769871876402229)	(23.0, 0.06740526106406941)	(24.0, 0.08537316159257276)	(25.0, 0.09643577074161076)	(26.0, 0.12373164859592338)	(27.0, 0.1791719808181542)	(28.0, 0.24711043079160577)	(29.0, 0.31842621528920756)	(30.0, 0.39595570130768615)	(31.0, 0.488195968336612)	(32.0, 0.5990575398095175)	(33.0, 0.7070777942560337)	(34.0, 0.8192709237082053)	(35.0, 0.9532894410903122)	(36.0, 1.0636984384226282)	(37.0, 1.1379000902135834)	(38.0, 1.2169831783990548)	(39.0, 1.2850248718483286)	(40.0, 1.4410993071132336)	(41.0, 1.5856217874395881)	(42.0, 1.7839892761425953)	(43.0, 1.8258644056477462)	(44.0, 1.8380301642644714)	(45.0, 1.9560834216901843)	(46.0, 1.9431808158008115)	(47.0, 2.029500847353149)	(48.0, 2.1946868729328943)	(49.0, 2.6041384765423823)	(50.0, 2.669552411387857)	(51.0, 2.523622708343107)	(52.0, 2.533439324311334)	(53.0, 2.191537946920323)	(54.0, 2.200454364637033)	(55.0, 2.8660424245545117)	(56.0, 2.7746118409489844)	(57.0, 2.5974014861714485)	(58.0, 3.0911379519948103)	(59.0, 3.1916822473564617)	(60.0, 3.724432725539934)	(61.0, 3.547988211065927)	(62.0, 2.5088051481213642)	(63.0, 1.8641783423841325)	(64.0, 1.6290879979077497)	(65.0, 1.8786098002921847)	(66.0, 2.4377312079301396)	(67.0, 3.0079208818938903)	(68.0, 2.990963494563672)	(69.0, 2.8252046798372437)	(70.0, 3.047748113412873)	(71.0, 2.9881490491268807)	(72.0, 2.3157285339806877)	(73.0, 2.0080290329705495)	(74.0, 2.4901442434400827)	(75.0, 2.4793609573934403)	(76.0, 1.3579041585722484)	(77.0, 0.4801896489307434)	(78.0, 0.18879837421791476)	(79.0, 0.21154022478254414)	(80.0, 0.17214364584421604)	(81.0, 0.02513695777428111)	(82.0, 0.013210214875554769)	(83.0, 0.010569727624052092)	(84.0, 0.009000568220976453)	(85.0, 0.007792053836183181)	(86.0, 0.006906705673654699)	(87.0, 0.00633533082116028)	(88.0, 0.005676976876021288)	(89.0, 0.004866586305527966)	(90.0, 0.0042131823900516735)	(91.0, 0.0036319074782318558)	(92.0, 0.003142561688719308)	(93.0, 0.00249127921452703)	(94.0, 0.0019262686858846525)	(95.0, 0.0017452390296487969)	(96.0, 0.0017084673807258885)	(97.0, 0.0017791820901930195)	(98.0, 0.0025436080995327073)	(99.0, 0.005105602023526869)	(100.0, 0.02308269546426095)
mehreen_1014_MERGE_1_val_1	(0.0, 0.00015763728237900087)	(1.0, 0.00011522942652160661)	(2.0, 8.096045209138903e-05)	(3.0, 0.0001169428752431175)	(4.0, 0.0001387893464423812)	(5.0, 0.00011994141050576153)	(6.0, 0.00011951304832538381)	(7.0, 0.00013579081117973718)	(8.0, 0.0001627776285435335)	(9.0, 0.00023816937229001218)	(10.0, 0.0005213167735196849)	(11.0, 0.0008121746939961567)	(12.0, 0.0008901366108249016)	(13.0, 0.0025397593674595003)	(14.0, 0.0049668594814796605)	(15.0, 0.004982280519973258)	(16.0, 0.007939693013301035)	(17.0, 0.014872306540534053)	(18.0, 0.018144136874259077)	(19.0, 0.020134307564293963)	(20.0, 0.026370404186232807)	(21.0, 0.02678077515503466)	(22.0, 0.039178861741707004)	(23.0, 0.051612502389350695)	(24.0, 0.061305481806937734)	(25.0, 0.07702680218898042)	(26.0, 0.1066836010230711)	(27.0, 0.14765130323003547)	(28.0, 0.17938651536331884)	(29.0, 0.2195904478026697)	(30.0, 0.23395343171073468)	(31.0, 0.27238651489640403)	(32.0, 0.3133872009912575)	(33.0, 0.3257810039561261)	(34.0, 0.35815704591125447)	(35.0, 0.4064681609764341)	(36.0, 0.4519469453049562)	(37.0, 0.48649992386076424)	(38.0, 0.5355743803313769)	(39.0, 0.61623326544778)	(40.0, 0.8491346396435071)	(41.0, 1.1632089335720903)	(42.0, 1.3792816711494984)	(43.0, 1.7920077752190706)	(44.0, 2.208099949302051)	(45.0, 2.6444412320136665)	(46.0, 3.0912504013271724)	(47.0, 2.8318693905892163)	(48.0, 2.4900016733111854)	(49.0, 2.162963854717831)	(50.0, 2.0913871045497965)	(51.0, 2.5928929839513724)	(52.0, 2.7969934269494034)	(53.0, 3.206856358205331)	(54.0, 3.767862601185733)	(55.0, 3.6359064882447374)	(56.0, 3.1975326269872295)	(57.0, 3.1820935972820554)	(58.0, 3.884521900665441)	(59.0, 4.283490296587821)	(60.0, 3.7801724451632475)	(61.0, 3.5895864005939533)	(62.0, 3.1638907747890848)	(63.0, 2.0744398116075127)	(64.0, 1.8261910772132124)	(65.0, 2.1991754516360618)	(66.0, 3.740479977167268)	(67.0, 4.548243825792075)	(68.0, 3.139178560603094)	(69.0, 2.717789688159743)	(70.0, 3.5946650626045114)	(71.0, 3.1247830211693204)	(72.0, 1.6776590613403204)	(73.0, 0.8331258882384309)	(74.0, 0.37589680888723703)	(75.0, 0.2778751195135838)	(76.0, 0.4667322943228736)	(77.0, 0.38875110119601164)	(78.0, 0.08267390081289991)	(79.0, 0.03207833023976592)	(80.0, 0.020938343376862942)	(81.0, 0.01421691240455614)	(82.0, 0.010974210699096803)	(83.0, 0.008546682222896266)	(84.0, 0.0073566920858069585)	(85.0, 0.006439997019798638)	(86.0, 0.005612829649489262)	(87.0, 0.005172901690241344)	(88.0, 0.004587330589665001)	(89.0, 0.0036487890524574164)	(90.0, 0.0028743102303344994)	(91.0, 0.002211633937290167)	(92.0, 0.0016856051797863273)	(93.0, 0.001061053120795612)	(94.0, 0.000498185215779288)	(95.0, 0.00026601291401456395)	(96.0, 0.00023302902612547951)	(97.0, 0.00023645592356850132)	(98.0, 0.0003662496642229504)	(99.0, 0.001586653516119074)	(100.0, 0.0031373246090864193)
mehreen_1014_MERGE_2_val_2	(0.0, 3.8517215260801436e-05)	(1.0, 3.808924620234809e-05)	(2.0, 4.194096772842823e-05)	(3.0, 5.6919884774295456e-05)	(4.0, 0.00011383976954859091)	(5.0, 0.0001172635220162177)	(6.0, 8.68777188660299e-05)	(7.0, 0.00010528038837952392)	(8.0, 0.00014722135610795213)	(9.0, 0.0005614954046907942)	(10.0, 0.0014033105426685321)	(11.0, 0.0020127384819061014)	(12.0, 0.0032624081325898814)	(13.0, 0.00669044029080121)	(14.0, 0.009615608805329853)	(15.0, 0.009289924351846852)	(16.0, 0.007654654579496605)	(17.0, 0.011254730299206178)	(18.0, 0.018431771409468847)	(19.0, 0.01762975739392727)	(20.0, 0.016456694204706638)	(21.0, 0.025616943931842127)	(22.0, 0.06395098843562552)	(23.0, 0.10540021971589086)	(24.0, 0.11095483012555687)	(25.0, 0.09810634305267042)	(26.0, 0.1000274961560675)	(27.0, 0.12581691161846634)	(28.0, 0.16068055502725154)	(29.0, 0.19094053527425403)	(30.0, 0.21965426331306462)	(31.0, 0.2407561336782239)	(32.0, 0.27028428683527117)	(33.0, 0.3034523168344642)	(34.0, 0.34845155145460005)	(35.0, 0.4200567665006637)	(36.0, 0.47113701347236325)	(37.0, 0.5040028973162882)	(38.0, 0.5667953735106805)	(39.0, 0.6446172670998376)	(40.0, 1.0635424834099505)	(41.0, 1.401390245503252)	(42.0, 1.911954764423747)	(43.0, 2.0681660385735703)	(44.0, 1.7686172275212588)	(45.0, 1.853649543807238)	(46.0, 2.04685959899847)	(47.0, 2.2539927715683654)	(48.0, 2.4721247489405114)	(49.0, 3.1805402195221064)	(50.0, 3.303598870558841)	(51.0, 3.0323704839806216)	(52.0, 3.100577624702566)	(53.0, 2.765881854724773)	(54.0, 3.208228961665921)	(55.0, 4.748961224941941)	(56.0, 4.420087118066289)	(57.0, 3.04137495297048)	(58.0, 2.5443958838415286)	(59.0, 2.7599857250064614)	(60.0, 3.7229640390610443)	(61.0, 3.4436371939897117)	(62.0, 2.365975155403268)	(63.0, 1.5921690084734108)	(64.0, 1.1443135117809098)	(65.0, 1.4674575409329296)	(66.0, 1.997549432052534)	(67.0, 2.6780497648583923)	(68.0, 3.117470847346895)	(69.0, 3.003712819888469)	(70.0, 2.634290784569654)	(71.0, 2.473307227449018)	(72.0, 2.1746353249974777)	(73.0, 1.6967783413692799)	(74.0, 2.145902766320095)	(75.0, 2.540571552335189)	(76.0, 1.5708415984144464)	(77.0, 0.5730527091143269)	(78.0, 0.29704690393659294)	(79.0, 0.618182474297291)	(80.0, 0.5590461377692657)	(81.0, 0.0473290981743559)	(82.0, 0.013817409021224834)	(83.0, 0.01118582728079519)	(84.0, 0.009898924322025968)	(85.0, 0.008808459161086834)	(86.0, 0.007801019997487651)	(87.0, 0.007172333450619681)	(88.0, 0.006406696805046639)	(89.0, 0.005337202127971719)	(90.0, 0.004389678632556003)	(91.0, 0.0035662661640917595)	(92.0, 0.0030360125006680594)	(93.0, 0.0024154573659107034)	(94.0, 0.0017953302002118002)	(95.0, 0.00152442578621083)	(96.0, 0.0014812009113070418)	(97.0, 0.0015085909310480563)	(98.0, 0.0019943358123926075)	(99.0, 0.0038423062067941697)	(100.0, 0.01772177074149474)
mehreen_1015_MERGE_1_val_1	(0.0, 0.00027147795073131947)	(1.0, 0.00022773268852816845)	(2.0, 0.00018849061508122416)	(3.0, 0.0002727645760902357)	(4.0, 0.00031522321293447046)	(5.0, 0.00025925500982161554)	(6.0, 0.00025861169714215743)	(7.0, 0.0002830575789615653)	(8.0, 0.0002959238325507274)	(9.0, 0.0003396690947538784)	(10.0, 0.0004670450052865828)	(11.0, 0.0007970644098485896)	(12.0, 0.000911574066792132)	(13.0, 0.0015478103067761958)	(14.0, 0.0028620981109091005)	(15.0, 0.0031001238023085987)	(16.0, 0.0039319270968479255)	(17.0, 0.00603298630795809)	(18.0, 0.007459210518316705)	(19.0, 0.009436753694970913)	(20.0, 0.01404994891936497)	(21.0, 0.020111240985219214)	(22.0, 0.038746722683761545)	(23.0, 0.05898919945559021)	(24.0, 0.08432864258676544)	(25.0, 0.10771370179774693)	(26.0, 0.14276008994926545)	(27.0, 0.20441968033728625)	(28.0, 0.28366936931972997)	(29.0, 0.3851615941944376)	(30.0, 0.4624723387609946)	(31.0, 0.5545290965660903)	(32.0, 0.6611504534341173)	(33.0, 0.7613457599470373)	(34.0, 0.8755659261848234)	(35.0, 0.9995798846546798)	(36.0, 1.10864325645393)	(37.0, 1.192032019216007)	(38.0, 1.2744307237643981)	(39.0, 1.3582865315317618)	(40.0, 1.5086467174761455)	(41.0, 1.7018624641879891)	(42.0, 1.8380633380575)	(43.0, 2.1189555265400095)	(44.0, 2.325341813738399)	(45.0, 2.573223698699875)	(46.0, 2.762871633291444)	(47.0, 2.451328168883474)	(48.0, 2.2287985933067627)	(49.0, 1.984646635260785)	(50.0, 1.95001132391144)	(51.0, 2.4669053421038725)	(52.0, 2.5825343631096715)	(53.0, 3.0337808956141226)	(54.0, 3.4512708818893687)	(55.0, 2.942285106465514)	(56.0, 2.563211823469468)	(57.0, 2.71941521848137)	(58.0, 3.5944356155140125)	(59.0, 4.032858353066145)	(60.0, 3.5826617068545707)	(61.0, 3.2553622283013124)	(62.0, 2.843658196265113)	(63.0, 2.012927947275122)	(64.0, 1.6666301586721075)	(65.0, 1.942818444842419)	(66.0, 3.639857993872511)	(67.0, 4.717727101679204)	(68.0, 3.1695494633630377)	(69.0, 2.454028795511839)	(70.0, 3.106664362320649)	(71.0, 2.71223263241522)	(72.0, 1.536260270929205)	(73.0, 0.7262498367192005)	(74.0, 0.3054988984717818)	(75.0, 0.20442418352604247)	(76.0, 0.263301446575407)	(77.0, 0.2153656455782659)	(78.0, 0.06690837853971945)	(79.0, 0.02854700015095332)	(80.0, 0.017859003294436397)	(81.0, 0.013199489557121356)	(82.0, 0.010219665225871423)	(83.0, 0.007931402025038952)	(84.0, 0.006566292519228857)	(85.0, 0.005466871150034959)	(86.0, 0.004685889557172822)	(87.0, 0.004328851020073575)	(88.0, 0.004003978116947233)	(89.0, 0.0033593788121302134)	(90.0, 0.002730219011620189)	(91.0, 0.002185333172119176)	(92.0, 0.0017285811697039229)	(93.0, 0.0011019946199117303)	(94.0, 0.0005384527127064322)	(95.0, 0.0002734078887696938)	(96.0, 0.00020650337010605106)	(97.0, 0.00019042055311959847)	(98.0, 0.00024831869427082776)	(99.0, 0.001162466011780792)	(100.0, 0.003646296267168528)
mehreen_1015_MERGE_2_val_2	(0.0, 9.50956335342749e-05)	(1.0, 8.674263869680481e-05)	(2.0, 7.774710579491394e-05)	(3.0, 0.00011758446578900209)	(4.0, 0.0002942824335047156)	(5.0, 0.00026344060641251833)	(6.0, 8.931279095448792e-05)	(7.0, 0.00011115908514479433)	(8.0, 0.00016641735868498108)	(9.0, 0.0005487275070153431)	(10.0, 0.001080749024355746)	(11.0, 0.0011437177546689819)	(12.0, 0.001603775008794258)	(13.0, 0.003075829714382257)	(14.0, 0.004350625234193077)	(15.0, 0.0042195474690512385)	(16.0, 0.003853300772331396)	(17.0, 0.0056916021746392376)	(18.0, 0.00895505300383236)	(19.0, 0.010236916442351808)	(20.0, 0.012896381490989402)	(21.0, 0.021535948305191163)	(22.0, 0.04807662559415575)	(23.0, 0.08370150603790127)	(24.0, 0.10573799149527623)	(25.0, 0.11582583910668243)	(26.0, 0.14203368167827704)	(27.0, 0.19960316463618535)	(28.0, 0.27364025564713373)	(29.0, 0.34997699039064406)	(30.0, 0.4321903782713468)	(31.0, 0.5283564802209467)	(32.0, 0.642070296709878)	(33.0, 0.7550708959473024)	(34.0, 0.8740181849709409)	(35.0, 1.0162529810633816)	(36.0, 1.1314741918514442)	(37.0, 1.2027798535505398)	(38.0, 1.2799589556965056)	(39.0, 1.3609862183102877)	(40.0, 1.6574250095591996)	(41.0, 1.862935026621605)	(42.0, 2.2283958992886608)	(43.0, 2.3003113296108917)	(44.0, 1.979587812217197)	(45.0, 1.9555241191665744)	(46.0, 1.9798724565797354)	(47.0, 2.0503743031602406)	(48.0, 2.2285109136021926)	(49.0, 2.782656944114796)	(50.0, 2.858530408913859)	(51.0, 2.618713999515899)	(52.0, 2.6304377490393205)	(53.0, 2.3603520139645626)	(54.0, 2.593599114191884)	(55.0, 3.69552490807481)	(56.0, 3.4897128981221264)	(57.0, 2.532294557465498)	(58.0, 2.508138981471663)	(59.0, 2.983824046399781)	(60.0, 3.8642965262278284)	(61.0, 3.410590118331288)	(62.0, 2.158242950877136)	(63.0, 1.471926840513179)	(64.0, 1.1752946453068767)	(65.0, 1.464986144341306)	(66.0, 1.9530445647759747)	(67.0, 2.529798297085223)	(68.0, 2.8873437433366798)	(69.0, 2.782872836904441)	(70.0, 2.4108246640009434)	(71.0, 2.394085904884718)	(72.0, 2.057310501565663)	(73.0, 1.464209315821421)	(74.0, 2.139261733916082)	(75.0, 2.6960216092747493)	(76.0, 1.6313925798791917)	(77.0, 0.5383800740259108)	(78.0, 0.23635248669266726)	(79.0, 0.3487870098953368)	(80.0, 0.30035313313736306)	(81.0, 0.03436486329941638)	(82.0, 0.013603173361852256)	(83.0, 0.011259194502845266)	(84.0, 0.009663772488888478)	(85.0, 0.008390262045206497)	(86.0, 0.007421314644059967)	(87.0, 0.006850098304789897)	(88.0, 0.006317434249385074)	(89.0, 0.005525184815954256)	(90.0, 0.004764419747680057)	(91.0, 0.004110315998099707)	(92.0, 0.003652828896232114)	(93.0, 0.002976878852461457)	(94.0, 0.0023118519557859536)	(95.0, 0.0020060038371216638)	(96.0, 0.0018543648539183608)	(97.0, 0.0019359671880997994)	(98.0, 0.0027654838292670214)	(99.0, 0.006166437804246192)	(100.0, 0.029713530251074385)
mehreen_1016_MERGE_1_val_1	(0.0, 0.00039771496143648004)	(1.0, 0.0002728951107708544)	(2.0, 0.00015329586222432345)	(3.0, 0.00021784148842403858)	(4.0, 0.00023919849709306195)	(5.0, 0.00018082267339773137)	(6.0, 0.00020787488437849433)	(7.0, 0.0002833363150090436)	(8.0, 0.00036544214833662245)	(9.0, 0.0006269468544839977)	(10.0, 0.001632150062506032)	(11.0, 0.0025220254237153395)	(12.0, 0.0024603273986714943)	(13.0, 0.010414626627401094)	(14.0, 0.018759047214484854)	(15.0, 0.017204731583572597)	(16.0, 0.024710533630252707)	(17.0, 0.03695474400030014)	(18.0, 0.03685223035868882)	(19.0, 0.036332068547549945)	(20.0, 0.05180830622950958)	(21.0, 0.059955293136453036)	(22.0, 0.1012516796990693)	(23.0, 0.13524966449919132)	(24.0, 0.13314196504365503)	(25.0, 0.14946441486910064)	(26.0, 0.18678032961600358)	(27.0, 0.22356943814907065)	(28.0, 0.2489909228679055)	(29.0, 0.28279954219116216)	(30.0, 0.2609731539316129)	(31.0, 0.32178130361424895)	(32.0, 0.36086985008068084)	(33.0, 0.29525542424712925)	(34.0, 0.29508219517681383)	(35.0, 0.31904001290153167)	(36.0, 0.33245221434567834)	(37.0, 0.3412062148990147)	(38.0, 0.33262307041503053)	(39.0, 0.32413389676919)	(40.0, 0.3781846889089471)	(41.0, 0.48501244627140205)	(42.0, 0.620693047745515)	(43.0, 0.8763179321062119)	(44.0, 1.146677254047764)	(45.0, 1.5230399528171472)	(46.0, 1.5664255294277867)	(47.0, 1.1057733618444654)	(48.0, 0.8454546815785098)	(49.0, 0.7953630042457971)	(50.0, 0.9334303700887215)	(51.0, 1.2102589672562174)	(52.0, 1.4463251030778226)	(53.0, 2.743593947452219)	(54.0, 3.6491667100332594)	(55.0, 2.781619864087319)	(56.0, 1.8565225241810577)	(57.0, 2.2318306613223835)	(58.0, 4.042907844056723)	(59.0, 5.823446402795129)	(60.0, 6.116793934267826)	(61.0, 5.315207023095683)	(62.0, 4.4305522640054695)	(63.0, 3.522504936019979)	(64.0, 2.9061511578358163)	(65.0, 3.311736414266928)	(66.0, 5.831268288570111)	(67.0, 6.394484405385165)	(68.0, 3.658591320658803)	(69.0, 3.072793252077509)	(70.0, 4.35596836913112)	(71.0, 3.8343998430212403)	(72.0, 2.1221106903859503)	(73.0, 1.0499542093869132)	(74.0, 0.5562708175958876)	(75.0, 0.4237809532169267)	(76.0, 0.8827606297213673)	(77.0, 0.7915994247181224)	(78.0, 0.14145031601609778)	(79.0, 0.052814933238109554)	(80.0, 0.03993523321011051)	(81.0, 0.0262430176523033)	(82.0, 0.021073672354014347)	(83.0, 0.017350908442907244)	(84.0, 0.01573964078887759)	(85.0, 0.014355706627124876)	(86.0, 0.01288159842876962)	(87.0, 0.012290721188926637)	(88.0, 0.011763914975090727)	(89.0, 0.010017386266157259)	(90.0, 0.008359607793248399)	(91.0, 0.006891669397397525)	(92.0, 0.005450308612334769)	(93.0, 0.0036382850768162953)	(94.0, 0.0018865357657637325)	(95.0, 0.0008898753612093078)	(96.0, 0.0005989454431179448)	(97.0, 0.0005234840124873955)	(98.0, 0.0006293198554472225)	(99.0, 0.0027669191231201413)	(100.0, 0.0062590273406017876)
mehreen_1016_MERGE_2_val_2	(0.0, 9.763902162647926e-05)	(1.0, 0.00010332673162413825)	(2.0, 0.00012797347494732718)	(3.0, 0.00020807539074769123)	(4.0, 0.0005000445039608526)	(5.0, 0.00044932908981505984)	(6.0, 0.00018674647825647005)	(7.0, 0.00020333563241630876)	(8.0, 0.00028485947571608755)	(9.0, 0.0010844567062203133)	(10.0, 0.0030813168912317557)	(11.0, 0.006173061250792553)	(12.0, 0.013996980328405626)	(13.0, 0.03185449381772229)	(14.0, 0.045660461885373205)	(15.0, 0.039458962084592354)	(16.0, 0.026858788536445143)	(17.0, 0.03241378530082542)	(18.0, 0.06048689992177077)	(19.0, 0.05921901456812595)	(20.0, 0.045504997812103855)	(21.0, 0.06948106533140218)	(22.0, 0.12824932888221363)	(23.0, 0.19334374787792133)	(24.0, 0.21165770009455012)	(25.0, 0.18310966168880027)	(26.0, 0.17089103868632935)	(27.0, 0.1900396623451146)	(28.0, 0.22764964470463464)	(29.0, 0.25766179445894855)	(30.0, 0.270807988166871)	(31.0, 0.2523864434361198)	(32.0, 0.24775522557052598)	(33.0, 0.24679021077425653)	(34.0, 0.2585585567352461)	(35.0, 0.32705090847872187)	(36.0, 0.36123546749215185)	(37.0, 0.34815231257003676)	(38.0, 0.3614729293845541)	(39.0, 0.3921140450694425)	(40.0, 0.6075749272490939)	(41.0, 0.746947520983396)	(42.0, 1.1966847039907877)	(43.0, 1.3681952290910289)	(44.0, 1.0477657630012482)	(45.0, 0.9537787251690993)	(46.0, 0.821440406774402)	(47.0, 0.7996706967583622)	(48.0, 0.9421648953297128)	(49.0, 1.288796693427042)	(50.0, 1.361314521921361)	(51.0, 1.2892725651635129)	(52.0, 1.5098760851327142)	(53.0, 1.8466889998707516)	(54.0, 3.2792771637244438)	(55.0, 5.920254864768273)	(56.0, 5.054256463896377)	(57.0, 2.4168520666585773)	(58.0, 2.0282411769718593)	(59.0, 3.0191668101115026)	(60.0, 7.062926704742124)	(61.0, 7.668769250321099)	(62.0, 4.289249041742914)	(63.0, 2.294196126583228)	(64.0, 1.2762751998671957)	(65.0, 1.582119007643813)	(66.0, 2.186142433975202)	(67.0, 2.857684665688801)	(68.0, 3.382615270768577)	(69.0, 3.5251914671590603)	(70.0, 2.942902676632059)	(71.0, 2.6192634462002666)	(72.0, 2.200753686983355)	(73.0, 1.5170719862314193)	(74.0, 2.4582130937615534)	(75.0, 3.346555663359252)	(76.0, 2.125349819641057)	(77.0, 0.8416540541302489)	(78.0, 0.4954635275335713)	(79.0, 1.261636456260721)	(80.0, 1.1755771382136424)	(81.0, 0.0971982241016607)	(82.0, 0.023385493631208062)	(83.0, 0.01991551655680294)	(84.0, 0.018519183752377658)	(85.0, 0.017099626132128603)	(86.0, 0.015556360819430466)	(87.0, 0.014919811275525798)	(88.0, 0.014522619527355942)	(89.0, 0.012832421706384947)	(90.0, 0.010944575962995303)	(91.0, 0.009241580794529575)	(92.0, 0.007682200303504737)	(93.0, 0.005674438674331115)	(94.0, 0.0038335165384221566)	(95.0, 0.0029249048662961337)	(96.0, 0.0026940786355578064)	(97.0, 0.0028244219896708246)	(98.0, 0.003823563045926253)	(99.0, 0.008229168414946277)	(100.0, 0.03398501518767872)
mehreen_1018_MERGE_1_val_1	(0.0, 0.0010045721948883084)	(1.0, 0.0007302391200563342)	(2.0, 0.000475642237658315)	(3.0, 0.0007539225509770801)	(4.0, 0.0008590177756878904)	(5.0, 0.000625143895345524)	(6.0, 0.0005536001977724371)	(7.0, 0.0005906055585861027)	(8.0, 0.0006098483462092088)	(9.0, 0.0006769514004846557)	(10.0, 0.000903917613475138)	(11.0, 0.0010642741770010222)	(12.0, 0.0018463208021964883)	(13.0, 0.0020797012777280057)	(14.0, 0.002500575581382096)	(15.0, 0.0032752211344148287)	(16.0, 0.00307736580526443)	(17.0, 0.004043945829717376)	(18.0, 0.006166573325989233)	(19.0, 0.009660372791610113)	(20.0, 0.014728133603838903)	(21.0, 0.024384559156962225)	(22.0, 0.049112034657464415)	(23.0, 0.07857027548438561)	(24.0, 0.11889822429430752)	(25.0, 0.1591704183606035)	(26.0, 0.2076252378100172)	(27.0, 0.2876377355565141)	(28.0, 0.4108044048694752)	(29.0, 0.5517844680685132)	(30.0, 0.665833509881798)	(31.0, 0.7959290629535101)	(32.0, 0.9432799690702287)	(33.0, 1.0953349966535806)	(34.0, 1.2524933101955424)	(35.0, 1.4147726722693046)	(36.0, 1.5452757777147776)	(37.0, 1.6333495232609234)	(38.0, 1.727500042457484)	(39.0, 1.7937396383139452)	(40.0, 1.8505907274295745)	(41.0, 1.918413165919239)	(42.0, 1.9647818698283839)	(43.0, 2.1027916360661116)	(44.0, 2.336426215075216)	(45.0, 2.5360429994003453)	(46.0, 2.5063523649075146)	(47.0, 2.252151193167796)	(48.0, 2.0264525371363846)	(49.0, 1.8206371081725607)	(50.0, 1.8658472975858325)	(51.0, 2.5457152139074157)	(52.0, 2.497355621586496)	(53.0, 2.5496471568450705)	(54.0, 2.797445907759214)	(55.0, 2.156238231986883)	(56.0, 1.8017258885823455)	(57.0, 2.062121757722271)	(58.0, 2.8730024666589347)	(59.0, 3.2325134942021827)	(60.0, 3.2860735732294497)	(61.0, 3.1781249884975002)	(62.0, 2.7225450838531113)	(63.0, 2.143777293488895)	(64.0, 1.6950443674046558)	(65.0, 1.938453295716677)	(66.0, 3.819376577297997)	(67.0, 4.682738782345411)	(68.0, 3.5068890018478895)	(69.0, 2.8108082968466235)	(70.0, 3.0126764873236556)	(71.0, 2.7061087827941135)	(72.0, 1.468161539827207)	(73.0, 0.7287791352210323)	(74.0, 0.4206581923469381)	(75.0, 0.33918225593146345)	(76.0, 0.28058254016618606)	(77.0, 0.1855577076448013)	(78.0, 0.09768083061818422)	(79.0, 0.062403373452111395)	(80.0, 0.05219186748678309)	(81.0, 0.046352421550386665)	(82.0, 0.03860645942487018)	(83.0, 0.03251044298683234)	(84.0, 0.030330580532502014)	(85.0, 0.03013223179854076)	(86.0, 0.030395709967534063)	(87.0, 0.029354625816642936)	(88.0, 0.026076937658173868)	(89.0, 0.02070770650651641)	(90.0, 0.01582053185505831)	(91.0, 0.012620308251892512)	(92.0, 0.01085835967235118)	(93.0, 0.008079997182461168)	(94.0, 0.005379099247874429)	(95.0, 0.0033975855275053496)	(96.0, 0.0020288805822105717)	(97.0, 0.001301108486208482)	(98.0, 0.000935495521369466)	(99.0, 0.002762080131131999)	(100.0, 0.006560803769857484)
mehreen_1018_MERGE_2_val_2	(0.0, 0.0002458476601715525)	(1.0, 0.00018216423012711418)	(2.0, 0.00013082255009128798)	(3.0, 0.00021573379015053904)	(4.0, 0.0006146191504288812)	(5.0, 0.0005731508703999446)	(6.0, 0.0002112907601474387)	(7.0, 0.0002448603201708635)	(8.0, 0.00032236651022494734)	(9.0, 0.0008974920606262699)	(10.0, 0.001578262991101312)	(11.0, 0.0013951114209735088)	(12.0, 0.001377832970961452)	(13.0, 0.0019445661313569184)	(14.0, 0.002308400921610802)	(15.0, 0.0025191980117578966)	(16.0, 0.003294753582299079)	(17.0, 0.005471344613817904)	(18.0, 0.008125314535669843)	(19.0, 0.010553183597364011)	(20.0, 0.01632221122138964)	(21.0, 0.02731821680906265)	(22.0, 0.056630366749516665)	(23.0, 0.09789871042831372)	(24.0, 0.13196638348208614)	(25.0, 0.1576865905000337)	(26.0, 0.2033002175218629)	(27.0, 0.28768323068074536)	(28.0, 0.39419648261507034)	(29.0, 0.5103116160560954)	(30.0, 0.6336856731821858)	(31.0, 0.77340218199968)	(32.0, 0.9368316356137212)	(33.0, 1.0932149373128455)	(34.0, 1.2445874885084731)	(35.0, 1.4182023415696214)	(36.0, 1.56129259116947)	(37.0, 1.6475303225196465)	(38.0, 1.7286659744162631)	(39.0, 1.7857159606660726)	(40.0, 1.859792131557763)	(41.0, 1.9200726942898267)	(42.0, 2.009578521042284)	(43.0, 2.0200290212795764)	(44.0, 2.0724641803661656)	(45.0, 2.087873595756918)	(46.0, 1.9861084618859066)	(47.0, 1.9937835493812621)	(48.0, 2.0309741788572135)	(49.0, 2.152710238922161)	(50.0, 2.1294134579359048)	(51.0, 2.0388111901126824)	(52.0, 1.9869363464764842)	(53.0, 1.7764769266096256)	(54.0, 1.8564030870053982)	(55.0, 2.530527244595802)	(56.0, 2.4685494444025537)	(57.0, 2.264213507219968)	(58.0, 2.757505356344187)	(59.0, 2.8815246401607277)	(60.0, 3.578886338337347)	(61.0, 3.543955236452972)	(62.0, 2.514534311264642)	(63.0, 1.8705166186452464)	(64.0, 1.5771956765605673)	(65.0, 1.7651516431317227)	(66.0, 2.1932597990804568)	(67.0, 2.600953219504945)	(68.0, 2.6939097995598105)	(69.0, 2.6397295170220034)	(70.0, 2.8296112902645025)	(71.0, 2.833407612567152)	(72.0, 2.0710779550051983)	(73.0, 1.6163683910879019)	(74.0, 2.26943209279361)	(75.0, 2.6131725393534717)	(76.0, 1.5564254986360737)	(77.0, 0.5489921415930867)	(78.0, 0.22974118274031338)	(79.0, 0.2525373823462206)	(80.0, 0.20691684394438656)	(81.0, 0.04902439305420922)	(82.0, 0.03462502648416134)	(83.0, 0.031854056772227766)	(84.0, 0.030690476581415816)	(85.0, 0.030614451401362763)	(86.0, 0.030590261571345884)	(87.0, 0.0293452258304771)	(88.0, 0.02611563668822349)	(89.0, 0.02130975923486995)	(90.0, 0.01788368943247924)	(91.0, 0.01541830145075889)	(92.0, 0.013292064759275201)	(93.0, 0.01020169055711874)	(94.0, 0.007214987055034618)	(95.0, 0.0052793069836839)	(96.0, 0.00405796740283165)	(97.0, 0.0037583097126225487)	(98.0, 0.004765890183325639)	(99.0, 0.009721349646783558)	(100.0, 0.04606484140214405)
mehreen_1020_MERGE_1_val_1	(0.0, 0.0003032910565924071)	(1.0, 0.0002558692590839723)	(2.0, 0.00021939095330825325)	(3.0, 0.00028609414101242524)	(4.0, 0.0003319525825590435)	(5.0, 0.00026472827620093267)	(6.0, 0.0002272077331173359)	(7.0, 0.0002767140052415261)	(8.0, 0.0003256991587117774)	(9.0, 0.00042002163507470807)	(10.0, 0.0007087213693568276)	(11.0, 0.0009698018149801883)	(12.0, 0.0010417161892237487)	(13.0, 0.0027436897129880125)	(14.0, 0.004752602123922256)	(15.0, 0.004625970291015117)	(16.0, 0.007296703392451692)	(17.0, 0.012969601059229945)	(18.0, 0.01534329652792138)	(19.0, 0.01695667988051604)	(20.0, 0.021758267157908545)	(21.0, 0.024269016832585893)	(22.0, 0.040148023336756405)	(23.0, 0.05846534402270677)	(24.0, 0.08467657007852274)	(25.0, 0.10408823993774466)	(26.0, 0.1341182234896245)	(27.0, 0.1915918787138856)	(28.0, 0.24429938272922208)	(29.0, 0.30924535833231237)	(30.0, 0.34718279633906013)	(31.0, 0.4095711215886186)	(32.0, 0.47193078531221033)	(33.0, 0.509672803823731)	(34.0, 0.5744785985089118)	(35.0, 0.6497969198000008)	(36.0, 0.7161030150898713)	(37.0, 0.7749232409159104)	(38.0, 0.8364954943534005)	(39.0, 0.8876755995940424)	(40.0, 1.020148130374528)	(41.0, 1.2234677843953072)	(42.0, 1.3720402759892334)	(43.0, 1.6995815891426846)	(44.0, 2.29069637955994)	(45.0, 2.7851155192642274)	(46.0, 3.0190253593898704)	(47.0, 2.728297952425275)	(48.0, 2.4797993955826136)	(49.0, 2.135640650792361)	(50.0, 1.9325992741327847)	(51.0, 2.6787765678601203)	(52.0, 2.7781101211993273)	(53.0, 3.025685776905863)	(54.0, 3.463047635190386)	(55.0, 2.926059354883143)	(56.0, 2.45111441927655)	(57.0, 2.678715075858956)	(58.0, 3.672846357435587)	(59.0, 4.167627674604361)	(60.0, 3.9244090919634087)	(61.0, 3.6159386370695032)	(62.0, 3.038311960772147)	(63.0, 2.225107343537889)	(64.0, 1.9468768830134011)	(65.0, 2.28013069885133)	(66.0, 3.9094957183249868)	(67.0, 4.574444684106913)	(68.0, 3.151412947829764)	(69.0, 2.6120410707994046)	(70.0, 3.4358926632522864)	(71.0, 3.019626730316516)	(72.0, 1.4812292253117314)	(73.0, 0.7979551220640455)	(74.0, 0.429115155585941)	(75.0, 0.31723775512777236)	(76.0, 0.3469039978592029)	(77.0, 0.26990298443454536)	(78.0, 0.11611930630123074)	(79.0, 0.07236566299787149)	(80.0, 0.05958835472194497)	(81.0, 0.05214521698773647)	(82.0, 0.04290682549070864)	(83.0, 0.03540375911129717)	(84.0, 0.032761687535827234)	(85.0, 0.03210507803186429)	(86.0, 0.031854941077973646)	(87.0, 0.030643340207565834)	(88.0, 0.027621894252028416)	(89.0, 0.02217047201317417)	(90.0, 0.017549191790044504)	(91.0, 0.014894613366880034)	(92.0, 0.012943024007879063)	(93.0, 0.00952344340073237)	(94.0, 0.00583235997488354)	(95.0, 0.003223639993265688)	(96.0, 0.0018510134587907735)	(97.0, 0.001285078600613189)	(98.0, 0.0010990392411570217)	(99.0, 0.003536832304282933)	(100.0, 0.007336829528804982)
mehreen_1020_MERGE_2_val_2	(0.0, 6.670295689674207e-05)	(1.0, 5.9928437836916706e-05)	(2.0, 5.680173673238191e-05)	(3.0, 8.285757927017178e-05)	(4.0, 0.0001766586124062153)	(5.0, 0.00016467292483883197)	(6.0, 9.067433203150874e-05)	(7.0, 0.00011620905771854281)	(8.0, 0.0001766586124062153)	(9.0, 0.000558116147159459)	(10.0, 0.0012647505967843203)	(11.0, 0.0018332890809588953)	(12.0, 0.0027869329178420044)	(13.0, 0.005587935990654416)	(14.0, 0.007801119255814288)	(15.0, 0.007585376879601386)	(16.0, 0.006519171802955025)	(17.0, 0.009164882054242209)	(18.0, 0.014692889607059707)	(19.0, 0.01469393184076122)	(20.0, 0.015153035786277075)	(21.0, 0.025608724279841396)	(22.0, 0.06271849745586323)	(23.0, 0.10775341569817926)	(24.0, 0.12491379359356766)	(25.0, 0.12015339116191344)	(26.0, 0.12966794262301282)	(27.0, 0.17019103117148512)	(28.0, 0.2246268974014357)	(29.0, 0.2766489503786855)	(30.0, 0.3283682344656461)	(31.0, 0.37548032447507473)	(32.0, 0.4386329122676175)	(33.0, 0.49954157090080586)	(34.0, 0.5674071394915842)	(35.0, 0.6698722613882936)	(36.0, 0.744653571705452)	(37.0, 0.7869088526658365)	(38.0, 0.8432556543875086)	(39.0, 0.8980964284104964)	(40.0, 1.1297344319220006)	(41.0, 1.3635027611193946)	(42.0, 1.7236387999239648)	(43.0, 1.8333651640191055)	(44.0, 1.91012254943433)	(45.0, 2.018905170912752)	(46.0, 2.0052534727735023)	(47.0, 2.1464735337440697)	(48.0, 2.2357705539390307)	(49.0, 2.668788432139755)	(50.0, 2.7565731712338226)	(51.0, 2.589771484059653)	(52.0, 2.652867791232314)	(53.0, 2.3610496504449783)	(54.0, 2.4575735191262207)	(55.0, 3.5963024278922666)	(56.0, 3.5030173004384713)	(57.0, 2.619113489458309)	(58.0, 2.707960264694217)	(59.0, 3.0547395574970655)	(60.0, 3.969360080128178)	(61.0, 3.9405058401018294)	(62.0, 2.981590906273325)	(63.0, 2.1869981856430942)	(64.0, 1.6792620522641535)	(65.0, 1.8939444768026164)	(66.0, 2.3111381207132893)	(67.0, 2.8162426139959136)	(68.0, 3.088804444914121)	(69.0, 2.9862653244246045)	(70.0, 2.8417064677912447)	(71.0, 2.7296376834519567)	(72.0, 2.1854192015853044)	(73.0, 1.6528409068139838)	(74.0, 2.158435249936318)	(75.0, 2.503178018086413)	(76.0, 1.473417769514509)	(77.0, 0.5066329290058907)	(78.0, 0.23657819125666918)	(79.0, 0.32890706928932756)	(80.0, 0.2824406430579854)	(81.0, 0.05660683903019925)	(82.0, 0.03730727646245829)	(83.0, 0.03388614433724648)	(84.0, 0.03265057628410449)	(85.0, 0.032331131654591186)	(86.0, 0.03177405774113323)	(87.0, 0.030298254819792817)	(88.0, 0.027605644051937613)	(89.0, 0.023293923228784142)	(90.0, 0.020069773273158027)	(91.0, 0.017760183390608333)	(92.0, 0.015317708711115909)	(93.0, 0.011317094647863651)	(94.0, 0.007291988092625873)	(95.0, 0.004756754613698919)	(96.0, 0.0034847083810040174)	(97.0, 0.003187150659222457)	(98.0, 0.003650944656395117)	(99.0, 0.00653219972422392)	(100.0, 0.029915755051338064)
mehreen_1021_MERGE_1_val_1	(0.0, 0.00038942414913360735)	(1.0, 0.00029730823850285324)	(2.0, 0.0002371846800672113)	(3.0, 0.0003646024965684341)	(4.0, 0.0004252776472833021)	(5.0, 0.00036294771973075586)	(6.0, 0.0003469515436331998)	(7.0, 0.00036294771973075586)	(8.0, 0.0003646024965684341)	(9.0, 0.0003839082263413466)	(10.0, 0.00044403178477698857)	(11.0, 0.0004975362358619177)	(12.0, 0.0015207399138262826)	(13.0, 0.0016801500825226177)	(14.0, 0.0017479959328674246)	(15.0, 0.002296830250697367)	(16.0, 0.0020100022654998095)	(17.0, 0.002871589405650935)	(18.0, 0.004450246508795956)	(19.0, 0.00695943978699536)	(20.0, 0.011355078660147934)	(21.0, 0.020849084970187098)	(22.0, 0.04275226278597523)	(23.0, 0.06536644304968575)	(24.0, 0.10207435763990168)	(25.0, 0.13367066657852958)	(26.0, 0.17126443836918256)	(27.0, 0.24012742487688238)	(28.0, 0.3401233828086602)	(29.0, 0.44948096490346295)	(30.0, 0.5250259402817075)	(31.0, 0.6166542433376258)	(32.0, 0.7256698382193083)	(33.0, 0.839885293517255)	(34.0, 0.9446784495014621)	(35.0, 1.0543035538516896)	(36.0, 1.1577033877385714)	(37.0, 1.2354315653579928)	(38.0, 1.3212742169971088)	(39.0, 1.37985166227408)	(40.0, 1.4766362499562036)	(41.0, 1.611899915037138)	(42.0, 1.680457871014426)	(43.0, 1.8415371579476991)	(44.0, 2.2432662276462816)	(45.0, 2.5283919990701476)	(46.0, 2.7269133699172867)	(47.0, 2.6347478159814024)	(48.0, 2.374388537894787)	(49.0, 2.0427067233274023)	(50.0, 2.0049529897757736)	(51.0, 2.9711771852960855)	(52.0, 2.9477505096050747)	(53.0, 2.742273008524616)	(54.0, 3.1633524869707284)	(55.0, 2.724174714250929)	(56.0, 2.1942704918517464)	(57.0, 2.336653558480652)	(58.0, 3.151388450434315)	(59.0, 3.480013340590229)	(60.0, 3.2635547404149365)	(61.0, 3.1428084325309533)	(62.0, 2.5861707387268)	(63.0, 1.91424805219528)	(64.0, 1.842559810033384)	(65.0, 2.122266187313854)	(66.0, 3.6730281657138533)	(67.0, 4.3612956346634)	(68.0, 3.4945593805856987)	(69.0, 3.0696121370776535)	(70.0, 3.4399043080063043)	(71.0, 2.9730901073204414)	(72.0, 1.4617702864387816)	(73.0, 0.8075112394649184)	(74.0, 0.4635537387233578)	(75.0, 0.3641193017318321)	(76.0, 0.3012868736129109)	(77.0, 0.17873575579129974)	(78.0, 0.07929249332330641)	(79.0, 0.037078033009576614)	(80.0, 0.023533684593180396)	(81.0, 0.01876627252382945)	(82.0, 0.01422391010440274)	(83.0, 0.010555269855270128)	(84.0, 0.00921655539358845)	(85.0, 0.00836269054534649)	(86.0, 0.007475178568071739)	(87.0, 0.0070019123924957676)	(88.0, 0.006577186337491692)	(89.0, 0.0056234832867098124)	(90.0, 0.00476410251567559)	(91.0, 0.003962638933960107)	(92.0, 0.0031187027467442156)	(93.0, 0.0020491653173248603)	(94.0, 0.0010496801073672166)	(95.0, 0.0005201515193101866)	(96.0, 0.0003833566340621206)	(97.0, 0.00036129294289307767)	(98.0, 0.000613922206778619)	(99.0, 0.0034805472819165193)	(100.0, 0.00940630313764222)
mehreen_1021_MERGE_2_val_2	(0.0, 0.00012345223278739412)	(1.0, 9.920268706129885e-05)	(2.0, 7.715764549212134e-05)	(3.0, 0.00011738984635587031)	(4.0, 0.0002661938769478186)	(5.0, 0.0002386375749863467)	(6.0, 0.00011187858596357592)	(7.0, 0.0001405371400035067)	(8.0, 0.00018076934086725568)	(9.0, 0.000475621771855005)	(10.0, 0.0008051951433142089)	(11.0, 0.0006822940365660443)	(12.0, 0.0007230773634690227)	(13.0, 0.0011110700950865472)	(14.0, 0.0013706504595636124)	(15.0, 0.0015602378170585392)	(16.0, 0.0019212253727538212)	(17.0, 0.003343681680005001)	(18.0, 0.005329388799348665)	(19.0, 0.007340447716496885)	(20.0, 0.01200352513441716)	(21.0, 0.021427229279201324)	(22.0, 0.052484834967897846)	(23.0, 0.09324115669495402)	(24.0, 0.11924603885599505)	(25.0, 0.1312021671510385)	(26.0, 0.16215064988396757)	(27.0, 0.23049138100049638)	(28.0, 0.3147370584831475)	(29.0, 0.40188496568838084)	(30.0, 0.4861703242458565)	(31.0, 0.5827182371761872)	(32.0, 0.7055096698425452)	(33.0, 0.8209915178506031)	(34.0, 0.9344408130259829)	(35.0, 1.0689932753694973)	(36.0, 1.174753260045548)	(37.0, 1.2400523265515695)	(38.0, 1.3097791396567602)	(39.0, 1.3665792915118247)	(40.0, 1.482633759474642)	(41.0, 1.618634581049251)	(42.0, 1.7655510049568386)	(43.0, 1.7702730528609565)	(44.0, 1.9295192685181848)	(45.0, 2.0368957058672956)	(46.0, 2.010555739074403)	(47.0, 2.1458814312509564)	(48.0, 2.2402546008304873)	(49.0, 2.503385319252269)	(50.0, 2.5597043380750857)	(51.0, 2.4347365086798107)	(52.0, 2.371600611877765)	(53.0, 2.0620358712727853)	(54.0, 1.9924766004835206)	(55.0, 2.6592189624745886)	(56.0, 2.644837328480896)	(57.0, 2.32261818288917)	(58.0, 2.899094917671084)	(59.0, 3.3179628322583197)	(60.0, 3.861404521122782)	(61.0, 3.614641143814036)	(62.0, 2.6066255556769624)	(63.0, 1.9157080499750951)	(64.0, 1.539992753133485)	(65.0, 1.802687530858236)	(66.0, 2.3025963250100037)	(67.0, 2.852897879684755)	(68.0, 3.057188177654244)	(69.0, 2.9275462483202643)	(70.0, 3.1543671298994926)	(71.0, 3.0792117253078914)	(72.0, 2.236844784025775)	(73.0, 1.7069282792900424)	(74.0, 2.222415753192709)	(75.0, 2.5113353123681534)	(76.0, 1.4327992896293984)	(77.0, 0.45538552594657855)	(78.0, 0.17411890295187404)	(79.0, 0.18566609572580925)	(80.0, 0.14755517898705436)	(81.0, 0.02654498567948588)	(82.0, 0.0154359381067381)	(83.0, 0.0129272123761657)	(84.0, 0.01143531418797161)	(85.0, 0.010234961674529894)	(86.0, 0.009203253729092385)	(87.0, 0.00865929232837293)	(88.0, 0.00822886289173474)	(89.0, 0.0072026662066895265)	(90.0, 0.006356687736472339)	(91.0, 0.00561046307935568)	(92.0, 0.004832273111963713)	(93.0, 0.0038733138037044907)	(94.0, 0.0029005763444645326)	(95.0, 0.002477311546336324)	(96.0, 0.002536833158573103)	(97.0, 0.0028801846810130433)	(98.0, 0.004269022299871227)	(99.0, 0.008582685808920038)	(100.0, 0.03514640977373972)
mehreen_1023_MERGE_1_val_1	(0.0, 0.00020297403085666575)	(1.0, 0.0001458875846782285)	(2.0, 8.707124619135377e-05)	(3.0, 0.000108983215431562)	(4.0, 0.00012628213851593692)	(5.0, 0.00012109246159062445)	(6.0, 0.00012858866159385358)	(7.0, 0.00014646421544770767)	(8.0, 0.00016145661545416594)	(9.0, 0.00025256427703187383)	(10.0, 0.00040998447709968556)	(11.0, 0.00037942304631728994)	(12.0, 0.00034021215399270677)	(13.0, 0.0005126247540669768)	(14.0, 0.0009035804157738501)	(15.0, 0.0009664331696470789)	(16.0, 0.0008389977695921837)	(17.0, 0.0011970854774387444)	(18.0, 0.001845795093102804)	(19.0, 0.0032124100167684223)	(20.0, 0.006312377033488408)	(21.0, 0.018282655177106373)	(22.0, 0.05024068568318061)	(23.0, 0.06452267658164053)	(24.0, 0.08549935071375357)	(25.0, 0.09215885947046844)	(26.0, 0.09707348351873935)	(27.0, 0.143618542600328)	(28.0, 0.19706298883873483)	(29.0, 0.259935348158126)	(30.0, 0.2861645519694247)	(31.0, 0.3247434569706587)	(32.0, 0.3673351354966982)	(33.0, 0.39768955583285087)	(34.0, 0.44492484194550613)	(35.0, 0.5202818340548907)	(36.0, 0.5936379173941825)	(37.0, 0.6132237581103117)	(38.0, 0.6376371516285206)	(39.0, 0.6757945395372653)	(40.0, 0.7247372293583483)	(41.0, 0.8097326047795771)	(42.0, 0.9092556158070639)	(43.0, 1.0636888684889738)	(44.0, 1.2725208913327781)	(45.0, 1.5091274884500856)	(46.0, 1.4994291355382157)	(47.0, 1.2198825749101032)	(48.0, 1.042881147172318)	(49.0, 1.0217764610093807)	(50.0, 1.2963288225430338)	(51.0, 1.6599371933765883)	(52.0, 1.7312127928995995)	(53.0, 2.7690022903774163)	(54.0, 3.396253168586078)	(55.0, 2.50070867921569)	(56.0, 1.7550403295560173)	(57.0, 2.037873685570161)	(58.0, 3.416421983010151)	(59.0, 4.684803242048838)	(60.0, 5.382646988949448)	(61.0, 4.97547762326636)	(62.0, 3.9881900252102973)	(63.0, 2.878074306947478)	(64.0, 2.3653198109573683)	(65.0, 3.432949950755732)	(66.0, 6.399858840787632)	(67.0, 6.751980150062391)	(68.0, 3.7412946052731733)	(69.0, 2.9985053730455102)	(70.0, 4.075175930047768)	(71.0, 3.8114106003187613)	(72.0, 2.290655929032898)	(73.0, 1.2367547912250636)	(74.0, 0.668388293934075)	(75.0, 0.4690153222328066)	(76.0, 0.8915000011532617)	(77.0, 0.7947240591115734)	(78.0, 0.1645536993170385)	(79.0, 0.07773963044887246)	(80.0, 0.06246295147306096)	(81.0, 0.046547942235436034)	(82.0, 0.03851662887813024)	(83.0, 0.03197994247531444)	(84.0, 0.029272661012609762)	(85.0, 0.026737215519209878)	(86.0, 0.02426000973352739)	(87.0, 0.023159798225361142)	(88.0, 0.021950603501763335)	(89.0, 0.018641896146491893)	(90.0, 0.015627847114424304)	(91.0, 0.013042234744079732)	(92.0, 0.010566182219936202)	(93.0, 0.007140995449229967)	(94.0, 0.0036990863862088373)	(95.0, 0.0017835189699990544)	(96.0, 0.0011722903543511405)	(97.0, 0.0010275560312118703)	(98.0, 0.0012282235389906194)	(99.0, 0.005331528094604351)	(100.0, 0.012793130251664734)
mehreen_1023_MERGE_2_val_2	(0.0, 8.643732654189496e-05)	(1.0, 6.45398704846149e-05)	(2.0, 4.321866327094748e-05)	(3.0, 6.62686170154528e-05)	(4.0, 0.0001792133903635289)	(5.0, 0.0001688409111785015)	(6.0, 7.31836031388044e-05)	(7.0, 9.104731729079602e-05)	(8.0, 0.00015443469008818566)	(9.0, 0.0006770923912448439)	(10.0, 0.001286187418943397)	(11.0, 0.0010251466927868743)	(12.0, 0.0009738605457053498)	(13.0, 0.0016405804577651665)	(14.0, 0.0021741868869504643)	(15.0, 0.002220863043283088)	(16.0, 0.002310181614043046)	(17.0, 0.0037871074002222248)	(18.0, 0.005088853537943163)	(19.0, 0.005215628283537942)	(20.0, 0.007859457978032702)	(21.0, 0.015260798125393363)	(22.0, 0.04832653302072986)	(23.0, 0.09971179490335558)	(24.0, 0.12146000251013996)	(25.0, 0.09629867300263795)	(26.0, 0.08571240549663027)	(27.0, 0.12250819915667133)	(28.0, 0.16318675752497433)	(29.0, 0.2008227219990026)	(30.0, 0.23638419063602545)	(31.0, 0.2735476310582914)	(32.0, 0.33429981789384045)	(33.0, 0.3902668343320302)	(34.0, 0.45517319908118276)	(35.0, 0.5683599969435761)	(36.0, 0.6485041098643775)	(37.0, 0.6607857014682935)	(38.0, 0.6973239118952398)	(39.0, 0.7414057959339191)	(40.0, 0.8496892923860124)	(41.0, 0.9319418998255925)	(42.0, 1.1585056576687716)	(43.0, 1.2502312198484995)	(44.0, 1.1638232819976289)	(45.0, 1.1323900600762469)	(46.0, 1.0362798204454702)	(47.0, 1.0412050193118276)	(48.0, 1.233570713281971)	(49.0, 1.5519309119126425)	(50.0, 1.5719521017351197)	(51.0, 1.4248380769561892)	(52.0, 1.5682917690804925)	(53.0, 1.8281091189420255)	(54.0, 2.984427912249287)	(55.0, 5.027525102264001)	(56.0, 4.228266227426748)	(57.0, 2.305366478705819)	(58.0, 2.131721380918119)	(59.0, 2.641760961146191)	(60.0, 5.4763042441764584)	(61.0, 6.101779721503544)	(62.0, 3.7325735146580996)	(63.0, 2.2213119411322624)	(64.0, 1.547116352824259)	(65.0, 1.9294730192800185)	(66.0, 2.5090692924251976)	(67.0, 3.065346503615904)	(68.0, 3.378802248338588)	(69.0, 3.3496014144373616)	(70.0, 2.9465280258048843)	(71.0, 2.898166341604694)	(72.0, 2.5569521138363456)	(73.0, 2.113865734249938)	(74.0, 3.0553975673309317)	(75.0, 3.5542659874767297)	(76.0, 2.175999189563626)	(77.0, 0.9059548057251936)	(78.0, 0.5304998716693825)	(79.0, 1.2534593658704174)	(80.0, 1.1554561487883734)	(81.0, 0.11084838005501332)	(82.0, 0.03879249590315884)	(83.0, 0.034007325505799546)	(84.0, 0.0318705947936839)	(85.0, 0.02946590836928838)	(86.0, 0.02711827058041051)	(87.0, 0.026188204946819723)	(88.0, 0.025319797939495486)	(89.0, 0.02230486398971419)	(90.0, 0.019128004114877743)	(91.0, 0.016360280919006265)	(92.0, 0.013753331150502713)	(93.0, 0.010090117251657205)	(94.0, 0.006538695628472548)	(95.0, 0.004643413181830597)	(96.0, 0.003991099490861097)	(97.0, 0.004094248033867758)	(98.0, 0.0053216580707626665)	(99.0, 0.0108790019185629)	(100.0, 0.04500849217920832)
mehreen_1024_MERGE_1_val_1	(0.0, 0.00042681629574627843)	(1.0, 0.0003513288391847691)	(2.0, 0.00029967952680057844)	(3.0, 0.00040638360073714803)	(4.0, 0.00046654653604180966)	(5.0, 0.0003984375526780418)	(6.0, 0.00039219422920302977)	(7.0, 0.00048641165618957524)	(8.0, 0.0006095754011057221)	(9.0, 0.0010131211275360467)	(10.0, 0.00269995361551203)	(11.0, 0.00426646023287869)	(12.0, 0.004321514994431069)	(13.0, 0.01588187977070793)	(14.0, 0.029241456857510992)	(15.0, 0.026913832351054223)	(16.0, 0.041943214679992326)	(17.0, 0.07645403655041348)	(18.0, 0.09314584564828889)	(19.0, 0.10008217802902727)	(20.0, 0.125227447112069)	(21.0, 0.11340656547442571)	(22.0, 0.13142706732275597)	(23.0, 0.16826551369963388)	(24.0, 0.1742454824389727)	(25.0, 0.2279306858508786)	(26.0, 0.34934289474485386)	(27.0, 0.4481707323302651)	(28.0, 0.45825142944296404)	(29.0, 0.4676822533394005)	(30.0, 0.44665303715097576)	(31.0, 0.5845714581631603)	(32.0, 0.6868620699777577)	(33.0, 0.6094403182887174)	(34.0, 0.647503023641559)	(35.0, 0.700373189552545)	(36.0, 0.7189357253934787)	(37.0, 0.7957422259327998)	(38.0, 0.8179355381618834)	(39.0, 0.7978348744466515)	(40.0, 0.9040116713370131)	(41.0, 1.0806778605597065)	(42.0, 1.2431280022297975)	(43.0, 1.572530289370324)	(44.0, 2.0444466511755053)	(45.0, 2.4031619096060752)	(46.0, 2.4588767607222213)	(47.0, 2.0913777137371707)	(48.0, 1.7394148934322575)	(49.0, 1.5420520868898993)	(50.0, 1.6522632058948414)	(51.0, 2.1293643640585898)	(52.0, 2.319422482135184)	(53.0, 2.8913636969083947)	(54.0, 3.3491570934382375)	(55.0, 2.89031368341487)	(56.0, 2.3200445441832396)	(57.0, 2.4989571947072147)	(58.0, 3.5791668060062953)	(59.0, 4.31135937743667)	(60.0, 4.306394232549452)	(61.0, 3.920169188163394)	(62.0, 3.14577685821569)	(63.0, 2.2162333993150463)	(64.0, 1.9852798097525388)	(65.0, 2.515326621283835)	(66.0, 4.635291378063363)	(67.0, 5.24279740122455)	(68.0, 3.0515338903603832)	(69.0, 2.556470122984164)	(70.0, 3.670114434216518)	(71.0, 3.3016317799967227)	(72.0, 1.8031745506333876)	(73.0, 0.9115416870227391)	(74.0, 0.4393091860197775)	(75.0, 0.2982600220723053)	(76.0, 0.4160999147888509)	(77.0, 0.3547530183233825)	(78.0, 0.10215893444676083)	(79.0, 0.04642194791102143)	(80.0, 0.03301128908669554)	(81.0, 0.024829697460122927)	(82.0, 0.019677820443515254)	(83.0, 0.015282520717106772)	(84.0, 0.013225629419520983)	(85.0, 0.011937802059084407)	(86.0, 0.010800949611770848)	(87.0, 0.010149373670924137)	(88.0, 0.009343984942647583)	(89.0, 0.007826857338219653)	(90.0, 0.006494191563735263)	(91.0, 0.005351095792946693)	(92.0, 0.004366920983340248)	(93.0, 0.0029718219741057365)	(94.0, 0.0015926150609894378)	(95.0, 0.0008377404953743443)	(96.0, 0.0006124132754125458)	(97.0, 0.000501736177446423)	(98.0, 0.0005880075563738623)	(99.0, 0.003122796887228755)	(100.0, 0.00804367093526098)
mehreen_1024_MERGE_2_val_2	(0.0, 0.00014174645168091958)	(1.0, 0.00014571535232798532)	(2.0, 0.00017689957169778764)	(3.0, 0.000243236911084458)	(4.0, 0.0004456508440848112)	(5.0, 0.0004218374402024167)	(6.0, 0.0002778230452946024)	(7.0, 0.00031354315111819413)	(8.0, 0.0003759115898577987)	(9.0, 0.0009491342404554374)	(10.0, 0.003138266440215559)	(11.0, 0.00710603311566786)	(12.0, 0.015583604897800299)	(13.0, 0.03446083034685844)	(14.0, 0.05016293527826399)	(15.0, 0.047498668972469425)	(16.0, 0.03616518968186982)	(17.0, 0.04843249459614332)	(18.0, 0.08902300849949145)	(19.0, 0.08960246799396306)	(20.0, 0.07419122678140676)	(21.0, 0.11074366776926885)	(22.0, 0.2194762368820888)	(23.0, 0.3093196738439094)	(24.0, 0.3018462339254846)	(25.0, 0.2832094104584773)	(26.0, 0.3133634166174627)	(27.0, 0.3613587651566221)	(28.0, 0.4370876574458634)	(29.0, 0.5027304392192973)	(30.0, 0.556378069265685)	(31.0, 0.5515008573562479)	(32.0, 0.5371328700280632)	(33.0, 0.5553495570122883)	(34.0, 0.6046438700346516)	(35.0, 0.6930874190396714)	(36.0, 0.7276429360162527)	(37.0, 0.7496249757429297)	(38.0, 0.801038681710826)	(39.0, 0.8451025506661636)	(40.0, 1.0874396552753511)	(41.0, 1.2983986313688367)	(42.0, 1.7312027110449029)	(43.0, 1.8790414252190684)	(44.0, 1.7548709665607758)	(45.0, 1.7654719001890886)	(46.0, 1.686218057139446)	(47.0, 1.7165138097501125)	(48.0, 1.8220979066781957)	(49.0, 2.3017123345573687)	(50.0, 2.3888569190791844)	(51.0, 2.1656028557668963)	(52.0, 2.2349083658517648)	(53.0, 2.169333055389331)	(54.0, 2.8062951164072323)	(55.0, 4.476625664256474)	(56.0, 4.050523356815882)	(57.0, 2.5175632641912666)	(58.0, 2.310079911092997)	(59.0, 2.7100430388720143)	(60.0, 4.307461479919818)	(61.0, 4.409996327179341)	(62.0, 2.8735770541479044)	(63.0, 1.798377488468104)	(64.0, 1.2336057613196818)	(65.0, 1.5552953645088816)	(66.0, 2.091254573917027)	(67.0, 2.6870795467138984)	(68.0, 3.116796955658161)	(69.0, 3.0553634765138433)	(70.0, 2.6519689506325346)	(71.0, 2.6195640108208558)	(72.0, 2.2426363823974085)	(73.0, 1.563242237575921)	(74.0, 2.178889034175852)	(75.0, 2.7815201045966345)	(76.0, 1.7637862513856992)	(77.0, 0.6476814946798191)	(78.0, 0.3103924109902306)	(79.0, 0.5493825983823283)	(80.0, 0.48706688932274894)	(81.0, 0.05037442098417192)	(82.0, 0.02004691716832909)	(83.0, 0.016846282289373928)	(84.0, 0.015245114371186263)	(85.0, 0.013947850845402485)	(86.0, 0.012735068204820538)	(87.0, 0.011908969884424138)	(88.0, 0.010856644227144992)	(89.0, 0.0092549093231506)	(90.0, 0.008110731965182218)	(91.0, 0.007250047510575674)	(92.0, 0.006337767347557276)	(93.0, 0.004923137759781699)	(94.0, 0.0035045392713590555)	(95.0, 0.0027430773329291556)	(96.0, 0.0026892136812904062)	(97.0, 0.0030333740659716788)	(98.0, 0.004149769119410601)	(99.0, 0.007853887394736392)	(100.0, 0.030957425047112835)
mehreen_1025_MERGE_1_val_1	(0.0, 0.0003634419169496213)	(1.0, 0.00028589220855591233)	(2.0, 0.00024017260435365106)	(3.0, 0.0004161062711572894)	(4.0, 0.000497707083720819)	(5.0, 0.0003946932919739518)	(6.0, 0.0003611270002811524)	(7.0, 0.00041668500032440665)	(8.0, 0.0004930772503838811)	(9.0, 0.0006609087088478784)	(10.0, 0.0012141737926119516)	(11.0, 0.0017494982721953907)	(12.0, 0.0017367662305188116)	(13.0, 0.005620038941875434)	(14.0, 0.010736583508358877)	(15.0, 0.010379507612247546)	(16.0, 0.012234334592858272)	(17.0, 0.016882687263143875)	(18.0, 0.016412759179444684)	(19.0, 0.01626923434599961)	(20.0, 0.024665437102536405)	(21.0, 0.033583074838645824)	(22.0, 0.05912123552519501)	(23.0, 0.08436019323234459)	(24.0, 0.11207611177475592)	(25.0, 0.15531817641258835)	(26.0, 0.2103275412054154)	(27.0, 0.2839146909918727)	(28.0, 0.3875483016767225)	(29.0, 0.5000839244101696)	(30.0, 0.5884755450206528)	(31.0, 0.7301264534226005)	(32.0, 0.8713282679908653)	(33.0, 0.9745075762795281)	(34.0, 1.1094278644679025)	(35.0, 1.2568220811243216)	(36.0, 1.3735922651735655)	(37.0, 1.4690200749978601)	(38.0, 1.5597248760893108)	(39.0, 1.6171568011756905)	(40.0, 1.6784592669317506)	(41.0, 1.7242662592382465)	(42.0, 1.7503432167793815)	(43.0, 1.8154508268092375)	(44.0, 1.9127346210724772)	(45.0, 2.0468342713018792)	(46.0, 1.9557330407309532)	(47.0, 1.7458262356300318)	(48.0, 1.6362548636905592)	(49.0, 1.5764345233314867)	(50.0, 1.7951652120434443)	(51.0, 2.372637958138864)	(52.0, 2.292247846992944)	(53.0, 2.260896351822702)	(54.0, 2.6441522192669162)	(55.0, 2.4012271789944553)	(56.0, 1.9612384912977392)	(57.0, 2.2124804484308416)	(58.0, 3.1182454167818507)	(59.0, 3.5934208378392944)	(60.0, 3.692354588957985)	(61.0, 3.6519234118848414)	(62.0, 3.097508393265706)	(63.0, 2.249894131626636)	(64.0, 2.0012836560164162)	(65.0, 2.203089988965197)	(66.0, 4.480791478342649)	(67.0, 5.762913283736668)	(68.0, 3.9176648495708988)	(69.0, 2.9435380770833337)	(70.0, 2.926271113653224)	(71.0, 2.6390455130962733)	(72.0, 1.7778872527591594)	(73.0, 0.9252704561995282)	(74.0, 0.4841827618144564)	(75.0, 0.34324021791306014)	(76.0, 0.31839421731038314)	(77.0, 0.21730701496084923)	(78.0, 0.09175230088393299)	(79.0, 0.049498705663536806)	(80.0, 0.03629499971575717)	(81.0, 0.030515810252924495)	(82.0, 0.02476497851928057)	(83.0, 0.019543683973548904)	(84.0, 0.017138485555009693)	(85.0, 0.01602501063747614)	(86.0, 0.01520958124100796)	(87.0, 0.014472280282100606)	(88.0, 0.013149884135237733)	(89.0, 0.010751051737536809)	(90.0, 0.008595864319192239)	(91.0, 0.007084802463849147)	(92.0, 0.005948757108798022)	(93.0, 0.004203309940772452)	(94.0, 0.002505318564450495)	(95.0, 0.001382583980243066)	(96.0, 0.0008391572923199855)	(97.0, 0.0006406531879987752)	(98.0, 0.0005289584587451495)	(99.0, 0.0014936999803295743)	(100.0, 0.002504739835283378)
mehreen_1025_MERGE_2_val_2	(0.0, 0.00011464222480537789)	(1.0, 0.00010711521004542884)	(2.0, 0.00010885221345157093)	(3.0, 0.00015633030655278803)	(4.0, 0.000291816572231871)	(5.0, 0.00027734154384735356)	(6.0, 0.00016675232698964057)	(7.0, 0.00019338637921715262)	(8.0, 0.00026460351886897825)	(9.0, 0.0005911601592236911)	(10.0, 0.0012471684456100201)	(11.0, 0.002305003519950552)	(12.0, 0.005522512829261082)	(13.0, 0.012570693650250299)	(14.0, 0.018936232132625675)	(15.0, 0.017054478442638413)	(16.0, 0.01270328491025248)	(17.0, 0.018371706025629497)	(18.0, 0.03131238140138806)	(19.0, 0.03253407379704133)	(20.0, 0.03038018957342514)	(21.0, 0.04224392283737561)	(22.0, 0.07412256734916599)	(23.0, 0.11558136464696538)	(24.0, 0.14223452391194497)	(25.0, 0.16222453811096352)	(26.0, 0.20385529874597097)	(27.0, 0.27615111751301086)	(28.0, 0.3756634636497558)	(29.0, 0.4731904148932803)	(30.0, 0.5779149292507222)	(31.0, 0.6979916587127833)	(32.0, 0.8306946659340912)	(33.0, 0.9639245641885957)	(34.0, 1.100539882081671)	(35.0, 1.259089499986373)	(36.0, 1.384166483253582)	(37.0, 1.4566545303975684)	(38.0, 1.5308500518897923)	(39.0, 1.598497649541996)	(40.0, 1.657664038563143)	(41.0, 1.700057343693447)	(42.0, 1.7650386411172225)	(43.0, 1.777520168592624)	(44.0, 1.7589764992297867)	(45.0, 1.7418334336134351)	(46.0, 1.6572170496866292)	(47.0, 1.5988867383049716)	(48.0, 1.669002038796168)	(49.0, 1.8499410516049062)	(50.0, 1.8838085650167293)	(51.0, 1.7736194379435644)	(52.0, 1.7581826886731797)	(53.0, 1.834336392005261)	(54.0, 2.1736495853746813)	(55.0, 3.0045752727617896)	(56.0, 2.7993761123806)	(57.0, 2.158006711700101)	(58.0, 2.625120509677561)	(59.0, 3.258466112623954)	(60.0, 4.43210836205425)	(61.0, 4.214821973970853)	(62.0, 2.6723038912008694)	(63.0, 1.7953615095782451)	(64.0, 1.4192585840667353)	(65.0, 1.6937271242803298)	(66.0, 2.0275444388727166)	(67.0, 2.4482570858607673)	(68.0, 2.818264866420124)	(69.0, 2.7815243493745423)	(70.0, 2.889318727751773)	(71.0, 3.0933014067475275)	(72.0, 2.4258358458942855)	(73.0, 1.726224721005842)	(74.0, 2.4562027184415967)	(75.0, 3.185042399645193)	(76.0, 2.080322129366073)	(77.0, 0.722290599361305)	(78.0, 0.28826324226403965)	(79.0, 0.3564186239119722)	(80.0, 0.2955476555482642)	(81.0, 0.043559413416960555)	(82.0, 0.024554859150359952)	(83.0, 0.021464730090833176)	(84.0, 0.019723673676743422)	(85.0, 0.018386181054014013)	(86.0, 0.01718649070150521)	(87.0, 0.01634520205179706)	(88.0, 0.015077189565313336)	(89.0, 0.012813295125974813)	(90.0, 0.010814583206640648)	(91.0, 0.009394293421551798)	(92.0, 0.008196340072449139)	(93.0, 0.006288531331369743)	(94.0, 0.00448146878784659)	(95.0, 0.0033269405238974814)	(96.0, 0.0027716784350673936)	(97.0, 0.002691197277249477)	(98.0, 0.0033686286056448917)	(99.0, 0.00714140000378551)	(100.0, 0.03439440444501951)
mehreen_1027_MERGE_1_val_1	(0.0, 0.00023347032230094158)	(1.0, 0.00015743886865688495)	(2.0, 7.910343156906902e-05)	(3.0, 9.983928256290266e-05)	(4.0, 0.00010943921357856635)	(5.0, 9.369532671287787e-05)	(6.0, 0.00010022327980352919)	(7.0, 0.00011865514735360353)	(8.0, 0.00013708701490367786)	(9.0, 0.0001793267113725982)	(10.0, 0.00026649408499482475)	(11.0, 0.00032370967384818053)	(12.0, 0.00032332567660755396)	(13.0, 0.0006616272455995433)	(14.0, 0.0011777195370016248)	(15.0, 0.001198839385236085)	(16.0, 0.0013528222787273308)	(17.0, 0.0017460354531289165)	(18.0, 0.0019530099658266263)	(19.0, 0.0026776127588889237)	(20.0, 0.004519647522174477)	(21.0, 0.010166710942828502)	(22.0, 0.03313435389918363)	(23.0, 0.04461126342702991)	(24.0, 0.04618526811635814)	(25.0, 0.04982748194370095)	(26.0, 0.060369742187862216)	(27.0, 0.08516406001787784)	(28.0, 0.1107271403236278)	(29.0, 0.15202373956956935)	(30.0, 0.17980133196201264)	(31.0, 0.21396556646055667)	(32.0, 0.2547280255447867)	(33.0, 0.29022511446554544)	(34.0, 0.33397814405977505)	(35.0, 0.3924259800583014)	(36.0, 0.4574647446949418)	(37.0, 0.5005081473884936)	(38.0, 0.5361281154262528)	(39.0, 0.5789069440210128)	(40.0, 0.6428325006570769)	(41.0, 0.7279954086832329)	(42.0, 0.8542364215254138)	(43.0, 1.0576186400370622)	(44.0, 1.2099802971783828)	(45.0, 1.491718688628841)	(46.0, 1.5025754426130755)	(47.0, 1.1464306738408923)	(48.0, 0.9442734065268426)	(49.0, 0.8938200090809204)	(50.0, 1.1264198096373614)	(51.0, 1.4388430365890463)	(52.0, 1.6211568624964787)	(53.0, 2.9268446319286228)	(54.0, 3.802524995359585)	(55.0, 2.826268458660958)	(56.0, 1.8978334023209975)	(57.0, 2.305640391852595)	(58.0, 3.892138815401844)	(59.0, 5.282914613398222)	(60.0, 5.697234196130845)	(61.0, 5.217763337570077)	(62.0, 4.4478342782187035)	(63.0, 3.673331427734227)	(64.0, 3.204284558267507)	(65.0, 3.811098885748295)	(66.0, 6.263133617622875)	(67.0, 6.331525062167426)	(68.0, 3.386242802730119)	(69.0, 2.803111121067733)	(70.0, 3.4781014706410804)	(71.0, 3.14391788805757)	(72.0, 2.143594324302673)	(73.0, 1.08447963101613)	(74.0, 0.5840736268936431)	(75.0, 0.46929915565381136)	(76.0, 1.0078115099471145)	(77.0, 0.891682680439593)	(78.0, 0.1491433762676296)	(79.0, 0.05969006707195323)	(80.0, 0.04575711119305954)	(81.0, 0.02713478101163443)	(82.0, 0.02151421340058364)	(83.0, 0.017094405160972066)	(84.0, 0.014705942324274933)	(85.0, 0.012835875762423642)	(86.0, 0.011441197784468017)	(87.0, 0.010948913321984782)	(88.0, 0.010173622893159779)	(89.0, 0.008439875351730913)	(90.0, 0.006888910496840282)	(91.0, 0.005536856212594205)	(92.0, 0.0044582079636742294)	(93.0, 0.0030189863058059253)	(94.0, 0.0015413649238749663)	(95.0, 0.0007376586992436)	(96.0, 0.0005064923603864176)	(97.0, 0.00046041269151123184)	(98.0, 0.0005790678388648353)	(99.0, 0.0026653248471888743)	(100.0, 0.006290258798703493)
mehreen_1027_MERGE_2_val_2	(0.0, 6.372503045528614e-05)	(1.0, 5.1056801509355746e-05)	(2.0, 3.5317486758351346e-05)	(3.0, 6.295725900401763e-05)	(4.0, 0.0002061466346655943)	(5.0, 0.00018426514830444183)	(6.0, 5.336011586316128e-05)	(7.0, 6.334114472965188e-05)	(8.0, 0.00011055908898266509)	(9.0, 0.0005754447027257465)	(10.0, 0.001196571806801969)	(11.0, 0.0010668184315375912)	(12.0, 0.001184671349307307)	(13.0, 0.002314447039848916)	(14.0, 0.003172047750915839)	(15.0, 0.0028035174543069555)	(16.0, 0.0022311438373862832)	(17.0, 0.0033336636414078597)	(18.0, 0.005767883027654663)	(19.0, 0.005589376165234736)	(20.0, 0.005450025646829501)	(21.0, 0.009931123722158146)	(22.0, 0.030232536436600024)	(23.0, 0.0657005063994)	(24.0, 0.08104672216735492)	(25.0, 0.06265091819496149)	(26.0, 0.05373440444565468)	(27.0, 0.07422852779436495)	(28.0, 0.10077921623640683)	(29.0, 0.1287525851776493)	(30.0, 0.15867762914801628)	(31.0, 0.19106222896252192)	(32.0, 0.23504593597706655)	(33.0, 0.28045693011951933)	(34.0, 0.3337978516963989)	(35.0, 0.41350788376709535)	(36.0, 0.4850185006239698)	(37.0, 0.5175036784985916)	(38.0, 0.5531582169240499)	(39.0, 0.6010959469126272)	(40.0, 0.7776507504177051)	(41.0, 0.8916110669294897)	(42.0, 1.1835385025309606)	(43.0, 1.313445432085592)	(44.0, 1.1204326797511224)	(45.0, 1.0501044309292016)	(46.0, 0.9493543900079427)	(47.0, 0.9451980592565008)	(48.0, 1.1396473119762938)	(49.0, 1.527348861723352)	(50.0, 1.5522231212015491)	(51.0, 1.351059707140413)	(52.0, 1.5404631658824695)	(53.0, 1.9686539108836238)	(54.0, 3.5091516264814)	(55.0, 6.115359879412587)	(56.0, 5.117202480990487)	(57.0, 2.6132990061693775)	(58.0, 2.4434718000060403)	(59.0, 3.364906565074329)	(60.0, 6.936920630785515)	(61.0, 7.282873456212672)	(62.0, 4.057558873665001)	(63.0, 2.2318141018632405)	(64.0, 1.3626330939968345)	(65.0, 1.6701781525742838)	(66.0, 2.0887160910043647)	(67.0, 2.518073080839996)	(68.0, 2.8396791057759763)	(69.0, 2.8666420874873495)	(70.0, 2.449296114235363)	(71.0, 2.396738703424503)	(72.0, 2.1908197129942097)	(73.0, 1.7630251380619097)	(74.0, 2.5954287417553776)	(75.0, 3.207370228188624)	(76.0, 2.0835059939360563)	(77.0, 0.915776673358166)	(78.0, 0.5571563867565306)	(79.0, 1.4434122478134224)	(80.0, 1.3470500207361633)	(81.0, 0.10861547555377886)	(82.0, 0.023760990873857774)	(83.0, 0.01946607737546174)	(84.0, 0.01742726028661822)	(85.0, 0.015477120800396208)	(86.0, 0.013932364640443971)	(87.0, 0.01317227090368815)	(88.0, 0.012249409619263405)	(89.0, 0.01049006133868162)	(90.0, 0.008951063464613896)	(91.0, 0.007559861594915359)	(92.0, 0.006389010131730885)	(93.0, 0.004878419801360097)	(94.0, 0.0032860618114292127)	(95.0, 0.0024649302442975437)	(96.0, 0.002248418695039824)	(97.0, 0.002369726584340249)	(98.0, 0.0030964222629658914)	(99.0, 0.006130655038379033)	(100.0, 0.0273453318941048)
mehreen_1028_MERGE_1_val_1	(0.0, 0.0003202075852407185)	(1.0, 0.00024571484839652357)	(2.0, 0.0001951264972560628)	(3.0, 0.00030019461116317356)	(4.0, 0.00035689803771621743)	(5.0, 0.0003013064430563705)	(6.0, 0.0002774020573526363)	(7.0, 0.0002796257211390302)	(8.0, 0.00028574079655161334)	(9.0, 0.00033132590417268783)	(10.0, 0.00043194669050701084)	(11.0, 0.0004947651924726379)	(12.0, 0.0010656908696292662)	(13.0, 0.0012369129811815947)	(14.0, 0.0020179748861524445)	(15.0, 0.0027968131273369)	(16.0, 0.0022097658877289167)	(17.0, 0.002637821166609738)	(18.0, 0.0040326142766252985)	(19.0, 0.006408043116440558)	(20.0, 0.009781341080400071)	(21.0, 0.01926137571774377)	(22.0, 0.042668772565218935)	(23.0, 0.06448791755326226)	(24.0, 0.08786529493962111)	(25.0, 0.11520468527738724)	(26.0, 0.1517266952210669)	(27.0, 0.21160440182918808)	(28.0, 0.2909575117944934)	(29.0, 0.38138279966820043)	(30.0, 0.4662122376234474)	(31.0, 0.5652536667534841)	(32.0, 0.6697931045953797)	(33.0, 0.7742980756485862)	(34.0, 0.883724570577029)	(35.0, 0.9947215280546123)	(36.0, 1.0887508190101174)	(37.0, 1.157918992917792)	(38.0, 1.216256256437889)	(39.0, 1.268716932486493)	(40.0, 1.3127104527524562)	(41.0, 1.3323170522730376)	(42.0, 1.369174835448463)	(43.0, 1.4491600218450507)	(44.0, 1.5052580559322488)	(45.0, 1.6466374876392784)	(46.0, 1.6119316550931362)	(47.0, 1.4421515895062837)	(48.0, 1.341786524507396)	(49.0, 1.2821322961098076)	(50.0, 1.6588665266325515)	(51.0, 2.3630074539044643)	(52.0, 2.212640529088777)	(53.0, 2.3722173133917615)	(54.0, 2.884197554982714)	(55.0, 2.372483041214235)	(56.0, 1.8369130623453231)	(57.0, 2.125124905279567)	(58.0, 3.035163757188834)	(59.0, 3.568711313844021)	(60.0, 3.8233864154678185)	(61.0, 3.7690233950499543)	(62.0, 3.1794300604065495)	(63.0, 2.437765918571133)	(64.0, 2.200924044598268)	(65.0, 2.7725479521838237)	(66.0, 5.29519945622081)	(67.0, 6.193814235427479)	(68.0, 4.405567722795226)	(69.0, 3.7515426181091653)	(70.0, 3.72205405672185)	(71.0, 3.3383475283968678)	(72.0, 2.343566517335969)	(73.0, 1.3198750974722173)	(74.0, 0.7072468296655584)	(75.0, 0.47154069197159365)	(76.0, 0.40870884802324825)	(77.0, 0.27251833576176876)	(78.0, 0.10385621714352608)	(79.0, 0.04905457904379555)	(80.0, 0.03592217663729991)	(81.0, 0.028758087833485428)	(82.0, 0.02326230278541296)	(83.0, 0.018810527885052414)	(84.0, 0.0165646274607946)	(85.0, 0.014865748327989675)	(86.0, 0.013593256726225777)	(87.0, 0.012979525521181067)	(88.0, 0.012073382528225561)	(89.0, 0.010245530895809794)	(90.0, 0.00849606341186441)	(91.0, 0.006937275097602301)	(92.0, 0.005618642472270732)	(93.0, 0.0038113597298791075)	(94.0, 0.002055221254574542)	(95.0, 0.0010212175939013886)	(96.0, 0.0006348560110154523)	(97.0, 0.0005548041147052726)	(98.0, 0.0005581396103848635)	(99.0, 0.0017072178720039)	(100.0, 0.006161216436150837)
mehreen_1028_MERGE_2_val_2	(0.0, 8.228211125690057e-05)	(1.0, 7.727846935614309e-05)	(2.0, 7.449866830016672e-05)	(3.0, 0.0001050764799159068)	(4.0, 0.000265748980951341)	(5.0, 0.00025129401546026387)	(6.0, 0.00010618840033829735)	(7.0, 0.00012175528625176501)	(8.0, 0.00017735130737129242)	(9.0, 0.0005270502802131198)	(10.0, 0.0009784899717036823)	(11.0, 0.0008478393220727929)	(12.0, 0.0007955790622204371)	(13.0, 0.0012058776980825494)	(14.0, 0.00160227732866478)	(15.0, 0.0017479389039979417)	(16.0, 0.002037038213819484)	(17.0, 0.0035709324365072455)	(18.0, 0.0053244309426171395)	(19.0, 0.0067321221973635735)	(20.0, 0.010390340387028477)	(21.0, 0.017745138020930758)	(22.0, 0.03774914237994791)	(23.0, 0.06787217854293025)	(24.0, 0.09187631662149741)	(25.0, 0.1087691676386658)	(26.0, 0.14315308286024872)	(27.0, 0.2054801142567173)	(28.0, 0.2811968913796129)	(29.0, 0.3623203815563825)	(30.0, 0.4455737553022412)	(31.0, 0.5424865154769565)	(32.0, 0.655818448568902)	(33.0, 0.7653720760655642)	(34.0, 0.8725378544551429)	(35.0, 0.9939740195456818)	(36.0, 1.0961317083528135)	(37.0, 1.155657256245069)	(38.0, 1.2116902620905958)	(39.0, 1.2605708398190956)	(40.0, 1.3062635416966017)	(41.0, 1.3228167010247296)	(42.0, 1.3803152179869673)	(43.0, 1.3967338349439862)	(44.0, 1.3501860662616618)	(45.0, 1.3451451750267545)	(46.0, 1.3110620342794281)	(47.0, 1.2964369449637252)	(48.0, 1.4354320014044444)	(49.0, 1.6800233605585382)	(50.0, 1.6763573589259166)	(51.0, 1.5407425405692645)	(52.0, 1.5660142679293567)	(53.0, 1.6021277753679681)	(54.0, 1.9363288013625164)	(55.0, 2.8202905262372995)	(56.0, 2.595571964832381)	(57.0, 2.1935888258491167)	(58.0, 3.0989844847461114)	(59.0, 3.7608006320733876)	(60.0, 4.976091848451896)	(61.0, 4.720099413246821)	(62.0, 2.9012516760324)	(63.0, 1.9333154970178377)	(64.0, 1.5537453379886994)	(65.0, 1.8498386272670788)	(66.0, 2.3342011705442025)	(67.0, 2.9015224286552526)	(68.0, 3.208328515243153)	(69.0, 3.153742673827367)	(70.0, 3.567402645126366)	(71.0, 3.9112657036312766)	(72.0, 2.9691321939784983)	(73.0, 2.1915957084919815)	(74.0, 2.9610463086668743)	(75.0, 3.549470148514263)	(76.0, 2.256813177026454)	(77.0, 0.801002454080647)	(78.0, 0.3244922928264448)	(79.0, 0.37438138237805274)	(80.0, 0.3053316801078109)	(81.0, 0.04504723207230828)	(82.0, 0.02449505094505258)	(83.0, 0.021023079426138094)	(84.0, 0.019017174984145544)	(85.0, 0.017260896676979675)	(86.0, 0.01581540012787196)	(87.0, 0.014767415129768868)	(88.0, 0.013537075182393728)	(89.0, 0.011701294565026932)	(90.0, 0.01024745861275129)	(91.0, 0.009053812039315037)	(92.0, 0.007747861503217339)	(93.0, 0.005898181880570662)	(94.0, 0.004092979074819607)	(95.0, 0.003087803012978552)	(96.0, 0.002803707345057767)	(97.0, 0.0030705682464314986)	(98.0, 0.0042247416448728875)	(99.0, 0.009380716643497858)	(100.0, 0.045438072100778555)
mehreen_1029_MERGE_1_val_1	(0.0, 0.0005317813565758685)	(1.0, 0.00040019260252520714)	(2.0, 0.000286917747234174)	(3.0, 0.0004517428360708271)	(4.0, 0.0005243201385626867)	(5.0, 0.0004083321130850419)	(6.0, 0.0003764523633923559)	(7.0, 0.00038323528885888484)	(8.0, 0.00040019260252520714)	(9.0, 0.0004761613677503313)	(10.0, 0.0005968974410545463)	(11.0, 0.0008824586031954145)	(12.0, 0.0009631754162471088)	(13.0, 0.0014074570343047541)	(14.0, 0.0029946615934725246)	(15.0, 0.0038404923991486833)	(16.0, 0.003443012966810088)	(17.0, 0.0037394268096974017)	(18.0, 0.00578312225276257)	(19.0, 0.00928989471895803)	(20.0, 0.014163426666659068)	(21.0, 0.02645205273436954)	(22.0, 0.06016658376575162)	(23.0, 0.0889031257972481)	(24.0, 0.12055632577935202)	(25.0, 0.153848958846716)	(26.0, 0.2005928114067535)	(27.0, 0.28450302576808967)	(28.0, 0.39490666870914115)	(29.0, 0.5247020172664523)	(30.0, 0.6361692229206555)	(31.0, 0.7728221091246273)	(32.0, 0.9158597630702429)	(33.0, 1.050837266683982)	(34.0, 1.2043321568213452)	(35.0, 1.357089742960497)	(36.0, 1.4824558411881645)	(37.0, 1.5733077014719463)	(38.0, 1.6968715764031572)	(39.0, 1.790854435082289)	(40.0, 1.926110038640156)	(41.0, 1.9883020039502128)	(42.0, 1.9424507843815706)	(43.0, 2.007241966730402)	(44.0, 2.1116006664956823)	(45.0, 2.2662534020101823)	(46.0, 2.20233993021672)	(47.0, 1.9772641493385306)	(48.0, 1.8517929157661317)	(49.0, 1.7586918373976488)	(50.0, 1.9141537759203051)	(51.0, 2.568552789324804)	(52.0, 2.5032935851187825)	(53.0, 2.3464119802959815)	(54.0, 2.65756579851461)	(55.0, 2.5570557306590374)	(56.0, 2.1961939214514983)	(57.0, 2.1409836213241396)	(58.0, 2.8533847869780202)	(59.0, 3.2823261408005635)	(60.0, 3.4154858203892733)	(61.0, 3.3964054510519275)	(62.0, 2.932572728629559)	(63.0, 2.1718567848775927)	(64.0, 1.8238838906415515)	(65.0, 2.0721918695351493)	(66.0, 3.852427634799587)	(67.0, 4.7964887670820175)	(68.0, 3.5715222726989446)	(69.0, 2.875015536290781)	(70.0, 2.8693321230423763)	(71.0, 2.5888968176765643)	(72.0, 1.6615895112964605)	(73.0, 0.8910973370695857)	(74.0, 0.4769624312479283)	(75.0, 0.32940124430868467)	(76.0, 0.2867576701931639)	(77.0, 0.1896668750652687)	(78.0, 0.08392445850481586)	(79.0, 0.04537573649343862)	(80.0, 0.034183231181119225)	(81.0, 0.02838857795506355)	(82.0, 0.023285104834047183)	(83.0, 0.019437829509431973)	(84.0, 0.017451110640285643)	(85.0, 0.01588628973515742)	(86.0, 0.014925827489096922)	(87.0, 0.014437456855506839)	(88.0, 0.013148701016866342)	(89.0, 0.010582720312878446)	(90.0, 0.00830772711140464)	(91.0, 0.006619456962785588)	(92.0, 0.005557250834727157)	(93.0, 0.004002604317798725)	(94.0, 0.0024296439021106644)	(95.0, 0.0013721858218788037)	(96.0, 0.0008248037367299185)	(97.0, 0.0006375949938537199)	(98.0, 0.0006077501218009926)	(99.0, 0.0022553227176208713)	(100.0, 0.0062592836205129015)
mehreen_1029_MERGE_2_val_2	(0.0, 0.0001803691407711844)	(1.0, 0.00015121172327809822)	(2.0, 0.00013086933898059618)	(3.0, 0.00019596496873260262)	(4.0, 0.00040413536804370637)	(5.0, 0.000366162917355036)	(6.0, 0.0001634171538565994)	(7.0, 0.0001837595381541014)	(8.0, 0.00027258794958652684)	(9.0, 0.0007540243779607408)	(10.0, 0.0013575151121199669)	(11.0, 0.0012022349119823683)	(12.0, 0.0011873171634975335)	(13.0, 0.0018321707457283468)	(14.0, 0.0023190318099152282)	(15.0, 0.002459394261567992)	(16.0, 0.0032534253286471532)	(17.0, 0.006015243036771341)	(18.0, 0.008652972200680767)	(19.0, 0.010632964272304295)	(20.0, 0.016203387172436926)	(21.0, 0.027405938205071277)	(22.0, 0.06081220169842906)	(23.0, 0.1095179724219381)	(24.0, 0.14546567779353045)	(25.0, 0.16506963354103316)	(26.0, 0.20515294564030767)	(27.0, 0.2870025630997367)	(28.0, 0.3856346476046049)	(29.0, 0.48946014282062533)	(30.0, 0.6039836979387021)	(31.0, 0.7384773717216366)	(32.0, 0.8984939570031704)	(33.0, 1.0542088060852588)	(34.0, 1.2090170629071555)	(35.0, 1.3832082215671884)	(36.0, 1.516469824941171)	(37.0, 1.5848337977703093)	(38.0, 1.6745152331842765)	(39.0, 1.7615657202291004)	(40.0, 1.8321598964567216)	(41.0, 1.8818068414937283)	(42.0, 1.960149431900268)	(43.0, 1.967641532037038)	(44.0, 1.919714874632123)	(45.0, 1.8803598198906992)	(46.0, 1.7989916388596445)	(47.0, 1.7689479714906637)	(48.0, 1.865924863993192)	(49.0, 2.026094017156957)	(50.0, 2.023567493027207)	(51.0, 1.9245855195124217)	(52.0, 1.9358802893538716)	(53.0, 2.047174830004458)	(54.0, 2.3164286628046242)	(55.0, 2.908881619244026)	(56.0, 2.697328281424247)	(57.0, 2.215153424500034)	(58.0, 2.666717061533366)	(59.0, 3.1382325090856886)	(60.0, 3.999537197195642)	(61.0, 3.7774336207997026)	(62.0, 2.4598933280627575)	(63.0, 1.6927420095148384)	(64.0, 1.389734058449827)	(65.0, 1.6644633830234044)	(66.0, 2.018456129932721)	(67.0, 2.4364053330733846)	(68.0, 2.699343533628653)	(69.0, 2.608263898333971)	(70.0, 2.8661490506297396)	(71.0, 2.9938931213027633)	(72.0, 2.2059206943468745)	(73.0, 1.632841824712414)	(74.0, 2.2811305575715988)	(75.0, 2.7946109877707146)	(76.0, 1.735062983886838)	(77.0, 0.5844021188139267)	(78.0, 0.2379767388632803)	(79.0, 0.2690422720034722)	(80.0, 0.2204151584992468)	(81.0, 0.04007042858921944)	(82.0, 0.0247580378490131)	(83.0, 0.021731091065544803)	(84.0, 0.019884002571331622)	(85.0, 0.018337303285244886)	(86.0, 0.01717168466499802)	(87.0, 0.016566159692409044)	(88.0, 0.015238480077258748)	(89.0, 0.012815024027949677)	(90.0, 0.010774682882910225)	(91.0, 0.009200860417760155)	(92.0, 0.00803524179751329)	(93.0, 0.006327837675476289)	(94.0, 0.00463670746087729)	(95.0, 0.0035877185106027694)	(96.0, 0.0030696657904930517)	(97.0, 0.003105604002751972)	(98.0, 0.00437971533925218)	(99.0, 0.010413266521891274)	(100.0, 0.04822433429513483)
mehreen_1030_MERGE_1_val_1	(0.0, 0.0005063683517636949)	(1.0, 0.0003565708587307688)	(2.0, 0.00023167672725999156)	(3.0, 0.00041920658629617365)	(4.0, 0.0005278758003855508)	(5.0, 0.0004105281421154248)	(6.0, 0.0003407232650094013)	(7.0, 0.0003871340751934061)	(8.0, 0.00044524191883842025)	(9.0, 0.0005950394118713464)	(10.0, 0.0008893518666967428)	(11.0, 0.0010240564133283667)	(12.0, 0.0010282069735887249)	(13.0, 0.001105181000235367)	(14.0, 0.001507030698170043)	(15.0, 0.0018281331328577509)	(16.0, 0.0021635738666266964)	(17.0, 0.0031770652174741513)	(18.0, 0.005056891691756363)	(19.0, 0.008396583406704548)	(20.0, 0.012960313074798356)	(21.0, 0.02343066731704185)	(22.0, 0.04922828595346795)	(23.0, 0.0708394985818328)	(24.0, 0.09886823202003142)	(25.0, 0.13429854637342875)	(26.0, 0.17783415026798544)	(27.0, 0.2478178787888644)	(28.0, 0.3412262374482247)	(29.0, 0.4439277005305269)	(30.0, 0.5222533005274057)	(31.0, 0.605405624783421)	(32.0, 0.7069607785865443)	(33.0, 0.8039367324515123)	(34.0, 0.9035505560237682)	(35.0, 1.0247212576173441)	(36.0, 1.127326503166338)	(37.0, 1.1964495564186826)	(38.0, 1.270667611052447)	(39.0, 1.3100145449969822)	(40.0, 1.3313646496526044)	(41.0, 1.3482815786265043)	(42.0, 1.3694494359543308)	(43.0, 1.39052786757473)	(44.0, 1.398714659026456)	(45.0, 1.4904560017557926)	(46.0, 1.4382853459013907)	(47.0, 1.2964207054969892)	(48.0, 1.2432078816935774)	(49.0, 1.2181215181563125)	(50.0, 1.4555739386804225)	(51.0, 2.0032656457199036)	(52.0, 1.9421399674419488)	(53.0, 2.040101868030582)	(54.0, 2.4661866873254894)	(55.0, 2.1627018716483613)	(56.0, 1.7206675812438776)	(57.0, 1.984997898043087)	(58.0, 2.8486479863130523)	(59.0, 3.4007366459628923)	(60.0, 3.931109197006879)	(61.0, 3.9549685040017173)	(62.0, 3.315159639867508)	(63.0, 2.5965018278199543)	(64.0, 2.1421211299355454)	(65.0, 2.609697590858613)	(66.0, 5.702906398127128)	(67.0, 7.2152441535755285)	(68.0, 5.234841303064319)	(69.0, 3.763076028808239)	(70.0, 3.065715118780243)	(71.0, 2.8449079541948095)	(72.0, 2.2177511297051518)	(73.0, 1.3506473979749083)	(74.0, 0.820702354637739)	(75.0, 0.5749246648786707)	(76.0, 0.4412709646402376)	(77.0, 0.28932008547950566)	(78.0, 0.17197733241696006)	(79.0, 0.13049172796736022)	(80.0, 0.11883544546163441)	(81.0, 0.1079858809410582)	(82.0, 0.091968114249016)	(83.0, 0.0783131483160977)	(84.0, 0.0737784725698264)	(85.0, 0.07296798134807646)	(86.0, 0.07349321588284179)	(87.0, 0.0713877498598601)	(88.0, 0.06406050170568783)	(89.0, 0.05094624057759619)	(90.0, 0.03968614791490455)	(91.0, 0.032859230933935446)	(92.0, 0.028301161120742133)	(93.0, 0.021228983760751868)	(94.0, 0.013861361974956108)	(95.0, 0.008101516304559086)	(96.0, 0.004441099478583226)	(97.0, 0.0028114385909026015)	(98.0, 0.0020092484896733795)	(99.0, 0.00568739952767077)	(100.0, 0.011977007616753505)
mehreen_1030_MERGE_2_val_2	(0.0, 0.0001165279758643019)	(1.0, 9.382772082580154e-05)	(2.0, 8.323426847450135e-05)	(3.0, 0.0001532267215098775)	(4.0, 0.00044492499875460725)	(5.0, 0.0004104962786128817)	(6.0, 0.00014376828191050236)	(7.0, 0.000184628740979803)	(8.0, 0.0002879149014049797)	(9.0, 0.0008845532713335645)	(10.0, 0.0016200415345809765)	(11.0, 0.0014974601573730746)	(12.0, 0.0014932984439493494)	(13.0, 0.0019522219333110318)	(14.0, 0.0022181932548454614)	(15.0, 0.0023763383649470136)	(16.0, 0.003223057877883078)	(17.0, 0.005550590694497316)	(18.0, 0.007845208141305729)	(19.0, 0.009602586218869632)	(20.0, 0.015083184460331571)	(21.0, 0.02479889361680973)	(22.0, 0.04782489731511258)	(23.0, 0.08377339953166574)	(24.0, 0.11183848151093169)	(25.0, 0.13140156130311131)	(26.0, 0.17087957484056732)	(27.0, 0.23953611786692772)	(28.0, 0.3210773256531409)	(29.0, 0.40507583604727176)	(30.0, 0.4892362749273439)	(31.0, 0.5833772592726768)	(32.0, 0.6974441491532213)	(33.0, 0.807950882368561)	(34.0, 0.9174115121642098)	(35.0, 1.0501879522474862)	(36.0, 1.154653769259497)	(37.0, 1.2087798790357132)	(38.0, 1.2628208628555353)	(39.0, 1.3023726522218664)	(40.0, 1.3196857584021466)	(41.0, 1.3217923420697193)	(42.0, 1.3330705854480143)	(43.0, 1.318302934532718)	(44.0, 1.3039162695644844)	(45.0, 1.2972075875254396)	(46.0, 1.2377056790185224)	(47.0, 1.2024990968041442)	(48.0, 1.2786970428918785)	(49.0, 1.438024836280937)	(50.0, 1.4602790313079306)	(51.0, 1.3826483207896831)	(52.0, 1.4339891092726755)	(53.0, 1.5289707597296007)	(54.0, 1.7989184092716073)	(55.0, 2.535174319476905)	(56.0, 2.363819174293281)	(57.0, 2.023641097375578)	(58.0, 2.8460172351459376)	(59.0, 3.522907060036965)	(60.0, 4.769950488965574)	(61.0, 4.759232563549146)	(62.0, 3.2206183571416065)	(63.0, 2.2806556549469827)	(64.0, 1.8080473168353404)	(65.0, 1.9264949776007314)	(66.0, 2.219705470168609)	(67.0, 2.6476158710966926)	(68.0, 3.0868230539446855)	(69.0, 3.205692939453793)	(70.0, 3.8367093322878505)	(71.0, 4.029201819950574)	(72.0, 2.7829869503308697)	(73.0, 2.088305800553418)	(74.0, 3.1666401773607245)	(75.0, 3.884391596333804)	(76.0, 2.4435814387596433)	(77.0, 0.8990413307743034)	(78.0, 0.3585225313518992)	(79.0, 0.36650621104893977)	(80.0, 0.30008412979353577)	(81.0, 0.09729102306950874)	(82.0, 0.076352307821996)	(83.0, 0.07260487405272356)	(84.0, 0.07157125577330384)	(85.0, 0.0725859571735248)	(86.0, 0.07341640817034994)	(87.0, 0.07137754693030864)	(88.0, 0.06427047541533815)	(89.0, 0.052354733208045325)	(90.0, 0.04362156675715026)	(91.0, 0.03773841732633892)	(92.0, 0.032145452822436395)	(93.0, 0.024106157500551492)	(94.0, 0.016263976059917563)	(95.0, 0.010826886640612751)	(96.0, 0.007328020664011894)	(97.0, 0.006170307657048376)	(98.0, 0.006656093114872284)	(99.0, 0.01257934632958498)	(100.0, 0.056957966592269225)
mehreen_1031_MERGE_1_val_1	(0.0, 0.0003110751013540187)	(1.0, 0.00025386588731190037)	(2.0, 0.00020738340090267917)	(3.0, 0.00028485421158471445)	(4.0, 0.0003259733341774871)	(5.0, 0.0002765112012035722)	(6.0, 0.0002622088976930426)	(7.0, 0.0002872379288364694)	(8.0, 0.0003247814755516096)	(9.0, 0.0003962929931042576)	(10.0, 0.0005363363816448599)	(11.0, 0.0013104485591522743)	(12.0, 0.001628674812261558)	(13.0, 0.0016519160554661684)	(14.0, 0.002293731925501184)	(15.0, 0.0023759701706867293)	(16.0, 0.0027794143155462515)	(17.0, 0.004263874234076636)	(18.0, 0.005956313482822638)	(19.0, 0.008485437486934623)	(20.0, 0.01341198511699913)	(21.0, 0.022687624872890513)	(22.0, 0.04570658644377496)	(23.0, 0.07013909234495008)	(24.0, 0.10455401016716193)	(25.0, 0.14032705089356115)	(26.0, 0.19111572251807762)	(27.0, 0.2704190158373995)	(28.0, 0.3728640321660713)	(29.0, 0.4849803853144257)	(30.0, 0.5689152412539076)	(31.0, 0.6644880007457697)	(32.0, 0.7670635255939752)	(33.0, 0.8711372167349084)	(34.0, 0.9914875252001373)	(35.0, 1.1234822924401893)	(36.0, 1.230343144977737)	(37.0, 1.3089849567596967)	(38.0, 1.3791955606221995)	(39.0, 1.428466400286661)	(40.0, 1.5070968894116752)	(41.0, 1.6034491244448612)	(42.0, 1.6695692695033526)	(43.0, 1.7911990382034608)	(44.0, 2.064774691611497)	(45.0, 2.2895532691588576)	(46.0, 2.3135835227737993)	(47.0, 2.2026918043635337)	(48.0, 2.1804308648787076)	(49.0, 1.9968590115331215)	(50.0, 1.9737190763117103)	(51.0, 2.9601566965140047)	(52.0, 2.8786812408490214)	(53.0, 2.3629759320181005)	(54.0, 2.847278149774402)	(55.0, 2.6806867062716915)	(56.0, 2.1725109643097515)	(57.0, 2.3428192189372603)	(58.0, 3.120726274309469)	(59.0, 3.4610698479391604)	(60.0, 3.3527793609798726)	(61.0, 3.2890363779506946)	(62.0, 2.71824813086622)	(63.0, 1.991290052103709)	(64.0, 1.9391521965146992)	(65.0, 2.0863133647690417)	(66.0, 3.7095813103743063)	(67.0, 4.561016508094147)	(68.0, 3.8849269554840857)	(69.0, 3.405390384443356)	(70.0, 3.2428226556616084)	(71.0, 2.8148679381609156)	(72.0, 1.521348538930605)	(73.0, 0.8512731049467216)	(74.0, 0.5518275641347022)	(75.0, 0.47652116871726047)	(76.0, 0.3766082560392654)	(77.0, 0.20370115367803074)	(78.0, 0.1092016628787711)	(79.0, 0.06560704992005102)	(80.0, 0.050270809051572725)	(81.0, 0.04252611170062094)	(82.0, 0.033625311482568025)	(83.0, 0.026992618229559923)	(84.0, 0.0245659940672734)	(85.0, 0.023691765765192278)	(86.0, 0.023106563179886443)	(87.0, 0.022316360910929683)	(88.0, 0.020427860918226837)	(89.0, 0.01690651460807186)	(90.0, 0.013848205374070282)	(91.0, 0.011806551547942183)	(92.0, 0.01011470822850912)	(93.0, 0.007295366648995972)	(94.0, 0.004307377073921164)	(95.0, 0.0023271039670257534)	(96.0, 0.0013271345799145589)	(97.0, 0.000898065474598671)	(98.0, 0.000770536601629782)	(99.0, 0.0026554610184549954)	(100.0, 0.004892579659227)
mehreen_1031_MERGE_2_val_2	(0.0, 8.700482211116236e-05)	(1.0, 8.640889867204481e-05)	(2.0, 8.640889867204481e-05)	(3.0, 0.00010964991279762926)	(4.0, 0.0001912914239567337)	(5.0, 0.00017341372078320716)	(6.0, 0.00010011513777174848)	(7.0, 0.00013765831443615415)	(8.0, 0.00019486696459143898)	(9.0, 0.00040344016828258164)	(10.0, 0.000650748395516365)	(11.0, 0.0006674342518116564)	(12.0, 0.00094632642131867)	(13.0, 0.0016256791419126775)	(14.0, 0.0022001493372219958)	(15.0, 0.0024331554019169583)	(16.0, 0.0025869036492092864)	(17.0, 0.004155970064405796)	(18.0, 0.006718440852611262)	(19.0, 0.008751135703441227)	(20.0, 0.013621617971348966)	(21.0, 0.024165291379655784)	(22.0, 0.055032933679066656)	(23.0, 0.09517552838490309)	(24.0, 0.12242472356199219)	(25.0, 0.14053185725957895)	(26.0, 0.18132102889685794)	(27.0, 0.260410795889661)	(28.0, 0.3532687780198359)	(29.0, 0.44285871600989024)	(30.0, 0.5290858580330041)	(31.0, 0.6306234650539262)	(32.0, 0.7548746939568137)	(33.0, 0.8715773606563991)	(34.0, 0.9873629011831827)	(35.0, 1.1274621180259623)	(36.0, 1.2448185127382598)	(37.0, 1.3178274769583074)	(38.0, 1.3868908320879576)	(39.0, 1.4469539555166155)	(40.0, 1.5286401609336537)	(41.0, 1.6000776750447483)	(42.0, 1.6949045882177678)	(43.0, 1.7064774214054304)	(44.0, 1.822763537621073)	(45.0, 1.9088965237408062)	(46.0, 1.8538284305788317)	(47.0, 1.9075646348543787)	(48.0, 2.0251260272297325)	(49.0, 2.2441761609040007)	(50.0, 2.219965579342972)	(51.0, 2.0856658894096842)	(52.0, 2.0713756453396455)	(53.0, 1.889916362204912)	(54.0, 1.88356322242048)	(55.0, 2.472129390758685)	(56.0, 2.4532225278058024)	(57.0, 2.181727555948555)	(58.0, 2.8806831780723345)	(59.0, 3.466944314548033)	(60.0, 3.9578648518461925)	(61.0, 3.632447747600394)	(62.0, 2.642567665810378)	(63.0, 2.027562758172284)	(64.0, 1.6861731179878172)	(65.0, 1.8870046802813838)	(66.0, 2.370722886894369)	(67.0, 3.0204153060766177)	(68.0, 3.205985865017823)	(69.0, 2.9674615492766323)	(70.0, 3.3933775659889713)	(71.0, 3.260666607944371)	(72.0, 2.218927480712029)	(73.0, 1.7565361821381829)	(74.0, 2.3177101336739105)	(75.0, 2.666575037478668)	(76.0, 1.594732241795864)	(77.0, 0.5497101723374235)	(78.0, 0.2154853196614671)	(79.0, 0.21070243813910966)	(80.0, 0.16535385626914229)	(81.0, 0.043070366562220956)	(82.0, 0.0297955760324384)	(83.0, 0.026252215263445445)	(84.0, 0.02507109500711446)	(85.0, 0.024311888545678704)	(86.0, 0.023530036993556477)	(87.0, 0.022833402493228058)	(88.0, 0.021317373264113013)	(89.0, 0.018273992260539683)	(90.0, 0.015716884783286273)	(91.0, 0.013703259482508069)	(92.0, 0.011742671367811331)	(93.0, 0.008805960659840042)	(94.0, 0.005785224746953179)	(95.0, 0.003888400440242016)	(96.0, 0.0029325392438974652)	(97.0, 0.002715623112058677)	(98.0, 0.0032734074510727042)	(99.0, 0.005923478984828451)	(100.0, 0.026829665075950353)
mehreen_1032_MERGE_1_val_1	(0.0, 0.00018517745040690689)	(1.0, 0.00016514363267282632)	(2.0, 0.00015593890560581633)	(3.0, 0.00022037199507488625)	(4.0, 0.00028263926641054207)	(5.0, 0.0002750589029435927)	(6.0, 0.00027668326654365326)	(7.0, 0.0002967170842777338)	(8.0, 0.0003264970836121779)	(9.0, 0.00040013490014825787)	(10.0, 0.0006383748948238106)	(11.0, 0.0008831123438996055)	(12.0, 0.0009166825249675244)	(13.0, 0.0025394217614280504)	(14.0, 0.004483784990700573)	(15.0, 0.004325680266961342)	(16.0, 0.005468690786870642)	(17.0, 0.008092579455501842)	(18.0, 0.009350919791015443)	(19.0, 0.011641813921634225)	(20.0, 0.016784007624892686)	(21.0, 0.026734317584330487)	(22.0, 0.05434254278549357)	(23.0, 0.07747510481395638)	(24.0, 0.10335879732638847)	(25.0, 0.13945540524693484)	(26.0, 0.18975923866814443)	(27.0, 0.26450757845213246)	(28.0, 0.3623429980837816)	(29.0, 0.4726562374365628)	(30.0, 0.5661903422552514)	(31.0, 0.6803441186131093)	(32.0, 0.8003450624766518)	(33.0, 0.9092082865891122)	(34.0, 1.034113725615771)	(35.0, 1.1750770817380956)	(36.0, 1.2897295377211717)	(37.0, 1.3798833418881344)	(38.0, 1.4585583099480022)	(39.0, 1.508165291384786)	(40.0, 1.5564251339425859)	(41.0, 1.6083414189641223)	(42.0, 1.6775907465073718)	(43.0, 1.7941442493570527)	(44.0, 1.9441428572774473)	(45.0, 2.1023163457424134)	(46.0, 2.0163046687556054)	(47.0, 1.8430040235378082)	(48.0, 1.7755718174084931)	(49.0, 1.648694942425894)	(50.0, 1.8432146493512829)	(51.0, 2.6581908962282137)	(52.0, 2.568866600406349)	(53.0, 2.3643234871595196)	(54.0, 2.8234455270803775)	(55.0, 2.5335648477407653)	(56.0, 2.028015788857509)	(57.0, 2.2434215629524767)	(58.0, 3.088003460804112)	(59.0, 3.5385142078265153)	(60.0, 3.6272228698439575)	(61.0, 3.6075377488293565)	(62.0, 2.985521819821756)	(63.0, 2.2151825432199566)	(64.0, 2.072446464955433)	(65.0, 2.2517204365851864)	(66.0, 3.8937305813422975)	(67.0, 4.749283430948742)	(68.0, 4.263709712709964)	(69.0, 3.80379552480681)	(70.0, 3.1558672061965094)	(71.0, 2.642817377662707)	(72.0, 1.6238817055259018)	(73.0, 0.9345602707497912)	(74.0, 0.6106443008981096)	(75.0, 0.48522989461009847)	(76.0, 0.35947545487514126)	(77.0, 0.18200506829598853)	(78.0, 0.08465316756262412)	(79.0, 0.045976528790648195)	(80.0, 0.03329620507404191)	(81.0, 0.026481999771787747)	(82.0, 0.020225492638887718)	(83.0, 0.0153973425649743)	(84.0, 0.013217446613692993)	(85.0, 0.01200621282258115)	(86.0, 0.011134471023881968)	(87.0, 0.010558904854927166)	(88.0, 0.009751596145697055)	(89.0, 0.008127232545636468)	(90.0, 0.0068158296658542205)	(91.0, 0.00603613513782514)	(92.0, 0.005130823158058039)	(93.0, 0.0035427370117321394)	(94.0, 0.0018929250486039368)	(95.0, 0.0009118094341673427)	(96.0, 0.0005836879869551041)	(97.0, 0.0004483243536167219)	(98.0, 0.00036764762814704607)	(99.0, 0.0011608785195099658)	(100.0, 0.0015962079643262032)
mehreen_1032_MERGE_2_val_2	(0.0, 7.146905392942733e-05)	(1.0, 6.443043498183222e-05)	(2.0, 5.73918160342371e-05)	(3.0, 7.201048615616541e-05)	(4.0, 0.00012886086996366443)	(5.0, 0.0001407723789519023)	(6.0, 0.00011586649652195036)	(7.0, 0.00014185524340537848)	(8.0, 0.0002030370850267822)	(9.0, 0.0005452222523252524)	(10.0, 0.0010704115122611958)	(11.0, 0.00130106164085162)	(12.0, 0.002297296938049698)	(13.0, 0.004961684925827818)	(14.0, 0.006950365494636808)	(15.0, 0.0064641593550260066)	(16.0, 0.005519360119368047)	(17.0, 0.00762282432024551)	(18.0, 0.011839498502081722)	(19.0, 0.013587783162219001)	(20.0, 0.017270063736264725)	(21.0, 0.028247602133379415)	(22.0, 0.0593707508229648)	(23.0, 0.10254618087973998)	(24.0, 0.12934436894214155)	(25.0, 0.14563335748355685)	(26.0, 0.18577947423173244)	(27.0, 0.25857720284557506)	(28.0, 0.3499920785758067)	(29.0, 0.4454666131421206)	(30.0, 0.5439861625516094)	(31.0, 0.6532553073907561)	(32.0, 0.7800706464018041)	(33.0, 0.9056948345140283)	(34.0, 1.0341804919445632)	(35.0, 1.1876640752835956)	(36.0, 1.3138302370547845)	(37.0, 1.3866285071008537)	(38.0, 1.456090471765763)	(39.0, 1.5109148161808081)	(40.0, 1.5640011631480242)	(41.0, 1.602635601119147)	(42.0, 1.676577376028087)	(43.0, 1.6947023612503713)	(44.0, 1.7163656060743888)	(45.0, 1.7842904446475887)	(46.0, 1.7373731764718263)	(47.0, 1.692616764312976)	(48.0, 1.763077671436217)	(49.0, 1.925629161708659)	(50.0, 1.904318389264248)	(51.0, 1.8032573569824506)	(52.0, 1.7912667988891087)	(53.0, 1.7148647559418708)	(54.0, 1.9382293724893078)	(55.0, 2.656694777268399)	(56.0, 2.526871240805594)	(57.0, 2.2599332415147293)	(58.0, 3.1091101316084764)	(59.0, 3.7375153240886347)	(60.0, 4.555845195928432)	(61.0, 4.153539935605191)	(62.0, 2.66736748932186)	(63.0, 1.9242945312697497)	(64.0, 1.614904455377032)	(65.0, 1.8568786389896836)	(66.0, 2.2564810696370476)	(67.0, 2.7281004836272977)	(68.0, 2.925462817485638)	(69.0, 2.95726871221314)	(70.0, 3.6940827137241588)	(71.0, 3.53971713728777)	(72.0, 2.285115254380318)	(73.0, 1.8299640429985335)	(74.0, 2.3537894351553232)	(75.0, 2.597092834884617)	(76.0, 1.5346771937478894)	(77.0, 0.5377992164966733)	(78.0, 0.20978387200416546)	(79.0, 0.21029065256839233)	(80.0, 0.16511896189163383)	(81.0, 0.0329131236311815)	(82.0, 0.020658888043418405)	(83.0, 0.01729659391537489)	(84.0, 0.015464928692319945)	(85.0, 0.014105392370980614)	(86.0, 0.013085875488032798)	(87.0, 0.012483802851900044)	(88.0, 0.011876315893499913)	(89.0, 0.010452349137178747)	(90.0, 0.009129630207257603)	(91.0, 0.008174002327064882)	(92.0, 0.007109005137071068)	(93.0, 0.005503117152565904)	(94.0, 0.003869616124497099)	(95.0, 0.0029388941267343297)	(96.0, 0.002622697706319288)	(97.0, 0.002692001031341763)	(98.0, 0.0038111414440093866)	(99.0, 0.009131254503937819)	(100.0, 0.04207740550095034)
mehreen_1033_MERGE_1_val_1	(0.0, 0.0004159560620294947)	(1.0, 0.0003054514440467217)	(2.0, 0.00022517922154980164)	(3.0, 0.0003805111845633222)	(4.0, 0.00044097597553502816)	(5.0, 0.00035288503006762894)	(6.0, 0.0003226526345817759)	(7.0, 0.0003299501093542232)	(8.0, 0.0003648737386223637)	(9.0, 0.00042325353680194194)	(10.0, 0.0004998770219126383)	(11.0, 0.0009507567132102735)	(12.0, 0.0012603781428412507)	(13.0, 0.0011644684744033722)	(14.0, 0.0016878016652274483)	(15.0, 0.0020709190907809306)	(16.0, 0.0024712377068694664)	(17.0, 0.00354240275382512)	(18.0, 0.0050576712655039935)	(19.0, 0.008201840396032705)	(20.0, 0.012813844452219381)	(21.0, 0.023265913319156006)	(22.0, 0.05073829959642984)	(23.0, 0.07473656663382074)	(24.0, 0.10161003873155586)	(25.0, 0.1399598324053604)	(26.0, 0.1899668207799514)	(27.0, 0.26189959335655827)	(28.0, 0.36581094288242516)	(29.0, 0.47991634341720285)	(30.0, 0.5780804103115695)	(31.0, 0.6878683120220487)	(32.0, 0.8007539917734317)	(33.0, 0.9199071598579507)	(34.0, 1.0545841417762574)	(35.0, 1.192855651268192)	(36.0, 1.3089808885703438)	(37.0, 1.4177533987910564)	(38.0, 1.4901907396233582)	(39.0, 1.5228531942084365)	(40.0, 1.5834837421071164)	(41.0, 1.6226883828256933)	(42.0, 1.6609203744067425)	(43.0, 1.7243333451865173)	(44.0, 1.8477086236750953)	(45.0, 1.9633418026783045)	(46.0, 1.9185003839462103)	(47.0, 1.7874148021123435)	(48.0, 1.6720318222441897)	(49.0, 1.5732333962928182)	(50.0, 1.8069574395529575)	(51.0, 2.554654619745113)	(52.0, 2.430317638331166)	(53.0, 2.2777258770946998)	(54.0, 2.692034794818414)	(55.0, 2.3733024679340358)	(56.0, 1.8901470882142624)	(57.0, 2.091650695361255)	(58.0, 2.8728735171544293)	(59.0, 3.270413880347455)	(60.0, 3.4046457163046426)	(61.0, 3.516108388475398)	(62.0, 3.0573557643946887)	(63.0, 2.2921222310761444)	(64.0, 2.120419947155232)	(65.0, 2.3896237915108123)	(66.0, 4.064204517443378)	(67.0, 4.880234730156531)	(68.0, 4.765013858477966)	(69.0, 4.2959035114541635)	(70.0, 3.355800068915267)	(71.0, 2.8492708774993445)	(72.0, 1.6979076252908916)	(73.0, 0.9826065418546196)	(74.0, 0.6198693995959889)	(75.0, 0.4807247993723504)	(76.0, 0.3600521927905682)	(77.0, 0.18040712882804547)	(78.0, 0.08639949506478557)	(79.0, 0.048422393852573895)	(80.0, 0.036808462752224054)	(81.0, 0.03067180771679393)	(82.0, 0.024683187169604878)	(83.0, 0.019521787512692523)	(84.0, 0.016690367300982983)	(85.0, 0.014913953442090101)	(86.0, 0.013493552102453043)	(87.0, 0.013103658450325144)	(88.0, 0.01224881140555275)	(89.0, 0.010162254868830862)	(90.0, 0.008185681701893715)	(91.0, 0.006435330252902432)	(92.0, 0.005227076929864376)	(93.0, 0.0035470939876074076)	(94.0, 0.0017555639309716016)	(95.0, 0.0008501558109901075)	(96.0, 0.0006265403340344018)	(97.0, 0.0006114241362914752)	(98.0, 0.0008637082641389382)	(99.0, 0.004151741897324468)	(100.0, 0.00960504054513471)
mehreen_1033_MERGE_2_val_2	(0.0, 0.0001136424657581306)	(1.0, 0.00010217396003942017)	(2.0, 0.0001011313686104465)	(3.0, 0.00013605818148106462)	(4.0, 0.00023979602866394531)	(5.0, 0.0002079969900802482)	(6.0, 0.00010842950861326221)	(7.0, 0.00013188781576516993)	(8.0, 0.00019444330150359044)	(9.0, 0.0005228596016302982)	(10.0, 0.0008919369674869793)	(11.0, 0.0008158277931719009)	(12.0, 0.0009242573017851631)	(13.0, 0.0015487695677403944)	(14.0, 0.002063288437938903)	(15.0, 0.002157642962261021)	(16.0, 0.002726897882480648)	(17.0, 0.0047255456518231825)	(18.0, 0.007174592918482345)	(19.0, 0.009234753582134329)	(20.0, 0.01418132861689993)	(21.0, 0.024204802615052843)	(22.0, 0.049975056260709666)	(23.0, 0.08783311493388728)	(24.0, 0.11877201558868108)	(25.0, 0.14116218782160525)	(26.0, 0.18254993977757322)	(27.0, 0.2547160333082731)	(28.0, 0.34336914640104815)	(29.0, 0.44112251878161995)	(30.0, 0.5443833803857452)	(31.0, 0.6584819798940518)	(32.0, 0.7891437081387487)	(33.0, 0.9178980153641383)	(34.0, 1.0443424612786365)	(35.0, 1.1899174173233729)	(36.0, 1.3149142250387413)	(37.0, 1.3913241869810784)	(38.0, 1.4584107750698185)	(39.0, 1.5092016591237)	(40.0, 1.547558076499927)	(41.0, 1.5757210774750785)	(42.0, 1.619129892916112)	(43.0, 1.6178839961584885)	(44.0, 1.6641495121149097)	(45.0, 1.680161109985373)	(46.0, 1.5988681710854376)	(47.0, 1.588887964631587)	(48.0, 1.642506356640845)	(49.0, 1.7860821436205245)	(50.0, 1.7872941561567064)	(51.0, 1.691798515515577)	(52.0, 1.6975630035263727)	(53.0, 1.6916134555369344)	(54.0, 1.9445961805945389)	(55.0, 2.6340535518433983)	(56.0, 2.472588981125389)	(57.0, 2.187200950568139)	(58.0, 3.070445833311765)	(59.0, 3.702740001692856)	(60.0, 4.4299402252619915)	(61.0, 4.09754539624232)	(62.0, 2.755229261971578)	(63.0, 1.9807777522499266)	(64.0, 1.5954740146884139)	(65.0, 1.7831274395108132)	(66.0, 2.1792152215179152)	(67.0, 2.686036639196311)	(68.0, 2.90834632441351)	(69.0, 3.035399643722529)	(70.0, 4.328708767874363)	(71.0, 4.130546542743624)	(72.0, 2.3293807076244226)	(73.0, 1.8481345789944654)	(74.0, 2.4233307064720986)	(75.0, 2.729057089330052)	(76.0, 1.6224969419359823)	(77.0, 0.5549349269426732)	(78.0, 0.21443499215416068)	(79.0, 0.2112363216500694)	(80.0, 0.16525751833661584)	(81.0, 0.03535010499078143)	(82.0, 0.02327064069469243)	(83.0, 0.020398301307869956)	(84.0, 0.018570638532879102)	(85.0, 0.016850883970787028)	(86.0, 0.015377702281647223)	(87.0, 0.01479958533428132)	(88.0, 0.01395717145967059)	(89.0, 0.01201378103606366)	(90.0, 0.010197065471077031)	(91.0, 0.008590432079028598)	(92.0, 0.007367472332842476)	(93.0, 0.005663356642185004)	(94.0, 0.0038951215786456506)	(95.0, 0.0030422817897451846)	(96.0, 0.00285513662824441)	(97.0, 0.0030975391354807888)	(98.0, 0.004500867198879356)	(99.0, 0.010214268229655096)	(100.0, 0.05050782048091521)
mehreen_1034_MERGE_1_val_1	(0.0, 0.0001520755347340028)	(1.0, 0.00012479480903744504)	(2.0, 9.28705555627498e-05)	(3.0, 0.00012363392709291066)	(4.0, 0.00016194303126254497)	(5.0, 0.00016542567709614808)	(6.0, 0.0001729714097356215)	(7.0, 0.0001863215520977668)	(8.0, 0.000202573899321248)	(9.0, 0.0002136022777943245)	(10.0, 0.00025191138196395884)	(11.0, 0.0003087945972461431)	(12.0, 0.0003540689930829836)	(13.0, 0.00044345690281213023)	(14.0, 0.0006651853542181955)	(15.0, 0.0008149391250631295)	(16.0, 0.0010082259688281026)	(17.0, 0.0015834429723448839)	(18.0, 0.0026346215731207585)	(19.0, 0.004527439583684053)	(20.0, 0.00735825020543112)	(21.0, 0.014875541237263451)	(22.0, 0.035943807207645506)	(23.0, 0.05144158116717938)	(24.0, 0.06963666432483887)	(25.0, 0.0931218865037415)	(26.0, 0.12424455099573575)	(27.0, 0.18007658767714413)	(28.0, 0.25611725724900686)	(29.0, 0.34508957124201023)	(30.0, 0.4207483106541211)	(31.0, 0.49986473693802774)	(32.0, 0.5806278742602563)	(33.0, 0.6713386089651998)	(34.0, 0.7720184173688324)	(35.0, 0.878696502779874)	(36.0, 0.9781968551278596)	(37.0, 1.0549944197275587)	(38.0, 1.1278049352887545)	(39.0, 1.1911722566721354)	(40.0, 1.2953097519475638)	(41.0, 1.402501527619062)	(42.0, 1.4941386461157438)	(43.0, 1.681323313939272)	(44.0, 1.888339908462253)	(45.0, 2.0939262964295677)	(46.0, 2.230227186860265)	(47.0, 2.17412466468578)	(48.0, 2.0164850227916244)	(49.0, 1.7905524374234278)	(50.0, 1.995159621470528)	(51.0, 2.971923948278832)	(52.0, 2.964533773819926)	(53.0, 3.013160796712582)	(54.0, 3.485272909443599)	(55.0, 2.8734399480732864)	(56.0, 2.415049459926666)	(57.0, 2.613150481115623)	(58.0, 3.35177496846798)	(59.0, 3.6622650337941156)	(60.0, 3.533540639374421)	(61.0, 3.4785380528423824)	(62.0, 3.040142595308422)	(63.0, 2.324353236246029)	(64.0, 1.9913850138278744)	(65.0, 2.2421064917986855)	(66.0, 3.9484595813440633)	(67.0, 4.6985953740584225)	(68.0, 3.881654888522916)	(69.0, 3.4335962496826506)	(70.0, 3.3884466486548486)	(71.0, 3.043528887940629)	(72.0, 1.8084276976053681)	(73.0, 0.8943202324303898)	(74.0, 0.4682005210189082)	(75.0, 0.3730557977268156)	(76.0, 0.316704266375228)	(77.0, 0.18850981456321406)	(78.0, 0.0669811468767165)	(79.0, 0.02515631173805985)	(80.0, 0.01461724500460455)	(81.0, 0.011100933594609936)	(82.0, 0.008738538837482488)	(83.0, 0.00658452238939896)	(84.0, 0.005612864201823691)	(85.0, 0.0047126002538372845)	(86.0, 0.004003301385726783)	(87.0, 0.003699150316258778)	(88.0, 0.003270204437753327)	(89.0, 0.0025632273335318948)	(90.0, 0.0019607296043185553)	(91.0, 0.0014017649480252549)	(92.0, 0.0010418915452195994)	(93.0, 0.0006291980139376299)	(94.0, 0.00026119843752023383)	(95.0, 0.00013234054167691846)	(96.0, 0.00011724907639797162)	(97.0, 0.00011376643056436851)	(98.0, 0.0001555581805676059)	(99.0, 0.0006791159375526079)	(100.0, 0.0026845394967357364)
mehreen_1034_MERGE_2_val_2	(0.0, 3.944516569156476e-05)	(1.0, 3.422448199709296e-05)	(2.0, 2.7263570404463886e-05)	(3.0, 3.712486182735508e-05)	(4.0, 7.77301794510247e-05)	(5.0, 9.107192667023041e-05)	(6.0, 7.831025541707712e-05)	(7.0, 8.179071121339166e-05)	(8.0, 0.0001131148133802225)	(9.0, 0.00034340497190303446)	(10.0, 0.000648524930046609)	(11.0, 0.0005522323196819068)	(12.0, 0.0005412108763269108)	(13.0, 0.0008463308344704853)	(14.0, 0.0010626991698080392)	(15.0, 0.001194376414101939)	(16.0, 0.0015035569040078806)	(17.0, 0.00254711356693619)	(18.0, 0.003929434594039114)	(19.0, 0.005348300407003341)	(20.0, 0.008605426956387696)	(21.0, 0.015348810061747114)	(22.0, 0.038416691003753826)	(23.0, 0.06936548402054875)	(24.0, 0.09064615091114794)	(25.0, 0.10011009029729323)	(26.0, 0.12243547400275284)	(27.0, 0.17635991588295213)	(28.0, 0.24278383467964904)	(29.0, 0.31480200609295556)	(30.0, 0.390925375118015)	(31.0, 0.4753299086344389)	(32.0, 0.5729178286313361)	(33.0, 0.6680050411385814)	(34.0, 0.7693808571938011)	(35.0, 0.8921887399667596)	(36.0, 0.9927727523283176)	(37.0, 1.051224687123556)	(38.0, 1.1141565486046174)	(39.0, 1.174857437920241)	(40.0, 1.3148929968089906)	(41.0, 1.4213560790864899)	(42.0, 1.6277859728976676)	(43.0, 1.6821309698532547)	(44.0, 1.6017921887828923)	(45.0, 1.6436417693537444)	(46.0, 1.6517784949295617)	(47.0, 1.7581354233052733)	(48.0, 1.963311192877846)	(49.0, 2.3884227649791945)	(50.0, 2.4770572124400725)	(51.0, 2.391927003890117)	(52.0, 2.424513931435044)	(53.0, 2.1746554902734196)	(54.0, 2.271460887792112)	(55.0, 3.042876651474825)	(56.0, 2.9554301995924224)	(57.0, 2.6483020184543746)	(58.0, 3.2843129696853346)	(59.0, 3.6533010319191788)	(60.0, 4.392426866951584)	(61.0, 4.069930153168943)	(62.0, 2.6690403143167147)	(63.0, 1.8841586671580608)	(64.0, 1.5759103593295651)	(65.0, 1.828669180321452)	(66.0, 2.3274335779084425)	(67.0, 2.8806439056691135)	(68.0, 3.004876455014697)	(69.0, 2.8569367810125175)	(70.0, 3.2313729167195264)	(71.0, 3.2512689422791583)	(72.0, 2.3236503224578486)	(73.0, 1.8466161506351477)	(74.0, 2.4369014536900933)	(75.0, 2.7453313252959632)	(76.0, 1.6374651204672181)	(77.0, 0.5580156770634493)	(78.0, 0.21620475391512703)	(79.0, 0.24686234879696362)	(80.0, 0.20102242565563697)	(81.0, 0.02429880214196995)	(82.0, 0.011581796738202678)	(83.0, 0.009620559896979436)	(84.0, 0.008227797502487567)	(85.0, 0.006977733795644597)	(86.0, 0.006052512629790982)	(87.0, 0.005562348438476685)	(88.0, 0.004997934523507677)	(89.0, 0.0042107714375745385)	(90.0, 0.00358370931827187)	(91.0, 0.0030616409488246894)	(92.0, 0.002773343193696635)	(93.0, 0.0023145031045491682)	(94.0, 0.0018759656742135362)	(95.0, 0.0017628508608333138)	(96.0, 0.0017802531398148863)	(97.0, 0.0020053226146432264)	(98.0, 0.0029595475787994627)	(99.0, 0.0060774558963312365)	(100.0, 0.028721881383119676)
mehreen_1035_MERGE_1_val_1	(0.0, 0.00030329141437921797)	(1.0, 0.00024263313150337437)	(2.0, 0.00019796657774934413)	(3.0, 0.00031046012053727225)	(4.0, 0.0003656040140607664)	(5.0, 0.0003038428533144529)	(6.0, 0.00026634500571847693)	(7.0, 0.000265242127848007)	(8.0, 0.00029060831886881436)	(9.0, 0.0003308633611409651)	(10.0, 0.00044501122073459807)	(11.0, 0.0008894710025339611)	(12.0, 0.0011425814738067995)	(13.0, 0.0013229020056286253)	(14.0, 0.0020248837701827066)	(15.0, 0.0022300190540901045)	(16.0, 0.0029220749178099567)	(17.0, 0.004761123766818488)	(18.0, 0.006038256340822613)	(19.0, 0.008180045165275127)	(20.0, 0.012081475632062341)	(21.0, 0.01891821555110515)	(22.0, 0.03880916938396474)	(23.0, 0.05769043852640914)	(24.0, 0.08017425823274342)	(25.0, 0.10943140238056849)	(26.0, 0.14873631536730944)	(27.0, 0.20797298866811736)	(28.0, 0.2906044587962677)	(29.0, 0.3838323795038927)	(30.0, 0.4623280576177809)	(31.0, 0.5564614410570616)	(32.0, 0.6563353038121382)	(33.0, 0.7553985513324193)	(34.0, 0.8685416891860541)	(35.0, 0.9892202400896746)	(36.0, 1.0928179699743925)	(37.0, 1.169053299892753)	(38.0, 1.2476951093244784)	(39.0, 1.3116592686170554)	(40.0, 1.3794779860669248)	(41.0, 1.4443448508964813)	(42.0, 1.5106779918548279)	(43.0, 1.6639636784378256)	(44.0, 1.8264264117810032)	(45.0, 2.0068373795882075)	(46.0, 2.0015683805620377)	(47.0, 1.8468665987933568)	(48.0, 1.7616924437348382)	(49.0, 1.626910290623649)	(50.0, 1.836419588165331)	(51.0, 2.613641886798608)	(52.0, 2.5246837577665073)	(53.0, 2.4998519110739426)	(54.0, 2.9406396610035763)	(55.0, 2.51560707289254)	(56.0, 2.075738020229008)	(57.0, 2.34634344316111)	(58.0, 3.2493633003337936)	(59.0, 3.6891143450651858)	(60.0, 3.6342401051810214)	(61.0, 3.6003674171452795)	(62.0, 3.1192904357295106)	(63.0, 2.351589833190935)	(64.0, 2.13342459868287)	(65.0, 2.333694536864691)	(66.0, 4.159585501439581)	(67.0, 5.191391716180645)	(68.0, 4.4733614242944215)	(69.0, 3.9264178192595143)	(70.0, 3.5064628808641216)	(71.0, 2.9993248953691496)	(72.0, 1.821484967482363)	(73.0, 0.9832972344863161)	(74.0, 0.5839219971538914)	(75.0, 0.45353260660078365)	(76.0, 0.3652461301917989)	(77.0, 0.20419508052282276)	(78.0, 0.08570519075314989)	(79.0, 0.042847356706690216)	(80.0, 0.030469206927471477)	(81.0, 0.024153576802225688)	(82.0, 0.01901416592583603)	(83.0, 0.01498921313755619)	(84.0, 0.012917457057878511)	(85.0, 0.011488127337749543)	(86.0, 0.010322936867598111)	(87.0, 0.009856970967324585)	(88.0, 0.008990660400070492)	(89.0, 0.007328072010337142)	(90.0, 0.005980906691558179)	(91.0, 0.0049111151572023915)	(92.0, 0.004028812860826485)	(93.0, 0.00274837165321095)	(94.0, 0.001432086914805144)	(95.0, 0.0007058418371007256)	(96.0, 0.0004753403621725199)	(97.0, 0.00042405654119567033)	(98.0, 0.0005453731069473575)	(99.0, 0.002380561883409244)	(100.0, 0.006691160040140784)
mehreen_1035_MERGE_2_val_2	(0.0, 8.824049819835239e-05)	(1.0, 8.382847328843477e-05)	(2.0, 7.610742969607892e-05)	(3.0, 9.816755424566703e-05)	(4.0, 0.00021067418944856631)	(5.0, 0.0001990926240600326)	(6.0, 0.00010202807604184493)	(7.0, 0.00012353669747769335)	(8.0, 0.00017372348082800627)	(9.0, 0.00047539568404362343)	(10.0, 0.0008735809321636886)	(11.0, 0.0008923320380308386)	(12.0, 0.0012668026522600964)	(13.0, 0.002301422493635778)	(14.0, 0.0031099260583781823)	(15.0, 0.003107168542809483)	(16.0, 0.003269310458248956)	(17.0, 0.00570805722720592)	(18.0, 0.00884004341013369)	(19.0, 0.009965109762162683)	(20.0, 0.013206293561610915)	(21.0, 0.021260996537779266)	(22.0, 0.043478299474783176)	(23.0, 0.07592267615297614)	(24.0, 0.09935438894643486)	(25.0, 0.11471319916097183)	(26.0, 0.14631929110628045)	(27.0, 0.20390669473986642)	(28.0, 0.2775406329708228)	(29.0, 0.35810806834771475)	(30.0, 0.4431167582995524)	(31.0, 0.5371143975022336)	(32.0, 0.6469958778837319)	(33.0, 0.7554302140947772)	(34.0, 0.865441849211118)	(35.0, 0.9958469664673256)	(36.0, 1.1039459887852174)	(37.0, 1.1708471770036395)	(38.0, 1.2367159513931407)	(39.0, 1.2972765083128974)	(40.0, 1.3952747511026464)	(41.0, 1.4621274070470593)	(42.0, 1.5857319394077425)	(43.0, 1.6173176257378428)	(44.0, 1.574722282748157)	(45.0, 1.6100157245119293)	(46.0, 1.5928446750656435)	(47.0, 1.6048111896275676)	(48.0, 1.7356304857221938)	(49.0, 2.036185895132488)	(50.0, 2.0491434607898023)	(51.0, 1.9014437573898317)	(52.0, 1.91558319421989)	(53.0, 1.8230646863682587)	(54.0, 1.9931300470428297)	(55.0, 2.7523959652936663)	(56.0, 2.651693702737252)	(57.0, 2.314203026793582)	(58.0, 3.1189657459154896)	(59.0, 3.790264160009275)	(60.0, 4.53646662400496)	(61.0, 4.111491560631874)	(62.0, 2.702007331803725)	(63.0, 1.918373799975413)	(64.0, 1.6057895561513418)	(65.0, 1.8589283823516378)	(66.0, 2.3257151027897844)	(67.0, 2.901397216042063)	(68.0, 3.1430625714641183)	(69.0, 3.120905382366512)	(70.0, 3.75998443305251)	(71.0, 3.697378351083893)	(72.0, 2.463299136077542)	(73.0, 1.9103323330739743)	(74.0, 2.615038599785656)	(75.0, 3.0418909797579112)	(76.0, 1.8105201965431355)	(77.0, 0.600368495629495)	(78.0, 0.2307952290502456)	(79.0, 0.24560088164170168)	(80.0, 0.19491995150147798)	(81.0, 0.03350712317836936)	(82.0, 0.019853009088401808)	(83.0, 0.01684455960295173)	(84.0, 0.014977721562942838)	(85.0, 0.013432961341357932)	(86.0, 0.012215242466220667)	(87.0, 0.011533584617638397)	(88.0, 0.010658349176133489)	(89.0, 0.00907884425838298)	(90.0, 0.0077546852822939554)	(91.0, 0.006755913143311355)	(92.0, 0.00589336227342246)	(93.0, 0.004628214130503582)	(94.0, 0.0032864070547748868)	(95.0, 0.0026135732560124496)	(96.0, 0.002496654595899633)	(97.0, 0.0027939147742053324)	(98.0, 0.004226168360587339)	(99.0, 0.009088219811316557)	(100.0, 0.042038876347922555)
mehreen_1036_MERGE_1_val_1	(0.0, 0.00016003521107184278)	(1.0, 0.00013613384837929483)	(2.0, 0.00013249668449129843)	(3.0, 0.00023953322176662186)	(4.0, 0.0003024041975448458)	(5.0, 0.0002608366102534581)	(6.0, 0.0002701893173940203)	(7.0, 0.00032110961182597024)	(8.0, 0.0003730690959402049)	(9.0, 0.000479586038374386)	(10.0, 0.0007804314513958048)	(11.0, 0.001122324856867469)	(12.0, 0.001110374175521195)	(13.0, 0.004236776334674695)	(14.0, 0.00799292744129272)	(15.0, 0.0076510340358210555)	(16.0, 0.01176830355703301)	(17.0, 0.0189350752009094)	(18.0, 0.017707792186131176)	(19.0, 0.014192213490962058)	(20.0, 0.021434326386804085)	(21.0, 0.029967112868043707)	(22.0, 0.052625604700579164)	(23.0, 0.07371492011286472)	(24.0, 0.0929477231577487)	(25.0, 0.12997716910659918)	(26.0, 0.18368560945611898)	(27.0, 0.24798235347843756)	(28.0, 0.3280778982405303)	(29.0, 0.42079128412492384)	(30.0, 0.48384463769238867)	(31.0, 0.592099624870191)	(32.0, 0.6972411997598682)	(33.0, 0.7547234574406049)	(34.0, 0.8496342099081894)	(35.0, 0.9638063431369206)	(36.0, 1.0564823181927518)	(37.0, 1.1363045560684037)	(38.0, 1.1945677647953774)	(39.0, 1.2300659647473815)	(40.0, 1.2853305916461226)	(41.0, 1.347010136453607)	(42.0, 1.4433653625795673)	(43.0, 1.5861204080195388)	(44.0, 1.7307537888102402)	(45.0, 1.9529050043561271)	(46.0, 1.9513508961862707)	(47.0, 1.7576532137361798)	(48.0, 1.6213977801640573)	(49.0, 1.4821525978760024)	(50.0, 1.746196667083832)	(51.0, 2.6287373378764074)	(52.0, 2.591583708760524)	(53.0, 2.5932921365982)	(54.0, 3.004087455169227)	(55.0, 2.502416557666927)	(56.0, 2.1076382696689535)	(57.0, 2.462205112910921)	(58.0, 3.2928341023146466)	(59.0, 3.64680808784287)	(60.0, 3.8123255440836057)	(61.0, 3.830165313359387)	(62.0, 3.253256043669993)	(63.0, 2.4951370339425223)	(64.0, 2.169169210351871)	(65.0, 2.4941149908899956)	(66.0, 4.86349188745663)	(67.0, 5.850397338851375)	(68.0, 3.9495811977249264)	(69.0, 3.081423431730013)	(70.0, 3.2244003441671527)	(71.0, 2.965102773833158)	(72.0, 1.9466953264096352)	(73.0, 1.0149672099803195)	(74.0, 0.5270770068547965)	(75.0, 0.3668817605718819)	(76.0, 0.31771769670299305)	(77.0, 0.21907573368116534)	(78.0, 0.08777931327290577)	(79.0, 0.03801667614702094)	(80.0, 0.024482269724945094)	(81.0, 0.018690346030731355)	(82.0, 0.015111896359784011)	(83.0, 0.011849879947092358)	(84.0, 0.010136775755846043)	(85.0, 0.008794142686334218)	(86.0, 0.007571016430285135)	(87.0, 0.007015049950262824)	(88.0, 0.006294371905598389)	(89.0, 0.004979796957508251)	(90.0, 0.0038657856180990594)	(91.0, 0.002926877740154839)	(92.0, 0.0022701098609509127)	(93.0, 0.0015260500484350723)	(94.0, 0.0008053720037706375)	(95.0, 0.0004089211399790268)	(96.0, 0.0002904535161985718)	(97.0, 0.00027174810191744734)	(98.0, 0.0003112373098442657)	(99.0, 0.0012943107492855857)	(100.0, 0.0023418139490285566)
mehreen_1036_MERGE_2_val_2	(0.0, 7.47802384059433e-05)	(1.0, 6.439409418289562e-05)	(2.0, 5.7643100437914635e-05)	(3.0, 6.439409418289562e-05)	(4.0, 7.789608167285762e-05)	(5.0, 8.880153310705768e-05)	(6.0, 0.00010905451434200065)	(7.0, 0.00014229017585575324)	(8.0, 0.0002020105051382774)	(9.0, 0.0005276161265308222)	(10.0, 0.0011907714351724167)	(11.0, 0.002149412546959718)	(12.0, 0.004686228273439114)	(13.0, 0.011279352626229783)	(14.0, 0.01671182536209487)	(15.0, 0.01508639379118791)	(16.0, 0.011922254953636434)	(17.0, 0.017393675730337954)	(18.0, 0.02691828929008383)	(19.0, 0.027230392923986414)	(20.0, 0.02774554567744958)	(21.0, 0.038458334136312104)	(22.0, 0.06615921939360257)	(23.0, 0.10681422303308928)	(24.0, 0.13322670709951068)	(25.0, 0.14585418124589206)	(26.0, 0.1753451184600248)	(27.0, 0.23420911015135867)	(28.0, 0.31713364354980483)	(29.0, 0.39213458752048785)	(30.0, 0.46978244034641464)	(31.0, 0.5553621915154829)	(32.0, 0.6428716882811935)	(33.0, 0.7354890907757988)	(34.0, 0.8386614123370766)	(35.0, 0.9605682608478876)	(36.0, 1.0603635276150412)	(37.0, 1.121067424755488)	(38.0, 1.177764347454683)	(39.0, 1.229796333476096)	(40.0, 1.325922694796458)	(41.0, 1.3910220081720988)	(42.0, 1.5140292686633416)	(43.0, 1.554107321991238)	(44.0, 1.5301433714254)	(45.0, 1.5374406763565134)	(46.0, 1.479024846788404)	(47.0, 1.5001217022414697)	(48.0, 1.648860115738102)	(49.0, 1.9361865639821823)	(50.0, 1.9738098521229615)	(51.0, 1.8837739257749946)	(52.0, 1.945679499802048)	(53.0, 1.9080972369309497)	(54.0, 2.129429605474574)	(55.0, 3.013110279253662)	(56.0, 2.90386154401469)	(57.0, 2.5100745209483155)	(58.0, 3.1882102847100224)	(59.0, 3.6381728460355958)	(60.0, 4.6764242725997685)	(61.0, 4.481628502546031)	(62.0, 2.883946112466996)	(63.0, 1.934126991582752)	(64.0, 1.5521199332941578)	(65.0, 1.8483722338835253)	(66.0, 2.2855593185075382)	(67.0, 2.7629158545286105)	(68.0, 2.993186019483378)	(69.0, 2.875140220087485)	(70.0, 3.0033042011854714)	(71.0, 3.203428063225632)	(72.0, 2.5698286051995645)	(73.0, 2.000090951464961)	(74.0, 2.7390604391699034)	(75.0, 3.265360121920454)	(76.0, 2.08084010695589)	(77.0, 0.7516909564565422)	(78.0, 0.2768452708013917)	(79.0, 0.30155598513686677)	(80.0, 0.2424006621000764)	(81.0, 0.03306325151964999)	(82.0, 0.017808082884837553)	(83.0, 0.014989283342702414)	(84.0, 0.01310835262390848)	(85.0, 0.011537448310172518)	(86.0, 0.010075598510778556)	(87.0, 0.009314813446440313)	(88.0, 0.008458475855250032)	(89.0, 0.0070750414447400805)	(90.0, 0.005952818561439779)	(91.0, 0.004939130885270325)	(92.0, 0.004295189943441369)	(93.0, 0.0035437524089038685)	(94.0, 0.002712341563848902)	(95.0, 0.002282355193014728)	(96.0, 0.0022112101050868515)	(97.0, 0.0024023151587909287)	(98.0, 0.003320450308108344)	(99.0, 0.006780074948805527)	(100.0, 0.03244216009511174)
mehreen_1037_MERGE_1_val_1	(0.0, 0.00012867186107068905)	(1.0, 0.0001766416338382705)	(2.0, 0.00027935338258768016)	(3.0, 0.00042044094955115505)	(4.0, 0.0004791333774079606)	(5.0, 0.000454301965622389)	(6.0, 0.0006710124684782863)	(7.0, 0.0011117700276721816)	(8.0, 0.0014949638595449794)	(9.0, 0.002095996894809382)	(10.0, 0.004653632308723254)	(11.0, 0.007351226589064893)	(12.0, 0.00703688348987027)	(13.0, 0.03760378704764102)	(14.0, 0.06849744941049918)	(15.0, 0.06223146838651734)	(16.0, 0.08539466078031278)	(17.0, 0.10918879677356888)	(18.0, 0.0825909686496146)	(19.0, 0.06364460145722349)	(20.0, 0.10070943399906405)	(21.0, 0.10872264345232158)	(22.0, 0.11462236115246623)	(23.0, 0.15841481323739312)	(24.0, 0.18906016148239557)	(25.0, 0.30226374606147705)	(26.0, 0.41935231788446486)	(27.0, 0.47981962733367084)	(28.0, 0.6380984321565112)	(29.0, 0.7100406756019906)	(30.0, 0.6658977620007265)	(31.0, 0.916819742444195)	(32.0, 1.087635024117142)	(33.0, 0.9879081239344115)	(34.0, 1.1266626668905784)	(35.0, 1.2880075867186689)	(36.0, 1.2648201272633557)	(37.0, 1.2767691154846263)	(38.0, 1.3167928364808248)	(39.0, 1.3402269170031902)	(40.0, 1.3848173603668623)	(41.0, 1.4179780177556898)	(42.0, 1.465921266060682)	(43.0, 1.528636946977018)	(44.0, 1.581448845042786)	(45.0, 1.6757664479081367)	(46.0, 1.6305665062551822)	(47.0, 1.525994659022926)	(48.0, 1.4560298989160068)	(49.0, 1.3919005205786967)	(50.0, 1.7037875674076184)	(51.0, 2.4574344595061444)	(52.0, 2.327141784466179)	(53.0, 2.464114109276463)	(54.0, 2.9084857675856943)	(55.0, 2.280486947822697)	(56.0, 1.7785594630961175)	(57.0, 2.0305153332302943)	(58.0, 2.8660827458602243)	(59.0, 3.3429638013491796)	(60.0, 3.5436834393654366)	(61.0, 3.4633622874931302)	(62.0, 2.9700473522042694)	(63.0, 2.398170909178271)	(64.0, 2.0752017161395018)	(65.0, 2.373644810887608)	(66.0, 4.303821488244818)	(67.0, 5.026054951383792)	(68.0, 4.332893427943044)	(69.0, 3.8996750239774087)	(70.0, 3.293855734091337)	(71.0, 2.9525440286467806)	(72.0, 1.988080143539556)	(73.0, 1.0826535043027954)	(74.0, 0.654979841718825)	(75.0, 0.5225894767332465)	(76.0, 0.3918210544174803)	(77.0, 0.20352840929936597)	(78.0, 0.0815920686755132)	(79.0, 0.0377533398686223)	(80.0, 0.026792528966363874)	(81.0, 0.02123762927987794)	(82.0, 0.017708182704719654)	(83.0, 0.014832818090004037)	(84.0, 0.012981184861175395)	(85.0, 0.01093992994234784)	(86.0, 0.008994050218787594)	(87.0, 0.008214682498881359)	(88.0, 0.007507551613260424)	(89.0, 0.006093289842018551)	(90.0, 0.004682414172383804)	(91.0, 0.0033708641498913406)	(92.0, 0.0025141804432891215)	(93.0, 0.001581309450526626)	(94.0, 0.0006811707732996566)	(95.0, 0.00029515519008758935)	(96.0, 0.00023138360982009873)	(97.0, 0.0002573437221413781)	(98.0, 0.00043454970624750254)	(99.0, 0.002142837967041256)	(100.0, 0.005771610189341829)
mehreen_1037_MERGE_2_val_2	(0.0, 5.077953641104342e-05)	(1.0, 0.000107201243534425)	(2.0, 0.00021270983585514855)	(3.0, 0.0003221679476745088)	(4.0, 0.00038253917429652707)	(5.0, 0.00037520435237048747)	(6.0, 0.0005140017518940062)	(7.0, 0.0007092208585409064)	(8.0, 0.0008305275288561768)	(9.0, 0.0010285677208592462)	(10.0, 0.0033824813420467253)	(11.0, 0.011915700327386956)	(12.0, 0.03841246242666941)	(13.0, 0.09998039345677462)	(14.0, 0.15115826712010913)	(15.0, 0.12634174345896096)	(16.0, 0.08081506798110437)	(17.0, 0.09935129142234893)	(18.0, 0.16569814104580455)	(19.0, 0.17432445584789838)	(20.0, 0.163616744270023)	(21.0, 0.20393569618039148)	(22.0, 0.2501800557728575)	(23.0, 0.3056409012239279)	(24.0, 0.317482124897912)	(25.0, 0.34624026901869953)	(26.0, 0.4101248753432908)	(27.0, 0.46909402254329313)	(28.0, 0.625628149918118)	(29.0, 0.6833599690809045)	(30.0, 0.7167424363175244)	(31.0, 0.7899845827685286)	(32.0, 0.8186044937068638)	(33.0, 0.8746639734705133)	(34.0, 0.9917864099855136)	(35.0, 1.1085483117919956)	(36.0, 1.154195165506025)	(37.0, 1.2073540053064615)	(38.0, 1.2634473380943851)	(39.0, 1.316998308759329)	(40.0, 1.357953133308978)	(41.0, 1.386232257136288)	(42.0, 1.4363934116372592)	(43.0, 1.4445034678191742)	(44.0, 1.4419633625644794)	(45.0, 1.457145315517239)	(46.0, 1.4132819519653796)	(47.0, 1.4031362005904533)	(48.0, 1.4785426837267102)	(49.0, 1.6370160251753658)	(50.0, 1.648293031778116)	(51.0, 1.5709574904753105)	(52.0, 1.6172452947822615)	(53.0, 1.59539034652802)	(54.0, 1.7648106275927538)	(55.0, 2.453554920184443)	(56.0, 2.37399805627219)	(57.0, 2.2561116698427384)	(58.0, 3.173731181597496)	(59.0, 3.6412109790999887)	(60.0, 4.750249031309816)	(61.0, 4.526006598518649)	(62.0, 2.7239198416806896)	(63.0, 1.8551383953948601)	(64.0, 1.5652718750484875)	(65.0, 1.7725680481051473)	(66.0, 2.15845697915359)	(67.0, 2.5831764574784857)	(68.0, 2.718405748243522)	(69.0, 2.8174015829109935)	(70.0, 3.7552155520793518)	(71.0, 3.8183711899479085)	(72.0, 2.4895751022290806)	(73.0, 1.9895309522432565)	(74.0, 2.6533870656057505)	(75.0, 2.955383688766579)	(76.0, 1.76843064432179)	(77.0, 0.6349631213616815)	(78.0, 0.2520814673029155)	(79.0, 0.2693600508923798)	(80.0, 0.2158829926637675)	(81.0, 0.03351957198492976)	(82.0, 0.01943671388693372)	(83.0, 0.016835108971474597)	(84.0, 0.014851885966087733)	(85.0, 0.012637333961495006)	(86.0, 0.010702069407163018)	(87.0, 0.009888468390443855)	(88.0, 0.009203508865966003)	(89.0, 0.0076468339664319054)	(90.0, 0.00614658077402119)	(91.0, 0.004927307683084913)	(92.0, 0.004132325829716467)	(93.0, 0.0032730232302273657)	(94.0, 0.002386073994247807)	(95.0, 0.0020757546050692082)	(96.0, 0.002123148839052849)	(97.0, 0.0022811296189983172)	(98.0, 0.003268509493657495)	(99.0, 0.006864264888630602)	(100.0, 0.03001183445306913)
mehreen_1038_MERGE_1_val_1	(0.0, 9.507350101152203e-05)	(1.0, 8.643045546502003e-05)	(2.0, 8.306927108582481e-05)	(3.0, 9.747434699666148e-05)	(4.0, 0.00012100263765102804)	(5.0, 0.0001320465291826695)	(6.0, 0.00014789211268458982)	(7.0, 0.00018150395647654205)	(8.0, 0.00021655630785957794)	(9.0, 0.00029578422536917964)	(10.0, 0.000653510277154957)	(11.0, 0.0011903394394321368)	(12.0, 0.0013473547668602565)	(13.0, 0.0045932985387687865)	(14.0, 0.008448577021705707)	(15.0, 0.007653897000624551)	(16.0, 0.013201291733887753)	(17.0, 0.02348747627261919)	(18.0, 0.02335350906664841)	(19.0, 0.020947861389538688)	(20.0, 0.026580246070675828)	(21.0, 0.02752617938882077)	(22.0, 0.03318305269900633)	(23.0, 0.04559926779575348)	(24.0, 0.06568138412305088)	(25.0, 0.09794875416332502)	(26.0, 0.14826616448907456)	(27.0, 0.22538902023890597)	(28.0, 0.2794536709782611)	(29.0, 0.3191670247568468)	(30.0, 0.371305236677726)	(31.0, 0.45351644540846203)	(32.0, 0.5390595481973744)	(33.0, 0.6000756084021024)	(34.0, 0.6853224467964487)	(35.0, 0.7872911774772913)	(36.0, 0.8598879583759378)	(37.0, 0.9115474416073802)	(38.0, 0.9802087557671861)	(39.0, 1.0704834458236117)	(40.0, 1.329143869893777)	(41.0, 1.6863830301137681)	(42.0, 1.886050346806284)	(43.0, 2.0993794374926376)	(44.0, 2.498923424647574)	(45.0, 3.1692170557462465)	(46.0, 4.105778431503597)	(47.0, 4.221719125479558)	(48.0, 4.112568984287966)	(49.0, 3.540681708597386)	(50.0, 2.9749857345332833)	(51.0, 3.799927939087925)	(52.0, 3.781619567774449)	(53.0, 3.5287471032052578)	(54.0, 3.924093931408973)	(55.0, 3.759862621287918)	(56.0, 3.3943102917597834)	(57.0, 3.2341445742299637)	(58.0, 3.2637167545673202)	(59.0, 2.866706140095903)	(60.0, 2.289139423142877)	(61.0, 2.3885089979602077)	(62.0, 2.1983778415206654)	(63.0, 1.5921070901385095)	(64.0, 1.438285368039822)	(65.0, 1.5874340835130336)	(66.0, 2.279724265527554)	(67.0, 2.5325395899622993)	(68.0, 2.4594943310336284)	(69.0, 2.4214029888026034)	(70.0, 2.4432915016491195)	(71.0, 2.078593873291694)	(72.0, 1.0525909010347614)	(73.0, 0.512208486699575)	(74.0, 0.259083933301944)	(75.0, 0.22120722670199008)	(76.0, 0.1935840531353697)	(77.0, 0.1138980542118034)	(78.0, 0.04298666719472474)	(79.0, 0.019785371763534166)	(80.0, 0.0128973446321691)	(81.0, 0.009705179810327693)	(82.0, 0.007228467092057841)	(83.0, 0.005653992295003393)	(84.0, 0.004801211801081863)	(85.0, 0.004093442404662754)	(86.0, 0.0034663414333443313)	(87.0, 0.003152310778488092)	(88.0, 0.0027326429002857166)	(89.0, 0.0021189866664840743)	(90.0, 0.0016383373002591575)	(91.0, 0.001216748745268671)	(92.0, 0.0009027180904124314)	(93.0, 0.0005790840516156342)	(94.0, 0.0002852205030345661)	(95.0, 0.00014741194348756194)	(96.0, 0.0001310861907886137)	(97.0, 0.00013492754436483684)	(98.0, 0.00023816392172583295)	(99.0, 0.0010453283419297145)	(100.0, 0.0018001543196575558)
mehreen_1038_MERGE_2_val_2	(0.0, 3.5504038917877e-05)	(1.0, 2.9746627201464514e-05)	(2.0, 3.07061958208666e-05)	(3.0, 4.4619940802196775e-05)	(4.0, 6.477088180964048e-05)	(5.0, 6.62102347387436e-05)	(6.0, 6.525066611934152e-05)	(7.0, 8.540160712678522e-05)	(8.0, 0.00011610780294765183)	(9.0, 0.00024085172346992239)	(10.0, 0.0007786899346447889)	(11.0, 0.0014844526542150197)	(12.0, 0.0027707543885235096)	(13.0, 0.006591756630982597)	(14.0, 0.009965599896800315)	(15.0, 0.009884516348460838)	(16.0, 0.008412538086298046)	(17.0, 0.01107486122082912)	(18.0, 0.01725784161994643)	(19.0, 0.01914771201585883)	(20.0, 0.021732310092218335)	(21.0, 0.03280381282287955)	(22.0, 0.06769036933417132)	(23.0, 0.10855503834433804)	(24.0, 0.1194566974293651)	(25.0, 0.12733571536327556)	(26.0, 0.1574556147576875)	(27.0, 0.2015348386428512)	(28.0, 0.2579128535228914)	(29.0, 0.30942729485549214)	(30.0, 0.36847530941901857)	(31.0, 0.43829927957843046)	(32.0, 0.5137079391027624)	(33.0, 0.5873217255245028)	(34.0, 0.6720914567154117)	(35.0, 0.7672202109370757)	(36.0, 0.8408939703975289)	(37.0, 0.9081386201079878)	(38.0, 0.9877122872248345)	(39.0, 1.0704026332174992)	(40.0, 1.3607868090366473)	(41.0, 1.692088430140029)	(42.0, 2.0056433094118793)	(43.0, 2.046676862499061)	(44.0, 2.137687627990561)	(45.0, 2.4340508758772037)	(46.0, 2.670965969086029)	(47.0, 3.1729479796596975)	(48.0, 3.5526651152393214)	(49.0, 3.985720832097029)	(50.0, 4.033700702420062)	(51.0, 3.9839585843274974)	(52.0, 4.147273804859564)	(53.0, 3.4800804661618896)	(54.0, 3.005340128908736)	(55.0, 3.2837589638282503)	(56.0, 3.339577550203179)	(57.0, 3.263098012099594)	(58.0, 3.2368130286926227)	(59.0, 3.0381861627508693)	(60.0, 2.7758799243040455)	(61.0, 2.3307561927044276)	(62.0, 1.9173653953484364)	(63.0, 1.5599639875816276)	(64.0, 1.323128058783903)	(65.0, 1.4687224458371613)	(66.0, 1.8613481782692916)	(67.0, 2.3544680928584727)	(68.0, 2.3252473092604404)	(69.0, 1.9857255435789503)	(70.0, 1.9694440630292454)	(71.0, 1.9618745059750924)	(72.0, 1.7320175197462788)	(73.0, 1.4619958698151527)	(74.0, 1.5592985267440722)	(75.0, 1.4786098408914803)	(76.0, 0.7762972502923098)	(77.0, 0.273596043038399)	(78.0, 0.1118151727287566)	(79.0, 0.09134421558674231)	(80.0, 0.06811785715411495)	(81.0, 0.015278731342429637)	(82.0, 0.00980247323150196)	(83.0, 0.007843034110682911)	(84.0, 0.006720338825982475)	(85.0, 0.0057785222260393326)	(86.0, 0.0049667271740251725)	(87.0, 0.004345406492962324)	(88.0, 0.00362860873426897)	(89.0, 0.002860474054437604)	(90.0, 0.0023782908231880584)	(91.0, 0.0020266089241771953)	(92.0, 0.0016859620642894566)	(93.0, 0.0013621076552412543)	(94.0, 0.0011063826181705995)	(95.0, 0.0010224203639729176)	(96.0, 0.0010910295202601662)	(97.0, 0.001301175047909222)	(98.0, 0.0019311318465466884)	(99.0, 0.0034712394806870285)	(100.0, 0.01704625673936827)
mehreen_1039_MERGE_1_val_1	(0.0, 0.0006980698362048239)	(1.0, 0.0006233763637309077)	(2.0, 0.0005738134053603651)	(3.0, 0.0007043524647306672)	(4.0, 0.0007874227752390412)	(5.0, 0.0007594999817908483)	(6.0, 0.0008397780129544031)	(7.0, 0.0010722352684106094)	(8.0, 0.0013556516219097679)	(9.0, 0.002057211807295616)	(10.0, 0.005952441493318533)	(11.0, 0.010431257562408681)	(12.0, 0.01075376582673531)	(13.0, 0.04744850483667808)	(14.0, 0.08944019776374305)	(15.0, 0.08415371489416393)	(16.0, 0.11962822783042067)	(17.0, 0.17292865210400377)	(18.0, 0.15416732718616294)	(19.0, 0.12895374277228092)	(20.0, 0.17081419857013935)	(21.0, 0.16625161412070463)	(22.0, 0.16239687248518161)	(23.0, 0.2124065955508952)	(24.0, 0.27120990434328096)	(25.0, 0.40397580649107634)	(26.0, 0.5660348131755348)	(27.0, 0.7426806871573293)	(28.0, 0.9054426501668459)	(29.0, 1.0029197259548153)	(30.0, 1.0408395775272976)	(31.0, 1.3544998066800298)	(32.0, 1.6211757474371604)	(33.0, 1.5949709038558677)	(34.0, 1.7372270654268676)	(35.0, 1.946389730448919)	(36.0, 2.0180780122779733)	(37.0, 2.0320526723289576)	(38.0, 2.079436256670869)	(39.0, 2.120430407801997)	(40.0, 2.1550120894177476)	(41.0, 2.180051854442415)	(42.0, 2.190296727358557)	(43.0, 2.2211730542837325)	(44.0, 2.2995432605849393)	(45.0, 2.380223379974148)	(46.0, 2.3392445863794165)	(47.0, 2.1676548322212534)	(48.0, 2.025664635257847)	(49.0, 1.849485071926638)	(50.0, 1.8514850420073645)	(51.0, 2.4421184400710847)	(52.0, 2.3206507982222644)	(53.0, 1.9796450793758806)	(54.0, 2.1947029441646815)	(55.0, 1.9329281517275452)	(56.0, 1.5929416148420201)	(57.0, 1.7613719049215202)	(58.0, 2.427096675265793)	(59.0, 2.644010009679227)	(60.0, 2.602445535491919)	(61.0, 2.6400959321076263)	(62.0, 2.299255655812423)	(63.0, 1.7502411813832341)	(64.0, 1.476981744000856)	(65.0, 1.584802120551872)	(66.0, 2.8867267975181354)	(67.0, 3.7205872724710307)	(68.0, 3.60055067378643)	(69.0, 3.1383027896483195)	(70.0, 2.566709944436922)	(71.0, 2.157697564077628)	(72.0, 1.2040127036703387)	(73.0, 0.6772443187813253)	(74.0, 0.4490480816053132)	(75.0, 0.3593900860526743)	(76.0, 0.2755784253782507)	(77.0, 0.16180979575293333)	(78.0, 0.09722228029775443)	(79.0, 0.06577493224656332)	(80.0, 0.05300514073286848)	(81.0, 0.04535918181691704)	(82.0, 0.03668845638141693)	(83.0, 0.02977616886331676)	(84.0, 0.026284423542620235)	(85.0, 0.02303979494394021)	(86.0, 0.020564439304757903)	(87.0, 0.019797958624605008)	(88.0, 0.01843462823449699)	(89.0, 0.015240260664023715)	(90.0, 0.012379570475256346)	(91.0, 0.010396354070598442)	(92.0, 0.008871071478490901)	(93.0, 0.006346850950774258)	(94.0, 0.003501518298403396)	(95.0, 0.0017528533587103127)	(96.0, 0.0011301750648156099)	(97.0, 0.0009221502536265723)	(98.0, 0.0010854985952985009)	(99.0, 0.004531869376641716)	(100.0, 0.008551355493509091)
mehreen_1039_MERGE_2_val_2	(0.0, 0.00028059708435059665)	(1.0, 0.00027850307625842805)	(2.0, 0.00030712118685139936)	(3.0, 0.0004146136022493891)	(4.0, 0.0007349968403511897)	(5.0, 0.0007552389185754865)	(6.0, 0.0005500261255429606)	(7.0, 0.0006575185409409503)	(8.0, 0.0008201531694327141)	(9.0, 0.0015209478776118163)	(10.0, 0.006704315908426569)	(11.0, 0.022409376599691305)	(12.0, 0.05206890721716781)	(13.0, 0.11679330134070542)	(14.0, 0.16478517480242091)	(15.0, 0.1388997447697297)	(16.0, 0.09536461853084643)	(17.0, 0.11513065891552354)	(18.0, 0.18712405312967587)	(19.0, 0.18557867515765544)	(20.0, 0.16258507030024907)	(21.0, 0.22391437930368396)	(22.0, 0.3455671754236154)	(23.0, 0.46610037521693404)	(24.0, 0.47648805135948513)	(25.0, 0.4950591111262314)	(26.0, 0.5820916714583388)	(27.0, 0.6821782782370256)	(28.0, 0.8814943444820046)	(29.0, 0.9941673359000196)	(30.0, 1.081255736447918)	(31.0, 1.2243518734343537)	(32.0, 1.3569933260192888)	(33.0, 1.4906440905046492)	(34.0, 1.6540891001280822)	(35.0, 1.8441510466110707)	(36.0, 1.9556758235918799)	(37.0, 2.0259444531407826)	(38.0, 2.096795216939308)	(39.0, 2.1504150861500757)	(40.0, 2.1689421717468864)	(41.0, 2.16847590594503)	(42.0, 2.1661417849249593)	(43.0, 2.1198320979639527)	(44.0, 2.1151505938725608)	(45.0, 2.095510193973414)	(46.0, 2.017118209032292)	(47.0, 1.9736193789336727)	(48.0, 1.9421778474297609)	(49.0, 2.0077209987173363)	(50.0, 1.9370279835284208)	(51.0, 1.779677933458593)	(52.0, 1.7090686785933642)	(53.0, 1.5837876644524023)	(54.0, 1.700144714107239)	(55.0, 2.154813201146327)	(56.0, 1.981862092787146)	(57.0, 1.7414245936308568)	(58.0, 2.2693240336665688)	(59.0, 2.6492120017208283)	(60.0, 2.9719558849452)	(61.0, 2.762046929764637)	(62.0, 2.0586940416996025)	(63.0, 1.571907658542832)	(64.0, 1.3097064352819368)	(65.0, 1.4306898468150717)	(66.0, 1.7538692837226149)	(67.0, 2.151952088089727)	(68.0, 2.3500201255117736)	(69.0, 2.4118038342712094)	(70.0, 3.205891488975306)	(71.0, 3.000199168089673)	(72.0, 1.7013341107035909)	(73.0, 1.3178842348845528)	(74.0, 1.7992736611851072)	(75.0, 2.084513859478739)	(76.0, 1.2368761358336144)	(77.0, 0.4356213894327222)	(78.0, 0.18857938875373306)	(79.0, 0.1795981880464218)	(80.0, 0.14105308309117642)	(81.0, 0.04420800083916676)	(82.0, 0.033150242107121614)	(83.0, 0.02936706748727028)	(84.0, 0.027070638612858678)	(85.0, 0.024877514137660733)	(86.0, 0.02266484558693588)	(87.0, 0.021123655631099768)	(88.0, 0.019614573799343574)	(89.0, 0.01677509882636291)	(90.0, 0.014540094189321588)	(91.0, 0.013049160427697524)	(92.0, 0.011364181916199164)	(93.0, 0.008588225188680947)	(94.0, 0.005672667921684823)	(95.0, 0.004164982095323408)	(96.0, 0.0036714941882690006)	(97.0, 0.003906023094591888)	(98.0, 0.005421386950624588)	(99.0, 0.010961434359805398)	(100.0, 0.05416570732012599)
mehreen_1040_MERGE_1_val_1	(0.0, 0.00022852855910811262)	(1.0, 0.00018423510242704584)	(2.0, 0.0001707544851762864)	(3.0, 0.0002638349376220064)	(4.0, 0.000297215513671506)	(5.0, 0.00027410588409877554)	(6.0, 0.00029208004043312143)	(7.0, 0.0003094122626126693)	(8.0, 0.000333805760494996)	(9.0, 0.0004172572006187449)	(10.0, 0.0005379408217207819)	(11.0, 0.0005494956365071472)	(12.0, 0.0006079116445937715)	(13.0, 0.0007850854713180385)	(14.0, 0.0014077616014721655)	(15.0, 0.0017884285552674205)	(16.0, 0.0019957732872671967)	(17.0, 0.0031024677701390678)	(18.0, 0.005077699164452726)	(19.0, 0.008879233229166892)	(20.0, 0.013998016179526696)	(21.0, 0.028476199106842348)	(22.0, 0.06863239016023556)	(23.0, 0.09500497104180464)	(24.0, 0.12192704755988086)	(25.0, 0.16202803227596144)	(26.0, 0.22454920928251937)	(27.0, 0.32359643969708746)	(28.0, 0.4476598441241363)	(29.0, 0.5926220568947911)	(30.0, 0.7081990917954094)	(31.0, 0.8359420627977607)	(32.0, 0.973759548425513)	(33.0, 1.110286746402121)	(34.0, 1.255273994604813)	(35.0, 1.4161009680771472)	(36.0, 1.5582162028712727)	(37.0, 1.6427518697824754)	(38.0, 1.7190515214876194)	(39.0, 1.786144553544649)	(40.0, 1.8433806866547546)	(41.0, 1.894773293153733)	(42.0, 1.9426166457108331)	(43.0, 2.0071014992969185)	(44.0, 2.0563089619329644)	(45.0, 2.171315959304122)	(46.0, 2.1378249705799974)	(47.0, 2.0185420498037296)	(48.0, 1.9232969953880303)	(49.0, 1.765014006971161)	(50.0, 2.0214095696732124)	(51.0, 2.883340336727973)	(52.0, 2.7292767815105914)	(53.0, 2.4928395936153662)	(54.0, 2.9238097916489076)	(55.0, 2.4624459371881424)	(56.0, 1.8957284911760728)	(57.0, 2.103996966424603)	(58.0, 2.9000248473453296)	(59.0, 3.2977242400698414)	(60.0, 3.2664447145089968)	(61.0, 3.1685093140505383)	(62.0, 2.643425149582052)	(63.0, 1.9888018823460898)	(64.0, 1.808359326905591)	(65.0, 1.9525653412418937)	(66.0, 3.5384649545388327)	(67.0, 4.314468983368943)	(68.0, 3.832946470645054)	(69.0, 3.509773707490133)	(70.0, 2.926816611229982)	(71.0, 2.492618768266116)	(72.0, 1.5755265992895573)	(73.0, 0.8182587026355383)	(74.0, 0.4998324006211945)	(75.0, 0.434131081811767)	(76.0, 0.33389563127666766)	(77.0, 0.15857506845730263)	(78.0, 0.05895587471080947)	(79.0, 0.02558621154194144)	(80.0, 0.015744077080577443)	(81.0, 0.010868587174886108)	(82.0, 0.008003635042022325)	(83.0, 0.006168987227609444)	(84.0, 0.005028270234533275)	(85.0, 0.0042425428290604385)	(86.0, 0.003638482789395456)	(87.0, 0.003379783325011834)	(88.0, 0.0029400584289751563)	(89.0, 0.0022461276076384436)	(90.0, 0.0017062609834532678)	(91.0, 0.0012280200381287062)	(92.0, 0.0008646853065129991)	(93.0, 0.0005141892579932534)	(94.0, 0.00024393497882326624)	(95.0, 0.0001367319749719887)	(96.0, 0.00011811588448284472)	(97.0, 0.00011811588448284472)	(98.0, 0.00015406419715153659)	(99.0, 0.000826169257225115)	(100.0, 0.0013769487620418582)
mehreen_1040_MERGE_2_val_2	(0.0, 9.746433577971808e-05)	(1.0, 8.848735748421773e-05)	(2.0, 7.117461362860993e-05)	(3.0, 9.105220842578926e-05)	(4.0, 0.00016222682205439918)	(5.0, 0.00015324984375889882)	(6.0, 0.00012696012160779064)	(7.0, 0.00017312743855607817)	(8.0, 0.00023660749935997352)	(9.0, 0.0007630431551175299)	(10.0, 0.0013933552740087328)	(11.0, 0.0011278932015560798)	(12.0, 0.0011997090279200825)	(13.0, 0.0018537460180208221)	(14.0, 0.002289770678087982)	(15.0, 0.0025584388142175997)	(16.0, 0.0030694853643257265)	(17.0, 0.005459926441870391)	(18.0, 0.007928595473132988)	(19.0, 0.009532909737085978)	(20.0, 0.015160833915629305)	(21.0, 0.02678666202103765)	(22.0, 0.06407446500960454)	(23.0, 0.11574915814218151)	(24.0, 0.15099662220672824)	(25.0, 0.17002012164036429)	(26.0, 0.21633876479420452)	(27.0, 0.31400444137283595)	(28.0, 0.42736123479926663)	(29.0, 0.5439042143078645)	(30.0, 0.6627818493860279)	(31.0, 0.7971729853842866)	(32.0, 0.9585931618175616)	(33.0, 1.1098924364353953)	(34.0, 1.2651723597145481)	(35.0, 1.4562030990555308)	(36.0, 1.6115599678629307)	(37.0, 1.6864587450587023)	(38.0, 1.7569190477000847)	(39.0, 1.823289695515131)	(40.0, 1.873580010351995)	(41.0, 1.897310011263415)	(42.0, 1.9862064624728129)	(43.0, 1.9752109464862957)	(44.0, 1.8807442802445395)	(45.0, 1.9048365663514564)	(46.0, 1.8617586123622916)	(47.0, 1.8165454199642688)	(48.0, 1.9073263954029869)	(49.0, 2.119899317802229)	(50.0, 2.0930183975090886)	(51.0, 1.9351986305850448)	(52.0, 1.8774997438034517)	(53.0, 1.7478939784494298)	(54.0, 1.9820174196724913)	(55.0, 2.6448454363754674)	(56.0, 2.4022682464489864)	(57.0, 2.091790475120811)	(58.0, 2.800973684103545)	(59.0, 3.288666625175928)	(60.0, 4.095769430980509)	(61.0, 3.7268438363958016)	(62.0, 2.2562743660037934)	(63.0, 1.5772332852864082)	(64.0, 1.40254705857059)	(65.0, 1.671181851637967)	(66.0, 2.1170779817665)	(67.0, 2.6278372685691713)	(68.0, 2.712763330521017)	(69.0, 2.616482032238099)	(70.0, 3.2139204566111794)	(71.0, 3.1535047514697268)	(72.0, 2.1280497728818077)	(73.0, 1.7455772768364555)	(74.0, 2.31121283195952)	(75.0, 2.6069228327788614)	(76.0, 1.5356461509070318)	(77.0, 0.5118525545165159)	(78.0, 0.20055018361062557)	(79.0, 0.20877566058024546)	(80.0, 0.16431845799725076)	(81.0, 0.021241454285360006)	(82.0, 0.010540254944388197)	(83.0, 0.008439000810505722)	(84.0, 0.0070719352586480965)	(85.0, 0.006162054387125597)	(86.0, 0.005436842783396248)	(87.0, 0.004964268997411693)	(88.0, 0.004501313402458032)	(89.0, 0.003753018140254539)	(90.0, 0.0031207823831571574)	(91.0, 0.0025866521745748867)	(92.0, 0.002192306342308264)	(93.0, 0.001822967806721964)	(94.0, 0.0014991553753485583)	(95.0, 0.0014382401654862347)	(96.0, 0.001485048695169915)	(97.0, 0.0015979021365990621)	(98.0, 0.0021487038763015483)	(99.0, 0.0043871775355580995)	(100.0, 0.02286179886769782)
mehreen_1041_MERGE_1_val_1	(0.0, 0.00010961080446612676)	(1.0, 0.00010060169724973279)	(2.0, 0.00010060169724973279)	(3.0, 0.00017192379604618512)	(4.0, 0.00022147388573635202)	(5.0, 0.0001861882158054756)	(6.0, 0.0001869389747401751)	(7.0, 0.00022147388573635202)	(8.0, 0.00025300576099373097)	(9.0, 0.00027552852903471586)	(10.0, 0.0003040573685532968)	(11.0, 0.0003273308955289813)	(12.0, 0.00042943411064811304)	(13.0, 0.0005420479508530378)	(14.0, 0.0007935521939773699)	(15.0, 0.0010262874637342143)	(16.0, 0.0011531657236984296)	(17.0, 0.00170647505857196)	(18.0, 0.00287315444309498)	(19.0, 0.005012817406988551)	(20.0, 0.008451293327912253)	(21.0, 0.015226892713575226)	(22.0, 0.03564828649633628)	(23.0, 0.053800886778435454)	(24.0, 0.07865025675805415)	(25.0, 0.10789532030033842)	(26.0, 0.15008346787684204)	(27.0, 0.21352935468936193)	(28.0, 0.2978163095291399)	(29.0, 0.4008069217090865)	(30.0, 0.48643548276517246)	(31.0, 0.5805363583993423)	(32.0, 0.6880540469555269)	(33.0, 0.7995620192496392)	(34.0, 0.9118297595856676)	(35.0, 1.0301763950159577)	(36.0, 1.1346557621634132)	(37.0, 1.213878847988643)	(38.0, 1.3003752863732418)	(39.0, 1.3902028421511021)	(40.0, 1.5850623236523569)	(41.0, 1.8504736252830625)	(42.0, 2.016899613650443)	(43.0, 2.2347811178842583)	(44.0, 2.5352003086400012)	(45.0, 2.836711853645732)	(46.0, 3.2006204752322076)	(47.0, 3.2494153014340665)	(48.0, 3.198301380882921)	(49.0, 2.802670942028587)	(50.0, 2.531958531559969)	(51.0, 3.394579796770757)	(52.0, 3.400474005167083)	(53.0, 2.9648656530400013)	(54.0, 3.4304668246083283)	(55.0, 3.290298629982063)	(56.0, 2.7999246658454564)	(57.0, 2.796634840193603)	(58.0, 3.1815361831121463)	(59.0, 3.1168875804862375)	(60.0, 2.5722465082727477)	(61.0, 2.610002175098786)	(62.0, 2.340251486825517)	(63.0, 1.6237939770935041)	(64.0, 1.5402315046257111)	(65.0, 1.6380216096649942)	(66.0, 2.6990556984149707)	(67.0, 3.4565474392408544)	(68.0, 3.192384649718554)	(69.0, 2.953634299376897)	(70.0, 2.8181230624225724)	(71.0, 2.337535991758709)	(72.0, 1.199504066665952)	(73.0, 0.5518776375850584)	(74.0, 0.32068893123369485)	(75.0, 0.2975167567141948)	(76.0, 0.25108607039770436)	(77.0, 0.12523334713828863)	(78.0, 0.049191226919380535)	(79.0, 0.023493499343551404)	(80.0, 0.014663823512550602)	(81.0, 0.010644260176169488)	(82.0, 0.0077988838136583884)	(83.0, 0.005909223575019751)	(84.0, 0.004910714191869419)	(85.0, 0.004161456775039319)	(86.0, 0.0035338223056305385)	(87.0, 0.003177962570582977)	(88.0, 0.002732762522306174)	(89.0, 0.0021006234992891966)	(90.0, 0.00163139916510201)	(91.0, 0.0012650288049686547)	(92.0, 0.0010135245618443228)	(93.0, 0.0006554125499926621)	(94.0, 0.0003145679936390898)	(95.0, 0.00016817000137268762)	(96.0, 0.0001396411618541067)	(97.0, 0.0001501517869398997)	(98.0, 0.00021997236786695305)	(99.0, 0.0010285397405383127)	(100.0, 0.001985006623345474)
mehreen_1041_MERGE_2_val_2	(0.0, 9.001770625777663e-05)	(1.0, 7.726519787125828e-05)	(2.0, 5.8511509067554816e-05)	(3.0, 5.9261656619702953e-05)	(4.0, 9.376844401851733e-05)	(5.0, 0.00010202006709214686)	(6.0, 8.776726360133222e-05)	(7.0, 0.00010427050974859127)	(8.0, 0.00013802714959525753)	(9.0, 0.0003593206774789584)	(10.0, 0.0006046189270313998)	(11.0, 0.0005341050571294748)	(12.0, 0.0005783637627062148)	(13.0, 0.0007981569954856197)	(14.0, 0.000924931931798655)	(15.0, 0.001088464098166949)	(16.0, 0.0016158178273270908)	(17.0, 0.0028333073044635197)	(18.0, 0.004305846949330316)	(19.0, 0.005829396627743185)	(20.0, 0.009424103697637066)	(21.0, 0.01665177536258438)	(22.0, 0.04186798532804407)	(23.0, 0.07286183174014871)	(24.0, 0.09387646526602667)	(25.0, 0.11285219774516597)	(26.0, 0.1491533380887187)	(27.0, 0.21407635828448365)	(28.0, 0.2912282838753676)	(29.0, 0.3739763102052766)	(30.0, 0.46310359131865336)	(31.0, 0.5641687205769157)	(32.0, 0.6828825712945672)	(33.0, 0.7972943258006491)	(34.0, 0.9088975278714886)	(35.0, 1.0412138041522423)	(36.0, 1.1553322509654342)	(37.0, 1.2270958666892382)	(38.0, 1.307478677787224)	(39.0, 1.3912416537551895)	(40.0, 1.6373643154674415)	(41.0, 1.8775203035499077)	(42.0, 2.15178925156631)	(43.0, 2.191709103701425)	(44.0, 2.1666489244268123)	(45.0, 2.3206954749981934)	(46.0, 2.3450482651311306)	(47.0, 2.5368377396412933)	(48.0, 2.8547870294717295)	(49.0, 3.367173064523859)	(50.0, 3.3914508399015815)	(51.0, 3.1505852122347835)	(52.0, 3.143587835868346)	(53.0, 2.7016504078811043)	(54.0, 2.463195004299358)	(55.0, 2.836675466972665)	(56.0, 2.865793944504399)	(57.0, 2.6470194121008115)	(58.0, 2.823696414025398)	(59.0, 3.05390919630414)	(60.0, 3.035217019599713)	(61.0, 2.5602888524165484)	(62.0, 1.9558634634536025)	(63.0, 1.5241055377490114)	(64.0, 1.3745313668835377)	(65.0, 1.6173571301040985)	(66.0, 2.0855384702032427)	(67.0, 2.7444740811905852)	(68.0, 2.832513648353347)	(69.0, 2.4305478326823193)	(70.0, 2.4697400416918507)	(71.0, 2.4321358950502168)	(72.0, 1.93486458302632)	(73.0, 1.573312966727273)	(74.0, 1.9100099441809955)	(75.0, 2.0482951445341917)	(76.0, 1.1731730101981734)	(77.0, 0.38713089767974634)	(78.0, 0.14022808251326013)	(79.0, 0.12005661483599671)	(80.0, 0.08923905309864687)	(81.0, 0.017134870386167782)	(82.0, 0.010290524120368167)	(83.0, 0.008190110974353378)	(84.0, 0.006972621497216949)	(85.0, 0.006007931745154443)	(86.0, 0.005132509551797565)	(87.0, 0.004588652576490164)	(88.0, 0.003978782616593728)	(89.0, 0.0032203834413719592)	(90.0, 0.002663023810125892)	(91.0, 0.002239190443162194)	(92.0, 0.0019923918985054563)	(93.0, 0.0016255697455050165)	(94.0, 0.0012812520190690208)	(95.0, 0.0011004664590013194)	(96.0, 0.0011162195575964303)	(97.0, 0.001249745821878799)	(98.0, 0.0016038154664927205)	(99.0, 0.003160371637200108)	(100.0, 0.01572984402099432)
mehreen_1042_MERGE_1_val_1	(0.0, 0.00026296568134985494)	(1.0, 0.00018952481538728286)	(2.0, 0.0001385900212519506)	(3.0, 0.00020373917654132906)	(4.0, 0.00022979883865708047)	(5.0, 0.00019544746586813545)	(6.0, 0.00018774802024302707)	(7.0, 0.00024164413961878564)	(8.0, 0.0003067932949081641)	(9.0, 0.00034292146284136494)	(10.0, 0.00037549604048605414)	(11.0, 0.0008072572605402079)	(12.0, 0.0008747754760219273)	(13.0, 0.0008718141507815012)	(14.0, 0.0011626162893913633)	(15.0, 0.0012277654446807417)	(16.0, 0.0014794780901169768)	(17.0, 0.001974019405268168)	(18.0, 0.003229621307208917)	(19.0, 0.005500957766615884)	(20.0, 0.00888693704651931)	(21.0, 0.018215703818910224)	(22.0, 0.045363356827994236)	(23.0, 0.06550155299298921)	(24.0, 0.08653821523592953)	(25.0, 0.11993248770716874)	(26.0, 0.1665407856662382)	(27.0, 0.23868755249874404)	(28.0, 0.3353446160812102)	(29.0, 0.4521380990335271)	(30.0, 0.5616775196768957)	(31.0, 0.6844700553012683)	(32.0, 0.8201988441059189)	(33.0, 0.9542485614992479)	(34.0, 1.0895272288673536)	(35.0, 1.2375236036129944)	(36.0, 1.377577704063812)	(37.0, 1.472269632216731)	(38.0, 1.552036481157902)	(39.0, 1.6239333121401158)	(40.0, 1.6908468250077402)	(41.0, 1.7639270015560284)	(42.0, 1.8466409613764712)	(43.0, 1.939528257927875)	(44.0, 1.9919117323708238)	(45.0, 2.1253052200908744)	(46.0, 2.087749693391788)	(47.0, 1.9041309450640111)	(48.0, 1.7808361686788625)	(49.0, 1.6538936318625568)	(50.0, 1.8472095358226333)	(51.0, 2.440920302890268)	(52.0, 2.418698518286109)	(53.0, 2.4975899994862103)	(54.0, 2.8142066024819163)	(55.0, 2.3382849159124293)	(56.0, 1.8738952220942109)	(57.0, 2.210727607976211)	(58.0, 3.060898617105533)	(59.0, 3.484313638102069)	(60.0, 3.5491441547955778)	(61.0, 3.315167478489304)	(62.0, 2.7642395694351554)	(63.0, 2.06382633130448)	(64.0, 1.7575169169406015)	(65.0, 2.1112193804522623)	(66.0, 4.380746470137329)	(67.0, 5.422090568282756)	(68.0, 3.8198229038666467)	(69.0, 3.1747864477319436)	(70.0, 3.160950543943623)	(71.0, 2.856962216303191)	(72.0, 1.9484015728782882)	(73.0, 0.9959404672941615)	(74.0, 0.573426281435763)	(75.0, 0.45908832937280764)	(76.0, 0.4117622061754588)	(77.0, 0.260298119573279)	(78.0, 0.0907219755356038)	(79.0, 0.041925850488907394)	(80.0, 0.027865478247363344)	(81.0, 0.019537639406236523)	(82.0, 0.015100389665981762)	(83.0, 0.012001066669351601)	(84.0, 0.010336801884232024)	(85.0, 0.009199060726860242)	(86.0, 0.00820346318102892)	(87.0, 0.007541903122317686)	(88.0, 0.006730500006440883)	(89.0, 0.005366513600700531)	(90.0, 0.004171322733664479)	(91.0, 0.0032657494751421176)	(92.0, 0.002621957367873441)	(93.0, 0.0017969321558906756)	(94.0, 0.0009642074982828015)	(95.0, 0.0004714429782758661)	(96.0, 0.0002878408133694358)	(97.0, 0.0002623734163017697)	(98.0, 0.0003322606919758302)	(99.0, 0.0012591554922292605)	(100.0, 0.002715535245470912)
mehreen_1042_MERGE_2_val_2	(0.0, 0.00013380313706664888)	(1.0, 0.0001030165745557385)	(2.0, 6.690156853332444e-05)	(3.0, 8.288689906783558e-05)	(4.0, 0.00017879888227490247)	(5.0, 0.00017761478371679053)	(6.0, 9.828018032329076e-05)	(7.0, 0.00012669854571797722)	(8.0, 0.00021195364190203667)	(9.0, 0.0007625594714240874)	(10.0, 0.0013415836663408245)	(11.0, 0.0010402305833013365)	(12.0, 0.0009235968753273107)	(13.0, 0.0014126295798275407)	(14.0, 0.0018525221941661253)	(15.0, 0.0019460659802569683)	(16.0, 0.0022853102171560384)	(17.0, 0.00408099568053279)	(18.0, 0.006010484280976191)	(19.0, 0.007036505681580184)	(20.0, 0.010504138309010992)	(21.0, 0.018479042097894884)	(22.0, 0.043364057395175355)	(23.0, 0.07583322395716277)	(24.0, 0.10108057341322547)	(25.0, 0.12495851288683175)	(26.0, 0.16904013400822293)	(27.0, 0.24542455584418682)	(28.0, 0.339880097824776)	(29.0, 0.44271905759679775)	(30.0, 0.5512487950391054)	(31.0, 0.6781835684194261)	(32.0, 0.8255919979187809)	(33.0, 0.966187716364039)	(34.0, 1.1026532990386024)	(35.0, 1.2632703479536962)	(36.0, 1.4079583110157892)	(37.0, 1.4936029756254674)	(38.0, 1.5716433592949508)	(39.0, 1.639505823808183)	(40.0, 1.7352863720752996)	(41.0, 1.8038208125202602)	(42.0, 1.8841559791953646)	(43.0, 1.8744072957664293)	(44.0, 1.8012673039796918)	(45.0, 1.8182638546828307)	(46.0, 1.7745416074738265)	(47.0, 1.7447141647949866)	(48.0, 1.8577197947869575)	(49.0, 2.1293549642642313)	(50.0, 2.1347775436111047)	(51.0, 1.9337975350963703)	(52.0, 1.902155461377224)	(53.0, 1.8526228425435647)	(54.0, 2.0077267285720892)	(55.0, 2.671764463567031)	(56.0, 2.537855349679431)	(57.0, 2.101726392607805)	(58.0, 2.5104316270735585)	(59.0, 2.990563462712461)	(60.0, 4.152075340828413)	(61.0, 4.000872467499588)	(62.0, 2.498679448884298)	(63.0, 1.6692539318836292)	(64.0, 1.3772741730301554)	(65.0, 1.6741407066329574)	(66.0, 2.0729030655062446)	(67.0, 2.532184109635354)	(68.0, 2.7941292085623184)	(69.0, 2.7414906992107317)	(70.0, 2.906140195765475)	(71.0, 3.124199049833137)	(72.0, 2.532101814785565)	(73.0, 1.979752992185974)	(74.0, 2.6396517106710355)	(75.0, 3.0957131908206383)	(76.0, 2.001577112710535)	(77.0, 0.7699742965949843)	(78.0, 0.31298625932365864)	(79.0, 0.41778845450503)	(80.0, 0.3518631752328688)	(81.0, 0.039827747051374054)	(82.0, 0.017693984753866673)	(83.0, 0.014613552354938468)	(84.0, 0.012734979992493881)	(85.0, 0.011231766872970778)	(86.0, 0.009953532479488941)	(87.0, 0.009119335045299081)	(88.0, 0.008126468404322223)	(89.0, 0.0067647550624934955)	(90.0, 0.005637493235170931)	(91.0, 0.0047612603021680985)	(92.0, 0.004056129610812439)	(93.0, 0.0032130514374367407)	(94.0, 0.0024114167135949596)	(95.0, 0.0018779803131655317)	(96.0, 0.0017127985643089166)	(97.0, 0.0019277124526062331)	(98.0, 0.0026239624047760517)	(99.0, 0.005114713721764512)	(100.0, 0.02389037250846644)
mehreen_1043_MERGE_1_val_1	(0.0, 0.0003028575803885172)	(1.0, 0.0002338947874019599)	(2.0, 0.00017939971322377134)	(3.0, 0.0002604189385506358)	(4.0, 0.0003067156387374155)	(5.0, 0.0002642769968995341)	(6.0, 0.0002700640844228816)	(7.0, 0.0003370978482349897)	(8.0, 0.00041570578709379264)	(9.0, 0.0005304830229735174)	(10.0, 0.0008072987095069709)	(11.0, 0.0010759160220490157)	(12.0, 0.0012495286477494396)	(13.0, 0.0031785578221985938)	(14.0, 0.005816022960964199)	(15.0, 0.005739344051279845)	(16.0, 0.0064439219572473986)	(17.0, 0.009070777435553535)	(18.0, 0.009773908569640251)	(19.0, 0.01108034357803594)	(20.0, 0.017231053100767068)	(21.0, 0.028871779653980488)	(22.0, 0.059203352135725376)	(23.0, 0.08156465832593997)	(24.0, 0.101447644284281)	(25.0, 0.13537299811802467)	(26.0, 0.18608379931323765)	(27.0, 0.2566018720716945)	(28.0, 0.34351379926920755)	(29.0, 0.4472690447034234)	(30.0, 0.5306026227823333)	(31.0, 0.6442668088284007)	(32.0, 0.7639471546122816)	(33.0, 0.8598372658449744)	(34.0, 0.9699486624090002)	(35.0, 1.0928688126913686)	(36.0, 1.2041067622932726)	(37.0, 1.2792771711632072)	(38.0, 1.3399470677288075)	(39.0, 1.3987872801224428)	(40.0, 1.4763636706302092)	(41.0, 1.5602913896948494)	(42.0, 1.6487368950860493)	(43.0, 1.788416450836032)	(44.0, 1.8838267160615807)	(45.0, 2.1241909850573495)	(46.0, 2.1276473230806685)	(47.0, 1.8450373151644635)	(48.0, 1.6734308798054667)	(49.0, 1.5469236997732103)	(50.0, 1.8515747950366714)	(51.0, 2.495898992483012)	(52.0, 2.5021437421779975)	(53.0, 3.1181758332372795)	(54.0, 3.539106395850068)	(55.0, 2.6054639915333753)	(56.0, 2.0404233754141887)	(57.0, 2.3002173085123028)	(58.0, 3.2953624677406648)	(59.0, 3.9251808480524413)	(60.0, 3.88775141272331)	(61.0, 3.4975999573607393)	(62.0, 2.933988751859819)	(63.0, 2.227986257846935)	(64.0, 1.893942545052392)	(65.0, 2.435083454214741)	(66.0, 4.479276634893097)	(67.0, 4.976195997003079)	(68.0, 3.1672136838809517)	(69.0, 2.7201303082355692)	(70.0, 3.1402395866773354)	(71.0, 2.913197675417606)	(72.0, 1.9501226262144618)	(73.0, 0.9875573229706659)	(74.0, 0.46467708623094617)	(75.0, 0.31881692100602865)	(76.0, 0.38640383393391003)	(77.0, 0.3034628132920006)	(78.0, 0.07954014220735559)	(79.0, 0.026762386251720338)	(80.0, 0.015064753337860667)	(81.0, 0.009405463997320463)	(82.0, 0.007174541757070016)	(83.0, 0.005489052515895068)	(84.0, 0.004586749119546476)	(85.0, 0.003779450410039505)	(86.0, 0.003107183742743975)	(87.0, 0.0028105955071724173)	(88.0, 0.0025733249187151713)	(89.0, 0.0021064998584984763)	(90.0, 0.0016141151617203296)	(91.0, 0.001124624008703857)	(92.0, 0.0007846326167071934)	(93.0, 0.0004943137259525957)	(94.0, 0.00024064638951253194)	(95.0, 0.000147088474551748)	(96.0, 0.00014757073184536027)	(97.0, 0.00014130138702840052)	(98.0, 0.00016300296524095353)	(99.0, 0.0005478442855435597)	(100.0, 0.002048628983265002)
mehreen_1043_MERGE_2_val_2	(0.0, 0.00010020023378834164)	(1.0, 8.767520456479893e-05)	(2.0, 8.719347267158574e-05)	(3.0, 0.00013199453874041157)	(4.0, 0.00024905538879121453)	(5.0, 0.00023123130874232683)	(6.0, 0.0001488551550028729)	(7.0, 0.00017775906859566375)	(8.0, 0.00025146404825728046)	(9.0, 0.0009894773086598736)	(10.0, 0.0020160479730971623)	(11.0, 0.0021403348015461626)	(12.0, 0.003482439856038085)	(13.0, 0.00708001363455412)	(14.0, 0.010025804161552722)	(15.0, 0.009341263141296791)	(16.0, 0.007424933670094757)	(17.0, 0.011281679207159483)	(18.0, 0.018124680750252718)	(19.0, 0.018555830794678516)	(20.0, 0.019756788404458978)	(21.0, 0.029758024239457823)	(22.0, 0.06208753332488761)	(23.0, 0.10690112442293698)	(24.0, 0.1321597727797837)	(25.0, 0.14343663466801104)	(26.0, 0.17653595131879551)	(27.0, 0.24487540115380374)	(28.0, 0.3325978154441376)	(29.0, 0.42086314157812266)	(30.0, 0.5134972942516581)	(31.0, 0.6144832327578305)	(32.0, 0.730987200740079)	(33.0, 0.8469410309002781)	(34.0, 0.9669399637677881)	(35.0, 1.1120308657570932)	(36.0, 1.2310167164531762)	(37.0, 1.2961006221538496)	(38.0, 1.3594001929220616)	(39.0, 1.421464603116075)	(40.0, 1.563859251699066)	(41.0, 1.6436629571287615)	(42.0, 1.8515871134136483)	(43.0, 1.8982312857059078)	(44.0, 1.6879668758837914)	(45.0, 1.6634871879982704)	(46.0, 1.614285501084942)	(47.0, 1.608611181114784)	(48.0, 1.8221730457459446)	(49.0, 2.2695232520086077)	(50.0, 2.312542391804438)	(51.0, 2.115360856738205)	(52.0, 2.1630956700366992)	(53.0, 2.0711836334710902)	(54.0, 2.3777303515940456)	(55.0, 3.3666700474610933)	(56.0, 3.055721263297956)	(57.0, 2.3485345084739673)	(58.0, 2.7836053687786264)	(59.0, 3.2578853513356925)	(60.0, 4.634189034658712)	(61.0, 4.4284793998869265)	(62.0, 2.5509596951978257)	(63.0, 1.5873297112683056)	(64.0, 1.3032254368544727)	(65.0, 1.6488126710672104)	(66.0, 2.1591690733751183)	(67.0, 2.619152216805404)	(68.0, 2.7196438983891396)	(69.0, 2.565347581652424)	(70.0, 2.4722610827311615)	(71.0, 2.692156758294289)	(72.0, 2.3213417065658697)	(73.0, 1.7984617202300985)	(74.0, 2.4919841499030952)	(75.0, 2.9410050023714214)	(76.0, 1.7952220732482398)	(77.0, 0.6395443710384597)	(78.0, 0.2946320432081136)	(79.0, 0.46048269940354747)	(80.0, 0.39804542872418713)	(81.0, 0.035748360331563735)	(82.0, 0.011409338158860976)	(83.0, 0.00906860288973813)	(84.0, 0.007713009342236239)	(85.0, 0.006608398111098416)	(86.0, 0.005676246897730911)	(87.0, 0.0053322903259767)	(88.0, 0.00488861525232736)	(89.0, 0.004166499144400802)	(90.0, 0.0035768593071078686)	(91.0, 0.0029886646654945746)	(92.0, 0.002604724346603669)	(93.0, 0.0022675120213544427)	(94.0, 0.001933671819357708)	(95.0, 0.0017689195118788)	(96.0, 0.0017539858231891917)	(97.0, 0.0019168112030952468)	(98.0, 0.0027574333567522476)	(99.0, 0.006524095029786109)	(100.0, 0.030371268939518203)
mehreen_1045_MERGE_1_val_1	(0.0, 0.0003051457064051185)	(1.0, 0.0002626349495967718)	(2.0, 0.0002259475841320343)	(3.0, 0.00030398102813639663)	(4.0, 0.00036337961984120976)	(5.0, 0.0003127161151518103)	(6.0, 0.000301651671598953)	(7.0, 0.0003715323677222625)	(8.0, 0.00044316008124865484)	(9.0, 0.000502558672953468)	(10.0, 0.0006912365524864038)	(11.0, 0.0008321626230017448)	(12.0, 0.0010173464677285151)	(13.0, 0.0019013372736883811)	(14.0, 0.0032669225437647223)	(15.0, 0.003543533632586156)	(16.0, 0.0042435052720879735)	(17.0, 0.006298580077247636)	(18.0, 0.007706676104132323)	(19.0, 0.010373789339505304)	(20.0, 0.016001514733969168)	(21.0, 0.028224813164204735)	(22.0, 0.06730268077549381)	(23.0, 0.09731760443872399)	(24.0, 0.12911506819223292)	(25.0, 0.16381025147832176)	(26.0, 0.22140475654488478)	(27.0, 0.31215881660022693)	(28.0, 0.425109897440004)	(29.0, 0.5680153386730378)	(30.0, 0.6636604651178771)	(31.0, 0.7702413381668801)	(32.0, 0.8944793161088405)	(33.0, 1.0097626651817329)	(34.0, 1.1285790657827932)	(35.0, 1.2687073316840596)	(36.0, 1.3994005389304107)	(37.0, 1.4788345085529109)	(38.0, 1.55789170475548)	(39.0, 1.6399817231698002)	(40.0, 1.7683612970353355)	(41.0, 1.9406544826838925)	(42.0, 2.0661980649650897)	(43.0, 2.216250554394135)	(44.0, 2.434508350256934)	(45.0, 2.6880687091229594)	(46.0, 2.826144811914738)	(47.0, 2.748531816765384)	(48.0, 2.621824138554599)	(49.0, 2.2882701821579525)	(50.0, 2.269748303650469)	(51.0, 3.1247770551020295)	(52.0, 3.0709846422437086)	(53.0, 2.695825466392647)	(54.0, 3.0354060504907943)	(55.0, 2.7463864793943986)	(56.0, 2.2963815839604655)	(57.0, 2.4294029830659913)	(58.0, 3.0276842335691687)	(59.0, 3.1398398391514086)	(60.0, 2.8176362548225904)	(61.0, 2.7907514040065506)	(62.0, 2.414056599858178)	(63.0, 1.7412400165307447)	(64.0, 1.5700614279853542)	(65.0, 1.7109735223614704)	(66.0, 3.063262242982949)	(67.0, 3.8235263647608235)	(68.0, 3.1686178744932563)	(69.0, 2.821331778969245)	(70.0, 2.8054106270358177)	(71.0, 2.438746032137678)	(72.0, 1.4153618722641088)	(73.0, 0.7276513832362604)	(74.0, 0.40874209139052176)	(75.0, 0.3307121414209656)	(76.0, 0.27969806857268087)	(77.0, 0.16306194569066798)	(78.0, 0.06517190188286723)	(79.0, 0.030035305532932814)	(80.0, 0.01922825587746299)	(81.0, 0.014342430540174929)	(82.0, 0.01062594218468358)	(83.0, 0.007942523453548492)	(84.0, 0.006523362983110948)	(85.0, 0.0054751525412613045)	(86.0, 0.004687247692470989)	(87.0, 0.004302903863792787)	(88.0, 0.003873137582634433)	(89.0, 0.0030928031425908093)	(90.0, 0.0025058052951550088)	(91.0, 0.0020329459180539475)	(92.0, 0.0016392846632259702)	(93.0, 0.0010872271638518248)	(94.0, 0.0005386636992838446)	(95.0, 0.0002853461758368474)	(96.0, 0.00022944161893819975)	(97.0, 0.000214300801444816)	(98.0, 0.0003208688630328631)	(99.0, 0.0018990079171509375)	(100.0, 0.004588250039629634)
mehreen_1045_MERGE_2_val_2	(0.0, 0.00012904268723374593)	(1.0, 0.0001092793927925416)	(2.0, 0.00010114156566969275)	(3.0, 0.00014241197464985475)	(4.0, 0.00026622320159034067)	(5.0, 0.0002476224538809719)	(6.0, 0.0001447370681135258)	(7.0, 0.00017147564294574345)	(8.0, 0.0002923805030566405)	(9.0, 0.0012357871759411884)	(10.0, 0.002358226045528411)	(11.0, 0.0020112058460754994)	(12.0, 0.0023291623772325218)	(13.0, 0.0041014648699158164)	(14.0, 0.0053750348146416604)	(15.0, 0.005314582384586212)	(16.0, 0.0051599636692520835)	(17.0, 0.008395331223950416)	(18.0, 0.012305557156479284)	(19.0, 0.012983321901139409)	(20.0, 0.017088855684616648)	(21.0, 0.029919883963885605)	(22.0, 0.07799177259865146)	(23.0, 0.1369759061317917)	(24.0, 0.1654536508748353)	(25.0, 0.17332292970263014)	(26.0, 0.2103680625859358)	(27.0, 0.2985443258288326)	(28.0, 0.4015872366784424)	(29.0, 0.5025945282006081)	(30.0, 0.6026369059353504)	(31.0, 0.7170076721399657)	(32.0, 0.8618185619709631)	(33.0, 0.9960526016357206)	(34.0, 1.1309399925637698)	(35.0, 1.3103087465453107)	(36.0, 1.45818934102172)	(37.0, 1.5317413476514914)	(38.0, 1.6127894556081386)	(39.0, 1.6921419891564033)	(40.0, 1.8527606081735346)	(41.0, 1.9913600108163347)	(42.0, 2.1692191978665876)	(43.0, 2.164774200437414)	(44.0, 2.1111494073380355)	(45.0, 2.2051145720321075)	(46.0, 2.2041653526255636)	(47.0, 2.286506793821378)	(48.0, 2.4707971893921448)	(49.0, 2.8270561477229528)	(50.0, 2.8391629093882886)	(51.0, 2.6728524615720906)	(52.0, 2.629479005554038)	(53.0, 2.298991964447926)	(54.0, 2.2230916134198466)	(55.0, 2.7100429127968755)	(56.0, 2.6175065180362296)	(57.0, 2.301990753742696)	(58.0, 2.62697546116703)	(59.0, 2.9082536429346413)	(60.0, 3.2323135444338007)	(61.0, 2.881837674820508)	(62.0, 2.0381885557214026)	(63.0, 1.5399169575431249)	(64.0, 1.3516326326751371)	(65.0, 1.6113043021582185)	(66.0, 2.0580744988428155)	(67.0, 2.5946316672672673)	(68.0, 2.7403772446706607)	(69.0, 2.511837414119403)	(70.0, 2.6155697151809916)	(71.0, 2.576590104535912)	(72.0, 1.9589720401407624)	(73.0, 1.5397274624258357)	(74.0, 1.959384744230564)	(75.0, 2.2315427468869253)	(76.0, 1.3438220624573)	(77.0, 0.45956111710161757)	(78.0, 0.18272909530991155)	(79.0, 0.18627602538874183)	(80.0, 0.1464925136785975)	(81.0, 0.022730694974214566)	(82.0, 0.01280545225116857)	(83.0, 0.01056696851901922)	(84.0, 0.008882438304589511)	(85.0, 0.007473431665604826)	(86.0, 0.006442252714466693)	(87.0, 0.005856329161621577)	(88.0, 0.005216928459112025)	(89.0, 0.004397333013167964)	(90.0, 0.003883487357696651)	(91.0, 0.003454507613649333)	(92.0, 0.0030133211289177426)	(93.0, 0.00247331817198013)	(94.0, 0.0019559848763133106)	(95.0, 0.0017327759038008852)	(96.0, 0.0017746275861469654)	(97.0, 0.001986792364706953)	(98.0, 0.002779649235818797)	(99.0, 0.005222741192771203)	(100.0, 0.02467040419628218)
mehreen_1046_MERGE_1_val_1	(0.0, 0.0003664173120029051)	(1.0, 0.000325047615486448)	(2.0, 0.0002842689146345118)	(3.0, 0.00034986943339632224)	(4.0, 0.0004024680475386748)	(5.0, 0.0003599163596931761)	(6.0, 0.0003947851038999042)	(7.0, 0.0005383970503784621)	(8.0, 0.0006956018971409988)	(9.0, 0.0012535018044486476)	(10.0, 0.004341454151569904)	(11.0, 0.0076528028598800285)	(12.0, 0.007779275932087483)	(13.0, 0.028883731112125773)	(14.0, 0.05020035373572703)	(15.0, 0.043252017707955816)	(16.0, 0.07539981787523005)	(17.0, 0.15052541376212245)	(18.0, 0.1718302164724333)	(19.0, 0.1554224038383419)	(20.0, 0.17913255890325247)	(21.0, 0.1566658587164937)	(22.0, 0.15839629402221064)	(23.0, 0.20964743804945568)	(24.0, 0.23625997282282796)	(25.0, 0.33542254437711094)	(26.0, 0.5053373439008323)	(27.0, 0.6573656596378311)	(28.0, 0.7086918601144703)	(29.0, 0.7101285705749204)	(30.0, 0.6867659209607481)	(31.0, 0.9530212877406654)	(32.0, 1.1421150785694163)	(33.0, 1.0057806527037676)	(34.0, 1.0658234482364244)	(35.0, 1.1667028621961402)	(36.0, 1.1896145821182833)	(37.0, 1.237988759250641)	(38.0, 1.2590412068122014)	(39.0, 1.2669711866387416)	(40.0, 1.335211092038302)	(41.0, 1.4450541372418053)	(42.0, 1.5614087726769987)	(43.0, 1.818173931076041)	(44.0, 2.2389616622235318)	(45.0, 2.5516237815686167)	(46.0, 2.51875792166895)	(47.0, 2.182256219208424)	(48.0, 1.9010817578733432)	(49.0, 1.6601026846693165)	(50.0, 1.7009014793738464)	(51.0, 2.3287652264344634)	(52.0, 2.355862968648407)	(53.0, 2.656309207607847)	(54.0, 3.0344855603477225)	(55.0, 2.422688621422769)	(56.0, 1.9462722413609272)	(57.0, 2.177176020476203)	(58.0, 3.1558045593648907)	(59.0, 3.768936557495997)	(60.0, 3.7501263474856286)	(61.0, 3.4147475367876927)	(62.0, 2.714331388963507)	(63.0, 1.9636203280972713)	(64.0, 1.7783680090879057)	(65.0, 2.2517974970612595)	(66.0, 4.098817335526896)	(67.0, 4.462098233538189)	(68.0, 2.81136046616887)	(69.0, 2.465823030993485)	(70.0, 3.1586537494635456)	(71.0, 2.840074581525278)	(72.0, 1.5492259880485664)	(73.0, 0.8103029267068631)	(74.0, 0.4266994607796927)	(75.0, 0.3197611592673093)	(76.0, 0.3204727180473924)	(77.0, 0.23769313730929095)	(78.0, 0.09201270600491016)	(79.0, 0.04424902739400243)	(80.0, 0.031349956020171134)	(81.0, 0.02439689202708375)	(82.0, 0.01895086697852444)	(83.0, 0.014968147195318672)	(84.0, 0.013563941496417216)	(85.0, 0.013070460116542337)	(86.0, 0.012922120204747612)	(87.0, 0.012647307220745434)	(88.0, 0.011605381864195236)	(89.0, 0.009494936346191408)	(90.0, 0.0077863678800617325)	(91.0, 0.006872688582712553)	(92.0, 0.005967874220331186)	(93.0, 0.0043840058394154025)	(94.0, 0.0026955312258794355)	(95.0, 0.0014845811092762864)	(96.0, 0.0008356678696324317)	(97.0, 0.0005472619853462744)	(98.0, 0.0004308358394356739)	(99.0, 0.0015862323635738662)	(100.0, 0.003238065245909543)
mehreen_1046_MERGE_2_val_2	(0.0, 0.00011336352562217903)	(1.0, 0.00011690613579787213)	(2.0, 0.00013934266691059506)	(3.0, 0.00019897660486809548)	(4.0, 0.0003837827690334186)	(5.0, 0.0003725645034770571)	(6.0, 0.00023086009644933335)	(7.0, 0.00026215315300128904)	(8.0, 0.00036547928312567095)	(9.0, 0.0008915568942160955)	(10.0, 0.0032786857176039593)	(11.0, 0.008801614981509493)	(12.0, 0.02198839092549776)	(13.0, 0.05005826265260199)	(14.0, 0.07321276276093205)	(15.0, 0.069904555291864)	(16.0, 0.057687273665957065)	(17.0, 0.09388979748639409)	(18.0, 0.1564009253415866)	(19.0, 0.1440035610317486)	(20.0, 0.12162961603212959)	(21.0, 0.18257491018966573)	(22.0, 0.32615512930541907)	(23.0, 0.4508266666084104)	(24.0, 0.43922579915307414)	(25.0, 0.4319947413494552)	(26.0, 0.4960167924445808)	(27.0, 0.5528089666061461)	(28.0, 0.6893925306249055)	(29.0, 0.7569134997035573)	(30.0, 0.8166584394465628)	(31.0, 0.8698330181837163)	(32.0, 0.8794299491496688)	(33.0, 0.9176446755498995)	(34.0, 0.9860335841215961)	(35.0, 1.0965293668065514)	(36.0, 1.147343976731664)	(37.0, 1.1886206991937522)	(38.0, 1.2494142515487627)	(39.0, 1.2969844209879697)	(40.0, 1.446202113763309)	(41.0, 1.5742710142247902)	(42.0, 1.85567116831062)	(43.0, 1.9767192058389065)	(44.0, 1.9717565994177895)	(45.0, 1.9608530357320357)	(46.0, 1.7982236112665515)	(47.0, 1.790333037535224)	(48.0, 1.8918382660292998)	(49.0, 2.162321276423702)	(50.0, 2.159354340401559)	(51.0, 2.030896343255781)	(52.0, 2.0801179594718904)	(53.0, 1.9397514782205199)	(54.0, 2.2013891814412454)	(55.0, 3.23432515298393)	(56.0, 3.000150944715236)	(57.0, 2.258845595010753)	(58.0, 2.5663358921705037)	(59.0, 2.8798368179283473)	(60.0, 3.9276747791750846)	(61.0, 3.9061746780188034)	(62.0, 2.57925283930611)	(63.0, 1.7367894369047696)	(64.0, 1.351347545439068)	(65.0, 1.6179620255216132)	(66.0, 2.097052226546732)	(67.0, 2.5717360109483187)	(68.0, 2.777696871777793)	(69.0, 2.6793864872271635)	(70.0, 2.526132580591651)	(71.0, 2.531695069002518)	(72.0, 2.082163816848353)	(73.0, 1.5645134849308728)	(74.0, 2.141864473964162)	(75.0, 2.523195166320972)	(76.0, 1.5124648657945607)	(77.0, 0.5325245711751567)	(78.0, 0.2271734201264954)	(79.0, 0.2807967294859032)	(80.0, 0.23178176553004282)	(81.0, 0.03548455482482988)	(82.0, 0.019823856108149275)	(83.0, 0.016985044487360546)	(84.0, 0.015742178750721546)	(85.0, 0.01523145245039246)	(86.0, 0.014785083568255131)	(87.0, 0.014221218115290646)	(88.0, 0.013198584644573907)	(89.0, 0.011362331703506319)	(90.0, 0.009964771989195393)	(91.0, 0.009028932467783133)	(92.0, 0.007878174595712162)	(93.0, 0.0061222208186269495)	(94.0, 0.0043609531262782)	(95.0, 0.003215509169470765)	(96.0, 0.0026067706542808357)	(97.0, 0.002520567140005637)	(98.0, 0.0032184613446171765)	(99.0, 0.006639441904278142)	(100.0, 0.03070616413284918)
mehreen_1049_MERGE_1_val_1	(0.0, 0.0004242192661829894)	(1.0, 0.0003290854261694128)	(2.0, 0.00022278792125628389)	(3.0, 0.0002800623759583351)	(4.0, 0.00032617316576083396)	(5.0, 0.00030044819881838724)	(6.0, 0.00028734302697978225)	(7.0, 0.0002878284037145454)	(8.0, 0.00031549487759604476)	(9.0, 0.00038247686699335886)	(10.0, 0.000502850297214619)	(11.0, 0.0007261235952056661)	(12.0, 0.0007275797254099554)	(13.0, 0.0007067085258151402)	(14.0, 0.0009644435719743707)	(15.0, 0.0011212202573028668)	(16.0, 0.001401282633261202)	(17.0, 0.0021448797909183414)	(18.0, 0.0034592799886569397)	(19.0, 0.006067694561274086)	(20.0, 0.011504399367356082)	(21.0, 0.021763807410044692)	(22.0, 0.047784368783962174)	(23.0, 0.07378017594440674)	(24.0, 0.1108255844717343)	(25.0, 0.13690536180729287)	(26.0, 0.17881667210062102)	(27.0, 0.2503223726659276)	(28.0, 0.3397510945390982)	(29.0, 0.46118604367928534)	(30.0, 0.5434268214873484)	(31.0, 0.6374530317921955)	(32.0, 0.7581875823041194)	(33.0, 0.8828007783035358)	(34.0, 0.9981486178130583)	(35.0, 1.1170746546112547)	(36.0, 1.2316264762757656)	(37.0, 1.3166960296940284)	(38.0, 1.41324377213597)	(39.0, 1.4998626480915969)	(40.0, 1.7106598224922918)	(41.0, 2.0319913553238633)	(42.0, 2.228858702813591)	(43.0, 2.5900877178659587)	(44.0, 3.2815646363674964)	(45.0, 3.8288608811843767)	(46.0, 4.15721775687491)	(47.0, 3.676141459981766)	(48.0, 3.005589132515867)	(49.0, 2.499231017639115)	(50.0, 2.208235045353505)	(51.0, 2.663790233532803)	(52.0, 2.814836075753951)	(53.0, 2.9592909872937496)	(54.0, 3.1434701015600335)	(55.0, 2.904103167174445)	(56.0, 2.562376103948126)	(57.0, 2.59432699826738)	(58.0, 3.0503466919818463)	(59.0, 3.1926489577029704)	(60.0, 2.9082201326387063)	(61.0, 2.67571351302226)	(62.0, 2.22827673610861)	(63.0, 1.5164542810160053)	(64.0, 1.3824815654401512)	(65.0, 1.7470606507158541)	(66.0, 3.033022140187945)	(67.0, 3.3348041542734617)	(68.0, 2.0708802246898217)	(69.0, 1.8922179023908554)	(70.0, 2.6682955003848745)	(71.0, 2.3128264510439416)	(72.0, 1.159645106510391)	(73.0, 0.5925328711200707)	(74.0, 0.2758099903850752)	(75.0, 0.21406278907218163)	(76.0, 0.2799939378387335)	(77.0, 0.2317144847853129)	(78.0, 0.0818000557328982)	(79.0, 0.04383437291645969)	(80.0, 0.032913881761023674)	(81.0, 0.026292857722119607)	(82.0, 0.020334858302901992)	(83.0, 0.015619908701412792)	(84.0, 0.013606566005615266)	(85.0, 0.012446515609531347)	(86.0, 0.01158885491920487)	(87.0, 0.011035525441574883)	(88.0, 0.010022544196124198)	(89.0, 0.008183451748106637)	(90.0, 0.0067190701393262265)	(91.0, 0.005786661431846224)	(92.0, 0.004906188034985878)	(93.0, 0.0034452040633488083)	(94.0, 0.002024991737431844)	(95.0, 0.0011600503960839184)	(96.0, 0.000765924487456244)	(97.0, 0.0005470195800780653)	(98.0, 0.0004635347816988042)	(99.0, 0.0014095340377521753)	(100.0, 0.005314875245656447)
mehreen_1049_MERGE_2_val_2	(0.0, 0.000146407098774097)	(1.0, 0.0001168348039886006)	(2.0, 7.902105000058878e-05)	(3.0, 0.00012071313773096077)	(4.0, 0.00031220586625999497)	(5.0, 0.0002845727383456786)	(6.0, 0.00011780438742419064)	(7.0, 0.00013380251411142642)	(8.0, 0.00021815627300776044)	(9.0, 0.0008304482125828747)	(10.0, 0.0015387289122814035)	(11.0, 0.001217312003383303)	(12.0, 0.0011475019960208198)	(13.0, 0.0017282824739392575)	(14.0, 0.002135992308604872)	(15.0, 0.002153444810445493)	(16.0, 0.0023318481625940616)	(17.0, 0.004259380032547074)	(18.0, 0.006274174411703189)	(19.0, 0.007551600588093076)	(20.0, 0.011718870194259096)	(21.0, 0.02200130252869154)	(22.0, 0.07244097201495693)	(23.0, 0.12236821665551298)	(24.0, 0.1377196311912102)	(25.0, 0.14215402103388125)	(26.0, 0.16652159193713031)	(27.0, 0.23657060161648658)	(28.0, 0.3224548479658995)	(29.0, 0.4099495724018275)	(30.0, 0.4985224736181316)	(31.0, 0.6003626697753321)	(32.0, 0.7342635966054709)	(33.0, 0.861993124868079)	(34.0, 0.9918877329423598)	(35.0, 1.1524604457104273)	(36.0, 1.2788747340426576)	(37.0, 1.3565010382711502)	(38.0, 1.4448771140500294)	(39.0, 1.5264481684862201)	(40.0, 1.9128179565262156)	(41.0, 2.295978423394408)	(42.0, 2.735225413677742)	(43.0, 2.842444373943878)	(44.0, 2.8707499079707763)	(45.0, 2.947288339584537)	(46.0, 2.8779602151895416)	(47.0, 2.901579267680515)	(48.0, 2.836321939339845)	(49.0, 3.2723717282443205)	(50.0, 3.3326938768978374)	(51.0, 3.088583794486203)	(52.0, 3.1039298763130043)	(53.0, 2.586037064818655)	(54.0, 2.431356510588668)	(55.0, 3.267606710450113)	(56.0, 3.1830241298629804)	(57.0, 2.479460938370315)	(58.0, 2.220749414210412)	(59.0, 2.242394879618242)	(60.0, 2.791126261864968)	(61.0, 2.731091594700104)	(62.0, 2.0531370409082426)	(63.0, 1.444002549791127)	(64.0, 1.070678022085278)	(65.0, 1.2859139097850414)	(66.0, 1.6786068362002373)	(67.0, 2.11003365128382)	(68.0, 2.360457176236299)	(69.0, 2.2368624365347647)	(70.0, 1.9776438202380482)	(71.0, 1.9283817098343068)	(72.0, 1.684897978322063)	(73.0, 1.2343611585147187)	(74.0, 1.5234768800478544)	(75.0, 1.8074756249996635)	(76.0, 1.139940214806653)	(77.0, 0.44183626284807737)	(78.0, 0.19913110683461255)	(79.0, 0.2824546833306321)	(80.0, 0.24310753313923467)	(81.0, 0.036656071365917295)	(82.0, 0.02060510238144187)	(83.0, 0.017535886016081578)	(84.0, 0.01595401064091642)	(85.0, 0.01464361862771647)	(86.0, 0.013451031001940714)	(87.0, 0.012426181310522035)	(88.0, 0.011194810347322675)	(89.0, 0.009530035588414565)	(90.0, 0.00828751441570592)	(91.0, 0.007430887450362115)	(92.0, 0.006632435491153713)	(93.0, 0.005195997631327058)	(94.0, 0.00367132767886171)	(95.0, 0.002829244465051755)	(96.0, 0.0025039492224112948)	(97.0, 0.0024559548423495874)	(98.0, 0.002975166772108057)	(99.0, 0.005245446386542151)	(100.0, 0.024795157198344256)
mehreen_1050_MERGE_1_val_1	(0.0, 0.000457707748927327)	(1.0, 0.0003463403554717474)	(2.0, 0.000233749144505667)	(3.0, 0.0003322664541009874)	(4.0, 0.0003867263333182763)	(5.0, 0.0003035067426042168)	(6.0, 0.00028208993617045156)	(7.0, 0.0003451165379612466)	(8.0, 0.00042466467614380343)	(9.0, 0.000516450989431369)	(10.0, 0.0006504590068312147)	(11.0, 0.0009453990268619254)	(12.0, 0.0010738998654645172)	(13.0, 0.0011344788322343105)	(14.0, 0.0016607203617496865)	(15.0, 0.001960555651822401)	(16.0, 0.0021967524313490695)	(17.0, 0.0030564842324759334)	(18.0, 0.004708637871652114)	(19.0, 0.00779632945064582)	(20.0, 0.01297491324633027)	(21.0, 0.024569972249570804)	(22.0, 0.056156702195598374)	(23.0, 0.08292220305900774)	(24.0, 0.11770982770375035)	(25.0, 0.14797238710341598)	(26.0, 0.19372052137220439)	(27.0, 0.2726812271497208)	(28.0, 0.36973485100248216)	(29.0, 0.48681257696205876)	(30.0, 0.5607360498663536)	(31.0, 0.6538557123316099)	(32.0, 0.7603290595626965)	(33.0, 0.8624915096130438)	(34.0, 0.9817959715329767)	(35.0, 1.1079323947052808)	(36.0, 1.2224988471333096)	(37.0, 1.2976051396615036)	(38.0, 1.3722298599993152)	(39.0, 1.4342792435079754)	(40.0, 1.5032945962864066)	(41.0, 1.6177600837698192)	(42.0, 1.721402741099117)	(43.0, 1.9251622375099604)	(44.0, 2.296798900923761)	(45.0, 2.593721505321483)	(46.0, 2.5744843178739196)	(47.0, 2.3307292414023975)	(48.0, 2.0812913683208647)	(49.0, 1.8455847277071513)	(50.0, 2.0084087522092506)	(51.0, 2.8929620200840938)	(52.0, 2.7900395793597252)	(53.0, 2.445024006343095)	(54.0, 2.8544307376747287)	(55.0, 2.6357363842744883)	(56.0, 2.1500894934911816)	(57.0, 2.3024865928038136)	(58.0, 3.085385906803922)	(59.0, 3.451739961933646)	(60.0, 3.3941654671521317)	(61.0, 3.3658310322402607)	(62.0, 2.7721596055313076)	(63.0, 1.9152952088315471)	(64.0, 1.8920530785808694)	(65.0, 2.2035054563720133)	(66.0, 3.9301840747588996)	(67.0, 4.663942220442356)	(68.0, 3.345057953817019)	(69.0, 2.90740612625178)	(70.0, 3.3376324410720546)	(71.0, 2.9247990207110184)	(72.0, 1.5934171296684463)	(73.0, 0.9065874902426561)	(74.0, 0.5039894676306939)	(75.0, 0.34550693574709634)	(76.0, 0.30542630036943746)	(77.0, 0.19994669295687761)	(78.0, 0.0896501398229863)	(79.0, 0.04554559247080054)	(80.0, 0.032615348563603555)	(81.0, 0.027031681171943316)	(82.0, 0.02159609569905368)	(83.0, 0.016885622101135814)	(84.0, 0.014478984966735846)	(85.0, 0.013040387483142067)	(86.0, 0.01190896819468401)	(87.0, 0.011371100398818874)	(88.0, 0.010474042163621734)	(89.0, 0.00863525635409417)	(90.0, 0.007088351020821065)	(91.0, 0.005948976918544751)	(92.0, 0.004953401373752289)	(93.0, 0.0034205699418499436)	(94.0, 0.0018608145247165796)	(95.0, 0.0009613086544984367)	(96.0, 0.0006504590068312147)	(97.0, 0.0005427630659071377)	(98.0, 0.0005855966787746684)	(99.0, 0.0024617089223725086)	(100.0, 0.007032667324093275)
mehreen_1050_MERGE_2_val_2	(0.0, 0.00011252890051008006)	(1.0, 0.00010274377872659483)	(2.0, 9.72396477233844e-05)	(3.0, 0.00014127269574906788)	(4.0, 0.00031434703729446274)	(5.0, 0.0002880495225013462)	(6.0, 0.0001345454245229218)	(7.0, 0.00016390078987337745)	(8.0, 0.00025441316637061573)	(9.0, 0.0008855535214054125)	(10.0, 0.0016530740112975348)	(11.0, 0.0013833715921402231)	(12.0, 0.001380313741582884)	(13.0, 0.002144776380917667)	(14.0, 0.002715371294917149)	(15.0, 0.0028040489610799838)	(16.0, 0.0030572389872276636)	(17.0, 0.005455205394293012)	(18.0, 0.008125320500961541)	(19.0, 0.009281188011635733)	(20.0, 0.013867352277532963)	(21.0, 0.02553855628478496)	(22.0, 0.0673962494239774)	(23.0, 0.12260146024595515)	(24.0, 0.15193542064250942)	(25.0, 0.15331206496342353)	(26.0, 0.17839867093583378)	(27.0, 0.25360772853381264)	(28.0, 0.34062437027390086)	(29.0, 0.42678053286715384)	(30.0, 0.5117123320972482)	(31.0, 0.6084914675266974)	(32.0, 0.7332089603583312)	(33.0, 0.8555994289158299)	(34.0, 0.9806875332350133)	(35.0, 1.1381533823955263)	(36.0, 1.267946907152343)	(37.0, 1.3373931395899605)	(38.0, 1.4138027093167507)	(39.0, 1.4852616189912091)	(40.0, 1.6038878735126234)	(41.0, 1.6999900008286777)	(42.0, 1.874551680885162)	(43.0, 1.9313017178087075)	(44.0, 1.9916184316223335)	(45.0, 2.017536161376228)	(46.0, 1.9100380366030827)	(47.0, 1.9532858286056416)	(48.0, 2.099736076918396)	(49.0, 2.3921265240709406)	(50.0, 2.359504151185024)	(51.0, 2.1396422498318945)	(52.0, 2.0749613717028343)	(53.0, 1.940740690909102)	(54.0, 2.15855199767848)	(55.0, 2.9988046862171363)	(56.0, 2.835645730888969)	(57.0, 2.197666798867739)	(58.0, 2.608904277351938)	(59.0, 3.1684468962969734)	(60.0, 3.929117800940656)	(61.0, 3.711201915682217)	(62.0, 2.5754495575443137)	(63.0, 1.7828241145764372)	(64.0, 1.4059978515541984)	(65.0, 1.7244882763538558)	(66.0, 2.2242499169029113)	(67.0, 2.8284102449001933)	(68.0, 3.1660489298899077)	(69.0, 3.000869958483563)	(70.0, 3.0539034838397185)	(71.0, 2.942424649211029)	(72.0, 2.1592143281091993)	(73.0, 1.5990295605471228)	(74.0, 2.119845725323681)	(75.0, 2.629373528982766)	(76.0, 1.661744240767814)	(77.0, 0.5502644887839571)	(78.0, 0.21493386939492168)	(79.0, 0.22798599871386807)	(80.0, 0.18227419073220538)	(81.0, 0.03325351324095159)	(82.0, 0.020945664747661585)	(83.0, 0.01807495464443161)	(84.0, 0.016347880649646467)	(85.0, 0.01487277354078607)	(86.0, 0.013504079631321074)	(87.0, 0.012611798838689514)	(88.0, 0.011570294938859808)	(89.0, 0.009845055654409069)	(90.0, 0.008711816237859188)	(91.0, 0.007895981709161106)	(92.0, 0.006867932351783691)	(93.0, 0.005353073185677884)	(94.0, 0.0038822470675977617)	(95.0, 0.003067635679122617)	(96.0, 0.0028713216733414447)	(97.0, 0.0031404125223872884)	(98.0, 0.004455899832154583)	(99.0, 0.008995584769580258)	(100.0, 0.04032387529963113)
mehreen_1051_MERGE_1_val_1	(0.0, 0.0006506422774821502)	(1.0, 0.00051242968947993)	(2.0, 0.0003839962940250365)	(3.0, 0.0004961310352343851)	(4.0, 0.0005209049896876133)	(5.0, 0.0004126819254971955)	(6.0, 0.0003918196480628981)	(7.0, 0.0004126819254971955)	(8.0, 0.00043941171845988903)	(9.0, 0.0005352478054236927)	(10.0, 0.000809717142918668)	(11.0, 0.002008646149220947)	(12.0, 0.002086879689599562)	(13.0, 0.002437626728963687)	(14.0, 0.0038764719257603866)	(15.0, 0.003729132091380661)	(16.0, 0.004959354513834386)	(17.0, 0.00773012573557701)	(18.0, 0.009226342195318026)	(19.0, 0.011545314721374147)	(20.0, 0.01773228387298297)	(21.0, 0.029810238615101525)	(22.0, 0.06341545588473571)	(23.0, 0.09861859321660311)	(24.0, 0.1415088278368393)	(25.0, 0.17503124794290612)	(26.0, 0.23944026979045024)	(27.0, 0.33655482319327445)	(28.0, 0.44763015187666255)	(29.0, 0.5883716390716216)	(30.0, 0.6690525853717478)	(31.0, 0.7607709803269571)	(32.0, 0.8733157956771235)	(33.0, 0.9779088235939737)	(34.0, 1.0893805355486132)	(35.0, 1.2213057546890722)	(36.0, 1.3430821278039153)	(37.0, 1.4104138243307707)	(38.0, 1.4838809862618187)	(39.0, 1.5580672448181803)	(40.0, 1.6777697771668203)	(41.0, 1.8476669490223796)	(42.0, 1.949580478181262)	(43.0, 2.1225906929977207)	(44.0, 2.4434310057136104)	(45.0, 2.7473141985524356)	(46.0, 2.8451400252265358)	(47.0, 2.677941910514038)	(48.0, 2.5133281104187146)	(49.0, 2.1885669934375165)	(50.0, 2.1284823305344003)	(51.0, 2.9602880616328004)	(52.0, 2.941986628753563)	(53.0, 2.6499017057500027)	(54.0, 2.9821178271831132)	(55.0, 2.6699575257722308)	(56.0, 2.218358325613693)	(57.0, 2.307088199326439)	(58.0, 2.9697725745113677)	(59.0, 3.2150418950061947)	(60.0, 2.9966223255693083)	(61.0, 2.904989987508516)	(62.0, 2.440966649191684)	(63.0, 1.750736244439445)	(64.0, 1.5765342720245525)	(65.0, 1.8230377266188518)	(66.0, 3.330503517520144)	(67.0, 3.994755171297324)	(68.0, 3.2155256390642024)	(69.0, 2.889843974091216)	(70.0, 3.028149790395721)	(71.0, 2.6629745303472694)	(72.0, 1.4523346149964818)	(73.0, 0.7529358912580388)	(74.0, 0.41750045963834836)	(75.0, 0.32931561292357325)	(76.0, 0.29500955352138064)	(77.0, 0.1893753675713252)	(78.0, 0.08137200924013738)	(79.0, 0.041748676876878214)	(80.0, 0.03035070198988379)	(81.0, 0.025180116917027144)	(82.0, 0.020230541595740087)	(83.0, 0.016047003023993634)	(84.0, 0.01394838830333728)	(85.0, 0.012654275156241018)	(86.0, 0.011641150808337952)	(87.0, 0.011109814679933189)	(88.0, 0.010155365487314083)	(89.0, 0.008341651242869851)	(90.0, 0.006840219213770261)	(91.0, 0.005714308178488023)	(92.0, 0.004814622464133948)	(93.0, 0.0032994995654680986)	(94.0, 0.001758298820009378)	(95.0, 0.0009374985922037396)	(96.0, 0.0006206527536703478)	(97.0, 0.0004980868737438505)	(98.0, 0.0005984865838964068)	(99.0, 0.0020725368738634827)	(100.0, 0.004171803540689659)
mehreen_1051_MERGE_2_val_2	(0.0, 0.00015354618825491373)	(1.0, 0.0001301238883516218)	(2.0, 0.00010605096900657178)	(3.0, 0.00015289556881315563)	(4.0, 0.0003636962679427829)	(5.0, 0.00032921343752960317)	(6.0, 0.0001444375160703002)	(7.0, 0.00018867963810985163)	(8.0, 0.00032791219864608697)	(9.0, 0.0015231001131557334)	(10.0, 0.002852966252109308)	(11.0, 0.0025042342313269616)	(12.0, 0.0028796416492213907)	(13.0, 0.004810680152359458)	(14.0, 0.0064437349511723115)	(15.0, 0.006525713000833834)	(16.0, 0.006017579216820751)	(17.0, 0.009690976584987035)	(18.0, 0.01404882560588285)	(19.0, 0.01429215727710038)	(20.0, 0.01879379319462474)	(21.0, 0.033057323216287765)	(22.0, 0.08095332404075271)	(23.0, 0.14181226662280624)	(24.0, 0.17354883237232505)	(25.0, 0.18012008873408195)	(26.0, 0.21751899548522158)	(27.0, 0.3053239928671289)	(28.0, 0.40473148675390863)	(29.0, 0.498650355030017)	(30.0, 0.5901847030520818)	(31.0, 0.6971497923743237)	(32.0, 0.8311585294126832)	(33.0, 0.9569375811322443)	(34.0, 1.085921584221906)	(35.0, 1.25713859651497)	(36.0, 1.3982638090072796)	(37.0, 1.4718384579590535)	(38.0, 1.5518379738981891)	(39.0, 1.621179042142443)	(40.0, 1.7745801422618446)	(41.0, 1.916738538427666)	(42.0, 2.0868703174918775)	(43.0, 2.0786054987232245)	(44.0, 2.07739014160602)	(45.0, 2.158967409691419)	(46.0, 2.166249142483576)	(47.0, 2.2671660734752344)	(48.0, 2.3880739374343527)	(49.0, 2.700688771765823)	(50.0, 2.710430496667267)	(51.0, 2.5410358694305675)	(52.0, 2.4815907228954543)	(53.0, 2.1621086003562273)	(54.0, 2.1171917859555727)	(55.0, 2.685286657721083)	(56.0, 2.5906826871728033)	(57.0, 2.220884259485771)	(58.0, 2.540668920065416)	(59.0, 2.7919622213917425)	(60.0, 3.18469563502019)	(61.0, 2.9614362242003365)	(62.0, 2.1892381298386567)	(63.0, 1.6966593554391265)	(64.0, 1.4643927690675738)	(65.0, 1.7032696489673889)	(66.0, 2.1701463529397067)	(67.0, 2.709150077605887)	(68.0, 2.9049182145336934)	(69.0, 2.737704463665767)	(70.0, 2.871905784058887)	(71.0, 2.762319999625243)	(72.0, 1.9812136238670113)	(73.0, 1.5151033495970845)	(74.0, 1.9856514990792433)	(75.0, 2.33891703613176)	(76.0, 1.420899510005486)	(77.0, 0.4800276747485746)	(78.0, 0.2047219616852813)	(79.0, 0.22566735337380012)	(80.0, 0.18144670177582672)	(81.0, 0.03382830725477112)	(82.0, 0.02137024618398685)	(83.0, 0.018388457282409437)	(84.0, 0.016707256644906483)	(85.0, 0.01541772891134191)	(86.0, 0.014215384182972924)	(87.0, 0.01350490775257307)	(88.0, 0.012497098237289759)	(89.0, 0.010663652650415408)	(90.0, 0.009247904745149763)	(91.0, 0.0081958531078269)	(92.0, 0.0072049596980293)	(93.0, 0.005726752326354876)	(94.0, 0.004216013982592547)	(95.0, 0.0033233641085004214)	(96.0, 0.0030162717319905936)	(97.0, 0.0031301301342982627)	(98.0, 0.0043767169847068)	(99.0, 0.009997418342055104)	(100.0, 0.04870732326833732)
mehreen_1052_MERGE_1_val_1	(0.0, 0.00032128178381225217)	(1.0, 0.00025652731575706957)	(2.0, 0.00019177284770188695)	(3.0, 0.0002857913542050848)	(4.0, 0.00032003650558042176)	(5.0, 0.00025652731575706957)	(6.0, 0.0002509235637138326)	(7.0, 0.00025465939840932394)	(8.0, 0.00025901787222073043)	(9.0, 0.0002945083018278978)	(10.0, 0.0004165455685472805)	(11.0, 0.0011985802981367936)	(12.0, 0.0012820139396694326)	(13.0, 0.0009233738089022674)	(14.0, 0.0011201277695314761)	(15.0, 0.0011574861164863892)	(16.0, 0.0014712962309076586)	(17.0, 0.0019843508624217978)	(18.0, 0.0031256483618943916)	(19.0, 0.005205885648167132)	(20.0, 0.008780456812636396)	(21.0, 0.01597816499261631)	(22.0, 0.033158646118064905)	(23.0, 0.052398817438961034)	(24.0, 0.08037772875172725)	(25.0, 0.10388422329487446)	(26.0, 0.1391847479716877)	(27.0, 0.19778878683985981)	(28.0, 0.2731081954138918)	(29.0, 0.36597419691353056)	(30.0, 0.439087595099875)	(31.0, 0.5211146948696617)	(32.0, 0.6159718962619973)	(33.0, 0.7165088116697116)	(34.0, 0.8240977377042815)	(35.0, 0.9364847207660941)	(36.0, 1.0349949458515044)	(37.0, 1.1190723962299998)	(38.0, 1.210444686490558)	(39.0, 1.3013450163012525)	(40.0, 1.5190495379027764)	(41.0, 1.8373937103661406)	(42.0, 1.999500917390247)	(43.0, 2.2374349838678564)	(44.0, 2.724008151143005)	(45.0, 3.1983707427159414)	(46.0, 3.612629980429581)	(47.0, 3.5066574255399265)	(48.0, 3.3713542098168547)	(49.0, 2.8992549114302704)	(50.0, 2.5588612199550007)	(51.0, 3.4422074280124266)	(52.0, 3.4281588216400314)	(53.0, 3.1494854778080894)	(54.0, 3.428420952707832)	(55.0, 3.014251375026884)	(56.0, 2.533882183902714)	(57.0, 2.5533091469583846)	(58.0, 3.069522426707562)	(59.0, 3.1368876205757767)	(60.0, 2.666593352986231)	(61.0, 2.642691482604478)	(62.0, 2.3794745321860153)	(63.0, 1.7025226061895136)	(64.0, 1.4783276944436894)	(65.0, 1.74293811120357)	(66.0, 2.788059036997204)	(67.0, 3.1461207360256838)	(68.0, 2.9523747449654616)	(69.0, 2.8324613002704657)	(70.0, 2.819415142874694)	(71.0, 2.4054105645594634)	(72.0, 1.2248419707678655)	(73.0, 0.6230002466024482)	(74.0, 0.3434502268952976)	(75.0, 0.3027184212103559)	(76.0, 0.26241934971097525)	(77.0, 0.15892987961559107)	(78.0, 0.06687268632752619)	(79.0, 0.03497737497565325)	(80.0, 0.026843217565336853)	(81.0, 0.023209495684855645)	(82.0, 0.018944417740836404)	(83.0, 0.015656883208804057)	(84.0, 0.014067908184988424)	(85.0, 0.013033704613453245)	(86.0, 0.012279688644079918)	(87.0, 0.011816445141838995)	(88.0, 0.010713128628437232)	(89.0, 0.00861981592073027)	(90.0, 0.006680295074654368)	(91.0, 0.005332281388697921)	(92.0, 0.004555227772035731)	(93.0, 0.003277572306177705)	(94.0, 0.001989954614465035)	(95.0, 0.0011543729209068131)	(96.0, 0.0007266198482730587)	(97.0, 0.0005996014686263544)	(98.0, 0.0008032044595306304)	(99.0, 0.004011663823841746)	(100.0, 0.011110995023507054)
mehreen_1052_MERGE_2_val_2	(0.0, 0.00010197096507342111)	(1.0, 8.331773975511238e-05)	(2.0, 6.528628861408059e-05)	(3.0, 8.8913707350605e-05)	(4.0, 0.00019337176913313396)	(5.0, 0.00018777580153764132)	(6.0, 0.00011067580355529853)	(7.0, 0.00013989918988731556)	(8.0, 0.00019337176913313396)	(9.0, 0.0006136911129723576)	(10.0, 0.0010470677145343972)	(11.0, 0.000829446752487462)	(12.0, 0.000858670138819479)	(13.0, 0.0012348435160720386)	(14.0, 0.0014779572193873293)	(15.0, 0.0016402402796566152)	(16.0, 0.001928743497913124)	(17.0, 0.003396752330464022)	(18.0, 0.0049698409989747255)	(19.0, 0.006090899840605081)	(20.0, 0.009477082010055394)	(21.0, 0.016966351975356352)	(22.0, 0.044499134319357335)	(23.0, 0.07808986247256772)	(24.0, 0.0964396619923653)	(25.0, 0.1070632955853194)	(26.0, 0.13436353438701878)	(27.0, 0.1909281966164355)	(28.0, 0.26098908913782587)	(29.0, 0.33498581220137935)	(30.0, 0.41219648598727743)	(31.0, 0.4998604272415557)	(32.0, 0.6054575793168561)	(33.0, 0.7107544144645317)	(34.0, 0.8197588890313098)	(35.0, 0.9487434550107054)	(36.0, 1.0560392941383265)	(37.0, 1.1306957196039709)	(38.0, 1.2145419674097686)	(39.0, 1.2983322555396115)	(40.0, 1.5791646457710542)	(41.0, 1.8587659231314886)	(42.0, 2.1453571857928706)	(43.0, 2.168811751308112)	(44.0, 2.232145669005543)	(45.0, 2.4130483787875643)	(46.0, 2.485692743015541)	(47.0, 2.784791615027026)	(48.0, 3.0164292323523156)	(49.0, 3.485321574920415)	(50.0, 3.5879889270723866)	(51.0, 3.4256530159980323)	(52.0, 3.4030751520727507)	(53.0, 2.7442712136680636)	(54.0, 2.3666086872609258)	(55.0, 2.823816649489637)	(56.0, 2.7936693067301865)	(57.0, 2.51523074708126)	(58.0, 2.6186106524403905)	(59.0, 2.6392056785143354)	(60.0, 2.8064548491375323)	(61.0, 2.6105729776507314)	(62.0, 2.1645476240003467)	(63.0, 1.813355267868243)	(64.0, 1.552225657766353)	(65.0, 1.7157435615517107)	(66.0, 2.1778940067155963)	(67.0, 2.698426560029079)	(68.0, 2.722977935193037)	(69.0, 2.4733293852745657)	(70.0, 2.610324889753998)	(71.0, 2.506908921492585)	(72.0, 1.894125598819052)	(73.0, 1.5267590310134431)	(74.0, 1.7989885537280819)	(75.0, 1.8595798255295442)	(76.0, 1.0157209693869795)	(77.0, 0.3416419047691292)	(78.0, 0.14694202599333164)	(79.0, 0.14567360667168666)	(80.0, 0.11544108084994914)	(81.0, 0.028050720233672683)	(82.0, 0.01962754545410173)	(83.0, 0.017391023738436515)	(84.0, 0.015978352807663267)	(85.0, 0.014844236708310097)	(86.0, 0.013916549635812873)	(87.0, 0.013312806909676948)	(88.0, 0.012050605329804724)	(89.0, 0.009953982804026821)	(90.0, 0.008354157845893209)	(91.0, 0.007125532071593939)	(92.0, 0.006156186129219161)	(93.0, 0.00475222003692779)	(94.0, 0.003389912814513975)	(95.0, 0.0025990160610176844)	(96.0, 0.0022327910706015563)	(97.0, 0.0022620144569335736)	(98.0, 0.003001925727893153)	(99.0, 0.006079086131236819)	(100.0, 0.028193106520269108)
mehreen_1054_MERGE_1_val_1	(0.0, 0.000373356703902701)	(1.0, 0.00028252514758010357)	(2.0, 0.0002067393091759732)	(3.0, 0.000307601344110882)	(4.0, 0.00035886823479602895)	(5.0, 0.0003159600762878081)	(6.0, 0.0002919983773806199)	(7.0, 0.0002869831380744642)	(8.0, 0.0002986853631221608)	(9.0, 0.00031986081797037366)	(10.0, 0.0003911886658801434)	(11.0, 0.0004346540732001593)	(12.0, 0.0006831870432607633)	(13.0, 0.0008743233857064743)	(14.0, 0.0011702225047696597)	(15.0, 0.00146667887264464)	(16.0, 0.0016104490660877697)	(17.0, 0.002312582568949566)	(18.0, 0.003667811679235191)	(19.0, 0.006187690806172525)	(20.0, 0.010249477395346835)	(21.0, 0.019298640850087076)	(22.0, 0.04236205467266168)	(23.0, 0.06442743587331132)	(24.0, 0.08709520303951142)	(25.0, 0.10629353910347537)	(26.0, 0.14693480944531384)	(27.0, 0.21219366054582345)	(28.0, 0.2853721317595646)	(29.0, 0.3799054919389167)	(30.0, 0.4565405775322227)	(31.0, 0.5486209284420529)	(32.0, 0.6533463693891369)	(33.0, 0.7507334007336915)	(34.0, 0.8506960360863631)	(35.0, 0.9591071206746599)	(36.0, 1.061167240554928)	(37.0, 1.1320002515198238)	(38.0, 1.2072489020693835)	(39.0, 1.2923981922581067)	(40.0, 1.4161575808696751)	(41.0, 1.5581328758900126)	(42.0, 1.6591960776459795)	(43.0, 1.93375145271979)	(44.0, 2.24337003752937)	(45.0, 2.5520385131148395)	(46.0, 2.64254184988729)	(47.0, 2.3305694460966873)	(48.0, 2.0255776981714413)	(49.0, 1.7638139695723871)	(50.0, 1.9215404595069245)	(51.0, 2.5349894857179693)	(52.0, 2.5725018039815786)	(53.0, 2.9926061107057684)	(54.0, 3.4670310316037423)	(55.0, 2.8864468685659355)	(56.0, 2.3686657611150572)	(57.0, 2.502331919102719)	(58.0, 3.4507287176146777)	(59.0, 4.035456582816992)	(60.0, 3.727919879568278)	(61.0, 3.428055935209171)	(62.0, 2.8261207839474363)	(63.0, 1.9367488940784354)	(64.0, 1.848147447500642)	(65.0, 2.2771699642088006)	(66.0, 3.9655864977988786)	(67.0, 4.527296086332374)	(68.0, 2.9919418701221083)	(69.0, 2.6860897300314512)	(70.0, 3.363577789693986)	(71.0, 3.0050517056683996)	(72.0, 1.769426579604787)	(73.0, 0.900780444792881)	(74.0, 0.40879271309356163)	(75.0, 0.2905952248725199)	(76.0, 0.4021614522332002)	(77.0, 0.3239866881729044)	(78.0, 0.07981140382053797)	(79.0, 0.02677134741625905)	(80.0, 0.015226823782300454)	(81.0, 0.009820395810264625)	(82.0, 0.007459332594688888)	(83.0, 0.005720159053076455)	(84.0, 0.004891530069937177)	(85.0, 0.004208900275488209)	(86.0, 0.0035223697393566757)	(87.0, 0.0031991654285155316)	(88.0, 0.002930571501230305)	(89.0, 0.0024006278812131877)	(90.0, 0.00197711878424893)	(91.0, 0.0015619684194615982)	(92.0, 0.0011624210214045286)	(93.0, 0.000747270656617197)	(94.0, 0.0003672269669729551)	(95.0, 0.0001889073471985308)	(96.0, 0.0001811058638333997)	(97.0, 0.00018166311264519478)	(98.0, 0.00022345677352982553)	(99.0, 0.0008336442224454337)	(100.0, 0.0018818292374319719)
mehreen_1054_MERGE_2_val_2	(0.0, 9.017095611760287e-05)	(1.0, 7.569907427156784e-05)	(2.0, 7.124618754971091e-05)	(3.0, 0.00012579404989245834)	(4.0, 0.0002738525333942013)	(5.0, 0.0002460219913825955)	(6.0, 0.00012078455233036928)	(7.0, 0.00013915271005802914)	(8.0, 0.0002081724542468116)	(9.0, 0.0007519812451535894)	(10.0, 0.001404885760745862)	(11.0, 0.001185024478854176)	(12.0, 0.0012434686170785482)	(13.0, 0.0019002694085524456)	(14.0, 0.002326633312170247)	(15.0, 0.0023310861988921038)	(16.0, 0.002407341884003904)	(17.0, 0.004298148908272403)	(18.0, 0.006280240110338971)	(19.0, 0.007084542774474379)	(20.0, 0.010272809667323942)	(21.0, 0.018241807066927154)	(22.0, 0.04743938530214306)	(23.0, 0.08880169345063187)	(24.0, 0.11104887212386932)	(25.0, 0.11521733070636767)	(26.0, 0.13869962883408019)	(27.0, 0.19686434841665587)	(28.0, 0.2681645272178693)	(29.0, 0.34372444877937913)	(30.0, 0.42423765020811455)	(31.0, 0.5152824853448819)	(32.0, 0.626083665644848)	(33.0, 0.7328488607422909)	(34.0, 0.8416835349437167)	(35.0, 0.9726846792465466)	(36.0, 1.0837135133801676)	(37.0, 1.150354302837798)	(38.0, 1.2172978885925148)	(39.0, 1.2859664113411107)	(40.0, 1.532853932580267)	(41.0, 1.6853691990797486)	(42.0, 2.0470849800479507)	(43.0, 2.165337509666104)	(44.0, 1.8842813187776184)	(45.0, 1.858631021427202)	(46.0, 1.848521298736066)	(47.0, 1.8822430098806884)	(48.0, 2.074627197644316)	(49.0, 2.5541502195584855)	(50.0, 2.6091166532530874)	(51.0, 2.434385934898262)	(52.0, 2.456742765907025)	(53.0, 2.2248881902408577)	(54.0, 2.5300645552799614)	(55.0, 3.670345315131238)	(56.0, 3.362366414511566)	(57.0, 2.4397049080875197)	(58.0, 2.6180035019282335)	(59.0, 3.0650210073836877)	(60.0, 4.144059546316746)	(61.0, 3.8867756478037334)	(62.0, 2.4161842038118313)	(63.0, 1.5734152777296617)	(64.0, 1.2461999064715674)	(65.0, 1.5669352143276793)	(66.0, 2.115152919699936)	(67.0, 2.7203297255748256)	(68.0, 3.023178900690919)	(69.0, 2.8903492897779266)	(70.0, 2.6241117492889408)	(71.0, 2.5923008831588352)	(72.0, 2.147208137988904)	(73.0, 1.5308696149348395)	(74.0, 2.139851969124396)	(75.0, 2.7075026287616764)	(76.0, 1.6638784545383867)	(77.0, 0.5669070275547302)	(78.0, 0.2749958120600381)	(79.0, 0.45427014470367866)	(80.0, 0.39469330341943404)	(81.0, 0.03477593207602218)	(82.0, 0.011279162066463608)	(83.0, 0.00906273770065932)	(84.0, 0.007850439290633771)	(85.0, 0.006914776468203584)	(86.0, 0.006178936937416725)	(87.0, 0.005622882708024841)	(88.0, 0.005060705759390403)	(89.0, 0.004385536810188846)	(90.0, 0.0038779077238971556)	(91.0, 0.0033814108544101083)	(92.0, 0.0029249899654197726)	(93.0, 0.0025531739241447184)	(94.0, 0.0021340459614499346)	(95.0, 0.0019381189456882297)	(96.0, 0.0020076953007172444)	(97.0, 0.0021173476362429714)	(98.0, 0.0030368687443064275)	(99.0, 0.006968211108865867)	(100.0, 0.033827467204266645)
mehreen_1055_MERGE_1_val_1	(0.0, 0.0002051898799678446)	(1.0, 0.0001872497811728418)	(2.0, 0.00018612852499815414)	(3.0, 0.00028143529984660655)	(4.0, 0.00035880197590005614)	(5.0, 0.000317876125523956)	(6.0, 0.0003122698446505176)	(7.0, 0.00038403023983052886)	(8.0, 0.000469806337194136)	(9.0, 0.0006155696399035339)	(10.0, 0.0014570723990066344)	(11.0, 0.003267340493039886)	(12.0, 0.0034529083899506965)	(13.0, 0.008165548092162998)	(14.0, 0.01434983652365287)	(15.0, 0.01291967427283874)	(16.0, 0.02239877397364835)	(17.0, 0.04327095766545943)	(18.0, 0.048084510423393616)	(19.0, 0.04303885763729908)	(20.0, 0.05312399630052738)	(21.0, 0.056405352495750856)	(22.0, 0.06795597297929595)	(23.0, 0.09240776700879742)	(24.0, 0.12061801173585202)	(25.0, 0.16734299904743682)	(26.0, 0.2369825381730263)	(27.0, 0.3228113345768438)	(28.0, 0.3960131045694161)	(29.0, 0.4653869059816046)	(30.0, 0.5182888935595438)	(31.0, 0.6337883708579466)	(32.0, 0.7508873200895413)	(33.0, 0.812461102922515)	(34.0, 0.9194760347470561)	(35.0, 1.0336944768658782)	(36.0, 1.116192581802786)	(37.0, 1.1835840022981265)	(38.0, 1.2437747156396233)	(39.0, 1.3114436470381992)	(40.0, 1.4817030333959984)	(41.0, 1.7048274058779727)	(42.0, 1.820451903239853)	(43.0, 2.092067241508545)	(44.0, 2.474560239123577)	(45.0, 2.8121060010919914)	(46.0, 3.103223908635113)	(47.0, 2.9339041349517023)	(48.0, 2.60053280972165)	(49.0, 2.2232603808559634)	(50.0, 2.2687660020775753)	(51.0, 3.050565794275169)	(52.0, 3.0279113738936916)	(53.0, 3.1019378278027467)	(54.0, 3.41963511296684)	(55.0, 2.8483965784419327)	(56.0, 2.4024539364136746)	(57.0, 2.5229155329131574)	(58.0, 3.229406154137853)	(59.0, 3.461464695819738)	(60.0, 3.0107987621556083)	(61.0, 2.8771853913551264)	(62.0, 2.4600837006521843)	(63.0, 1.740551188231609)	(64.0, 1.6478176963040647)	(65.0, 1.9768929285008014)	(66.0, 3.2619259469723194)	(67.0, 3.6816827722969214)	(68.0, 2.949723938320371)	(69.0, 2.8147235736317997)	(70.0, 3.1297040550846247)	(71.0, 2.686814593620041)	(72.0, 1.4307172726206006)	(73.0, 0.7209806147701842)	(74.0, 0.35699114717793556)	(75.0, 0.29162415470599345)	(76.0, 0.30863192899174346)	(77.0, 0.2121259706644626)	(78.0, 0.06175206256474904)	(79.0, 0.02431556140427693)	(80.0, 0.014742836812880902)	(81.0, 0.010373862128210374)	(82.0, 0.007500082552485862)	(83.0, 0.005559188114101495)	(84.0, 0.0046790020169716695)	(85.0, 0.003932806032717022)	(86.0, 0.0033177970209008318)	(87.0, 0.003068317522032824)	(88.0, 0.0027347438100632404)	(89.0, 0.00221167780457144)	(90.0, 0.0017558871695608999)	(91.0, 0.0013460680377125544)	(92.0, 0.0010382832177607876)	(93.0, 0.0006514498374935395)	(94.0, 0.0003105879603884861)	(95.0, 0.0001665065419411198)	(96.0, 0.00014520267462205398)	(97.0, 0.00015641523636893072)	(98.0, 0.0002506007550426955)	(99.0, 0.0013982064498355314)	(100.0, 0.0031641849249686204)
mehreen_1055_MERGE_2_val_2	(0.0, 7.838330184844062e-05)	(1.0, 7.670365966597404e-05)	(2.0, 9.238032003566216e-05)	(3.0, 0.00013605101677979336)	(4.0, 0.00023794930918276616)	(5.0, 0.0002289912175429444)	(6.0, 0.00016012588806181444)	(7.0, 0.00018700016298127978)	(8.0, 0.00023962895136523277)	(9.0, 0.0008347821646858927)	(10.0, 0.002402448201654705)	(11.0, 0.0038922908175025657)	(12.0, 0.006957637800504083)	(13.0, 0.01474445895841917)	(14.0, 0.02139864140462429)	(15.0, 0.02127098859875683)	(16.0, 0.01738653611143911)	(17.0, 0.026531068033514682)	(18.0, 0.0411327574064242)	(19.0, 0.03867096184765567)	(20.0, 0.03839718017191362)	(21.0, 0.0582931017039578)	(22.0, 0.11701619180662705)	(23.0, 0.1840680676114206)	(24.0, 0.19714464188265046)	(25.0, 0.1913409182615009)	(26.0, 0.2215263278033354)	(27.0, 0.27996331885425785)	(28.0, 0.3624807799944762)	(29.0, 0.4351773732938125)	(30.0, 0.511807128703758)	(31.0, 0.593412544138897)	(32.0, 0.6828725262999773)	(33.0, 0.7826292749203052)	(34.0, 0.8920394870439959)	(35.0, 1.0171050840697304)	(36.0, 1.1113990764319495)	(37.0, 1.1801580285748565)	(38.0, 1.2613911233262156)	(39.0, 1.3286551939267275)	(40.0, 1.5684806634273087)	(41.0, 1.7781218431475108)	(42.0, 2.0986132482225046)	(43.0, 2.142340492920112)	(44.0, 1.986523446937052)	(45.0, 2.086350740529044)	(46.0, 2.174602500080203)	(47.0, 2.3331842370956033)	(48.0, 2.537942137110647)	(49.0, 2.9936452977549286)	(50.0, 3.070690484664671)	(51.0, 2.9163593621323662)	(52.0, 2.862596815275248)	(53.0, 2.4139711069071534)	(54.0, 2.360225916352588)	(55.0, 3.0814877844942936)	(56.0, 2.940018242033863)	(57.0, 2.465177238362557)	(58.0, 2.7021517951987652)	(59.0, 2.8760451503495306)	(60.0, 3.288411863043992)	(61.0, 3.035290346027005)	(62.0, 2.20328462986873)	(63.0, 1.628341991048963)	(64.0, 1.3672124999867028)	(65.0, 1.6392238328684365)	(66.0, 2.1485456510228715)	(67.0, 2.7022553731333505)	(68.0, 2.8104148117118313)	(69.0, 2.587068871544157)	(70.0, 2.5977973060442987)	(71.0, 2.5714829118523226)	(72.0, 2.038099659553326)	(73.0, 1.5893502175444563)	(74.0, 2.008069336973006)	(75.0, 2.2311890853267746)	(76.0, 1.2743215687275709)	(77.0, 0.42595053890479606)	(78.0, 0.19071665125035084)	(79.0, 0.2722201683930869)	(80.0, 0.23065182378067633)	(81.0, 0.02508601587586593)	(82.0, 0.010454092943672024)	(83.0, 0.008187135878069624)	(84.0, 0.007000748616520725)	(85.0, 0.006027116031417595)	(86.0, 0.0052147290958312565)	(87.0, 0.004715875367638681)	(88.0, 0.004196306052529017)	(89.0, 0.0035020539504428292)	(90.0, 0.002980804993150699)	(91.0, 0.0026594334555720927)	(92.0, 0.0024119661740220157)	(93.0, 0.0020525227469741667)	(94.0, 0.0017048368152035834)	(95.0, 0.0015833426973385005)	(96.0, 0.0016270133940826316)	(97.0, 0.0018509656850781765)	(98.0, 0.002798843756716819)	(99.0, 0.005864190739718336)	(100.0, 0.02811721013449063)
mehreen_1057_MERGE_1_val_1	(0.0, 0.0005485221007433528)	(1.0, 0.00042849098089853597)	(2.0, 0.0003319296330904152)	(3.0, 0.00046000753191924196)	(4.0, 0.0005035942514159632)	(5.0, 0.00043653775988254596)	(6.0, 0.0004452551037818903)	(7.0, 0.0005076176409079682)	(8.0, 0.0005753446973567196)	(9.0, 0.0006276487607527851)	(10.0, 0.0007765141719569712)	(11.0, 0.0009984711589325823)	(12.0, 0.00115404221929011)	(13.0, 0.0013887399396570702)	(14.0, 0.002043211297023222)	(15.0, 0.0025105950430111402)	(16.0, 0.0027030471737120474)	(17.0, 0.0035969102058524987)	(18.0, 0.005941205149860764)	(19.0, 0.00963735896318272)	(20.0, 0.015294244588941797)	(21.0, 0.027861301667219514)	(22.0, 0.05308191869785306)	(23.0, 0.0842698929100454)	(24.0, 0.12635924095082537)	(25.0, 0.1654457993007389)	(26.0, 0.2248035350412045)	(27.0, 0.31726102556748015)	(28.0, 0.43011441855856)	(29.0, 0.5690366931981711)	(30.0, 0.7025575674447654)	(31.0, 0.8644527255188099)	(32.0, 1.0383463016229288)	(33.0, 1.1989888444351289)	(34.0, 1.3674776673216542)	(35.0, 1.5416019177566482)	(36.0, 1.6887895755426683)	(37.0, 1.8032630533691953)	(38.0, 1.9176238762899465)	(39.0, 1.997158239767902)	(40.0, 2.0991491516954834)	(41.0, 2.1928290820624134)	(42.0, 2.2091680667894456)	(43.0, 2.3596837382502693)	(44.0, 2.589763278045323)	(45.0, 2.7492578137224712)	(46.0, 2.703810947150613)	(47.0, 2.4490921701065202)	(48.0, 2.2276991282247054)	(49.0, 2.0034843491791645)	(50.0, 2.0907717842082136)	(51.0, 2.739425990933842)	(52.0, 2.6738668708563655)	(53.0, 2.4562886727778865)	(54.0, 2.7248935080887193)	(55.0, 2.487801200409101)	(56.0, 2.0371158619428344)	(57.0, 2.004542500615562)	(58.0, 2.7270500448564343)	(59.0, 3.157149710986857)	(60.0, 2.942631971181963)	(61.0, 2.725994575679698)	(62.0, 2.1837147637331915)	(63.0, 1.5559520069447994)	(64.0, 1.5328094705867865)	(65.0, 1.761628348341012)	(66.0, 3.13707903250599)	(67.0, 3.897291100806272)	(68.0, 3.1054578733584917)	(69.0, 2.7577927639648445)	(70.0, 2.9448703168693484)	(71.0, 2.542717114150393)	(72.0, 1.4528720975947151)	(73.0, 0.8107525459690188)	(74.0, 0.45337631547150237)	(75.0, 0.33853201524679544)	(76.0, 0.32080898453451323)	(77.0, 0.21814616656176686)	(78.0, 0.09118207605731005)	(79.0, 0.049986591048670516)	(80.0, 0.038839119896155246)	(81.0, 0.03391851454743309)	(82.0, 0.029121293143132422)	(83.0, 0.02555120553389329)	(84.0, 0.02431803665459375)	(85.0, 0.02418124141186558)	(86.0, 0.024232204345430976)	(87.0, 0.02353682852822944)	(88.0, 0.021395714753567427)	(89.0, 0.017561424567686633)	(90.0, 0.013974572835564147)	(91.0, 0.011560539140361127)	(92.0, 0.009951183343559114)	(93.0, 0.007429859261902627)	(94.0, 0.004769728242771966)	(95.0, 0.002811678689996183)	(96.0, 0.0016717183339280911)	(97.0, 0.0011868999001414845)	(98.0, 0.0009495199201131876)	(99.0, 0.0027110939526960574)	(100.0, 0.004484738153754942)
mehreen_1057_MERGE_2_val_2	(0.0, 0.0001487923769402593)	(1.0, 0.00012332341151805276)	(2.0, 0.00011528058033209279)	(3.0, 0.00017023992676948587)	(4.0, 0.0003699702345541583)	(5.0, 0.0003753321220114649)	(6.0, 0.00018833629693789576)	(7.0, 0.00022050762168173563)	(8.0, 0.000349192920657095)	(9.0, 0.0009932896514660552)	(10.0, 0.0017848382873509483)	(11.0, 0.0015321593409253725)	(12.0, 0.0015703627890586826)	(13.0, 0.0023069520785061826)	(14.0, 0.002742605434412347)	(15.0, 0.0029523892811794696)	(16.0, 0.0034724923645382136)	(17.0, 0.006316303424707224)	(18.0, 0.009099793250981533)	(19.0, 0.010882620830535992)	(20.0, 0.01691608469187029)	(21.0, 0.028682746716929716)	(22.0, 0.06043785494689614)	(23.0, 0.10929336275007775)	(24.0, 0.1459552682394119)	(25.0, 0.1691682195139567)	(26.0, 0.22003711605735696)	(27.0, 0.31271667052097013)	(28.0, 0.42623587082333764)	(29.0, 0.5498763039373036)	(30.0, 0.684618525031623)	(31.0, 0.8394624622033852)	(32.0, 1.0205736157925602)	(33.0, 1.19873372057242)	(34.0, 1.3757215827069262)	(35.0, 1.5644077428014114)	(36.0, 1.713771830991806)	(37.0, 1.8136141968624488)	(38.0, 1.9131402113731104)	(39.0, 1.9878145477550877)	(40.0, 2.1120488099049504)	(41.0, 2.195974412858578)	(42.0, 2.3261684129172373)	(43.0, 2.3365483567986507)	(44.0, 2.2535697972171698)	(45.0, 2.2282348789813957)	(46.0, 2.178209809476589)	(47.0, 2.165520902808873)	(48.0, 2.243307814859817)	(49.0, 2.4655500071339915)	(50.0, 2.4546110864851536)	(51.0, 2.3059212556425153)	(52.0, 2.18435051108707)	(53.0, 1.9760163846412166)	(54.0, 1.9902903992884988)	(55.0, 2.484951326662323)	(56.0, 2.3424799447982965)	(57.0, 1.8536815711231047)	(58.0, 2.1337523898602635)	(59.0, 2.6173778826110183)	(60.0, 3.2963624043968762)	(61.0, 3.068355512870165)	(62.0, 2.137931981133234)	(63.0, 1.5940904815291288)	(64.0, 1.319350049160465)	(65.0, 1.5064906451953817)	(66.0, 1.9141066915872897)	(67.0, 2.459787318589251)	(68.0, 2.806555325643779)	(69.0, 2.7767204433594603)	(70.0, 2.9130497831411426)	(71.0, 2.7633425341534803)	(72.0, 1.9255576724883001)	(73.0, 1.365132525214678)	(74.0, 1.8644556137326302)	(75.0, 2.3082134625305137)	(76.0, 1.4094994629801616)	(77.0, 0.4731671312652784)	(78.0, 0.21391115963738414)	(79.0, 0.24983714607320295)	(80.0, 0.20510425948875796)	(81.0, 0.042331431239503774)	(82.0, 0.028529262688464313)	(83.0, 0.026714263784166012)	(84.0, 0.026001802988276396)	(85.0, 0.02621828919436515)	(86.0, 0.02632485670757912)	(87.0, 0.025676738561177175)	(88.0, 0.023684797370787762)	(89.0, 0.01999916997982161)	(90.0, 0.01681890048170661)	(91.0, 0.014508597223539607)	(92.0, 0.012620542602635506)	(93.0, 0.009814934990599806)	(94.0, 0.006912143168400424)	(95.0, 0.0049966088742776265)	(96.0, 0.0038954112377332746)	(97.0, 0.00355627185605863)	(98.0, 0.004524762778034642)	(99.0, 0.010507288708524527)	(100.0, 0.04988364972312018)
mehreen_1058_MERGE_1_val_1	(0.0, 0.00029306289753424595)	(1.0, 0.0002052856045529742)	(2.0, 0.00012317136273178454)	(3.0, 0.00018688068828270755)	(4.0, 0.00020953289292303574)	(5.0, 0.00015644178829726655)	(6.0, 0.00016635212782741012)	(7.0, 0.000207409248738005)	(8.0, 0.0002456348440685588)	(9.0, 0.00034756976495003565)	(10.0, 0.0006576218159645278)	(11.0, 0.000987494546039307)	(12.0, 0.0010837664157607018)	(13.0, 0.002643937010363306)	(14.0, 0.004710950683793253)	(15.0, 0.004548137962940894)	(16.0, 0.006790706222333385)	(17.0, 0.012557815947481938)	(18.0, 0.014786934460369236)	(19.0, 0.01443865681402419)	(20.0, 0.018677450607345603)	(21.0, 0.02218854232659647)	(22.0, 0.03466070462528217)	(23.0, 0.0501852514992521)	(24.0, 0.07239078297932881)	(25.0, 0.0872301006629288)	(26.0, 0.11539316196341183)	(27.0, 0.1700281559116984)	(28.0, 0.21265535775642597)	(29.0, 0.26379058608778183)	(30.0, 0.2962823421187526)	(31.0, 0.3584881275866738)	(32.0, 0.42649783261228413)	(33.0, 0.4704367386819658)	(34.0, 0.5351101986928928)	(35.0, 0.6066033880633486)	(36.0, 0.670064247244623)	(37.0, 0.7389757931674764)	(38.0, 0.8907200805274549)	(39.0, 1.0384082074940246)	(40.0, 1.4048904396745494)	(41.0, 1.7808420012761264)	(42.0, 1.932206864208379)	(43.0, 2.25803192846649)	(44.0, 2.862418232000666)	(45.0, 3.5188224919657762)	(46.0, 3.9834489401574977)	(47.0, 3.7737525266322147)	(48.0, 3.5246950760187814)	(49.0, 3.048489811848877)	(50.0, 2.759608369714957)	(51.0, 3.6186224425599023)	(52.0, 3.7625708321166322)	(53.0, 3.492538855769045)	(54.0, 3.6383433103434926)	(55.0, 3.530884790936751)	(56.0, 3.1241184443289827)	(57.0, 2.89029460133617)	(58.0, 3.181851127261834)	(59.0, 3.17672606596196)	(60.0, 2.7161932958775825)	(61.0, 2.6372199238060534)	(62.0, 2.409484568691724)	(63.0, 1.6968681550302445)	(64.0, 1.5187092734154584)	(65.0, 1.8027296940098432)	(66.0, 2.722760311579093)	(67.0, 3.044953236399406)	(68.0, 2.4809565216203295)	(69.0, 2.323555554032824)	(70.0, 2.643588024835566)	(71.0, 2.2875512905198123)	(72.0, 1.2206614750975502)	(73.0, 0.6662579689836529)	(74.0, 0.33613960406480503)	(75.0, 0.27024504864748533)	(76.0, 0.2636001659925241)	(77.0, 0.17991725899999167)	(78.0, 0.07723339960259397)	(79.0, 0.040691146229374545)	(80.0, 0.03092096721544299)	(81.0, 0.026266647043250557)	(82.0, 0.02183035434072128)	(83.0, 0.01939595022328101)	(84.0, 0.018770890951486957)	(85.0, 0.018849465786333095)	(86.0, 0.019376837425615735)	(87.0, 0.018905388416538906)	(88.0, 0.016781036350113125)	(89.0, 0.013134031403020288)	(90.0, 0.00996343063476935)	(91.0, 0.008088252819387184)	(92.0, 0.006937945552495517)	(93.0, 0.0053027395300218275)	(94.0, 0.003891931909766387)	(95.0, 0.0026644655708186033)	(96.0, 0.001551676017862481)	(97.0, 0.00091316699956323)	(98.0, 0.000741151820575738)	(99.0, 0.002879661514901721)	(100.0, 0.006226524750510211)
mehreen_1058_MERGE_2_val_2	(0.0, 0.00011451568359087593)	(1.0, 9.260218858274535e-05)	(2.0, 7.139558051036091e-05)	(3.0, 9.401596245423765e-05)	(4.0, 0.00015904956054288324)	(5.0, 0.00014491182182796027)	(6.0, 9.401596245423765e-05)	(7.0, 0.00013006719617729117)	(8.0, 0.00018237682942250612)	(9.0, 0.0006058021039344486)	(10.0, 0.0016732013769111315)	(11.0, 0.002139039867567843)	(12.0, 0.002690411677449838)	(13.0, 0.005187136334505232)	(14.0, 0.007073110679075954)	(15.0, 0.006576169163246412)	(16.0, 0.006073572551930901)	(17.0, 0.010288032462849433)	(18.0, 0.01526875781211679)	(19.0, 0.013920724425648887)	(20.0, 0.013495178490329706)	(21.0, 0.022498797390928388)	(22.0, 0.06518063057128078)	(23.0, 0.10855662672253591)	(24.0, 0.11250317648480665)	(25.0, 0.10325426781750405)	(26.0, 0.11284813730945076)	(27.0, 0.14828296562453364)	(28.0, 0.19295327175513996)	(29.0, 0.23123756130821554)	(30.0, 0.2693203880846035)	(31.0, 0.3134046849454763)	(32.0, 0.3847663348829214)	(33.0, 0.4639468612166546)	(34.0, 0.5446577977662782)	(35.0, 0.6354765106101361)	(36.0, 0.7006005902265572)	(37.0, 0.7672176150512742)	(38.0, 0.8935453793384682)	(39.0, 1.022563555303112)	(40.0, 1.3550796354434211)	(41.0, 1.7135540176382005)	(42.0, 2.090403925727701)	(43.0, 2.179104805312063)	(44.0, 2.350622437627637)	(45.0, 2.6114184761540775)	(46.0, 2.688303740607443)	(47.0, 3.0008375408480803)	(48.0, 3.251752713786661)	(49.0, 3.7600235065354064)	(50.0, 3.914583628149366)	(51.0, 3.74596776670503)	(52.0, 3.7720801701114928)	(53.0, 3.2829596513390467)	(54.0, 2.914361234450511)	(55.0, 3.286813598912734)	(56.0, 3.2746226268188563)	(57.0, 2.8077103749067467)	(58.0, 2.6085230672652617)	(59.0, 2.6848513048132587)	(60.0, 2.8652014893909805)	(61.0, 2.650018744167432)	(62.0, 2.1904779092212827)	(63.0, 1.7117648868038269)	(64.0, 1.398816143931907)	(65.0, 1.6181016609305265)	(66.0, 1.99077669477751)	(67.0, 2.414947028119729)	(68.0, 2.617320275180622)	(69.0, 2.4309212590937204)	(70.0, 2.413374204687694)	(71.0, 2.345286855036625)	(72.0, 1.8850553915542518)	(73.0, 1.4420535902437557)	(74.0, 1.6406153029471058)	(75.0, 1.7882571221209176)	(76.0, 1.0429883464245613)	(77.0, 0.36754727601508097)	(78.0, 0.16160071549399108)	(79.0, 0.1587611506730988)	(80.0, 0.12611074999792)	(81.0, 0.031470606379418495)	(82.0, 0.02271722545407395)	(83.0, 0.021090678614922063)	(84.0, 0.020407825834991285)	(85.0, 0.020460842355172246)	(86.0, 0.02090193980307784)	(87.0, 0.020460842355172246)	(88.0, 0.018154270283832565)	(89.0, 0.014298202049337329)	(90.0, 0.011638186510124575)	(91.0, 0.010115552050527374)	(92.0, 0.008768225550995216)	(93.0, 0.0067974247741349565)	(94.0, 0.005115033867059125)	(95.0, 0.003905550319997466)	(96.0, 0.0028452199163782445)	(97.0, 0.0023334337748980335)	(98.0, 0.002492483335440917)	(99.0, 0.004619506125101075)	(100.0, 0.018946690538803997)
