"GeneID","INFECT_baseMean","INFECT_log2FoldChange","INFECT_lfcSE","INFECT_stat","INFECT_pvalue","INFECT_padj","DIET33_baseMean","DIET33_log2FoldChange","DIET33_lfcSE","DIET33_stat","DIET33_pvalue","DIET33_padj","DIET83_baseMean","DIET83_log2FoldChange","DIET83_lfcSE","DIET83_stat","DIET83_pvalue","DIET83_padj","INT33_baseMean","INT33_log2FoldChange","INT33_lfcSE","INT33_stat","INT33_pvalue","INT33_padj","INT83_baseMean","INT83_log2FoldChange","INT83_lfcSE","INT83_stat","INT83_pvalue","INT83_padj","GeneType.x","Description.x","Species","NumSig","GeneType.y","Description.y"
"LOC126266665",8.89272525078472,1.65447135128246,0.544094015712453,3.04078211394413,0.00235964519570966,0.0166378239013684,8.89272525078472,1.40732681635439,0.572281597819456,2.45915091751452,0.0139266060769684,0.439763163762559,8.89272525078472,1.81909768065022,0.574001978859845,3.16914879677512,0.00152886103251184,0.037745559642297,8.89272525078472,-1.96754916766338,0.726226622569077,-2.70927711339339,0.00674299941265161,0.187259548250917,8.89272525078472,-2.88378756038366,0.796070562271878,-3.62252757111596,0.000291738354131983,0.0700686192263227,NA,NA,"Schistocerca_gregaria",2,"protein_coding","uncharacterized LOC126266665"
"LOC126266677",34.4270072637635,3.18019376628154,1.18995299283604,2.67253730645454,0.00752800034193515,0.036288313306159,34.4270072637635,1.38632550151638,1.28292034266626,1.08060138686025,0.279874465366106,0.986352197722606,34.4270072637635,4.16451373834153,1.27999018231165,3.25355131304245,0.00113972139360071,0.0313963251268744,34.4270072637635,-4.56628049197937,1.65287720528621,-2.76262536465234,0.00573385375215273,0.177679314734701,34.4270072637635,-4.32805658383947,1.71949280853403,-2.51705419316606,0.0118340625272618,0.2392545049277,NA,NA,"Schistocerca_gregaria",2,"protein_coding","lachesin-like"
"LOC126267114",81.6993582473067,24.7780349559201,2.52310775689886,9.82044262206809,9.19389700672829e-23,3.78259907599319e-19,81.6993582473067,12.0457150970154,2.79984929858221,4.30227266271621,1.69055091475177e-05,0.00948680821661533,81.6993582473067,12.965288200894,2.80912348065298,4.61542124801156,3.92298780983436e-06,0.00131626884581533,81.6993582473067,-18.1470243646032,3.49060009412513,-5.19882652703345,2.00550578702614e-07,0.000486970230186398,81.6993582473067,-15.1686967220547,3.65230988487845,-4.15317900183039,3.27888048879713e-05,0.0289915008575299,NA,NA,"Schistocerca_gregaria",5,"protein_coding","juvenile hormone acid O-methyltransferase-like"
"LOC126267171",3.91404182380768,1.55726564524754,0.614590954612904,2.53382454388444,0.0112825208359801,0.0482652574467699,3.91404182380768,1.21071040464791,0.628182459821588,1.92732284341681,0.053939408482225,0.652270410773903,3.91404182380768,1.96463393212993,0.617825601384615,3.17991667507298,0.00147317406149947,0.0367754834875433,3.91404182380768,-1.19961381359942,0.766268210448179,-1.56552731438223,0.117459317976413,NA,3.91404182380768,-1.84147295313751,0.807775234983812,-2.27968483482217,0.0226263873793022,0.305314132842486,NA,NA,"Schistocerca_gregaria",2,"protein_coding","LETM1 domain-containing protein 1-like"
"LOC126267545",75.1417365394728,7.27108631124269,1.18585380875713,6.13151997113653,8.70434056679634e-10,1.8365042654842e-07,75.1417365394728,1.20244294737209,1.2948552277054,0.928631187212273,0.35308025356374,0.99670955020771,75.1417365394728,5.18063421782265,1.26617606128043,4.09155912534286,4.28482667612381e-05,0.00494708444621294,75.1417365394728,-3.35556609890444,1.61100238498357,-2.0829057301108,0.0372598172146474,0.384446371813171,75.1417365394728,-5.69123156490614,1.65561858136721,-3.43752578580408,0.000587054820833625,0.0864981144359414,NA,NA,"Schistocerca_gregaria",2,"protein_coding","serine protease Hayan-like"
"LOC126268174",49.5741641485875,3.07555330307558,0.986121443380385,3.11883827668599,0.00181565588726323,0.013923694751487,49.5741641485875,-0.223831524937013,1.11340954906953,-0.201032517750605,0.840673147591535,0.997493170622168,49.5741641485875,3.67789513719081,1.06662832282321,3.44815064300556,0.00056443913419775,0.0200516363917943,49.5741641485875,-2.9681754333624,1.41579715030384,-2.09646942199693,0.0360405696952905,0.377281113291314,49.5741641485875,-5.72986240214274,1.4239584345725,-4.02389723114563,5.72429041015407e-05,0.0322207030593786,NA,NA,"Schistocerca_gregaria",3,"protein_coding","sodium-coupled monocarboxylate transporter 1-like"
"LOC126270657",127.540437397822,2.93335951290641,0.632239608965734,4.63963261919801,3.49029094978407e-06,0.000151555984592603,127.540437397822,1.62318184420077,0.679603206953433,2.388425816113,0.0169207240120395,0.462680259490933,127.540437397822,2.47105249789808,0.681068777212863,3.62819817994061,0.000285406148003633,0.0137890687260093,127.540437397822,-2.34168769287226,0.87210742411347,-2.6850908822989,0.00725100863789724,0.191376711676676,127.540437397822,-2.01203099595814,0.916027113755541,-2.19647537255659,0.0280579360058534,0.335086685666421,NA,NA,"Schistocerca_gregaria",2,"protein_coding","cytochrome P450 18a1"
"LOC126271434",6.03125071005079,5.84956693044609,1.33936468277535,4.36741912465914,1.25723326872123e-05,0.000421390792328823,6.03125071005079,5.56663422287327,1.40294447089507,3.96782220419729,7.25324126448983e-05,0.0321337675493911,6.03125071005079,5.3099348916727,1.41416662231518,3.75481559802312,0.000173469144046594,0.010396230915342,6.03125071005079,-6.48685287022982,1.6868436710609,-3.84555663427309,0.000120279078451882,0.0385993980368062,6.03125071005079,-5.53196803370777,1.76616733962549,-3.1321879357597,0.00173508770611479,0.126346629997925,NA,NA,"Schistocerca_gregaria",4,"protein_coding","23 kDa integral membrane protein-like"
"LOC126271894",33.0588290451764,-0.796770865890006,0.227412082581683,-3.5036435040949,0.000458939301644901,0.00550894535898624,33.0588290451764,-0.452615659927587,0.233190779824057,-1.94096722121297,0.0522622533922869,0.649915774355406,33.0588290451764,-0.741130899265707,0.243153966208858,-3.04799017191071,0.00230377461852053,0.0499639075414495,33.0588290451764,0.767005753510392,0.312006087019347,2.45830381335744,0.0139595024473285,0.248304666855725,33.0588290451764,1.07532544729501,0.344118757145554,3.12486728772002,0.00177885294608927,0.126802971725059,NA,NA,"Schistocerca_gregaria",2,"protein_coding","metallophosphoesterase 1"
"LOC126273038",11.0197028958486,-23.6504720488925,5.10826186733113,-4.62984722849554,3.65935613716812e-06,0.000157237660442234,11.0197028958486,-25.5428774818182,5.4822904980506,-4.65916162065851,3.17499849865515e-06,0.00242959544203906,11.0197028958486,-9.31130119684598,5.50114484867102,-1.69261152959741,0.090529435015303,0.442970766160887,11.0197028958486,-3.6056387648132,7.1136060661321,-0.506865116130011,0.612249463520534,0.939269924929514,11.0197028958486,-1.71997008541843,7.48134531837546,-0.22990117582113,0.818168562625417,0.977254787696082,NA,NA,"Schistocerca_gregaria",2,"protein_coding","uncharacterized LOC126273038"
"LOC126273306",444.78671902011,1.71469135795583,0.319735601789674,5.36284151141785,8.19228822171104e-08,7.8384004223662e-06,444.78671902011,0.0133386332538002,0.344177791608851,0.0387550666515962,0.969085669515973,0.998653645744797,444.78671902011,1.25867338213222,0.34432830847913,3.65544554756963,0.000256735700286785,0.012920717839433,444.78671902011,-0.112830862491349,0.442894849667161,-0.254757675724027,0.798910266714156,0.979883207155963,444.78671902011,-0.969615643438091,0.46500871587556,-2.08515584834235,0.0370551561580008,0.374350340633652,NA,NA,"Schistocerca_gregaria",2,"protein_coding","uncharacterized LOC126273306"
"LOC126277228",54.4300253297014,-1.42037485783572,0.267288864133052,-5.3140068608645,1.07240577963221e-07,9.85954296950129e-06,54.4300253297014,-0.419142063708531,0.277784390988752,-1.50887550670729,0.131330600202976,0.842266915968422,54.4300253297014,-0.909795550295911,0.283866893261738,-3.20500760001287,0.00135058914374573,0.0351108455879063,54.4300253297014,0.662634921339776,0.368808240312162,1.79669228859669,0.072384483859545,0.513922366201018,54.4300253297014,0.872930989828815,0.401908386018556,2.17196510497423,0.0298582950611867,0.345068793414291,NA,NA,"Schistocerca_gregaria",2,"protein_coding","major facilitator superfamily domain-containing protein 6"
"LOC126278069",4.64787253945221,4.84107007380572,1.00276540372544,4.82771948036932,1.38105444166163e-06,7.45180752341819e-05,4.64787253945221,2.01151138720224,1.11104994728778,1.81045990966707,0.070224495995214,0.711739195079862,4.64787253945221,3.39894810242299,1.07546601382279,3.16044213274698,0.00157529893312787,0.0387094582910389,4.64787253945221,-2.04844828942338,1.23515924037646,-1.65844874285119,0.0972269252038618,0.571399384144842,4.64787253945221,-3.47426076575911,1.23999407293963,-2.80183659065624,0.00508126041845836,0.175341645499476,NA,NA,"Schistocerca_gregaria",2,"protein_coding","uncharacterized LOC126278069"
"LOC126278447",5476.11967544525,1.43959473655437,0.262255400140953,5.48928539042718,4.03563119216658e-08,4.2178775362372e-06,5476.11967544525,0.261754537125487,0.281408698551754,0.930157946334229,0.352289312030066,0.99670955020771,5476.11967544525,1.171758902111,0.282345802445569,4.15008437158153,3.32352744753881e-05,0.00407703343603549,5476.11967544525,-0.316939815704014,0.363132575190505,-0.872793677454421,0.382775546413561,0.865460190370513,5476.11967544525,-0.955176517108857,0.381953092442011,-2.50076916775814,0.0123923921555992,0.244337100941592,NA,NA,"Schistocerca_gregaria",2,"protein_coding","S-adenosylmethionine synthase"
"LOC126278809",5.87353016844555,3.51365519116775,1.26331255991433,2.78130314116881,0.00541411554360465,0.0290986608429464,5.87353016844555,5.05856404955804,1.33290092165362,3.79515383880318,0.00014755193554924,0.0540008007602489,5.87353016844555,4.31556411974666,1.35482948082362,3.18531902414994,0.00144594511239476,0.036384984222472,5.87353016844555,-3.53112416588431,1.60871830955367,-2.19499221517781,0.0281641561751947,0.338271715842054,5.87353016844555,-2.06946843259404,1.70361094507299,-1.21475413067704,0.224459880205129,0.747026277157921,NA,NA,"Schistocerca_gregaria",2,"protein_coding","neural-cadherin-like"
"LOC126279018",970.550872804244,3.16054320843803,0.33502112080729,9.43386256013402,3.9525927573825e-21,1.30095638016488e-17,970.550872804244,0.538428508256962,0.360252263255104,1.49458744101126,0.13502214581892,0.849010659563952,970.550872804244,1.25321577536982,0.361181916123008,3.46976335034175,0.000520917114829765,0.0192005646409788,970.550872804244,-0.679292621484461,0.463581110310013,-1.46531557558546,0.142834838949981,0.655574145909613,970.550872804244,-1.61833345793023,0.487299345712071,-3.32102530440591,0.000896874054433085,0.104296011204495,NA,NA,"Schistocerca_gregaria",2,"protein_coding","uncharacterized LOC126279018"
"LOC126281483",66.8344765694804,2.10691045237317,0.448565221564158,4.69699912317394,2.64011584448524e-06,0.000123784576788301,66.8344765694804,0.474100645814587,0.485442438741831,0.97663617347375,0.328749304024663,0.996667483028128,66.8344765694804,1.60551485368819,0.483048991059029,3.32371018966065,0.000888284548571524,0.0264664971189185,66.8344765694804,-0.298126086474375,0.61836654172566,-0.482118721434057,0.629721611191526,0.944077603006272,66.8344765694804,-1.55321079190443,0.647922753609901,-2.39721600028817,0.016520181921862,0.274819691241759,NA,NA,"Schistocerca_gregaria",2,"protein_coding","zwei Ig domain protein zig-8-like"
"LOC126281579",6.14209919433533,19.0699460973924,5.14433957155885,3.70697653841186,0.000209748365665901,0.00314374212546789,6.14209919433533,23.0132021506514,5.51419082875878,4.17345044183601,3.00020945034602e-05,0.0153056139686592,6.14209919433533,20.7653866223093,5.54207823855677,3.74685916157634,0.00017906255388261,0.0104911948547192,6.14209919433533,-21.1073217304829,7.12565347084903,-2.96215944500146,0.00305489542843887,0.142000218544452,6.14209919433533,-30,7.49610284656846,-4.00207956241333,6.2788176082684e-05,0.0322207030593786,NA,NA,"Schistocerca_gregaria",4,"protein_coding","uncharacterized LOC126281579"
"LOC126282167",275.188024563738,1.57541241878544,0.50058229009625,3.147159717701,0.00164864878867065,0.0130191041819352,275.188024563738,-0.41907813662141,0.539711974677408,-0.776484785003885,0.437462800990843,0.997493170622168,275.188024563738,1.95352381228634,0.53874911555023,3.62603623078099,0.000287804991840191,0.0137892689299593,275.188024563738,0.0641093768151993,0.694579695299151,0.0922995262445554,0.926460064766693,0.993746678930123,275.188024563738,-0.800791219519984,0.727633823458497,-1.10054150000032,0.27109625824949,0.794131563191859,NA,NA,"Schistocerca_gregaria",2,"protein_coding","patatin-like phospholipase domain-containing protein 2"
"LOC126292145",83.4462454137276,2.72838305351604,0.698490772926194,3.90611180457832,9.37931278370432e-05,0.00180770044469571,83.4462454137276,0.68721833098018,0.754009558496485,0.911418593088544,0.362074860647621,0.997493170622168,83.4462454137276,2.30506470731673,0.752389899922388,3.06365716439642,0.00218649321987412,0.0483553754062865,83.4462454137276,-0.834540930805416,0.965204799673831,-0.864625757235594,0.387244230565545,0.867622197849998,83.4462454137276,-1.70670490617343,1.01108706435521,-1.68799005183774,0.0914131386157638,0.535546908582009,NA,NA,"Schistocerca_gregaria",2,"protein_coding","ankyrin-3-like"
"LOC126293173",12.6417196542654,2.84610679382418,0.662752859143148,4.2943712042281,1.75189147006078e-05,0.000539592560110058,12.6417196542654,2.02599740939064,0.720065915368483,2.81362770567173,0.00489859244070977,0.317183860535958,12.6417196542654,2.60762059802651,0.721713133065833,3.61309844390577,0.00030255976616655,0.0143528502971213,12.6417196542654,-1.49262773774218,0.865021698013532,-1.72553791560363,0.084430576940142,0.547183752420342,12.6417196542654,-2.66418722741379,0.920680662561057,-2.89371476533766,0.00380713832436896,0.163215309615695,NA,NA,"Schistocerca_gregaria",2,"lncRNA","uncharacterized LOC126293173"
"LOC126293361",15.9505653174454,23.8352137484379,3.67558816296508,6.48473460345736,8.88881118272206e-11,2.47937568871283e-08,15.9505653174454,20.5839204748594,3.96307606541967,5.19392515689189,2.05905944837807e-07,0.000261565277990293,15.9505653174454,25.6552574925408,3.93762493139154,6.5154142254667,7.2489336838359e-11,1.26469729670657e-07,15.9505653174454,-23.6381263044553,5.10930583486401,-4.62648490195233,3.71923966174111e-06,0.00492596387562783,15.9505653174454,-26.9203132733859,5.3160297705338,-5.06398843411345,4.10574568469868e-07,0.000675682567330861,NA,NA,"Schistocerca_gregaria",5,"lncRNA","uncharacterized LOC126293361"
"LOC126294950",247.755205215753,4.87743110860031,0.784631037763449,6.21620975191496,5.0930713214595e-10,1.11755566316345e-07,247.755205215753,-0.162319544221001,0.860978167174194,-0.188529222237711,0.850461810183335,0.997493170622168,247.755205215753,2.60903607251986,0.847144405939617,3.07980086302527,0.00207139040691793,0.0467985211070868,247.755205215753,1.10608525390799,1.09062175549824,1.0141786080571,0.310497534192089,0.822479741026282,247.755205215753,-1.28654662811492,1.13111116441457,-1.13741837989973,0.255363427324673,0.782244493582265,NA,NA,"Schistocerca_gregaria",2,"protein_coding","ankyrin repeat domain-containing protein 39-like"
"LOC126295040",1847.82959049653,7.2456726803009,0.970287066302427,7.46755566670876,8.16981689613018e-14,5.17117987152363e-11,1847.82959049653,0.744235136642705,1.0461779420592,0.711384848334522,0.476845785568767,0.997493170622168,1847.82959049653,4.01026019083486,1.04500515014143,3.83755064775721,0.000124267609702626,0.00841056037737339,1847.82959049653,0.0604149091405139,1.34192102358585,0.0450212106961964,0.964090402403334,0.996790666568636,1847.82959049653,-3.10395780890049,1.40705109217016,-2.20600220288597,0.027383845467797,0.333325403005573,NA,NA,"Schistocerca_gregaria",2,"protein_coding","E3 ubiquitin-protein ligase MIB1-like"
"LOC126295319",20.9590559914842,6.14838928445956,2.1105794403834,2.91312857825558,0.00357827231589969,0.0217699177459376,20.9590559914842,3.19575689121963,2.28820694351858,1.39662057239697,0.16252770052897,0.883410314517353,20.9590559914842,8.09309526270038,2.26741673833923,3.5693020722023,0.000357933523476178,0.0157872814202892,20.9590559914842,-5.9910758326666,2.87460138200057,-2.08414142920126,0.0371473045533148,0.384101547223025,20.9590559914842,-6.90874228727542,2.97863844134614,-2.31942963985691,0.0203717520743912,0.29169361874515,NA,NA,"Schistocerca_gregaria",2,"protein_coding","immunoglobulin domain-containing protein oig-4-like"
"LOC126297497",14.8610527037883,4.67576215221542,1.38340876928478,3.37988471378042,0.000725162404169946,0.00751984731280706,14.8610527037883,0.533588440107164,1.55654447354659,0.342803208758554,0.731746511830447,0.997493170622168,14.8610527037883,5.44118536477867,1.49185728201056,3.64725596100294,0.000265055853255846,0.0130467304320479,14.8610527037883,-4.47413739026383,1.93850442392517,-2.30803568722552,0.0209971516703945,0.295861666872995,14.8610527037883,-5.9746018261252,1.92176646708652,-3.10891147725298,0.00187777969979788,0.13150051284925,NA,NA,"Schistocerca_gregaria",2,"protein_coding","PI-PLC X domain-containing protein 1-like"
"LOC126299206",91.8437683704545,3.36640802099787,0.580076795744723,5.8033833549159,6.49899698467207e-09,9.72309030697712e-07,91.8437683704545,0.710259679793092,0.628727538657759,1.12967801809571,0.258611923032752,0.982047856902352,91.8437683704545,2.01872858651908,0.625624044454351,3.22674392778454,0.0012520745883682,0.0333787354610484,91.8437683704545,-0.46205704128347,0.798756914386029,-0.578470161524215,0.562946736932464,0.928826425908234,91.8437683704545,-1.50882192645184,0.834198256697956,-1.80870903809399,0.0704962181185003,0.482920113079196,NA,NA,"Schistocerca_gregaria",2,"protein_coding","uncharacterized LOC126299206"
"LOC126299510",74.0471457990724,5.36439959366702,0.923147629997942,5.81098777633105,6.2105298748678e-09,9.37676056428435e-07,74.0471457990724,0.13419630307737,1.02040878856777,0.131512296425559,0.895370059916882,0.997493170622168,74.0471457990724,3.16718543312905,0.99598475906468,3.17995371345172,0.0014729857825484,0.0367754834875433,74.0471457990724,-0.762785768175968,1.27983247172827,-0.59600438731322,0.551172295798618,0.92586523434683,74.0471457990724,-3.19238332298501,1.31933359229466,-2.41969380725965,0.0155335806879327,0.266843567203871,NA,NA,"Schistocerca_gregaria",2,"protein_coding","trypsin-1-like"
"LOC126301159",12.4381958483821,3.23997864542832,0.853944347302068,3.7941332543094,0.000148160094001588,0.0024777697949928,12.4381958483821,-1.41459656042197,1.04184814532337,-1.3577761469095,0.174534725970411,0.899760279184545,12.4381958483821,3.21951661855482,0.910416006065397,3.53631372592933,0.000405752531072483,0.0166439880913894,12.4381958483821,0.485842657671747,1.25308689628471,0.387716653260223,0.698225730466556,0.959054328737639,12.4381958483821,-3.22220773293767,1.1949391498157,-2.69654545458207,0.00700628347151666,0.196188426697791,NA,NA,"Schistocerca_gregaria",2,"rRNA","small subunit ribosomal RNA"
"LOC126301179",384.73072694548,1.57246257584295,0.537948712898361,2.92307154593016,0.00346596865816326,0.02130722682383,384.73072694548,0.705059486903447,0.577540075333332,1.22079751175105,0.222162696164292,0.954658429669303,384.73072694548,2.12288176331489,0.578967332941257,3.66666933094527,0.000245730220793159,0.0127697455838447,384.73072694548,-1.06422086194835,0.744697253185249,-1.4290651098771,0.152985520446958,0.675075933158009,384.73072694548,-1.56007634640389,0.782752671503657,-1.99306422475314,0.0462544148176771,0.408593078182777,NA,NA,"Schistocerca_gregaria",2,"rRNA","large subunit ribosomal RNA"
"LOC126302632",4.18454645693088,2.4227520636751,0.920633498818859,2.63161406442782,0.00849803355808661,0.0393838744763254,4.18454645693088,1.9677961935094,0.991299594646054,1.98506708177563,0.0471370086139934,0.623861273597939,4.18454645693088,3.41755585470399,0.978610444241319,3.49225360797523,0.000478963255810923,0.0183431244944954,4.18454645693088,-1.94763010301621,1.18456597021765,-1.6441719178024,0.100140695875614,0.575931101064918,4.18454645693088,-3.3492874497168,1.24758376673497,-2.68461929292505,0.00726124651127868,0.197844923569724,NA,NA,"Schistocerca_gregaria",2,"lncRNA","uncharacterized LOC126302632"
"LOC126304652",32.3723741023319,3.21198517100619,1.01309026935784,3.1704826984886,0.00152185895475881,0.0123254098516072,32.3723741023319,2.14866147731855,1.15317899580822,1.8632506186194,0.0624270142023322,0.686004428261268,32.3723741023319,3.93365388948128,1.13329974314325,3.47097395307894,0.000518574298707548,0.019159185031308,32.3723741023319,-1.08756481401153,1.39072549582003,-0.782012566304648,0.434207188518119,0.887480994601639,32.3723741023319,-2.78276783651254,1.41894861284247,-1.96114771974584,0.0498617934458423,0.419533432786375,NA,NA,"Schistocerca_gregaria",2,"protein_coding","rho-related protein racB-like"
"LOC126304653",57.7196593745159,4.17145186345308,1.07476317438325,3.88127539431825,0.000103910092242252,0.00193663464103142,57.7196593745159,2.82230746590359,1.21716168440683,2.31876134622083,0.0204079801514599,0.478507445473298,57.7196593745159,4.22795310482471,1.1950913985423,3.53776548804694,0.000403528284100887,0.0166439880913894,57.7196593745159,-2.74075003935788,1.46187076474238,-1.8748237569693,0.0608169737404314,0.47636693033567,57.7196593745159,-3.85327699367658,1.5032982217538,-2.56321529415582,0.0103707717703739,0.228741993450235,NA,NA,"Schistocerca_gregaria",2,"protein_coding","cyclic GMP-binding protein C-like"
"LOC126304662",7.5966615247768,1.6132363703635,0.581391153983619,2.77478657752153,0.00552379437505842,0.029509685459593,7.5966615247768,1.56502337580882,0.65773692076584,2.3794063042509,0.0173405507613207,0.463428077060617,7.5966615247768,2.78422526441679,0.745152787864848,3.73644883272151,0.000186637405657395,0.0108540020134534,7.5966615247768,-1.63656046728898,0.985222039882411,-1.66110825888985,0.0966917060623008,0.571399384144842,7.5966615247768,-2.50853621891736,0.937929314443721,-2.67454719698697,0.00748302424657637,0.200204624083699,NA,NA,"Schistocerca_gregaria",2,"protein_coding","uncharacterized LOC126304662"
"LOC126304695",37.2317323683439,3.60415423085468,0.969391086580629,3.71795685017876,0.000200840563942425,0.00307675846177823,37.2317323683439,2.57810061889315,1.10267990512527,2.33803174149642,0.0193856016068911,0.469577846118002,37.2317323683439,3.91881562206139,1.09121933687721,3.59122633702224,0.000329125650260381,0.0150230551174085,37.2317323683439,-1.70170606157646,1.3127281422507,-1.29631262315963,0.194867801370019,0.721848207007324,37.2317323683439,-3.52629213207095,1.3665119670791,-2.58050585507009,0.00986556833237958,0.223633137804367,NA,NA,"Schistocerca_gregaria",2,"protein_coding","uncharacterized LOC126304695"
"LOC126304701",8.63557232476058,2.02343365342963,0.583942569553806,3.46512441279243,0.000529986238472817,0.00605272972001884,8.63557232476058,1.55927985689221,0.668038736720551,2.33411592948461,0.0195896524125105,0.46978888655928,8.63557232476058,2.71887542747039,0.740116687744123,3.67357671093395,0.00023917882827491,0.0126450705776857,8.63557232476058,-3.3606107574547,0.9881896667837,-3.40077504391703,0.000671950998024309,0.0837754372277104,8.63557232476058,-2.02221259128644,0.884967346667299,-2.28507028977046,0.0223087065694748,0.305182364101286,NA,NA,"Schistocerca_gregaria",2,"protein_coding","uncharacterized LOC126304701"
"LOC126304704",21.7390305693721,3.24934774732212,1.00661722408652,3.2279874311418,0.00124664451523286,0.0107582741411574,21.7390305693721,1.61896511647045,1.1504734509599,1.40721640740137,0.15936322783303,0.8776297369861,21.7390305693721,3.90707475171005,1.1301392200382,3.45716234109457,0.000545895881728871,0.0196989289956208,21.7390305693721,-1.12525352715073,1.41064033605022,-0.797689884794749,0.425050475240492,0.884904311771754,21.7390305693721,-3.05369862822954,1.4204752930462,-2.14977243404277,0.0315732196724094,0.351081402803272,NA,NA,"Schistocerca_gregaria",2,"protein_coding","sepiapterin reductase-like"
"LOC126304709",17.9261591471599,2.85460496256261,0.772572649515981,3.694934016045,0.000219943897641284,0.00324310649116158,17.9261591471599,2.33922020801826,0.883630021969234,2.64728466650006,0.00811410174102052,0.353888349248913,17.9261591471599,3.80586382665145,0.900347822311288,4.2271039395435,2.36718337194295e-05,0.00342475876523851,17.9261591471599,-1.84514785909413,1.11633744266483,-1.65285852518711,0.0983596597494109,0.573889420460219,17.9261591471599,-2.62401376149902,1.09525434469778,-2.39580310655886,0.0165839960871816,0.274846750862787,NA,NA,"Schistocerca_gregaria",2,"protein_coding","phosphatidylinositol-glycan biosynthesis class W protein-like"
"LOC126304714",32.4748750162524,4.15745018031798,1.15672771782108,3.59414762546656,0.000325455278130255,0.00431285131327821,32.4748750162524,1.66383697911699,1.32310106786444,1.25752825655452,0.208562413751389,0.945073165249164,32.4748750162524,4.10147053208167,1.28235566489508,3.19838765824554,0.00138198366946079,0.0355736189801202,32.4748750162524,-2.18922301722156,1.61089607596447,-1.35900946677199,0.174143588893185,0.6993906028157,32.4748750162524,-4.27441913845954,1.63510992570834,-2.61414787547561,0.00894503120044769,0.213737169321345,NA,NA,"Schistocerca_gregaria",2,"protein_coding","BCAS3 microtubule associated cell migration factor-like"
"LOC126304732",25.5309704995996,3.34936767876866,0.848127856946924,3.94913060729505,7.84355489952619e-05,0.0015916323425586,25.5309704995996,1.89184378290403,0.975193368816268,1.9399678498639,0.0523835972196605,0.649915774355406,25.5309704995996,3.33048542998646,0.977632158750754,3.4066856334209,0.000657568172846928,0.0217829861815242,25.5309704995996,-2.80157483001857,1.24626902287421,-2.24796956242836,0.0245781308510081,0.317164560113673,25.5309704995996,-2.93602428105594,1.19995908827942,-2.4467703188663,0.0144142661993491,0.261905253542697,NA,NA,"Schistocerca_gregaria",2,"protein_coding","phosphatidate phosphatase LPIN3-like"
"LOC126304737",21.5709157627684,2.8766537474487,0.777152060095691,3.70153267958204,0.00021430104845859,0.00318874534763384,21.5709157627684,2.39944821762042,0.887035500082742,2.70501937904019,0.00683004048210786,0.338187445636135,21.5709157627684,3.12588383112747,0.915517324650229,3.41433607749772,0.000639376546426961,0.0214978383982787,21.5709157627684,-2.41875525618514,1.11852662930758,-2.162447627807,0.030583689798428,0.351701815137931,21.5709157627684,-3.53696434829239,1.15036017210792,-3.074658210577,0.00210743912973212,0.136785096180152,NA,NA,"Schistocerca_gregaria",2,"protein_coding","nuclear pore complex protein Nup205-like"
"LOC126304744",25.1822157889756,2.2787531747844,0.605387572396787,3.76412281765646,0.000167134729646174,0.00266469426403452,25.1822157889756,1.87729636383843,0.689423547796884,2.72299426069432,0.00646931817390561,0.330033246841518,25.1822157889756,2.71792211037823,0.732485225765762,3.71054871111814,0.000206810496290586,0.0116392057804831,25.1822157889756,-2.44825042367648,0.919595817728413,-2.66231139428641,0.00776060473929802,0.196599213247426,25.1822157889756,-2.15854352809881,0.867762304505426,-2.48748247865993,0.0128650790585626,0.250853798657304,NA,NA,"Schistocerca_gregaria",2,"protein_coding","ras-related protein rapA-like"
"LOC126304746",50.5710910580886,3.0697788476754,0.999424125396628,3.07154767397389,0.00212952154794782,0.0154317640310776,50.5710910580886,2.45591340621066,1.12431230952362,2.1843694011064,0.0289351147991225,0.528906251512734,50.5710910580886,3.5683997685881,1.11176119783263,3.20968187731742,0.00132881949352303,0.0347752061454976,50.5710910580886,-3.79400848802084,1.4305692765759,-2.65209700092391,0.00799935570859231,0.200111275415235,50.5710910580886,-4.31237270373747,1.4242804944443,-3.02775522136179,0.0024637756687269,0.138817700236334,NA,NA,"Schistocerca_gregaria",2,"protein_coding","protein aubergine-like"
"LOC126304753",26.468486839276,3.5396003724614,0.937965055803081,3.7737017499344,0.000160843033824394,0.00260530886579532,26.468486839276,1.80169798038601,1.07738723588326,1.67228450493841,0.0944682336511878,0.773601443213078,26.468486839276,3.79934947982572,1.07122009342572,3.54674963916665,0.000390015036924242,0.0164182737527733,26.468486839276,-2.42001589347295,1.38431145324031,-1.74817299084562,0.0804340769752901,0.537302235017801,26.468486839276,-3.16642472987059,1.33420877600094,-2.37326030740212,0.0176318328576773,0.27769603179129,NA,NA,"Schistocerca_gregaria",2,"protein_coding","uncharacterized LOC126304753"
"LOC126304754",24.4857760090866,2.85776408230331,1.03884849048727,2.75089592801246,0.00594325217408551,0.0309421388892519,24.4857760090866,1.97778661490829,1.1788526043442,1.67772171654025,0.0934014379141295,0.769936239705265,24.4857760090866,3.72472649491121,1.16610885055927,3.19414992273219,0.00140243264492033,0.0355915389541753,24.4857760090866,-1.58095521448311,1.48470284798653,-1.06482938092771,0.286953146813936,0.805204236504669,24.4857760090866,-2.74637272394256,1.47742360883289,-1.85889321621989,0.0630422758583816,0.465240687803312,NA,NA,"Schistocerca_gregaria",2,"protein_coding","LIM domain-containing protein B-like"
"LOC126304762",25.8590484733892,3.08320935497571,0.684017116125427,4.50750322220057,6.5594934904643e-06,0.000257737628499947,25.8590484733892,2.3269639777839,0.782000931976525,2.97565371425127,0.00292364788674191,0.260227903001785,25.8590484733892,3.46544501346323,0.806151229824648,4.2987529947911,1.71761762295085e-05,0.0030080398487326,25.8590484733892,-2.79618944084524,0.996863577795316,-2.80498706455838,0.00503185991023499,0.173742708550671,25.8590484733892,-3.06323120256459,0.969265351094909,-3.16036387672816,0.00157572214633881,0.123157010164374,NA,NA,"Schistocerca_gregaria",2,"protein_coding","branchpoint-bridging protein-like"
"LOC126304803",4.69113897604284,30,5.12993531672923,5.84802695312102,4.97437965199495e-09,7.87147749354623e-07,4.69113897604284,-9.44369394702555,5.53881298833026,-1.70500321403205,0.0881938249944188,0.758295732268151,4.69113897604284,-17.3509682020758,5.55826440939461,-3.12165217846584,0.00179839274502386,0.0428503230384897,4.69113897604284,-0.0682305606407556,7.11800332112695,-0.00958563203226394,0.992351889319701,0.99961036290651,4.69113897604284,-16.5337950584472,7.49896467859152,-2.20481036610945,0.0274674043318321,0.333356248590679,NA,NA,"Schistocerca_gregaria",2,"rRNA","large subunit ribosomal RNA"
"LOC126304973",18.1024888475089,3.22582918395473,0.704752439675096,4.57725153167528,4.71124854729144e-06,0.00019431833920495,18.1024888475089,2.65745389124548,0.806360829117573,3.29561381863454,0.000982069126224717,0.172799833441247,18.1024888475089,3.12357351069166,0.85893885182863,3.63654933531271,0.000276314740831117,0.0135584189391569,18.1024888475089,-2.81319888752772,1.0431836972554,-2.69674353129675,0.00700211763416373,0.189265031191338,18.1024888475089,-2.59643751467071,1.03256544287454,-2.5145500777583,0.0119184374866507,0.240054741535072,NA,NA,"Schistocerca_gregaria",2,"protein_coding","uncharacterized LOC126304973"
"LOC126304974",30.313930501478,3.36191823378431,0.878717356439935,3.82593812349957,0.000130275012311576,0.00224904895507895,30.313930501478,2.35956158624047,1.00739146141946,2.34224894353952,0.0191679249541834,0.469577846118002,30.313930501478,4.77808886091005,0.987216170652414,4.8399621105805,1.29863885310658e-06,0.000679707575715982,30.313930501478,-2.33768831420344,1.27557253528433,-1.83265808061818,0.066853434937094,0.495084497008201,30.313930501478,-3.84417715783267,1.22600254825044,-3.13553765717573,0.00171539403699006,0.125710949086475,NA,NA,"Schistocerca_gregaria",2,"protein_coding","rasGAP-activating-like protein 1"
"LOC126304982",27.5860031936821,3.55153797616258,0.787284444084084,4.51112428659046,6.44849212382289e-06,0.00025449121074761,27.5860031936821,2.48821606339985,0.900509201766535,2.76312119689471,0.00572515036758321,0.324201017829799,27.5860031936821,3.26152370989561,0.919359635028931,3.54760377291632,0.000388752572750461,0.0164091206917412,27.5860031936821,-2.9562822100084,1.10950620124539,-2.66450264693433,0.00771022596041868,0.196123444699575,27.5860031936821,-3.30464407130825,1.12567858755246,-2.93569062061797,0.00332806063070225,0.157159608778382,NA,NA,"Schistocerca_gregaria",2,"protein_coding","probable serine/threonine-protein kinase kinX"
"LOC126304986",17.7216203803308,2.39799755216821,0.758858023140446,3.16000816891198,0.00157764715505976,0.0126526994302234,17.7216203803308,1.29066061583124,0.869209652129597,1.48486687034488,0.13757909360428,0.851328073779237,17.7216203803308,2.82851204243374,0.874572652540641,3.2341647480251,0.00121999058533944,0.0328236707945975,17.7216203803308,-2.9190720307985,1.16643299946205,-2.50256296945025,0.0123297689885728,0.235738063509864,17.7216203803308,-2.30581732751944,1.05942773661344,-2.17647438124491,0.029519807275857,0.344056280693186,NA,NA,"Schistocerca_gregaria",2,"protein_coding","myotubularin-related protein 2-like"
"LOC126304989",35.8365990948524,3.61056765041665,1.10926770003579,3.2549110104803,0.00113427901264489,0.0100956353223889,35.8365990948524,1.69057662524551,1.26465375150951,1.33679010814432,0.181291158974793,0.91323658328565,35.8365990948524,3.81551427752172,1.23860500086037,3.08049319587064,0.00206658076427977,0.0467831420066822,35.8365990948524,-1.47210056592187,1.54389930683056,-0.953495191952587,0.340339231118612,0.844038256645343,35.8365990948524,-3.26611358568605,1.56925355077815,-2.08131667700639,0.0374049296781661,0.374892160605103,NA,NA,"Schistocerca_gregaria",2,"protein_coding","uncharacterized LOC126304989"
"LOC126304997",14.2009346282248,3.31015776462866,0.76914482957585,4.30368590848367,1.67979765194443e-05,0.000525696803916062,14.2009346282248,2.08157721881905,0.888660791523715,2.34237544704762,0.019161428441777,0.469577846118002,14.2009346282248,2.99760472781741,0.936528351167799,3.20076239451755,0.00137064507539997,0.0354561268104289,14.2009346282248,-2.27377625469417,1.15474678810939,-1.9690691310923,0.0489451530553998,0.427499470755972,14.2009346282248,-1.87454260007304,1.11872938503729,-1.67559968044511,0.093816631451753,0.53969328605664,NA,NA,"Schistocerca_gregaria",2,"protein_coding","ras guanine nucleotide exchange factor S-like"
"LOC126305002",41.6815877209198,3.6858793725054,0.815543327300329,4.51953838517283,6.19746109244205e-06,0.000246953068276801,41.6815877209198,2.45933489204678,0.933192996603362,2.63539793054413,0.00840386966412586,0.359997826451804,41.6815877209198,3.97089709229472,0.929104728318623,4.27389611877312,1.92086556352959e-05,0.00318988964480488,41.6815877209198,-3.30303127617938,1.16608796592788,-2.83257470507474,0.00461747752308611,0.167417523886017,41.6815877209198,-3.9675014372672,1.14429395011555,-3.46720476575669,0.000525901102530291,0.0835180120296613,NA,NA,"Schistocerca_gregaria",2,"protein_coding","glucosamine 6-phosphate N-acetyltransferase-like"
"LOC126305007",11.3296832296573,1.88476163559915,0.564429720855671,3.33923173418627,0.000840104503168659,0.00829867935693075,11.3296832296573,1.50943523997942,0.645224369133929,2.33939589418407,0.0193149538325332,0.469577846118002,11.3296832296573,2.52190696230251,0.727315663962869,3.46741736395664,0.000525485285664899,0.0192665725058959,11.3296832296573,-1.95458005859257,0.95276893589479,-2.05147332680083,0.0402208745880982,0.397023306291308,11.3296832296573,-2.35065749739914,0.88780067732479,-2.647731137672,0.00810339434750951,0.206435852595919,NA,NA,"Schistocerca_gregaria",2,"protein_coding","arpin-like"
"LOC126305010",40.0668830021294,3.77680838253871,0.789808060951933,4.78193192658307,1.73618477988034e-06,8.78557349104635e-05,40.0668830021294,2.89044577010235,0.90444840841711,3.19581055503317,0.00139438633126944,0.194004081710091,40.0668830021294,4.16224844823973,0.911565725499101,4.56604316267027,4.970164723887e-06,0.0014724816319712,40.0668830021294,-2.69629173344088,1.10081817111425,-2.4493524945284,0.0143113314473814,0.249616947290187,40.0668830021294,-3.77636568053571,1.11571932004357,-3.38469148350701,0.000712582975056453,0.0958951184502372,NA,NA,"Schistocerca_gregaria",2,"protein_coding","RNA-binding protein 5-like"
"LOC126305012",70.6866292142265,2.77795656147647,1.09339793715549,2.54066380324753,0.0110642252657039,0.0476094096178832,70.6866292142265,1.39367961660365,1.24010717794185,1.12383803706118,0.26108174174826,0.983381105976665,70.6866292142265,3.8160421114442,1.19970511571029,3.1808167369403,0.00146860500711645,0.0367754834875433,70.6866292142265,0.596016580227243,1.46629891893304,0.406476859889481,0.684392256065005,0.955892127179662,70.6866292142265,-2.73443523255481,1.50825557950052,-1.81297869520255,0.0698351073358161,0.48207901066507,NA,NA,"Schistocerca_gregaria",2,"protein_coding","ras GTPase-activating-like protein rgaA"
"LOC126305013",25.1942239037332,3.64068639291177,0.889628970889319,4.09236492070661,4.26995984727383e-05,0.00103689124781137,25.1942239037332,2.13376065204377,1.02400153709263,2.08374750891684,0.037183140266062,0.582682410440614,25.1942239037332,3.93558109244145,1.01752665318751,3.86779164959741,0.00010982543787804,0.00794690795189396,25.1942239037332,-1.60384907624258,1.23522933339161,-1.29842210906605,0.19414232588359,0.720846288732185,25.1942239037332,-3.51212877679992,1.26278114928129,-2.78126481282908,0.00541475484960261,0.181663245924833,NA,NA,"Schistocerca_gregaria",2,"protein_coding","SNW domain-containing protein 1-like"
"LOC126305017",10.6585162355767,2.06414275438355,0.581248003601674,3.55122553814069,0.000383441681818501,0.00483918693074162,10.6585162355767,2.35299839427766,0.655654173140786,3.58877971142328,0.000332229414988537,0.0996087133410246,10.6585162355767,2.96616383473347,0.735102756902408,4.03503293503122,5.45946390341678e-05,0.00548675810983883,10.6585162355767,-2.06692940564388,0.917960333024712,-2.25165438122285,0.0243441216066156,0.316090076279364,10.6585162355767,-2.49372590586052,0.896130017635295,-2.78277242898408,0.00538965955257574,0.181663245924833,NA,NA,"Schistocerca_gregaria",2,"protein_coding","uncharacterized LOC126305017"
"LOC126307540",6.54702803902005,-3.53552019074307,1.30228617594902,-2.71485657763864,0.00663044782866302,0.0333167961071214,6.54702803902005,-7.02557467449591,1.53558314143637,-4.57518351492468,4.75802731437094e-06,0.00348266912336673,6.54702803902005,-6.6332306424181,1.55523284538457,-4.2651045225179,1.99808640567999e-05,0.00326640406670044,6.54702803902005,3.98719278716231,2.01423675505593,1.9795055259289,0.0477591181027717,0.423495186633768,6.54702803902005,4.46585267017293,2.14204817977448,2.08485164448688,0.0370827691504499,0.374399467428806,NA,NA,"Schistocerca_gregaria",3,"rRNA","large subunit ribosomal RNA"
"LOC126311180",24.2683418940731,3.15608156329032,0.825868620094881,3.82152982508008,0.000132626370165241,0.0022759459580911,24.2683418940731,2.23899601307794,0.943811802206653,2.37229075525769,0.0176781731221298,0.466476558794757,24.2683418940731,3.44635553366428,0.949838697850603,3.62835873234378,0.000285228752442009,0.0137890687260093,24.2683418940731,-2.20683126774354,1.15069174270158,-1.91783010675158,0.0551325569259881,0.450491431214089,24.2683418940731,-3.39851972410943,1.17762172783026,-2.88591798520152,0.00390273844192576,0.16384532280299,NA,NA,"Schistocerca_gregaria",2,"protein_coding","ubiquitin-like modifier-activating enzyme 1"
"LOC126311192",150.835013599725,4.10311558830567,1.23996304020408,3.30906281499354,0.000936088327955531,0.00886392045703631,150.835013599725,1.88831973736748,1.40234358076052,1.34654571338601,0.178126588153141,0.908165085268966,150.835013599725,4.83408918885133,1.35139419407687,3.5771125923428,0.000347410557765792,0.0155414261482578,150.835013599725,-0.315653051666232,1.67044137619243,-0.188963860788533,0.850121141371403,0.984949458411327,150.835013599725,-3.95508395434649,1.71125914241172,-2.3112127534188,0.0208211062697595,0.295645337257491,NA,NA,"Schistocerca_gregaria",2,"protein_coding","2-hydroxyacid dehydrogenase homolog"
"LOC126311211",39.2181721143728,3.20143133363066,0.923575126679482,3.4663464196364,0.00052758304591636,0.00604065117342024,39.2181721143728,2.11363311469467,1.05247639155274,2.00824753092692,0.0446169944382448,0.613244607082466,39.2181721143728,3.87694102169831,1.03398708481798,3.74950623525514,0.000177183091586175,0.0104591312183689,39.2181721143728,-1.56618495237659,1.25066083571314,-1.25228591769529,0.210465698393917,0.740708975957815,39.2181721143728,-4.10568931141413,1.30434990728467,-3.14769011634398,0.00164566051507473,0.123157010164374,NA,NA,"Schistocerca_gregaria",2,"protein_coding","uncharacterized LOC126311211"
"LOC126311216",66.9838416754215,4.11789311026476,0.861592979058706,4.77939492353289,1.75823532133648e-06,8.84870907744174e-05,66.9838416754215,2.86917705813708,0.980232543130072,2.92703713852964,0.00342208014062478,0.28102789837765,66.9838416754215,4.35728181439458,0.967600727058614,4.5031816249665,6.69436251376657e-06,0.00184412070510812,66.9838416754215,-3.19039232158467,1.16542368817383,-2.73753859129453,0.00619008569183933,0.183299509033348,66.9838416754215,-3.90058148121196,1.18119478636621,-3.30223391284309,0.000959180451428227,0.109425553721868,NA,NA,"Schistocerca_gregaria",2,"protein_coding","uncharacterized LOC126311216"
"LOC126311218",54.8733077344441,3.97361299636879,1.16239144984777,3.41848092300505,0.000629717320038468,0.00682242128760571,54.8733077344441,2.01304499036062,1.32349550255799,1.52100629467187,0.12825825769555,0.838352901448073,54.8733077344441,4.40823053832119,1.28356375466705,3.43436819736677,0.000593936833407106,0.0205418417580581,54.8733077344441,-1.60948630122242,1.6032544111261,-1.00388702507417,0.315433071233819,0.826605149118104,54.8733077344441,-3.71813834478159,1.6304943444705,-2.28037487979698,0.0225854641673318,0.305314132842486,NA,NA,"Schistocerca_gregaria",2,"protein_coding","uncharacterized LOC126311218"
"LOC126311225",28.9370816012243,3.06043836919232,0.704952547443724,4.34133954163295,1.41616680363381e-05,0.00046333711903383,28.9370816012243,2.68291477200734,0.804382655566799,3.33537123586641,0.000851855944435805,0.164839020972147,28.9370816012243,3.63685911801269,0.82995033913078,4.38202016017203,1.17583925715741e-05,0.00246173706878476,28.9370816012243,-3.02343387158459,1.04166785844674,-2.90249319595301,0.00370205201691064,0.154100559526775,28.9370816012243,-3.53703260983807,1.01593965092898,-3.48153810770529,0.000498542837351075,0.0804364654341828,NA,NA,"Schistocerca_gregaria",2,"protein_coding","probable splicing factor%2C arginine/serine-rich 3"
"LOC126311233",17.6176431046429,2.76038176111972,0.696102968151943,3.96547908486607,7.32486753435439e-05,0.00153041895830361,17.6176431046429,2.27750960813926,0.795057445440051,2.86458496955361,0.00417556113118426,0.294667315968905,17.6176431046429,2.86622579468314,0.840149645498649,3.41156579668847,0.000645909106876604,0.0215459469255264,17.6176431046429,-3.33388681442339,1.09008977131593,-3.05835987287431,0.00222552135475365,0.125569253756056,17.6176431046429,-3.14800638121233,1.03777878277221,-3.03340792225783,0.00241808491478064,0.137988002588514,NA,NA,"Schistocerca_gregaria",2,"protein_coding","uncharacterized LOC126311233"
"LOC126311234",11.4903294484266,2.74240821627792,0.791075107224637,3.46668501035158,0.000526918974016908,0.00604065117342024,11.4903294484266,1.88495732132846,0.909015947500697,2.07362403983239,0.0381142407782426,0.584916356883969,11.4903294484266,3.09516475794737,0.944995910937295,3.27532079464495,0.0010554205153907,0.0296993063309404,11.4903294484266,-2.53757045650828,1.22876130819677,-2.06514515030768,0.0389092684698853,0.391754756280414,11.4903294484266,-2.3071047858407,1.15994824899648,-1.98897216995385,0.0467042748536225,0.410728102303159,NA,NA,"Schistocerca_gregaria",2,"protein_coding","kinase and exchange factor for Rac B-like"
"LOC126311236",15.0294139427352,2.64140342967923,0.793212373635024,3.33000784843355,0.000868435361782513,0.0084477003558604,15.0294139427352,2.02611511323901,0.906789090831618,2.23438408525719,0.0254578119478538,0.51211024201337,15.0294139427352,3.3383444166159,0.923654717437967,3.61427744977668,0.000301186398413463,0.0143309964481461,15.0294139427352,-1.81930045987179,1.14213877607209,-1.59288914621086,0.111185061600757,0.599703203009125,15.0294139427352,-3.17586501981602,1.15369191589389,-2.75278432314864,0.00590908107610098,0.187076614947711,NA,NA,"Schistocerca_gregaria",2,"protein_coding","asparagine--tRNA ligase-like"
"LOC126311237",120.65496933115,4.41791652111071,1.10439399224069,4.00030836110151,6.32599984767873e-05,0.00136087554893136,120.65496933115,2.8426708843486,1.24908675271183,2.27579940158441,0.0228580185847921,0.501714136733996,120.65496933115,4.86842644239197,1.21374135055024,4.01109053439179,6.04389265696503e-05,0.00584101690296641,120.65496933115,-1.75435750459901,1.47521561051894,-1.18922108205043,0.234352680632707,0.763480367651588,120.65496933115,-4.09925357479143,1.5198286659296,-2.69718137753649,0.00699291699224764,0.196188426697791,NA,NA,"Schistocerca_gregaria",2,"protein_coding","vacuolar proton translocating ATPase 100 kDa subunit-like"
"LOC126311239",26.5333716624134,2.86648965569294,0.68340071780949,4.19444929013379,2.73535334127034e-05,0.000741609718900921,26.5333716624134,2.31070378770033,0.778963493291117,2.96638264514505,0.00301325333707755,0.262839999635754,26.5333716624134,2.9775866857103,0.81272701213395,3.66369843902709,0.000248599452397896,0.012840488820894,26.5333716624134,-3.24626116957543,1.03443428491515,-3.13819951341009,0.00169989127831187,0.119907357248948,26.5333716624134,-3.10614092637205,0.990804166334385,-3.13496958522453,0.00171871930148003,0.125710949086475,NA,NA,"Schistocerca_gregaria",2,"protein_coding","uncharacterized LOC126311239"
"LOC126311243",10.9758644166287,2.5999245097702,0.69370076091016,3.74790494154714,0.000178317805313688,0.00282170780966092,10.9758644166287,1.81016689699129,0.798681646141437,2.26644358955349,0.0234242372992834,0.50537729483531,10.9758644166287,2.99540541762498,0.848170868803521,3.53160610414559,0.00041304411681976,0.0167155121708863,10.9758644166287,-2.98295001013919,1.11213477184744,-2.68218392738859,0.00731432332718041,0.192698691778827,10.9758644166287,-2.254260335596,1.02322220061133,-2.20309951665354,0.0275877352633731,0.333443863864697,NA,NA,"Schistocerca_gregaria",2,"lncRNA","uncharacterized LOC126311243"
"LOC126311248",15.1517638028755,2.59724774258601,0.820580998713803,3.16513268849388,0.00155012242987502,0.0124806090158773,15.1517638028755,2.02394945062185,0.937530742983067,2.15880862123197,0.030865017371148,0.542742685994173,15.1517638028755,3.35082182394826,0.952033997024971,3.51964513286218,0.000432124543243613,0.0172651897659318,15.1517638028755,-1.81534522676659,1.19366205909701,-1.52082007879171,0.12830499426057,0.633634055667743,15.1517638028755,-2.9901032056688,1.1895139868961,-2.51371840819722,0.0119465779496399,0.240054741535072,NA,NA,"Schistocerca_gregaria",2,"protein_coding","protein YIPF1 homolog"
"LOC126311708",100.034472836301,-3.14360228497265,0.813683376046913,-3.86342203554052,0.000111809589794696,0.00202425788696513,100.034472836301,-4.37777253154879,0.875950725307589,-4.99773834882269,5.80066186932725e-07,0.000651027617134161,100.034472836301,-3.84069092249264,0.87813511079756,-4.37369019330563,1.22163715245997e-05,0.00252396665367452,100.034472836301,3.52361935440791,1.13247759896658,3.11142521284599,0.00186186628306016,0.122187071522088,100.034472836301,4.20972676078067,1.19016396253306,3.53709815899735,0.000404549281671681,0.0756553128235325,NA,NA,"Schistocerca_gregaria",3,"rRNA","large subunit ribosomal RNA"
"LOC126313327",14.8647631274849,2.72722721570843,0.66656358323114,4.09147346827485,4.28640992308647e-05,0.0010389020339357,14.8647631274849,2.16400654677536,0.762065811359784,2.83965835301551,0.00451618737108875,0.306020446264417,14.8647631274849,2.61049960547809,0.821926700309599,3.17607349231359,0.00149283126806318,0.0370892983720381,14.8647631274849,-4.19272421068172,1.07037231528657,-3.91707086478523,8.96314070756797e-05,0.0326459992421394,14.8647631274849,-2.68661713525156,1.00073256340976,-2.68465045855764,0.00726056952724634,0.197844923569724,NA,NA,"Schistocerca_gregaria",3,"protein_coding","uncharacterized LOC126313327"
"LOC126313330",303.054227711867,4.8557799222062,1.37945718565483,3.52006569881411,0.000431439916188528,0.00528682554036829,303.054227711867,2.89245976195309,1.53100659521929,1.88925362632993,0.0588578521538557,0.672689708764535,303.054227711867,5.31720268982642,1.49783929602399,3.5499153373402,0.000385355059209604,0.0164091206917412,303.054227711867,-1.43418398945394,1.84169371231897,-0.778731001719113,0.436138189916683,0.889053552401924,303.054227711867,-4.40728227642779,1.90949075292416,-2.30809301887351,0.0209939633925472,0.297074510362124,NA,NA,"Schistocerca_gregaria",2,"protein_coding","uncharacterized LOC126313330"
"LOC126313340",15.4301110305533,2.42998297127416,0.597273273703825,4.0684609177392,4.73246967543556e-05,0.00111419532830677,15.4301110305533,2.16921154445414,0.681372940034418,3.18358921671377,0.00145461279214817,0.19430944799918,15.4301110305533,3.47597583670873,0.730803993634238,4.75637225163883,1.97102869727621e-06,0.000906549929032475,15.4301110305533,-3.09808194209285,0.999002833106971,-3.1011743304647,0.00192754772683471,0.122630754726004,15.4301110305533,-2.8865305662479,0.877821660610253,-3.28828815210736,0.00100798613392976,0.109874859504629,NA,NA,"Schistocerca_gregaria",2,"protein_coding","26S proteasome regulatory subunit 10B-like"
"LOC126313356",24.6367246840262,3.9381361463946,0.946236943875037,4.16189218977977,3.15621362635114e-05,0.000823166523753736,24.6367246840262,1.57470462807657,1.0936404841962,1.4398741184439,0.149903016697752,0.870810104405335,24.6367246840262,4.11981836955785,1.06674943159775,3.8620300583496,0.000112448727062724,0.00802577232881318,24.6367246840262,-2.24319658083648,1.35256820884613,-1.65847205794534,0.0972222228454826,0.571399384144842,24.6367246840262,-3.26072478426456,1.31381520327552,-2.48187475387339,0.013069320302911,0.252007352947845,NA,NA,"Schistocerca_gregaria",2,"protein_coding","hydroxysteroid dehydrogenase-like protein 2"
"LOC126313357",16.2087954409361,2.41166028746764,0.708090428865825,3.40586482905932,0.000659548254846415,0.00703903088846139,16.2087954409361,1.88366575745103,0.808909188222401,2.32864922895787,0.0198776558235425,0.4719891901119,16.2087954409361,3.05265231611743,0.836779547275365,3.64809623521172,0.000264190686640221,0.0130467304320479,16.2087954409361,-2.38159475748155,1.07211063826287,-2.22140763507433,0.0263233643714456,0.32638731534263,16.2087954409361,-2.61257805688694,1.01922299405687,-2.563303685377,0.0103681316310236,0.228741993450235,NA,NA,"Schistocerca_gregaria",2,"protein_coding","uncharacterized LOC126313357"
"LOC126313369",10.7659805124398,2.25623720906722,0.582298047186526,3.87471196231659,0.000106750891034971,0.00197075792801502,10.7659805124398,2.1069310810796,0.661968355865232,3.182827490788,0.00145844479640121,0.19430944799918,10.7659805124398,2.49322706315924,0.753859544523373,3.30728327481159,0.0009420557546624,0.027586026537383,10.7659805124398,-2.73029169428765,0.965627846210399,-2.82747821016416,0.00469162082015154,0.167667913460915,10.7659805124398,-2.53995635480886,0.922935687264014,-2.75204046160399,0.0059225202884947,0.187076614947711,NA,NA,"Schistocerca_gregaria",2,"protein_coding","CAP-Gly domain-containing linker protein 1-like"
"LOC126313375",30.7668851321794,3.00716857663668,0.737824398471787,4.07572395662878,4.58714094635733e-05,0.00108719168869998,30.7668851321794,2.06876031185543,0.839996740394423,2.46281945199458,0.0137849311792573,0.436337308339847,30.7668851321794,3.19469238670391,0.850187961649983,3.75763070145557,0.000171529778107918,0.0103305223004748,30.7668851321794,-2.62915341439807,1.02310525060478,-2.5697780485868,0.0101763690728808,0.217708547757417,30.7668851321794,-3.13393369725723,1.0330456051938,-3.03368378075553,0.00241587512696141,0.137988002588514,NA,NA,"Schistocerca_gregaria",2,"protein_coding","rapA guanosine triphosphatase-activating protein 1-like"
"LOC126313397",8.90974182897602,2.73227348670437,0.698903293755513,3.9093727431483,9.25360869349475e-05,0.00179160750904521,8.90974182897602,1.66862590216279,0.805262336845896,2.07215192591594,0.0382512750886584,0.585438989570647,8.90974182897602,2.64227019552939,0.854427456002286,3.09244532928764,0.00198514795839437,0.0453505084182963,8.90974182897602,-3.79827023872577,1.11218365943242,-3.41514659607942,0.000637476926158098,0.0837754372277104,8.90974182897602,-2.9777050679241,1.05812755247454,-2.81412676662697,0.00489099368575467,0.175305583679349,NA,NA,"Schistocerca_gregaria",2,"protein_coding","uncharacterized LOC126313397"
"LOC126313401",24.790921766637,3.54658148355772,0.817656388343917,4.33749620759519,1.44115020277761e-05,0.000467791102309884,24.790921766637,2.40025745728868,0.938439645052575,2.55771105786372,0.0105363598295262,0.39860588253949,24.790921766637,4.00237786584805,0.939303958619231,4.26100393714034,2.03510647574319e-05,0.00326640406670044,24.790921766637,-1.79136792805213,1.1225115505749,-1.59585701112355,0.110520721282972,0.598133873837898,24.790921766637,-3.06255929292444,1.14194344889336,-2.68188349947829,0.00732089497149035,0.197942840548628,NA,NA,"Schistocerca_gregaria",2,"protein_coding","villin-1-like"
"LOC126313403",14.8282338096524,2.89805204368921,0.716878228218707,4.04260016501027,5.28617188086396e-05,0.00120158191496379,14.8282338096524,2.23878747856969,0.81889595205491,2.73390956806142,0.00625872311373595,0.32722237148989,14.8282338096524,3.04740133895945,0.853627509624808,3.56994274973502,0.000357059254300137,0.0157872814202892,14.8282338096524,-2.95258398741857,1.07300428684131,-2.7516982211789,0.00592871273182383,0.180324458851652,14.8282338096524,-3.69807821820133,1.07177316913714,-3.45042992742445,0.000559694444227273,0.086083097837834,NA,NA,"Schistocerca_gregaria",2,"protein_coding","uncharacterized LOC126313403"
"LOC126313406",56.8049283516187,3.3904899422707,1.07489290811313,3.15425836069788,0.00160906567585988,0.0128110274928041,56.8049283516187,1.71299928882848,1.22535954735384,1.39795645492598,0.162126143908487,0.883019571457777,56.8049283516187,3.98583266454979,1.18854721294163,3.35353330616536,0.000797868107298108,0.024906809186471,56.8049283516187,-0.663688589785513,1.4584899481925,-0.455051877874111,0.649071917068734,0.94971665760514,56.8049283516187,-3.22738285197298,1.49516967328787,-2.15853953543345,0.0308859080287118,0.347667160347818,NA,NA,"Schistocerca_gregaria",2,"protein_coding","uncharacterized LOC126313406"
"LOC126313505",91.2909750698722,2.75089829875231,0.974107092985495,2.82402039628026,0.00474253667716316,0.0264928466042343,91.2909750698722,-0.70925223952258,1.06855211360271,-0.663750724455805,0.50684986825523,0.997493170622168,91.2909750698722,6.30277642311265,1.0413629278219,6.05243019001596,1.42676835596934e-09,2.24031167254306e-06,91.2909750698722,-1.99164730909482,1.36745562350622,-1.45646211464482,0.145264915337439,0.659305818016251,91.2909750698722,-7.83031446180667,1.41143883409796,-5.54775330863766,2.89363757639303e-08,5.95257419933751e-05,NA,NA,"Schistocerca_gregaria",3,"rRNA","small subunit ribosomal RNA"
"LOC126313701",2.5930674347506,13.6139285679245,5.14318271316004,2.64698520880662,0.00812129051134288,0.0382737909350429,2.5930674347506,-29.8985915155942,5.53857884184243,-5.39824246785451,6.72968791962146e-08,0.000141617870158534,2.5930674347506,17.6199873284417,5.5062944322266,3.19997187678841,0.00137440997829971,0.0354950419066809,2.5930674347506,-14.0988053373771,7.13531297465637,-1.97591968109234,0.0481638747518755,NA,2.5930674347506,-30,7.46862619542586,-4.01680298558434,5.89930028214198e-05,0.0322207030593786,NA,NA,"Schistocerca_gregaria",4,"rRNA","large subunit ribosomal RNA"
"LOC126314429",38.1494381488464,3.31279688381209,0.90857217061632,3.64615711437089,0.000266191260477852,0.00372192826990995,38.1494381488464,2.27098023008209,1.03654783386006,2.19090731358249,0.0284585003893179,0.524687019971585,38.1494381488464,3.69148177323094,1.02740192696373,3.5930259388751,0.000326860036077273,0.0149631378614733,38.1494381488464,-1.76179355935717,1.23915914096056,-1.42176537389013,0.15509437474574,0.675708715810612,38.1494381488464,-3.32774160956392,1.27770437936352,-2.60446912706179,0.00920167105747721,0.216304245125837,NA,NA,"Schistocerca_gregaria",2,"protein_coding","uncharacterized LOC126314429"
"LOC126314436",29.7566958170689,3.47393589075557,0.916566437436803,3.79016266455327,0.000150548662614077,0.00249471034524752,29.7566958170689,2.43006000077292,1.04696965810105,2.32104147619757,0.0202846054540193,0.477610255690091,29.7566958170689,3.67698116111524,1.04578950920195,3.51598589272634,0.000438124263200777,0.0174162713437433,29.7566958170689,-2.30970587993218,1.28441210741913,-1.79825919312865,0.0721359431452108,0.51267138004968,29.7566958170689,-3.0936523206511,1.29757734138895,-2.38417566488915,0.0171174292613567,0.275424828862019,NA,NA,"Schistocerca_gregaria",2,"protein_coding","uncharacterized LOC126314436"
"LOC126314440",16.2204560460322,3.25498039362219,0.678637031992303,4.7963495066964,1.61583250258644e-06,8.33597350942476e-05,16.2204560460322,2.12995732226658,0.782947342416522,2.72043496015018,0.00651960959264952,0.331594040762099,16.2204560460322,3.55755999579249,0.816804217381856,4.35546232510371,1.32786355126467e-05,0.00254269676609242,16.2204560460322,-3.48556017612849,1.09320771072087,-3.18837869688103,0.00143073025170009,0.11390332807114,16.2204560460322,-2.99528046751243,0.978822084192996,-3.06008672656986,0.00221272906731111,0.136785096180152,NA,NA,"Schistocerca_gregaria",2,"protein_coding","uncharacterized LOC126314440"
"LOC126314444",17.2320678172811,3.13776614368627,0.875944626539563,3.58215125547613,0.00034077637915581,0.00445058232567425,17.2320678172811,2.10771654300221,1.00462911956837,2.09800462872087,0.0359047364853842,0.575466753865477,17.2320678172811,3.88481574780386,1.0014986660808,3.879002418452,0.000104885712267114,0.00773199743670529,17.2320678172811,-1.57171665538234,1.23333934233026,-1.2743586468366,0.202536340806238,0.73250361888534,17.2320678172811,-4.11577321117095,1.2757804021144,-3.22608279947687,0.00125497045712491,0.117500568583652,NA,NA,"Schistocerca_gregaria",2,"protein_coding","DNA-directed RNA polymerase II subunit RPB1-like"
"LOC126314447",65.5822586918147,4.10482697543675,1.05642698331766,3.8855756623574,0.000102087690601093,0.00191787342947737,65.5822586918147,2.06154352417982,1.20132063870769,1.71606435264236,0.0861502647743089,0.750587320023552,65.5822586918147,3.95688024976172,1.16970845795266,3.38279185968052,0.000717529906767311,0.02323021566198,65.5822586918147,-1.69126030395711,1.41470776647226,-1.19548386178332,0.231898037809269,0.761178184626559,65.5822586918147,-3.02253078126424,1.44575219678852,-2.09062852401556,0.0365613767480464,0.370955966179161,NA,NA,"Schistocerca_gregaria",2,"protein_coding","uncharacterized LOC126314447"
"LOC126314452",12.4704064738344,1.67253926400884,0.6226863864075,2.68600582976981,0.00723118271075938,0.0353205015434038,12.4704064738344,2.180397594617,0.701056230658022,3.110160782068,0.00186985531833475,0.211268552242722,12.4704064738344,3.04780573723698,0.75624380046013,4.03018938519902,5.57319314331262e-05,0.00553862523647435,12.4704064738344,-3.00855713803485,1.0183997738759,-2.95420051654632,0.00313480250037233,0.142000218544452,12.4704064738344,-3.13073151874657,0.960145064512921,-3.26068594679991,0.00111143065931578,0.115951013764216,NA,NA,"Schistocerca_gregaria",2,"protein_coding","proteasome subunit beta type-7-like"
"LOC126315207",17.3525773240193,1.95626322722251,0.615856540373009,3.17649176224978,0.0014906802310579,0.012168712580615,17.3525773240193,1.88799222851775,0.69940700722713,2.69941852027317,0.00694607624852072,0.340259404886648,17.3525773240193,2.39816263086187,0.757316309220906,3.1666591642916,0.00154200934664426,0.0380104093579406,17.3525773240193,-3.13525585845917,1.01219707348081,-3.09747571950335,0.00195176384277854,0.12340982454449,17.3525773240193,-1.74453905539573,0.901795538090111,-1.93451728436187,0.0530495590234731,0.429432657574666,NA,NA,"Schistocerca_gregaria",2,"protein_coding","protein FAN-like"
"LOC126315214",6.84974252913807,2.06371135522442,0.679833398022252,3.03561337414152,0.00240046956661874,0.0168418929322676,6.84974252913807,1.87428890691665,0.77245592351352,2.42640240027086,0.0152493514046796,0.454081463092762,6.84974252913807,2.88001514497559,0.830671759379741,3.46709167905995,0.000526122411612486,0.0192665725058959,6.84974252913807,-3.44243310078753,1.08763215304854,-3.16507110528011,0.00155045056262389,0.116305884465267,6.84974252913807,-3.03350934570414,1.05772173163591,-2.86796541564141,0.00413120689144213,0.166635470128586,NA,NA,"Schistocerca_gregaria",2,"protein_coding","uncharacterized LOC126315214"
"LOC126315216",12.4866157751919,2.59032710904923,0.699960487732418,3.70067618736711,0.000215025722915489,0.00319663805060542,12.4866157751919,2.28058782294364,0.799428090383671,2.85277418992009,0.00433394058884665,0.297803631890748,12.4866157751919,3.42699129406354,0.844553989443121,4.05775277471985,4.95471771799953e-05,0.00525668767621815,12.4866157751919,-2.49687206855548,1.10422681873968,-2.26119491591891,0.0237471898014259,0.313381166863201,12.4866157751919,-2.33974441239116,1.02072955337406,-2.29222755886419,0.0218925154738809,0.301997767985992,NA,NA,"Schistocerca_gregaria",2,"protein_coding","probable peroxisomal membrane protein PEX13"
"LOC126315217",29.3463127203394,3.32375520722353,0.948349310977622,3.50477948235886,0.00045698563170458,0.00549350806498339,29.3463127203394,2.08756693213897,1.08564891961766,1.92287478430336,0.054495777225812,0.653294951840664,29.3463127203394,3.7735465454014,1.07500557298274,3.51025765841493,0.000447672671431266,0.0177061871204376,29.3463127203394,-1.75830218063522,1.33313194100464,-1.3189258516379,0.187193902584653,0.713214442644807,29.3463127203394,-2.67950996908489,1.33218959758322,-2.01135782320016,0.0442876749226952,0.401050346060099,NA,NA,"Schistocerca_gregaria",2,"protein_coding","rho-related protein racC-like"
"LOC126315228",32.2809886663066,3.78195583793025,0.874256737627157,4.32590985594798,1.519035384722e-05,0.000488257135280662,32.2809886663066,2.66816180869994,0.996847824142719,2.67659891919265,0.00743736076205275,0.344767034371274,32.2809886663066,3.56032032508136,1.00094769421311,3.55694942469526,0.000375186352794168,0.0162739671590443,32.2809886663066,-3.53073366752936,1.24318026451264,-2.84008181944033,0.00451019640982393,0.166352029100569,32.2809886663066,-3.40563474253148,1.23427253195594,-2.75922428342029,0.00579387553638128,0.185867075442937,NA,NA,"Schistocerca_gregaria",2,"protein_coding","uncharacterized LOC126315228"
"LOC126315238",78.608210833755,4.10568767102399,1.03931100692131,3.95039371630058,7.80227396902946e-05,0.00158771903319106,78.608210833755,1.95447015768719,1.18741030579999,1.64599393161777,0.0997650083950316,0.787568822501734,78.608210833755,4.71526743806246,1.14326837699099,4.12437493501985,3.71742916293007e-05,0.00438880245987428,78.608210833755,-1.91333779641006,1.40809947298317,-1.35880868725595,0.174207219785447,0.6993906028157,78.608210833755,-4.01838699066338,1.4211170436295,-2.82762564046134,0.00468946096920917,0.17496527736524,NA,NA,"Schistocerca_gregaria",2,"protein_coding","uncharacterized LOC126315238"
"LOC126315240",7.55045026077566,2.42976493963157,0.77243822579003,3.14557832394489,0.00165758804524413,0.0130646199523863,7.55045026077566,1.8712153166194,0.883467876181278,2.11803435876761,0.034172157933855,0.565601458913721,7.55045026077566,2.86721341654328,0.939799285623104,3.05087848054946,0.00228172901840451,0.0496228657160494,7.55045026077566,-1.81065650437617,1.19277368228854,-1.5180218437601,0.129008892075997,0.634119618304724,7.55045026077566,-2.26209026219452,1.16985558027735,-1.93364916176937,0.0531562783975267,0.429846952489577,NA,NA,"Schistocerca_gregaria",2,"protein_coding","uncharacterized LOC126315240"
"LOC126315246",19.5833835605032,3.00077064629186,0.68052693343754,4.40948109303197,1.03618604079206e-05,0.000367314604882983,19.5833835605032,2.68223441549568,0.774937104807779,3.46122852919916,0.000537716137120755,0.135241613740214,19.5833835605032,3.29058077503465,0.814286701175397,4.04105921205001,5.32103198559979e-05,0.00539037704760567,19.5833835605032,-4.76706539209674,1.08279399919425,-4.40255985500854,1.06981061967765e-05,0.0103907139453891,19.5833835605032,-3.01774670850933,0.985966363271861,-3.06069945276343,0.0022082063001222,0.136785096180152,NA,NA,"Schistocerca_gregaria",3,"protein_coding","ankyrin repeat%2C PH and SEC7 domain containing protein secG-like"
"LOC126315249",8.6196360451551,2.59631011421972,0.660774238838326,3.92919390862478,8.52310914172692e-05,0.00169812115188135,8.6196360451551,1.7139412763339,0.763811477078164,2.24393234164312,0.0248367548755278,0.506075944778952,8.6196360451551,2.7206755236732,0.839656530137577,3.24022433700054,0.00119435693004139,0.0323899698022624,8.6196360451551,-2.69141366939705,1.07820011613588,-2.49620977508582,0.0125528342470499,0.237918520191434,8.6196360451551,-1.71276719406038,0.996004804767649,-1.71963748152795,0.0854983585472642,0.523718480395872,NA,NA,"Schistocerca_gregaria",2,"protein_coding","uncharacterized LOC126315249"
"LOC126315251",10.1161724837826,2.20034279716496,0.859758138388357,2.55925788767707,0.0104895894243295,0.0457775585139727,10.1161724837826,1.74364520208549,0.977613827107874,1.78357256591164,0.0744931467621965,0.721987406874829,10.1161724837826,3.32511916116147,0.998689359141635,3.32948291751039,0.000870074012687624,0.0261221838378988,10.1161724837826,-0.834922080457317,1.26501512986551,-0.660009560949742,0.509247693836627,0.914788752912564,10.1161724837826,-1.94653171795732,1.24662719556922,-1.56143851576134,0.118420320188546,0.591813911127515,NA,NA,"Schistocerca_gregaria",2,"lncRNA","uncharacterized LOC126315251"
"LOC126315263",13.5522180675621,2.67612146036646,0.626123501538077,4.27411118380408,1.91901263808232e-05,0.00057947139421873,13.5522180675621,1.95223146310033,0.719155451936797,2.7146167881265,0.00663525002094804,0.333446071948239,13.5522180675621,2.48156413280709,0.798841135401078,3.10645511708803,0.00189345049828768,0.0441112162078831,13.5522180675621,-2.80135339169787,1.01646415668043,-2.75597852938223,0.00585168380143266,0.179836816554133,13.5522180675621,-2.86759236031099,0.981037350097103,-2.9230205761556,0.00346653607692678,0.157706666883667,NA,NA,"Schistocerca_gregaria",2,"protein_coding","integrator complex subunit 3-like"
"LOC126315266",40.1486066714635,2.89861020968691,0.88117208284244,3.28949392079776,0.0010036772467445,0.00930564307023905,40.1486066714635,2.10604490108557,1.00105132635641,2.10383308591285,0.0353930095933537,0.57384413141518,40.1486066714635,3.39366418546344,0.994968940979139,3.41082424354249,0.000647668255562887,0.0215459469255264,40.1486066714635,-3.00828460525462,1.26346171549269,-2.38098595973802,0.0172663700341239,0.267610367050161,40.1486066714635,-4.54274071747618,1.27835126692641,-3.5535934723157,0.000380006128780724,0.0735736571922868,NA,NA,"Schistocerca_gregaria",2,"protein_coding","60 kDa heat shock protein%2C mitochondrial-like"
"LOC126315271",32.9850967240273,3.28936508359475,0.848959788816609,3.87458290360241,0.000106807478359997,0.00197075792801502,32.9850967240273,2.5917047379698,0.967254264997766,2.67944513842571,0.00737442865088364,0.344767034371274,32.9850967240273,3.8724102758218,0.966138165875368,4.00813301098939,6.12006500827182e-05,0.00584101690296641,32.9850967240273,-3.41223717531403,1.24243019099951,-2.74642165011215,0.00602492748796141,0.181357786306012,32.9850967240273,-4.58895105902245,1.22895054441345,-3.73404046231386,0.000188432201192685,0.0566965223701835,NA,NA,"Schistocerca_gregaria",2,"protein_coding","2-oxoglutarate dehydrogenase%2C mitochondrial-like"
"LOC126315275",27.3664327955109,3.2045674013725,0.690002495870494,4.64428378237919,3.41258225969867e-06,0.000149762309994296,27.3664327955109,2.49383092462373,0.789601894276633,3.15833959201474,0.00158670604211037,0.199344747902448,27.3664327955109,4.05302755687885,0.806038195779085,5.02833188067639,4.94765021591224e-07,0.000310752014761016,27.3664327955109,-3.70585684931883,1.08538911307969,-3.41431179349478,0.000639433542238113,0.0837754372277104,27.3664327955109,-3.6527938835129,0.97545494896461,-3.74470793078669,0.00018060375088725,0.0566965223701835,NA,NA,"Schistocerca_gregaria",2,"protein_coding","N-formylmaleamate deformylase-like"
"LOC126315284",15.7374260371464,2.53099229873408,0.809597216569648,3.12623641353187,0.00177059149814248,0.0136583831476628,15.7374260371464,1.43613415142857,0.932417401669083,1.54022667193662,0.12350511063189,0.832974915613918,15.7374260371464,2.94413765759904,0.949889683121707,3.09945218893573,0.00193878866635016,0.044703171276109,15.7374260371464,-1.35012227477813,1.18277743251488,-1.14148464255648,0.253668299262107,0.78265426767252,15.7374260371464,-2.53924986818128,1.17575912790042,-2.15966842861402,0.0307983469331522,0.347226699326874,NA,NA,"Schistocerca_gregaria",2,"lncRNA","uncharacterized LOC126315284"
"LOC126315288",32.6116734082215,2.98708408064709,0.865339118237725,3.45192308736757,0.00055660636299132,0.00628262751423055,32.6116734082215,1.99039118770036,0.991396356521748,2.00766441656446,0.0446789643159298,0.613244607082466,32.6116734082215,4.02870630909354,0.978426697534508,4.11753514008283,3.82946152834664e-05,0.00445408925319251,32.6116734082215,-1.65280578929721,1.21841465681018,-1.35652159144594,0.174933270307711,0.700372311895678,32.6116734082215,-3.34054918441326,1.21332805646189,-2.75321185117439,0.00590136944819811,0.187076614947711,NA,NA,"Schistocerca_gregaria",2,"protein_coding","stress-activated protein kinase alpha-like"
"LOC126315289",13.8241698278293,3.14817325508854,0.816764991635236,3.85444195984162,0.000115993895679365,0.00207942433681406,13.8241698278293,1.50754278205973,0.945613648153447,1.59424812131635,0.110880472284163,0.809485147833426,13.8241698278293,3.43737517359891,0.958283787228406,3.58701171762558,0.000334489298118775,0.0151358817264006,13.8241698278293,-2.28030023735182,1.25171147734944,-1.82174588842188,0.0684935516712418,0.500123544742817,13.8241698278293,-2.8800579217938,1.17882218959677,-2.44316568453718,0.0145590516053904,0.261905253542697,NA,NA,"Schistocerca_gregaria",2,"protein_coding","LIM domain kinase 2-like"
"LOC126315292",28.7614074759267,2.73172480455034,0.853446360245884,3.20081604632225,0.00137038989947285,0.0114596069998093,28.7614074759267,2.74636110023458,0.966324277042782,2.84206985737665,0.00448216691557474,0.3054950608247,28.7614074759267,3.45160036627999,0.97996190987571,3.52217808824606,0.000428016509750105,0.0171571506170431,28.7614074759267,-4.69124649472643,1.28820962603727,-3.64167942849289,0.000270865237719391,0.0584226055798581,28.7614074759267,-3.39073490700587,1.23557048907547,-2.74426666627739,0.00606462510413983,0.189744363762033,NA,NA,"Schistocerca_gregaria",2,"protein_coding","uncharacterized LOC126315292"
"LOC126315298",19.0757873319921,2.52730108324572,0.698934914092632,3.61593194486028,0.000299268998237491,0.00404129622352248,19.0757873319921,2.21163013202679,0.797266598557642,2.77401578848018,0.00553689909636326,0.324201017829799,19.0757873319921,3.05336898653565,0.833766970311836,3.66213713814265,0.000250119894575079,0.0128576991869236,19.0757873319921,-3.74549896036338,1.10588098868462,-3.38689153596756,0.00070689328844999,0.0837754372277104,19.0757873319921,-3.48894066764388,1.04548407902245,-3.33715332222573,0.000846412418180926,0.10167451945988,NA,NA,"Schistocerca_gregaria",2,"protein_coding","uncharacterized LOC126315298"
"LOC126315304",16.9690194464974,3.17626262148999,0.800090728065596,3.96987805266703,7.19094261907668e-05,0.00150753302779803,16.9690194464974,2.09777685339836,0.921317695310787,2.27693103483779,0.0227903442644617,0.500881782888007,16.9690194464974,3.91137292883936,0.929145487307483,4.20964529481158,2.55771917434534e-05,0.00349228751961483,16.9690194464974,-3.4164906351654,1.23996261213034,-2.75531746017377,0.00586352126485933,0.179836816554133,16.9690194464974,-3.32783642318104,1.14599730107133,-2.90387806329912,0.0036857167648443,0.161998351142462,NA,NA,"Schistocerca_gregaria",2,"protein_coding","ras-specific guanine nucleotide-releasing factor 1-like"
"LOC126315308",10.9556362882813,2.57581963250067,0.680445882849851,3.78548786526945,0.000153407320343824,0.00252237303889584,10.9556362882813,1.98848577119799,0.775734061020481,2.56336013991976,0.0103664457148109,0.39655997898679,10.9556362882813,3.49105642316085,0.796657818791856,4.38212786068565,1.17525799483426e-05,0.00246173706878476,10.9556362882813,-3.55515229330118,1.08476805166498,-3.27733867884888,0.00104790592253185,0.101588983525832,10.9556362882813,-3.12568135351015,0.970608759912846,-3.22033087130887,0.00128042720498418,0.118381969170925,NA,NA,"Schistocerca_gregaria",2,"protein_coding","uncharacterized LOC126315308"
"LOC126315321",28.0268166490785,3.60835083363561,0.834288657310727,4.32506279693037,1.52488416858712e-05,0.000488858452360475,28.0268166490785,1.7279949725738,0.964510795693688,1.79157660058227,0.0732008141516489,0.716902225077065,28.0268166490785,3.25525674909832,0.968811891442061,3.36005036463056,0.000779282648262877,0.0245344379726764,28.0268166490785,-1.94719421666065,1.16911894582523,-1.66552276277263,0.0958085061524594,0.570729302243652,28.0268166490785,-3.12637088818975,1.18728314759894,-2.63321423749024,0.00845809771613122,0.210598793582824,NA,NA,"Schistocerca_gregaria",2,"protein_coding","copine-9-like"
"LOC126315322",13.3382420847635,2.22283711273128,0.709908568365914,3.13115971800124,0.001741174374125,0.0134843907194817,13.3382420847635,2.10660995576087,0.805606216699025,2.6149375614214,0.00892437682227154,0.368878580710277,13.3382420847635,2.89109895678085,0.840859427810034,3.43826668425487,0.000585450810092582,0.0204435973829642,13.3382420847635,-3.30319968208328,1.11536244501583,-2.96154823648954,0.0030609654238295,0.142000218544452,13.3382420847635,-2.6880273456458,1.03738208521631,-2.59116422382146,0.0095651833883959,0.221398344617203,NA,NA,"Schistocerca_gregaria",2,"protein_coding","5'-3' exonuclease PLD3-like"
"LOC126315323",23.9753697767353,3.26929690902418,0.734989428597207,4.4480869816916,8.66384473934231e-06,0.000318972914709969,23.9753697767353,2.37041454231453,0.841222007650843,2.81782278727353,0.00483504876558025,0.315496302203657,23.9753697767353,3.62420842337537,0.856666105696261,4.23059626063969,2.33072676533923e-05,0.00342028707190249,23.9753697767353,-2.66553803999756,1.04703177835477,-2.54580433478914,0.0109026280900002,0.222777543679121,23.9753697767353,-3.27211131601649,1.03959469844533,-3.1474874976852,0.00164680148270149,0.123157010164374,NA,NA,"Schistocerca_gregaria",2,"protein_coding","uncharacterized LOC126315323"
"LOC126315324",24.962646971518,3.82370726977137,1.02627170241552,3.72582354241237,0.000194678563799908,0.00300546446947006,24.962646971518,2.04735076738241,1.17555230438655,1.74160754884557,0.0815771395449631,0.740750347486221,24.962646971518,4.30228623067312,1.14354420576547,3.76223866902743,0.000168399230272968,0.0102488554796362,24.962646971518,-3.2418801538727,1.50024750296467,-2.16089688365843,0.030703305693584,0.352032426492343,24.962646971518,-3.57726599005129,1.43251696415519,-2.4971892686527,0.0125182122139247,0.246131682681671,NA,NA,"Schistocerca_gregaria",2,"protein_coding","uncharacterized LOC126315324"
"LOC126315336",27.1647913180864,2.87690424073755,0.817434495095172,3.51943092443462,0.000432473636634518,0.00528768100898534,27.1647913180864,1.87788540115898,0.934071656978192,2.01042970004476,0.0443857297055182,0.611484254985597,27.1647913180864,3.14243332919695,0.937604725153918,3.35155449294593,0.000803592220158894,0.0249861485959108,27.1647913180864,-3.10203999047172,1.21776934422395,-2.54731325368398,0.0108555937943098,0.222128014029915,27.1647913180864,-3.23454352693327,1.16216309146756,-2.78320964646084,0.0053824014396109,0.181663245924833,NA,NA,"Schistocerca_gregaria",2,"protein_coding","uncharacterized LOC126315336"
"LOC126315341",65.6949763320657,2.68124025898534,0.894338814857956,2.99801396790677,0.00271745218423075,0.0181498013782002,65.6949763320657,2.36624950875098,1.00824024678185,2.34691038797914,0.0189298069280181,0.46856636366611,65.6949763320657,3.59708115284449,0.99912554501193,3.60022939139399,0.000317936566126873,0.0148578570277505,65.6949763320657,-3.51133402376467,1.28954307196369,-2.72292884208797,0.00647059932063873,0.187036868994409,65.6949763320657,-4.09477262157839,1.26559305417248,-3.23545756519324,0.00121447936175603,0.116148779965293,NA,NA,"Schistocerca_gregaria",2,"protein_coding","uncharacterized LOC126315341"
"LOC126315345",45.4734039997501,3.95330655696128,1.08782148493441,3.63415009880931,0.000278898469656669,0.00382805013773127,45.4734039997501,2.09183073587061,1.24238011014883,1.68372844895274,0.0922341606667877,0.767402680426461,45.4734039997501,4.37662402549834,1.20526597372444,3.63125162487909,0.000282050020892378,0.0137604608273197,45.4734039997501,-1.30881348861501,1.48520160825304,-0.881236245195358,0.378189965310902,0.862497174372925,45.4734039997501,-3.56499963401614,1.51507990549474,-2.35301096733378,0.0186220848324066,0.284270586887962,NA,NA,"Schistocerca_gregaria",2,"protein_coding","uncharacterized LOC126315345"
"LOC126315347",9.98321367523151,1.92161895927783,0.690884103492388,2.7813911907426,0.005412647159401,0.0290986608429464,9.98321367523151,1.86400895701963,0.783982651200791,2.37761505840035,0.0174250058081004,0.463428077060617,9.98321367523151,3.07930660694399,0.820770409031244,3.75172712498066,0.000175620553052174,0.0104454315303986,9.98321367523151,-3.31399930435636,1.09686547332448,-3.02133614828076,0.00251661803933676,0.130305480340763,9.98321367523151,-3.84438636044918,1.06986173936156,-3.5933487655548,0.000326455159656023,0.0723607213285647,NA,NA,"Schistocerca_gregaria",2,"protein_coding","metaxin-3-like"
"LOC126315349",33.4913040938764,3.38434879805034,0.84913532860773,3.98564125649963,6.72981262519868e-05,0.00142172691107695,33.4913040938764,2.18338556344119,0.970367179470905,2.25006122386754,0.0244450591292865,0.506075944778952,33.4913040938764,3.91471609118339,0.95865147450243,4.08356550352697,4.43499203013141e-05,0.0050282157346522,33.4913040938764,-3.14365950074222,1.22103443650598,-2.57458709333201,0.0100359816066578,0.216673060855665,33.4913040938764,-3.85211324005597,1.18712444094809,-3.24491107013138,0.00117487308316316,0.116148779965293,NA,NA,"Schistocerca_gregaria",2,"protein_coding","citrate synthase%2C mitochondrial-like"
"LOC126315352",16.253763396659,2.04745571140002,0.68522743582483,2.98799435684509,0.00280814739343318,0.0185746308897628,16.253763396659,2.08612037727486,0.778876881506429,2.67836987694395,0.00739814715190393,0.344767034371274,16.253763396659,3.14917416887312,0.816447584792733,3.85716637237965,0.000114709089140217,0.00812232661766218,16.253763396659,-3.47964039281589,1.09126117759754,-3.18864123845814,0.00142943160824286,0.11390332807114,16.253763396659,-3.56510248169755,1.03733456083561,-3.43679138466737,0.000588648801908312,0.0864981144359414,NA,NA,"Schistocerca_gregaria",2,"lncRNA","uncharacterized LOC126315352"
"LOC126315353",24.4062642621127,2.93294576071336,0.655164957254949,4.47665237317026,7.58225583964853e-06,0.000288103804288034,24.4062642621127,2.47300210718299,0.747537082138396,3.30819990910517,0.000938977568974422,0.172799833441247,24.4062642621127,3.42827218014232,0.781270820295656,4.38807144857268,1.14360209860745e-05,0.00246173706878476,24.4062642621127,-3.67629077261544,1.04344355779947,-3.52322916283889,0.000426322569884064,0.0757450429346454,24.4062642621127,-3.05575173558144,0.939408302101861,-3.25284727497555,0.00114254888093355,0.116148779965293,NA,NA,"Schistocerca_gregaria",2,"protein_coding","26S proteasome regulatory subunit 6A-B-like"
"LOC126315359",80.2127001054939,4.15893343477851,0.975474968259856,4.26349580471307,2.01253280916523e-05,0.000598919573968031,80.2127001054939,2.17585631118886,1.1144956978515,1.9523236521984,0.050899791063325,0.641768832185911,80.2127001054939,4.10098345751174,1.08596706117732,3.77634239943316,0.000159148179397618,0.0099376598114319,80.2127001054939,-1.60307653417367,1.30145758111337,-1.23175473210757,0.218040717790161,0.746389853732345,80.2127001054939,-3.70252573675323,1.34061258795469,-2.76181632935583,0.00574808043635387,0.185620313567684,NA,NA,"Schistocerca_gregaria",2,"protein_coding","protein CARMIL-like"
"LOC126315362",20.9900647896645,2.24557276510308,0.880153528532555,2.55134211510466,0.0107308931980265,0.0465590058950493,20.9900647896645,2.03450777425891,0.996548054455971,2.04155511132835,0.0411956818612439,0.594793571298491,20.9900647896645,3.09119000487302,1.00322273333949,3.08125992578256,0.00206126624124933,0.0467716799423366,20.9900647896645,-3.72885572983864,1.32225065794703,-2.82008234023357,0.00480113280849339,0.168955806490194,20.9900647896645,-4.48207870739703,1.31450960237514,-3.40969643682977,0.000650352237475699,0.0907020912893016,NA,NA,"Schistocerca_gregaria",2,"protein_coding","malate dehydrogenase-like"
"LOC126315373",17.3141707850527,2.68821256243982,0.691476736179057,3.88763991872564,0.000101223639682748,0.00190599249228717,17.3141707850527,1.86840641427345,0.794007035872785,2.35313584119525,0.0186158319937422,0.46856636366611,17.3141707850527,2.72097925858011,0.840937449675519,3.23564999945004,0.0012136609919058,0.0327816133400409,17.3141707850527,-2.86734439616096,1.09005479951378,-2.63045894338519,0.00852696684852482,0.206704459261494,17.3141707850527,-2.65527754824316,1.02424290209721,-2.59242953288354,0.00953007025649922,0.220896290438321,NA,NA,"Schistocerca_gregaria",2,"protein_coding","uncharacterized LOC126315373"
"LOC126315379",55.7049054101909,4.12807918040587,0.993627786534816,4.15455287819814,3.25924241000728e-05,0.000844682714039211,55.7049054101909,2.55229888618714,1.13508089357892,2.2485612264512,0.0245404256135521,0.506075944778952,55.7049054101909,4.48140766782177,1.10850738995944,4.04274045298492,5.28300899612245e-05,0.0053866108608516,55.7049054101909,-2.24032216809503,1.35693130397349,-1.65102106608839,0.0987342734330465,0.574655144857038,55.7049054101909,-3.90282776090443,1.38261633533318,-2.82278435540395,0.00476085821524432,0.17496527736524,NA,NA,"Schistocerca_gregaria",2,"protein_coding","ankyrin-1-like"
"LOC126315382",24.4481007198722,2.88780101501023,0.668863096788826,4.31747696781958,1.57822871262699e-05,0.000501407527484601,24.4481007198722,2.1172542999282,0.767157759420619,2.75986819389954,0.00578246860999039,0.324852149884749,24.4481007198722,3.65481664850279,0.792461659553997,4.61197914680155,3.98853016425103e-06,0.00131626884581533,24.4481007198722,-2.46234371863442,1.00401505103605,-2.45249681874142,0.0141868633865895,0.249322572592547,24.4481007198722,-3.49195710302659,0.964436159861588,-3.6207239507981,0.000293779833907533,0.0700686192263227,NA,NA,"Schistocerca_gregaria",2,"protein_coding","uncharacterized LOC126315382"
"LOC126315383",20.5662841440306,3.2909977828328,0.883754490204072,3.72388238963613,0.00019618234562151,0.00302018041337062,20.5662841440306,2.29673060970572,1.01051766990171,2.27282577842416,0.0230366809351551,0.502135289457806,20.5662841440306,3.61007758220021,1.01313443788512,3.56327595549522,0.000366255300360431,0.0159748353507208,20.5662841440306,-2.78667689412242,1.28805491871486,-2.16347676922254,0.0305045286023662,0.351701815137931,20.5662841440306,-3.66156515218037,1.27265485791614,-2.87710774795286,0.00401338530483757,0.16636846841741,NA,NA,"Schistocerca_gregaria",2,"protein_coding","coatomer subunit delta-like"
"LOC126315387",106.240521623545,3.47977551851754,1.12432961841316,3.0949780754053,0.00196827445905591,0.0146835266390094,106.240521623545,1.91387199917665,1.27592387142368,1.49998917806996,0.133617205821187,0.847005372537167,106.240521623545,4.55002826150634,1.2307501615154,3.69695524224346,0.000218200794243184,0.0118553248138632,106.240521623545,-0.46503091570754,1.51671401267467,-0.306604219267068,0.759144641724849,0.971687627443387,106.240521623545,-3.61935110625368,1.55365344902431,-2.32957427444752,0.0198286631413739,0.289804892822016,NA,NA,"Schistocerca_gregaria",2,"protein_coding","actin-related protein 2-like"
"LOC126315389",21.749955809267,2.55422701813483,0.880495428568753,2.90089753479667,0.00372095528619675,0.0223195607813981,21.749955809267,2.20923765987894,0.998974575013087,2.21150539276738,0.0270008588479339,0.517132489994275,21.749955809267,3.53585999902624,0.997962878107911,3.54307768013382,0.000395486189557238,0.0165597977291407,21.749955809267,-2.50117858006961,1.28599242183561,-1.94494037258746,0.0517821552240775,0.437849227776892,21.749955809267,-3.31543697412884,1.25905301671428,-2.63327828940917,0.00845650265877721,0.210598793582824,NA,NA,"Schistocerca_gregaria",2,"protein_coding","116 kDa U5 small nuclear ribonucleoprotein component-like"
"LOC126315390",15.1533290658298,2.76191485978637,0.683903298550055,4.03845816454156,5.38036865896773e-05,0.00120875009382522,15.1533290658298,2.02915919181384,0.78288253226823,2.59190760832892,0.00954454004333559,0.381668246150961,15.1533290658298,2.55955452103411,0.836141374216314,3.0611504225982,0.0022048829330968,0.0486818556724341,15.1533290658298,-2.95651664829669,1.06095189488743,-2.78666418575971,0.00532536333323877,0.173829593357672,15.1533290658298,-2.21515245748942,1.00314616299974,-2.20820508435719,0.0272299801399571,0.33317753395039,NA,NA,"Schistocerca_gregaria",2,"protein_coding","chitinase domain-containing protein 1-like"
"LOC126315400",22.6594398887526,2.93835742382698,0.853598586044647,3.44231758564944,0.00057675270000206,0.00642193449521914,22.6594398887526,2.27699834795812,0.972728342825542,2.34083684797751,0.0192405730767639,0.469577846118002,22.6594398887526,3.23720078676351,0.983757658171895,3.29064862659281,0.000999566825286489,0.0285887036259534,22.6594398887526,-2.93395308580412,1.25505238576595,-2.33771364373253,0.0194021079225008,0.286200845473361,22.6594398887526,-3.61053150284643,1.24261175774452,-2.90559901782995,0.00366550851465354,0.161724594170652,NA,NA,"Schistocerca_gregaria",2,"protein_coding","peroxisomal multifunctional enzyme A-like"
"LOC126315440",28.8555146701348,2.59017311364668,0.795066406376822,3.25780726348419,0.00112276634800526,0.0100529737699252,28.8555146701348,2.26797268548732,0.901498221624162,2.51578165223808,0.0118768737523942,0.416745500035931,28.8555146701348,3.34147969875548,0.909303129613226,3.67476982090317,0.000238063940899382,0.0126286486486557,28.8555146701348,-3.35310011230946,1.18634421729312,-2.82641417510359,0.00470723563619909,0.167667913460915,28.8555146701348,-4.68637391452027,1.17357939868982,-3.99323123748773,6.51789487759399e-05,0.0322207030593786,NA,NA,"Schistocerca_gregaria",3,"protein_coding","probable methionine--tRNA ligase%2C cytoplasmic"
"LOC126315446",49.5211098932603,3.47645191592726,1.16369851303574,2.98741630842016,0.00281346314722754,0.0185873797727513,49.5211098932603,1.90482456308014,1.32005400357445,1.44298987611283,0.149023323140924,0.869352435128567,49.5211098932603,4.10402739528785,1.2854834938154,3.1925943934969,0.00141000851203552,0.035653847766626,49.5211098932603,-0.450027555332677,1.58923110082282,-0.283173136430363,0.777044119936574,0.975190710927065,49.5211098932603,-2.8953928531732,1.62937225826223,-1.77699898748811,0.0755684064208539,0.496458788210775,NA,NA,"Schistocerca_gregaria",2,"protein_coding","G patch domain-containing protein 1-like"
"LOC126315452",14.2014132168306,2.37490767478437,0.710099003555681,3.34447402811789,0.000824387479964825,0.00820047151180581,14.2014132168306,2.05901575928852,0.81071323095446,2.53975842587943,0.0110929059655819,0.403345727711818,14.2014132168306,3.03087207841081,0.852512937141903,3.55522121291435,0.000377661206287296,0.0163361880471711,14.2014132168306,-2.58423104722099,1.11084438960721,-2.3263663852457,0.019999013294717,0.290231083082037,14.2014132168306,-2.95297104124272,1.0606503382013,-2.78411360925082,0.00536742301141178,0.181663245924833,NA,NA,"Schistocerca_gregaria",2,"protein_coding","protein KRI1 homolog"
"LOC126316432",22.726895854742,2.93140614287549,0.693101292026828,4.22940510513726,2.34310087140633e-05,0.000662550017882027,22.726895854742,2.5774692576398,0.791270704204993,3.25737986247,0.00112445845335983,0.176918299647782,22.726895854742,3.47694375836451,0.824150733841988,4.21882019343215,2.4558402156767e-05,0.00347401829428428,22.726895854742,-2.40176363584757,0.995500213884514,-2.41261990941791,0.0158383266994012,0.259810661802139,22.726895854742,-3.1094905198805,1.00126527027653,-3.10556114567092,0.00189918350131488,0.13165105452552,NA,NA,"Schistocerca_gregaria",2,"protein_coding","dihydrolipoyl dehydrogenase%2C mitochondrial-like"
"LOC126316442",17.2127156605342,3.34613334004534,0.813523321020742,4.11313757526568,3.9031761535405e-05,0.000972727383105308,17.2127156605342,2.25547629923073,0.933158484754401,2.41703455102201,0.0156475317615257,0.456544535884376,17.2127156605342,3.23996224559789,0.954408607388868,3.39473284347465,0.000686955980229039,0.0224253280697637,17.2127156605342,-2.41649333058094,1.15792364013005,-2.08691941923694,0.0368954191877056,0.383232931370017,17.2127156605342,-3.09655012965674,1.17498417646832,-2.63539730293569,0.00840388520486356,0.210598793582824,NA,NA,"Schistocerca_gregaria",2,"protein_coding","uncharacterized LOC126316442"
"LOC126316443",15.1924156666169,2.780178831215,0.66169591438221,4.20159588534064,2.65039944498527e-05,0.000725750809752456,15.1924156666169,2.33061005403294,0.755685989912022,3.08409853450409,0.00204169961821062,0.21754438653529,15.1924156666169,2.9747623466366,0.808989562703922,3.67713315941175,0.00023586992764944,0.0125546766235644,15.1924156666169,-3.27568199095407,1.0519130696716,-3.11402347341946,0.0018455480648831,0.122157234943861,15.1924156666169,-2.61540676489709,0.975014524696819,-2.68242851634477,0.00730897702895692,0.197942840548628,NA,NA,"Schistocerca_gregaria",2,"protein_coding","uncharacterized LOC126316443"
"LOC126316445",17.2844379834121,2.64877982249475,0.728023168589108,3.63831803269121,0.000274424419276865,0.00378558480137416,17.2844379834121,1.98689245260493,0.832919374556888,2.38545591962242,0.0170579665073502,0.462680259490933,17.2844379834121,3.35117720131896,0.852763885186165,3.92978321377596,8.50224810810042e-05,0.00706962237745317,17.2844379834121,-3.05907687630758,1.12997093782072,-2.70721730437366,0.00678498291935477,0.187259548250917,17.2844379834121,-3.85697134159235,1.07518534390482,-3.58726182742108,0.000334168731905628,0.0723607213285647,NA,NA,"Schistocerca_gregaria",2,"protein_coding","exocyst complex component 7-like"
"LOC126316446",20.9455708711714,3.00223593391915,0.869378738649311,3.45331188865223,0.000553748363119491,0.00625895385429771,20.9455708711714,1.79947388022588,0.996697577584338,1.80543619318029,0.0710064518048161,0.713231316307369,20.9455708711714,3.45097357598196,0.992063169349753,3.47858249615687,0.000504073257014688,0.0189143606183988,20.9455708711714,-2.16900008291146,1.25139108863913,-1.73327115927462,0.0830474843811213,0.543367946814634,20.9455708711714,-2.81930727771582,1.22402683490964,-2.30330512151225,0.0212616816899832,0.297790208997492,NA,NA,"Schistocerca_gregaria",2,"protein_coding","uncharacterized LOC126316446"
"LOC126316453",12.9081914475229,2.56244371690304,0.918838891771646,2.788784562615,0.00529062459512444,0.0286595816201326,12.9081914475229,1.79601952312402,1.04678644649489,1.71574587074364,0.086208565183957,0.750587320023552,12.9081914475229,3.41490847888464,1.05515851673906,3.23639379743463,0.00121050261116023,0.0327712275869619,12.9081914475229,-2.16770119841498,1.38538348193297,-1.5646939830627,0.117654679991207,0.617315546554065,12.9081914475229,-2.15153951426709,1.31700741994904,-1.63365785315799,0.102330712781042,0.558485839693056,NA,NA,"Schistocerca_gregaria",2,"protein_coding","actin-related protein 10-like"
"LOC126316455",23.9591679030338,3.29959078315505,0.72283557577842,4.56478747549431,5.00000607235943e-06,0.00020468930331547,23.9591679030338,2.61876994313101,0.827318962831344,3.16536917535259,0.0015488629553655,0.19753869586044,23.9591679030338,4.11666493934006,0.842200490459611,4.88798687007827,1.01872322839036e-06,0.000571285433292336,23.9591679030338,-3.66808447366609,1.12518393958613,-3.25998651830677,0.00111417509707998,0.102525578542868,23.9591679030338,-3.51510940428086,1.02126334820241,-3.44192260543574,0.000577595478604138,0.0864981144359414,NA,NA,"Schistocerca_gregaria",2,"protein_coding","uncharacterized LOC126316455"
"LOC126316457",21.4063699053134,3.61162438930061,0.912390442568275,3.95841979573383,7.54472672571803e-05,0.00154931392243297,21.4063699053134,2.12995066209448,1.04831834746741,2.03177848335875,0.0421760863969473,0.600817948892333,21.4063699053134,3.55630158521032,1.04868927297234,3.39118714843965,0.000695905634183821,0.0226703532530173,21.4063699053134,-1.55938742622262,1.25699994678372,-1.24056284187809,0.214767285897382,0.743679561843076,21.4063699053134,-3.26755830605576,1.30331388439764,-2.50711539650784,0.0121720966103866,0.241979030111964,NA,NA,"Schistocerca_gregaria",2,"protein_coding","uncharacterized LOC126316457"
"LOC126316459",34.9298462643999,3.59715149766327,1.15363417504658,3.11810414035111,0.00182018475634644,0.0139454285545593,34.9298462643999,2.23136605912367,1.30487054972226,1.71002867648335,0.0872605703724796,0.754123050421301,34.9298462643999,3.91829052891842,1.27888914598741,3.06382342927242,0.0021852784696133,0.0483553754062865,34.9298462643999,-2.12880529832768,1.5955026714287,-1.33425367218059,0.182120734959646,0.709622909856846,34.9298462643999,-3.37693168185115,1.6273634141752,-2.07509376973593,0.0379778450488451,0.377104432625993,NA,NA,"Schistocerca_gregaria",2,"protein_coding","uncharacterized LOC126316459"
"LOC126316463",13.4546896424429,3.27277637500913,0.895920899731199,3.6529746945194,0.000259219786124848,0.00363991469305173,13.4546896424429,2.08755508955969,1.02789005786689,2.03091281366398,0.0422638397079705,0.600938970847705,13.4546896424429,3.61560972527159,1.03105074424132,3.50672335524287,0.000453660525836185,0.0178084439416995,13.4546896424429,-2.61762538244277,1.32777421955238,-1.9714386255558,0.0486737266451436,0.426671193437483,13.4546896424429,-3.14997545618542,1.2849251047573,-2.4514856504266,0.0142267858852956,0.26050879158862,NA,NA,"Schistocerca_gregaria",2,"protein_coding","FERM domain-containing protein 8-like"
"LOC126316666",23.3241393012192,2.92682026124388,0.690043251943323,4.24150262030861,2.22028297215036e-05,0.000638797148123748,23.3241393012192,2.35617330101953,0.785972311948137,2.9977815569348,0.00271952523309264,0.255772107816282,23.3241393012192,3.25799036578897,0.812575818502577,4.00946015326031,6.08577211422915e-05,0.00584101690296641,23.3241393012192,-2.11670827393078,0.939422609170837,-2.25320133161267,0.0242464574899525,0.315552017318728,23.3241393012192,-3.91782032668079,1.01287842052681,-3.86800651221604,0.000109728735195405,0.0451451448777696,NA,NA,"Schistocerca_gregaria",3,"protein_coding","protein NLRC5-like"
"LOC126316669",16.6168641857188,3.33376996517862,0.83430680108382,3.9958561536929,6.44608674680226e-05,0.0013759176341391,16.6168641857188,1.84675155015406,0.963040843461115,1.91762536624817,0.0551585313446656,0.654803430899522,16.6168641857188,3.72779034616118,0.968443831619465,3.84925818560632,0.000118476078480908,0.008268050596921,16.6168641857188,-2.45175283869731,1.25906068309149,-1.94728726869405,0.0515003041813794,0.436733371139998,16.6168641857188,-2.86532748495625,1.18563562402413,-2.41670157921802,0.0156618515281082,0.267663034290396,NA,NA,"Schistocerca_gregaria",2,"protein_coding","protein Aster-A-like"
"LOC126316671",22.9347734029213,2.70236570252941,0.841474818846586,3.21146354234766,0.00132060726002765,0.0112026977723067,22.9347734029213,1.97936053551166,0.961043049612841,2.05959611935079,0.0394371675307452,0.588342907066352,22.9347734029213,3.09077510310027,0.973106679992489,3.17619349106115,0.00149221385809397,0.0370892983720381,22.9347734029213,-1.51193291556726,1.17479488022115,-1.2869760849508,0.198102623839049,0.727757018504861,22.9347734029213,-2.54308343875821,1.20158953870979,-2.11643273916053,0.034308020077209,0.361772831247311,NA,NA,"Schistocerca_gregaria",2,"protein_coding","uncharacterized LOC126316671"
"LOC126316673",10.8422627249297,2.51273557471417,0.956290855371693,2.62758507058767,0.00859933368473737,0.0396993999097469,10.8422627249297,1.64457067003758,1.08823996006066,1.51122062265193,0.130732249833267,0.841198582511279,10.8422627249297,3.3552788418673,1.09202639204076,3.07252541360015,0.00212255758902056,0.047544078834238,10.8422627249297,-0.127929075732156,1.32503387548384,-0.0965477774562127,0.923085530203184,0.993506093446096,10.8422627249297,-2.98793136144129,1.39957458289172,-2.13488541301444,0.0327703711270248,0.356947341212763,NA,NA,"Schistocerca_gregaria",2,"protein_coding","uncharacterized GTP-binding protein C02F5.3-like"
"LOC126316674",23.4789085763841,3.01234100143048,0.72318442971413,4.16538420582595,3.10828657341704e-05,0.00081453936526631,23.4789085763841,2.38181361161218,0.828000630420202,2.87658429728904,0.00402004803939451,0.28988127792843,23.4789085763841,3.36857658977287,0.857414930813075,3.92875895755454,8.53853715011135e-05,0.00706962237745317,23.4789085763841,-2.85065922413332,1.08977996908586,-2.61581172805418,0.0089015625211849,0.209449384295933,23.4789085763841,-3.15616943626812,1.04785928780752,-3.01201647300554,0.00259518514006722,0.141890238704605,NA,NA,"Schistocerca_gregaria",2,"protein_coding","dipeptidyl aminopeptidase BI-like"
"LOC126316679",20.4877291020692,2.80745978833366,0.757967153796662,3.70393330934076,0.000212282088984916,0.00317016909112955,20.4877291020692,1.68628092755468,0.869875503295232,1.93853134289536,0.0525584307237165,0.650086333416135,20.4877291020692,2.87354421628911,0.888548679404734,3.23397500091293,0.00122080141026907,0.0328236707945975,20.4877291020692,-2.19026300571999,1.09261894162403,-2.00459915372184,0.0450059171959176,0.414207964388707,20.4877291020692,-3.1931314616846,1.10010810463783,-2.90256152847435,0.00370124445704356,0.161998351142462,NA,NA,"Schistocerca_gregaria",2,"protein_coding","anaphase-promoting complex subunit 1-like"
"LOC126316687",31.957588365298,3.38872547174398,0.81170000774168,4.17484962353533,2.9818295302501e-05,0.000785151497269216,31.957588365298,2.47569788766115,0.930811961896492,2.65971859946559,0.00782059616206934,0.351046098068763,31.957588365298,4.63892351851211,0.921565446558433,5.03374289458885,4.80994685004628e-07,0.000310752014761016,31.957588365298,-2.46556998652422,1.16924473082555,-2.1086859932081,0.0349716946483032,0.369832982207323,31.957588365298,-3.78890758723416,1.13081003370679,-3.35061369663845,0.000806327006661712,0.0990277876763566,NA,NA,"Schistocerca_gregaria",2,"protein_coding","proton-coupled amino acid transporter 4-like"
"LOC126316708",18.1202300375239,3.20233926957056,0.688673513673633,4.6500107902918,3.31917663020592e-06,0.00014683787581532,18.1202300375239,2.31880623056571,0.789602561941839,2.93667516080896,0.00331751408175609,0.276768661155142,18.1202300375239,3.3020786377951,0.825162837524646,4.00172970428575,6.28811083926414e-05,0.00584132092173455,18.1202300375239,-3.29558717650024,1.06605588266485,-3.09138313487109,0.00199226387814182,0.124790177451782,18.1202300375239,-3.13684927481727,0.998682534354332,-3.14098741783375,0.00168379266013172,0.124260878061828,NA,NA,"Schistocerca_gregaria",2,"protein_coding","zinc finger protein 622-like"
"LOC126316712",15.699066631321,2.64273433072552,0.700667666251052,3.77173724151646,0.00016211492117817,0.00261994257438798,15.699066631321,1.62343203998274,0.805612036213935,2.01515365586175,0.0438885516912733,0.607957192323838,15.699066631321,2.7912227132197,0.839614921875955,3.32440817867227,0.000886064059483819,0.0264547191817231,15.699066631321,-3.48697024370919,1.11303172441008,-3.13285791162632,0.001731132231609,0.119907357248948,15.699066631321,-3.17673437461226,1.04066199171661,-3.05260920442777,0.00226861168558615,0.136785096180152,NA,NA,"Schistocerca_gregaria",2,"protein_coding","uncharacterized LOC126316712"
"LOC126316713",22.473452032114,2.69558073894384,0.740336478628233,3.64102109886369,0.000271558878374547,0.00376279473566135,22.473452032114,1.91721453370584,0.848856508194578,2.25858494951466,0.0239092148894153,0.50537729483531,22.473452032114,3.2318516240804,0.868771914773673,3.72002313739888,0.000199204527840169,0.011374216349623,22.473452032114,-1.95861449830377,1.07287411227226,-1.8255771817959,0.0679139755022882,0.498206802161549,22.473452032114,-2.89880686781636,1.06280420062229,-2.72750791361105,0.00638147268853747,0.191710089066918,NA,NA,"Schistocerca_gregaria",2,"protein_coding","uncharacterized LOC126316713"
"LOC126316717",41.467572757646,3.37322225271776,0.870608449779061,3.87455721751128,0.000106818744108246,0.00197075792801502,41.467572757646,2.15593789314731,0.996148322814923,2.16427397785005,0.0304433286237986,0.541196871575131,41.467572757646,3.84692660579721,0.984551008607347,3.90729030001067,9.33369868051169e-05,0.00739781057934663,41.467572757646,-1.87754816759065,1.19075584127616,-1.57677006696725,0.114848441489568,0.609998885913788,41.467572757646,-3.6663447753871,1.22150051501167,-3.00150898860004,0.00268645107980122,0.144480148432316,NA,NA,"Schistocerca_gregaria",2,"protein_coding","G protein alpha i subunit-like"
"LOC126316722",32.7715458679836,3.07651905104035,0.934371853124127,3.29260672905955,0.000992632144746,0.00923967602154125,32.7715458679836,2.47350989583924,1.06261445534636,2.32775856134292,0.0199249275995404,0.472445290335581,32.7715458679836,4.00051056520423,1.05291537470684,3.79946067965632,0.000145011316574941,0.00937023741917579,32.7715458679836,-2.40025395343011,1.34004241666437,-1.79117759526211,0.0732648003531815,0.515800317558622,32.7715458679836,-3.06726827949776,1.31450536051529,-2.33340111925857,0.0196271025883896,0.28762531371071,NA,NA,"Schistocerca_gregaria",2,"protein_coding","delta-1-pyrroline-5-carboxylate dehydrogenase%2C mitochondrial-like"
"LOC126316726",15.5018690946796,2.01046206066591,0.648170013714799,3.10175111178552,0.00192379629922727,0.0144830355427187,15.5018690946796,2.05313532268892,0.735368566950125,2.79198134780782,0.00523863758015881,0.322353348313459,15.5018690946796,2.46451526736602,0.79408372464696,3.10359624668257,0.00191184039110295,0.0444631120309022,15.5018690946796,-3.1175550937795,1.04653369079943,-2.97893428676727,0.00289252804465877,0.138168003549618,15.5018690946796,-2.01840132099568,0.9609456685504,-2.10043230023657,0.0356908301452968,0.368022551191197,NA,NA,"Schistocerca_gregaria",2,"protein_coding","transcription elongation factor SPT5-like"
"LOC126316740",30.7394980423753,2.49116628811591,0.894480193347219,2.78504354444536,0.00535205351387551,0.0288877483364543,30.7394980423753,2.04698546081854,1.01444630904241,2.0178351900662,0.0436084286159931,0.607672762983046,30.7394980423753,3.5420274075285,1.005266714343,3.5234702959835,0.00042593483704461,0.0171487918237807,30.7394980423753,-2.1104409030213,1.26328382979204,-1.67059915851905,0.0948008788234093,0.5691692125463,30.7394980423753,-3.57534900619667,1.27273839742706,-2.80917823601812,0.00496681403860181,0.175341645499476,NA,NA,"Schistocerca_gregaria",2,"protein_coding","uncharacterized LOC126316740"
"LOC126316754",12.0616347538997,2.22187602239129,0.740173521049391,3.00183127226869,0.00268360873594775,0.0180547409275493,12.0616347538997,1.99269061913685,0.842760894739758,2.36447921536771,0.0180554404540585,0.46856636366611,12.0616347538997,3.63130413852857,0.861429733283624,4.21543858799331,2.49293226115666e-05,0.00349228751961483,12.0616347538997,-2.61839622115698,1.16019474662619,-2.25685922882447,0.0240168723659285,0.314943126461938,12.0616347538997,-2.90758120074651,1.06756175727849,-2.7235718972912,0.00645801573744788,0.191710089066918,NA,NA,"Schistocerca_gregaria",2,"protein_coding","uncharacterized LOC126316754"
"LOC126316757",73.0324282652221,4.15727583130388,1.05239206552882,3.95031088457978,7.8049747697124e-05,0.00158771903319106,73.0324282652221,2.80310912967476,1.19427240543476,2.34712710175558,0.0189187998596852,0.46856636366611,73.0324282652221,4.44553563346973,1.16822592577133,3.80537320341913,0.000141590535177788,0.00926356076400675,73.0324282652221,-2.40598490491918,1.42608579096643,-1.68712494028055,0.0915793303288683,0.563822637009636,73.0324282652221,-4.18215439500088,1.47236129213301,-2.84044033033645,0.00450513003137919,0.172420755642808,NA,NA,"Schistocerca_gregaria",2,"protein_coding","uncharacterized LOC126316757"
"LOC126316759",34.178688462366,3.36108804521158,0.83389514436431,4.03058833946538,5.56374131180273e-05,0.00123566114397217,34.178688462366,1.91729456796005,0.956667694506068,2.0041385101333,0.0450552251833101,0.614765628945951,34.178688462366,3.75811103606813,0.94598425407845,3.9726993550534,7.10627183194927e-05,0.00630410623193602,34.178688462366,-2.10431797915522,1.15301131360732,-1.82506273296802,0.0679915631542311,0.498304462820203,34.178688462366,-3.6102691278363,1.16549887313096,-3.0976170042428,0.00195083369406135,0.133215228643849,NA,NA,"Schistocerca_gregaria",2,"protein_coding","nuclear protein localization protein 4 homolog"
"LOC126316769",24.5945681773664,3.26313125348434,0.73071440096222,4.46567256535164,7.98176057538397e-06,0.000298535985884304,24.5945681773664,2.4024044415283,0.836619215914345,2.8715625888448,0.00408447889741847,0.290135874422109,24.5945681773664,3.56641377960522,0.855894108920497,4.1668867006263,3.08787871036507e-05,0.00384808504048828,24.5945681773664,-2.40803494963074,1.02549250868223,-2.34817410097426,0.0188657007243191,0.28164702758837,24.5945681773664,-3.75154482282473,1.05411644554642,-3.55894724788215,0.000372344302106623,0.0735736571922868,NA,NA,"Schistocerca_gregaria",2,"protein_coding","diacylglycerol kinase epsilon-like"
"LOC126316771",16.3353423752411,2.95523822302375,0.797758149149387,3.70442874970915,0.000211867647204678,0.00316973260913398,16.3353423752411,2.14865393842981,0.914137055504628,2.3504724214945,0.0187495970337858,0.46856636366611,16.3353423752411,3.21333193090276,0.939329488692023,3.42087837078041,0.000624192410973791,0.0212069027112788,16.3353423752411,-1.67632606510254,1.12245584112453,-1.49344500129565,0.135320740728061,0.643646056698377,16.3353423752411,-3.05751376759191,1.16508395633222,-2.62428621643475,0.00868307837588664,0.212961879034227,NA,NA,"Schistocerca_gregaria",2,"protein_coding","D-3-phosphoglycerate dehydrogenase-like"
"LOC126316772",36.0815318346862,3.25815894917202,0.796175096260412,4.09226433290291,4.27181300368299e-05,0.00103689124781137,36.0815318346862,2.89133807529319,0.903058409957949,3.20171767784968,0.0013661081566432,0.194004081710091,36.0815318346862,3.67295164487882,0.914080645595056,4.01819211748846,5.86463734355278e-05,0.00571966059431464,36.0815318346862,-3.74555096766053,1.16184762512101,-3.22378846130569,0.00126506813517493,0.108022753298191,36.0815318346862,-4.00636021221771,1.14060579986811,-3.5124845171583,0.000443937869576015,0.0779766151886863,NA,NA,"Schistocerca_gregaria",2,"protein_coding","brefeldin A-inhibited guanine nucleotide-exchange protein 2-like"
"LOC126316780",28.4956033852769,3.44520662755947,0.853131199714046,4.03830809225386,5.38381125827239e-05,0.00120875009382522,28.4956033852769,2.44122530152362,0.975727163284605,2.50195484289449,0.0123509677323238,0.427001647589893,28.4956033852769,3.62390140490494,0.980648777530082,3.69541214748904,0.000219530381033746,0.0118864346310065,28.4956033852769,-2.39663036687792,1.19312629153989,-2.00869797595755,0.0445691735123765,0.412556266109737,28.4956033852769,-3.25509173035119,1.21009293095525,-2.68995185996302,0.00714623270726995,0.196336480239635,NA,NA,"Schistocerca_gregaria",2,"lncRNA","uncharacterized LOC126316780"
"LOC126316783",16.7682361932327,2.79050455817107,0.805056524245622,3.46622190384198,0.00052782745259636,0.00604065117342024,16.7682361932327,2.27806436315256,0.920297210984047,2.47535723890404,0.0133102963562396,0.429781104423654,16.7682361932327,3.27400696756495,0.947788440271138,3.4543647384308,0.000551590830105941,0.0198194032364382,16.7682361932327,-1.42746541806681,1.13663251708567,-1.25587240960415,0.20916223324103,0.738556610782495,16.7682361932327,-2.42903260776009,1.16413071427372,-2.08656345715912,0.0369276134405117,0.373750144151599,NA,NA,"Schistocerca_gregaria",2,"protein_coding","RNA-binding protein 28-like"
"LOC126316784",13.8284746688129,3.11765491839225,0.811309474410238,3.84274437403625,0.00012166617178712,0.00214834784238266,13.8284746688129,1.73325306769977,0.937144938808755,1.84950373834701,0.0643851084991326,0.691718762975685,13.8284746688129,3.43966350594463,0.954979313992408,3.60181990912944,0.000315997249794668,0.014831641916541,13.8284746688129,-1.57691506967065,1.18435742625056,-1.33145200487562,0.18304032737191,0.709622909856846,13.8284746688129,-2.51706245543224,1.16506223341369,-2.16045322150485,0.0307376011779184,0.347226699326874,NA,NA,"Schistocerca_gregaria",2,"protein_coding","uncharacterized LOC126316784"
"LOC126316796",8.73240529400905,2.13231008646143,0.684314804610984,3.11597830719679,0.00183335758628535,0.0140007265881661,8.73240529400905,1.27105518823694,0.790133406686953,1.60865896503035,0.107690933197167,0.805051891818076,8.73240529400905,2.60451609600864,0.842297658358743,3.09215640119867,0.00198708125027308,0.0453505084182963,8.73240529400905,-2.72526104032383,1.10234490102954,-2.47223989313923,0.0134269382203728,0.243002562649206,8.73240529400905,-2.52420387864358,1.0461579057857,-2.41283257975079,0.0158290886761905,0.268555992107285,NA,NA,"Schistocerca_gregaria",2,"protein_coding","uncharacterized LOC126316796"
"LOC126316799",18.060027132989,2.55186661470546,0.73182802436155,3.48697580545883,0.000488515549662224,0.00577550316148794,18.060027132989,2.54024847216239,0.830550522788684,3.0585116768492,0.00222439410140322,0.227863090159328,18.060027132989,3.1970610665692,0.862803429657525,3.70543388757532,0.000211029170821346,0.0116798648911501,18.060027132989,-3.0750334962253,1.11182772884447,-2.76574636200268,0.00567926884098431,0.177679314734701,18.060027132989,-3.14819335121884,1.07153395632794,-2.93802481258497,0.00330310586504764,0.157159608778382,NA,NA,"Schistocerca_gregaria",2,"protein_coding","uncharacterized LOC126316799"
"LOC126316806",82.7256201878816,3.87602905408373,1.10189193785373,3.51761268136102,0.000435447429942262,0.00530553016838693,82.7256201878816,1.82685552034425,1.25502619213564,1.45563138984019,0.145494545766293,0.863071060867841,82.7256201878816,4.22643967124526,1.21362280858613,3.48249855008004,0.0004967579108493,0.0187647748897349,82.7256201878816,-1.76525622763916,1.50077852123735,-1.17622700662304,0.23950417524172,0.767437591533768,82.7256201878816,-2.95559566806732,1.51055602896736,-1.95662763339392,0.0503912636940692,0.420105889875024,NA,NA,"Schistocerca_gregaria",2,"protein_coding","serine/threonine-protein kinase pakC-like"
"LOC126316808",13.1530816018172,2.50747282360716,0.65839490034354,3.80846331327719,0.000139833087409814,0.00237485358049877,13.1530816018172,1.42281349840785,0.760757617595561,1.87025862837203,0.0614479116941137,0.683104089993093,13.1530816018172,2.5278827186161,0.815484420455715,3.09985409310879,0.00193615994488595,0.044703171276109,13.1530816018172,-2.38874390238471,1.057207716713,-2.25948398278026,0.0238532955400591,0.314212172444051,13.1530816018172,-2.51492796710141,0.991141101322716,-2.53740659502985,0.0111677165000074,0.233654428761625,NA,NA,"Schistocerca_gregaria",2,"protein_coding","importin-5-like"
"LOC126316825",8.23052160419621,2.30871797368449,0.77570733967683,2.97627449889328,0.00291773572334625,0.0189959004646846,8.23052160419621,1.86074454741904,0.883409363584095,2.10632196592278,0.035176394518241,0.573064207309048,8.23052160419621,3.14186899113345,0.908132426372443,3.45970356293049,0.000540770358378524,0.0195649220443769,8.23052160419621,-3.69126003035968,1.20138675588987,-3.07249935315422,0.00212274293355414,0.125164609992619,8.23052160419621,-2.33218654175343,1.11792435749784,-2.08617562191182,0.0369627176260583,0.373875503363271,NA,NA,"Schistocerca_gregaria",2,"protein_coding","DNA replication licensing factor MCM2-like"
"LOC126316906",13.7003333476229,2.53344462459705,0.678000996155487,3.73663849900311,0.000186496744933466,0.00289818407117096,13.7003333476229,2.14113636852979,0.776236377282215,2.75835612861434,0.00580928708596321,0.324852149884749,13.7003333476229,3.42062023601174,0.82422352486425,4.15011235765823,3.32312111047537e-05,0.00407703343603549,13.7003333476229,-2.25316211958245,1.07975911878904,-2.08672664150258,0.0369128516019767,0.383232931370017,13.7003333476229,-2.39120873145405,0.995263044007773,-2.40258969309763,0.0162794417655231,0.271990632624583,NA,NA,"Schistocerca_gregaria",2,"protein_coding","uncharacterized LOC126316906"
"LOC126316911",21.1855527874846,3.45702100960713,0.731220085665353,4.7277435034645,2.27028721073424e-06,0.000109566324419511,21.1855527874846,2.27132763436972,0.840923711381023,2.70099130709442,0.00691331454105648,0.340259404886648,21.1855527874846,3.7088644281302,0.857826951039104,4.32355782671269,1.53532870546916e-05,0.00280322457363684,21.1855527874846,-2.87580951753185,1.07945217665996,-2.66413795785764,0.00771859009180624,0.196123444699575,21.1855527874846,-3.27241092635686,1.0370313651895,-3.15555636618463,0.00160192310222631,0.123157010164374,NA,NA,"Schistocerca_gregaria",2,"protein_coding","uncharacterized LOC126316911"
"LOC126316916",16.7421012631997,2.44582423315793,0.810188219202565,3.01883460557506,0.00253749019123969,0.0174872177877854,16.7421012631997,2.13392692408333,0.921355457451136,2.31607346201289,0.0205542579983162,0.479931946465537,16.7421012631997,3.31155643438718,0.935236743617578,3.54087503189597,0.000398802418868782,0.0166100678543173,16.7421012631997,-3.44263992373186,1.24010974282919,-2.77607683000524,0.00550192052760108,0.175016332241529,16.7421012631997,-2.91828123011778,1.16596964700976,-2.50287924527194,0.0123187566439168,0.243958818398242,NA,NA,"Schistocerca_gregaria",2,"protein_coding","uncharacterized LOC126316916"
"LOC126316931",15.3192181933259,2.89393170574873,0.851643645898138,3.39805471418367,0.000678668454079873,0.00719178799020764,15.3192181933259,1.6901532146719,0.9791553627962,1.72613384850928,0.0843233355777917,0.74992297406853,15.3192181933259,3.56746328191776,0.983837176983362,3.62607082287367,0.000287766461077316,0.0137892689299593,15.3192181933259,-2.23331089390528,1.29262682503596,-1.72773057981614,0.0840365383888651,0.545608222462876,15.3192181933259,-2.34689067793549,1.20607376021625,-1.94589315790661,0.051667575006575,0.426425918697696,NA,NA,"Schistocerca_gregaria",2,"protein_coding","ankyrin repeat%2C PH and SEC7 domain containing protein secG-like"
"LOC126316939",25.6642376136943,3.06143679605875,0.771560098322545,3.96785266982396,7.25231434547114e-05,0.00151846484966181,25.6642376136943,1.8925598833191,0.882746315529066,2.1439453782198,0.0320372636462753,0.551797493623577,25.6642376136943,3.10056047953502,0.891871454557382,3.47646565398123,0.00050806929988732,0.0189143606183988,25.6642376136943,-3.23039604608732,1.14931038227312,-2.81072554108334,0.00494299310978422,0.172283412958006,25.6642376136943,-2.99769275570134,1.08782088423855,-2.75568597655639,0.00585691975101606,0.186797147950526,NA,NA,"Schistocerca_gregaria",2,"protein_coding","ATP-binding cassette sub-family F member 2-like"
"LOC126316945",11.1226548304143,2.41779662645596,0.717631919701739,3.36913194644525,0.000754053223667911,0.00770773534279678,11.1226548304143,2.03114663278274,0.818937603586543,2.48022147705431,0.0131300798307849,0.429781104423654,11.1226548304143,2.6928720038847,0.869553938143316,3.09684297403628,0.00195593452246384,0.0450323810435884,11.1226548304143,-3.4074241811274,1.12896695252975,-3.01817885235009,0.00254298773769141,0.130305480340763,11.1226548304143,-3.682676364676,1.11560529034501,-3.30105674161611,0.00096321400537409,0.109425553721868,NA,NA,"Schistocerca_gregaria",2,"protein_coding","uncharacterized LOC126316945"
"LOC126316947",13.1581189227897,2.56713952272898,0.775500509480168,3.31030024009885,0.00093195946792507,0.00886392045703631,13.1581189227897,2.22483942259458,0.884154527013679,2.51634680886518,0.0118578436507793,0.416745500035931,13.1581189227897,2.97772171425122,0.923384302412864,3.22479135336202,0.00126064508519329,0.0334369073103125,13.1581189227897,-3.33117138132506,1.20122851983827,-2.77313710614659,0.00555187240430249,0.175629184130089,13.1581189227897,-2.42426679705019,1.13761079408803,-2.13101599391346,0.0330878245732887,0.357770255586473,NA,NA,"Schistocerca_gregaria",2,"protein_coding","elongator complex protein 4-like"
"LOC126316951",11.0404008065059,3.24028922902086,0.627605119934441,5.16294263080476,2.43097661789413e-07,1.88710293399451e-05,11.0404008065059,2.46585094217221,0.720732130768597,3.42131401793147,0.00062319331878587,0.142714511833482,11.0404008065059,3.37322671569881,0.783637550685485,4.30457513521154,1.67306504873127e-05,0.00298528038581572,11.0404008065059,-4.01227219585713,1.03363099610285,-3.88172588765702,0.00010371774857167,0.0359777114033491,11.0404008065059,-2.6835791646541,0.926923108419301,-2.89514754813962,0.00378980350315585,0.163215309615695,NA,NA,"Schistocerca_gregaria",3,"protein_coding","conserved oligomeric Golgi complex subunit 4-like"
"LOC126316955",6.6591381807706,2.55626128129943,0.694294869447614,3.68180926258783,0.000231584646073046,0.00336083643776377,6.6591381807706,1.91390601036568,0.796672852658171,2.40237382757522,0.0162890527338914,0.459855140692126,6.6591381807706,3.34533873966284,0.84056422479516,3.97987285323507,6.89521367845629e-05,0.00622233592983452,6.6591381807706,-3.5769019901536,1.11181711698789,-3.21716758583827,0.00129462953055945,0.10839918178575,6.6591381807706,-2.64181313238618,1.02783941865617,-2.57025862643035,0.0101622616543732,0.227633042133272,NA,NA,"Schistocerca_gregaria",2,"protein_coding","CTP synthase-like"
"LOC126316961",25.753527749422,3.08781460607391,0.705222061691414,4.37849972910384,1.19499089726269e-05,0.000405483818479425,25.753527749422,2.20373759172186,0.810660658825338,2.71844645195329,0.00655892713584271,0.33203610458825,25.753527749422,3.72737224208616,0.832955902118238,4.47487343880668,7.64565872891819e-06,0.00206986436830127,25.753527749422,-2.84744257982654,1.09229495323054,-2.60684403182953,0.00913809737922109,0.210987227762079,25.753527749422,-3.0077498546861,1.00298294431147,-2.9988045876003,0.00271041085603063,0.144960105360631,NA,NA,"Schistocerca_gregaria",2,"protein_coding","uncharacterized LOC126316961"
"LOC126316967",59.9076310069524,4.03861785594266,1.13773250405848,3.54970772262923,0.000385659071159306,0.00485971771368201,59.9076310069524,2.14960987170832,1.29510343147345,1.65979783503677,0.0969551294371962,0.777319443302266,59.9076310069524,4.2292809698446,1.25966784455834,3.35745727583247,0.000786628993520234,0.0246539889346401,59.9076310069524,-1.15591298341896,1.54555435200736,-0.747895395537313,0.4545232550952,0.895312496832503,59.9076310069524,-3.78544295432214,1.59593630829111,-2.37192608167145,0.0176956304966451,0.27769603179129,NA,NA,"Schistocerca_gregaria",2,"protein_coding","serine/threonine-protein phosphatase 4 regulatory subunit 3-B-like"
"LOC126316973",20.4371153806229,2.93829761955321,0.674778857504736,4.35446011218956,1.33395266002059e-05,0.000442597962216912,20.4371153806229,2.58840281794251,0.770312540637257,3.36019820708254,0.00077886572861152,0.158743159260315,20.4371153806229,3.79857408041163,0.799473993537162,4.75134164603074,2.0207137636057e-06,0.000906549929032475,20.4371153806229,-3.20657880056579,1.04628733646563,-3.06472102720621,0.00217873119405733,0.125164609992619,20.4371153806229,-3.83198515040642,0.985303486362584,-3.88914197853176,0.000100599255523862,0.0435674196883212,NA,NA,"Schistocerca_gregaria",3,"protein_coding","UV excision repair protein RAD23 homolog"
"LOC126316977",24.926319156001,3.03665879642124,0.928286556261586,3.27125150734761,0.00107072640029396,0.00975689057012053,24.926319156001,1.85964884969837,1.06285131635665,1.74967920825752,0.0801736833699746,0.739056790510191,24.926319156001,3.51292993680954,1.06038825913035,3.31287140022709,0.000923434292861075,0.0272551978693695,24.926319156001,-1.27626958417019,1.30629542102577,-0.977014512665136,0.328561967631141,0.833118373013949,24.926319156001,-2.45134004514069,1.31435470927158,-1.86505212622491,0.0621740980640994,0.461940917309654,NA,NA,"Schistocerca_gregaria",2,"protein_coding","myotrophin-like"
"LOC126316982",20.1271952175409,2.86269723862135,0.741456160072236,3.86091234084892,0.000112964428855178,0.00203620548266119,20.1271952175409,1.97371232742335,0.846919478825986,2.3304604236513,0.019781829409641,0.471937680728327,20.1271952175409,3.14768951481482,0.862044577087202,3.65142313805937,0.000260791152112232,0.0129586793369186,20.1271952175409,-2.57128984173507,1.06444645301473,-2.41561220336886,0.015708781757637,0.259774394355294,20.1271952175409,-2.85332452546139,1.04746755910343,-2.72402185696678,0.00644922382765857,0.191710089066918,NA,NA,"Schistocerca_gregaria",2,"protein_coding","serine/threonine-protein kinase 4 homolog B-like"
"LOC126316983",23.506323681482,3.06243125866274,0.724030157746829,4.22970124365121,2.34001866358607e-05,0.000662550017882027,23.506323681482,2.54061998231731,0.82848130373052,3.06659905404902,0.00216509058788583,0.224995679302827,23.506323681482,3.62391366057498,0.85570539708762,4.23500152378251,2.28550156075632e-05,0.00341780433399959,23.506323681482,-3.64543721443985,1.14012863172563,-3.19739116534802,0.00138676731392531,0.112870463668033,23.506323681482,-2.72552562662153,1.03053873970237,-2.64475804898775,0.0081749347447632,0.207295687356807,NA,NA,"Schistocerca_gregaria",2,"protein_coding","uncharacterized LOC126316983"
"LOC126316998",16.1197978367903,2.5306838811462,0.811780896512252,3.11744695153467,0.00182424774163386,0.0139585021893109,16.1197978367903,2.30068030436248,0.922238418182093,2.49466977194201,0.0126074399905276,0.428373306108817,16.1197978367903,2.95409453911117,0.950020693923147,3.10950546446743,0.00187400818051997,0.0437882090037569,16.1197978367903,-3.68118616057367,1.23878742185909,-2.97160440574154,0.0029624812796834,0.140587588806865,16.1197978367903,-3.53933277880737,1.21082373441566,-2.92307846155283,0.00346589167681246,0.157706666883667,NA,NA,"Schistocerca_gregaria",2,"protein_coding","nuclear pore complex protein Nup155-like"
"LOC126317010",6.28640258968797,1.92631422135798,0.547871655130035,3.51599540388848,0.000438108568315539,0.00531707426900356,6.28640258968797,1.3288418768736,0.631072495388662,2.10568815244467,0.0352314496326026,0.573064207309048,6.28640258968797,2.64846319717376,0.726111592921614,3.6474602843308,0.000264845232955095,0.0130467304320479,6.28640258968797,-1.54725918741281,0.942151500748262,-1.64226155367154,0.100535811101269,0.575931101064918,6.28640258968797,-2.99536010683547,0.926487733476629,-3.23302726912037,0.00122485870224122,0.116148779965293,NA,NA,"Schistocerca_gregaria",2,"protein_coding","probable NADH dehydrogenase"
"LOC126317076",21.6174623950218,3.56950789978859,0.720699569514461,4.95283756335998,7.31390263972421e-07,4.54207153743175e-05,21.6174623950218,2.4251450838927,0.824640866079414,2.94084999136964,0.00327313001687885,0.275515719170777,21.6174623950218,3.15808106753474,0.853977154871321,3.69808612504465,0.000217231189172196,0.0118436254596591,21.6174623950218,-2.83650977567547,1.00636889157616,-2.81855868103491,0.00482397924918916,0.168998845667369,21.6174623950218,-2.21525849261819,1.00581292110935,-2.2024557908591,0.0276331286701051,0.333443863864697,NA,NA,"Schistocerca_gregaria",2,"protein_coding","uncharacterized LOC126317076"
"LOC126317077",41.1318464366282,3.55482586504676,0.919603876348187,3.86560556830537,0.000110813903134008,0.00201732788039422,41.1318464366282,1.87095288846625,1.05366154766773,1.77566780586004,0.0757876867399887,0.724486285304873,41.1318464366282,3.82537833329176,1.03160742425789,3.70817255027381,0.000208760390029851,0.0116798648911501,41.1318464366282,-1.97831278295402,1.25936024113334,-1.57088712056978,0.11620887074683,0.614076785942698,41.1318464366282,-3.49444298488627,1.27671867717798,-2.73705010144465,0.00619928508237477,0.190226727047904,NA,NA,"Schistocerca_gregaria",2,"protein_coding","probable phospholipid-transporting ATPase IA"
"LOC126317078",17.1877455946306,3.46931701251001,0.81675626750205,4.24767724540455,2.15998264900199e-05,0.00062682927478748,17.1877455946306,1.68101617046055,0.94642900335794,1.77616721856186,0.0757053596696475,0.724486285304873,17.1877455946306,3.57830548025612,0.950421946690111,3.76496512177327,0.000166572331638108,0.0102411078412417,17.1877455946306,-2.33803213267929,1.21008926104543,-1.93211542978192,0.0533452602860766,0.443505238516391,17.1877455946306,-3.47170843526578,1.17349043529697,-2.95844629904223,0.00309194109281167,0.154194165346672,NA,NA,"Schistocerca_gregaria",2,"protein_coding","uncharacterized LOC126317078"
"LOC126317081",13.6507235430985,2.48326965093526,0.739505998146478,3.35801150654547,0.00078505345094135,0.00792615008720355,13.6507235430985,2.30684982489675,0.84111803433336,2.74259941023031,0.00609549963049349,0.326907241869226,13.6507235430985,2.85148259279611,0.886795122550436,3.21549196684258,0.0013022113943429,0.0342935065096956,13.6507235430985,-3.54002043676412,1.15516517409509,-3.06451450939666,0.00218023598545568,0.125164609992619,13.6507235430985,-1.94784395164223,1.07288275801051,-1.81552358549801,0.0694434847879806,0.481947764376451,NA,NA,"Schistocerca_gregaria",2,"protein_coding","uncharacterized LOC126317081"
"LOC126317091",20.5782102003054,3.04724703146089,0.724210328157929,4.20768237206965,2.58003164448814e-05,0.00071344243637026,20.5782102003054,2.26714451515473,0.830386515822196,2.73022799859647,0.0063290537013131,0.327905210402556,20.5782102003054,3.89291516406273,0.844850863335348,4.60781344140913,4.06925510234532e-06,0.00131626884581533,20.5782102003054,-2.94421231857068,1.1101821076723,-2.6520084391774,0.00800145419608525,0.200111275415235,20.5782102003054,-3.09408427174652,1.02056783381176,-3.03172819016869,0.00243158052808343,0.137988002588514,NA,NA,"Schistocerca_gregaria",2,"protein_coding","uncharacterized LOC126317091"
"LOC126317097",174.837948572223,4.34388748556845,1.34361210875775,3.23299221349281,0.00122500901588831,0.0106497482168378,174.837948572223,2.89016988578159,1.49113049290095,1.93824075058572,0.0525938572089561,0.650086333416135,174.837948572223,4.81214123028557,1.4617338584266,3.29207755744628,0.000994501817014498,0.0284981587449695,174.837948572223,-1.99524271789851,1.79474794863833,-1.1117119367164,0.266262025834117,0.794772825614279,174.837948572223,-4.86586919096711,1.87555127618908,-2.59436745491386,0.00947651450320897,0.220586986109349,NA,NA,"Schistocerca_gregaria",2,"protein_coding","uncharacterized LOC126317097"
"LOC126317099",14.424006187319,2.93074445946799,0.837791469343144,3.49817892245404,0.000468446752925503,0.00560608106348,14.424006187319,2.16397405486276,0.957918591761579,2.25903753562532,0.0238810500995232,0.50537729483531,14.424006187319,3.09911244565188,0.982090450888755,3.15562832613564,0.00160152798119399,0.0390484353427144,14.424006187319,-2.94702837386571,1.26871610162515,-2.32284304588768,0.0201875856693517,0.290912893785148,14.424006187319,-2.42437548941697,1.20750874046126,-2.00774984741798,0.0446698807030988,0.402812179030628,NA,NA,"Schistocerca_gregaria",2,"protein_coding","uncharacterized LOC126317099"
"LOC126317100",9.67890945683952,2.19653787908426,0.755953087129343,2.90565369264566,0.00366486815187003,0.0221331138258073,9.67890945683952,1.77428679338675,0.86284727197193,2.05631616512136,0.0397520511483689,0.590910595325782,9.67890945683952,3.47035731380087,0.89433466712442,3.88037883509448,0.000104293891328245,0.00773199743670529,9.67890945683952,-1.4777079167589,1.17309180267852,-1.25966945927407,0.207788627104959,0.737280201727266,9.67890945683952,-2.05105338088232,1.0984548150242,-1.86721688760327,0.0618713062310874,0.460522879531889,NA,NA,"Schistocerca_gregaria",2,"lncRNA","uncharacterized LOC126317100"
"LOC126317103",19.138006615709,3.0984666977247,0.741256528368587,4.18001943880891,2.9148417807933e-05,0.00077121464930089,19.138006615709,1.98137613263721,0.850458514117035,2.32977399808187,0.0198180991365949,0.471937680728327,19.138006615709,2.82159157496839,0.881473105209101,3.20099564954855,0.00136953599875238,0.0354561268104289,19.138006615709,-3.49841691512566,1.1459967582338,-3.05272845668203,0.00226771040964656,0.125725315041081,19.138006615709,-3.14491686055036,1.08340472760698,-2.90280887687914,0.0036983226103028,0.161998351142462,NA,NA,"Schistocerca_gregaria",2,"protein_coding","uncharacterized LOC126317103"
"LOC126317105",20.7284689660031,2.78975217036061,0.760251461707813,3.66951240592655,0.000243013544946159,0.00346858101403204,20.7284689660031,1.91287688654979,0.871566496600618,2.19475724917216,0.028181015635775,0.524687019971585,20.7284689660031,3.06029451539435,0.893209818766624,3.42617652772796,0.000612142402278986,0.0209408714609687,20.7284689660031,-2.70960337704022,1.15526455731766,-2.34543971757559,0.0190046515304754,0.28310712489519,20.7284689660031,-2.05872687300361,1.07377949205253,-1.91727155178608,0.055203442087262,0.438470154433659,NA,NA,"Schistocerca_gregaria",2,"protein_coding","uncharacterized LOC126317105"
"LOC126317109",23.3592009160963,2.85206800731866,0.80479623743252,3.5438386446952,0.000394346509193871,0.00492768451162,23.3592009160963,2.2849337343588,0.918790634316924,2.48689271420092,0.0128864254111857,0.428373306108817,23.3592009160963,3.04320721387192,0.943503239159244,3.22543377443381,0.00125781932549589,0.0334369073103125,23.3592009160963,-2.21852507027477,1.15294534144727,-1.92422397707934,0.0543265149413274,0.445901104820475,23.3592009160963,-2.47308886798651,1.1560188438979,-2.13931535895009,0.032410136632481,0.355295431834063,NA,NA,"Schistocerca_gregaria",2,"protein_coding","uncharacterized LOC126317109"
"LOC126317110",38.4147235311916,3.50751642751148,0.786691532258157,4.45856639316218,8.25096407539766e-06,0.000307208406762035,38.4147235311916,2.51942739547368,0.898433314564232,2.80424529526232,0.005043451862876,0.321421707485228,38.4147235311916,3.91746579587943,0.898856040937187,4.35827943237151,1.31088945049137e-05,0.00254255401207206,38.4147235311916,-2.73970090195705,1.08925791243572,-2.51519944971592,0.0118965061419366,0.233265105491495,38.4147235311916,-3.51511244347875,1.09507063725336,-3.20994128040479,0.00132762090256968,0.120403827929738,NA,NA,"Schistocerca_gregaria",2,"protein_coding","uncharacterized LOC126317110"
"LOC126317111",17.7785173964594,3.35195350553516,0.70186738970217,4.77576470244262,1.79025626914771e-06,8.95509040163035e-05,17.7785173964594,2.47953117970086,0.805684383586599,3.07754653089208,0.00208712251324172,0.219604421940152,17.7785173964594,3.17010301424076,0.852709491326833,3.71768233669831,0.000201058864555241,0.0114385010552406,17.7785173964594,-3.56343079888723,1.10147364981777,-3.23514847538729,0.0012157949024264,0.10670431285211,17.7785173964594,-2.96147839628428,1.03048531977768,-2.87386762280436,0.0040547887604624,0.166440044092437,NA,NA,"Schistocerca_gregaria",2,"protein_coding","single-stranded DNA-binding protein-like"
"LOC126317117",20.198583098107,2.96154175111856,0.790742548401176,3.74526672063693,0.000180202224792412,0.00283788326641982,20.198583098107,2.14406345870155,0.908439416764904,2.36016119416845,0.0182669957374596,0.46856636366611,20.198583098107,3.90774954689223,0.918034200933897,4.25664919990666,2.07513571045896e-05,0.00326640406670044,20.198583098107,-2.97530303905059,1.2263411800126,-2.42616254558134,0.0152594340798314,0.256122920632562,20.198583098107,-3.65360376070544,1.14680961646685,-3.18588517940898,0.00144311859106361,0.123157010164374,NA,NA,"Schistocerca_gregaria",2,"protein_coding","putative rho GDP-dissociation inhibitor 1"
"LOC126317121",55.7082847306172,3.59635803652429,0.882370279545835,4.07579235145518,4.58579274179196e-05,0.00108719168869998,55.7082847306172,2.74869956737994,1.00173368280573,2.74394244154911,0.00607061809535555,0.326907241869226,55.7082847306172,4.17180721654993,0.99038572427049,4.21230548291965,2.52777367560537e-05,0.00349228751961483,55.7082847306172,-3.32725955839362,1.22965576404915,-2.70584634795452,0.0068130561302056,0.187259548250917,55.7082847306172,-4.13676556734024,1.23254488360904,-3.35627985832638,0.00078998584916929,0.0987736308970308,NA,NA,"Schistocerca_gregaria",2,"protein_coding","uncharacterized LOC126317121"
"LOC126317123",24.1170490600826,3.03424501574764,0.746642448257576,4.06385281580038,4.82692699321344e-05,0.00112996781688924,24.1170490600826,2.17842673229373,0.856640997426957,2.54298678073655,0.0109909387222723,0.403285248043275,24.1170490600826,3.81213554399388,0.86765767917173,4.3935939662667,1.11491965344183e-05,0.00246173706878476,24.1170490600826,-2.94534770126429,1.14197438387333,-2.57917142701075,0.00990376252273624,0.21602897949017,24.1170490600826,-3.43618758196141,1.06256482839158,-3.23386158674462,0.00122128628787024,0.116148779965293,NA,NA,"Schistocerca_gregaria",2,"protein_coding","serine/threonine-protein kinase svkA-like"
"LOC126317445",28.3757105014519,3.17064500138854,0.800723312097176,3.95972610449456,7.50357724682103e-05,0.00154357963438667,28.3757105014519,1.82982717537165,0.922033551791635,1.98455595440757,0.0471938968806451,0.623997230134813,28.3757105014519,3.60973337588376,0.922624207217698,3.91246332758752,9.1359415201955e-05,0.00735654121795435,28.3757105014519,-1.95207270705771,1.14023852503814,-1.71198627672436,0.0868991975054735,0.552974328339269,28.3757105014519,-3.30639839075197,1.13370875876044,-2.91644425007978,0.00354045989269221,0.15790067331717,NA,NA,"Schistocerca_gregaria",2,"protein_coding","serine/threonine-protein phosphatase 6 catalytic subunit-like"
"LOC126317448",15.2420185542823,2.30759092374021,0.675266225794836,3.41730540576646,0.000632442885604038,0.00682947018922943,15.2420185542823,2.51957581480748,0.765345528719035,3.29207621951423,0.000994506548333298,0.172799833441247,15.2420185542823,2.82234463429306,0.82467864497702,3.42235687983858,0.000620807710210772,0.0211911362298468,15.2420185542823,-2.7009444112815,1.04744276080651,-2.57860812289334,0.00991992499683736,0.21602897949017,15.2420185542823,-2.07616243517397,0.996260225139573,-2.08395596128824,0.037164173274027,0.374761519344768,NA,NA,"Schistocerca_gregaria",2,"protein_coding","ubiquitin carboxyl-terminal hydrolase 5-like"
"LOC126317455",19.407019226113,3.15429348864101,0.754546616742489,4.18038252196882,2.9101912995646e-05,0.00077121464930089,19.407019226113,2.20671634393685,0.8639383862463,2.55425199188654,0.0106416209906532,0.40019368677652,19.407019226113,2.9423301290622,0.895097707957132,3.28716083496341,0.00101203015242228,0.0288925408242448,19.407019226113,-3.60576862721728,1.16093830154503,-3.10590892075708,0.0018969513415765,0.122630754726004,19.407019226113,-2.58588056356771,1.08334108265332,-2.38694959969058,0.0169888201432447,0.275424828862019,NA,NA,"Schistocerca_gregaria",2,"protein_coding","antizyme inhibitor 2-like"
"LOC126317457",26.7279097833549,3.22378222457146,0.813044579299289,3.96507437187495,7.33730666647351e-05,0.00153041895830361,26.7279097833549,2.38387280953043,0.931167811742417,2.56008936248525,0.0104645251054758,0.397675575960913,26.7279097833549,3.67448047761689,0.941260264365337,3.90378794975954,9.4698759804399e-05,0.00739781057934663,26.7279097833549,-1.713905389999,1.12507523620016,-1.52336957996477,0.127666268195196,0.632373160333878,26.7279097833549,-3.01341005604877,1.1537683385272,-2.61179818809677,0.00900674043100371,0.214817285902939,NA,NA,"Schistocerca_gregaria",2,"protein_coding","elongation factor-like GTPase 1"
"LOC126317458",24.5718824598704,3.51425326082636,1.08464726849341,3.23999641441748,0.00119531202650732,0.0104745740256821,24.5718824598704,2.14860458907156,1.23332816195462,1.74211913369949,0.0814876001958415,0.740750347486221,24.5718824598704,3.87359285130393,1.21209300559789,3.19578846954338,0.00139449306289243,0.0355915389541753,24.5718824598704,-1.81142153011162,1.50731802873038,-1.20175138596159,0.229459865593428,0.758050063907178,24.5718824598704,-3.61716119833202,1.54322846030471,-2.34389223071859,0.0190836846771335,0.284732727771156,NA,NA,"Schistocerca_gregaria",2,"protein_coding","uncharacterized LOC126317458"
"LOC126317473",18.96016894703,2.40904671490527,0.736366733694883,3.27153116059079,0.0010696680001525,0.00975264613767849,18.96016894703,1.68716296444951,0.84439331692088,1.99807711719206,0.0457083001437849,0.616092260144611,18.96016894703,3.13740088861769,0.86472282249093,3.62821566288728,0.000285386825949902,0.0137890687260093,18.96016894703,-1.72229504365159,1.08266515306161,-1.590791981049,0.111656398219052,0.599793513830843,18.96016894703,-2.65426597468094,1.05817999534517,-2.5083312728995,0.0121302884637069,0.241979030111964,NA,NA,"Schistocerca_gregaria",2,"protein_coding","DDB1- and CUL4-associated factor 5-like"
"LOC126317476",15.5201692665067,2.49509464087551,0.719734123334169,3.46668937873472,0.000526910411477349,0.00604065117342024,15.5201692665067,1.94967844368651,0.821226643681976,2.37410519822531,0.0175915377003811,0.464919210652929,15.5201692665067,2.80312438611762,0.85405607267054,3.28213155531177,0.0010302552693321,0.0292004841860154,15.5201692665067,-2.2977409960599,1.05842553184871,-2.17090473247234,0.0299383745347046,0.348937742876889,15.5201692665067,-1.87504619466241,1.02246800906376,-1.83384338486965,0.0666772455580364,0.472775931650501,NA,NA,"Schistocerca_gregaria",2,"protein_coding","uncharacterized LOC126317476"
"LOC126317486",313.087213519391,5.41258864484485,1.14302671617645,4.73531245441975,2.18717877348039e-06,0.000106178174263029,313.087213519391,2.98498774963693,1.27780864606358,2.33602093618046,0.019490150403994,0.46978888655928,313.087213519391,5.55733359509887,1.24593330799479,4.46037806312673,8.18151980516917e-06,0.00210600367181584,313.087213519391,-2.26987353243576,1.50018782652606,-1.51305955980994,0.130264530662625,0.635838738628498,313.087213519391,-4.63407491950621,1.54912752130151,-2.99140958751598,0.00277692755062253,0.144960105360631,NA,NA,"Schistocerca_gregaria",2,"protein_coding","ribosome maturation protein SBDS-like"
"LOC126317490",40.4714761729596,3.22683288132702,0.816268858471603,3.95314956320765,7.71291925548667e-05,0.00157830113008983,40.4714761729596,2.30308787620301,0.930398815579286,2.47537705082853,0.0133095579259678,0.429781104423654,40.4714761729596,3.64750071401498,0.928516612535912,3.92830959055555,8.5545042142154e-05,0.00706962237745317,40.4714761729596,-3.77525712767188,1.21718506832346,-3.10162951051634,0.00192458664453256,0.122630754726004,40.4714761729596,-4.06675904237754,1.15808764525063,-3.51161594638844,0.000445391130080605,0.0779766151886863,NA,NA,"Schistocerca_gregaria",2,"protein_coding","uncharacterized LOC126317490"
"LOC126317499",46.4393927916399,4.01968174992251,0.943777340491379,4.25914204279334,2.05213040716667e-05,0.000605231363991791,46.4393927916399,2.52691179353821,1.07655275655249,2.34722523179476,0.0189138175967141,0.46856636366611,46.4393927916399,4.10117270674515,1.05827670524372,3.87533117418535,0.000106479783496515,0.00780042046339388,46.4393927916399,-3.09519048346561,1.30120035006004,-2.37871937501614,0.0173728961032985,0.268975263898997,46.4393927916399,-4.76328926875002,1.33557795030059,-3.56646294413439,0.000361831946258491,0.0735736571922868,NA,NA,"Schistocerca_gregaria",2,"protein_coding","uncharacterized LOC126317499"
"LOC126317501",44.7024331661737,3.93779151021276,1.04183323205203,3.77967546922723,0.00015703289756903,0.00256202821695401,44.7024331661737,2.16854663514737,1.19149032973612,1.82002873294628,0.0687546293650037,0.708602424682165,44.7024331661737,4.48590317750282,1.15593239571185,3.88076603280965,0.00010412797588823,0.00773199743670529,44.7024331661737,-1.7059793889151,1.4296964909795,-1.19324583901463,0.232773107124767,0.76225475336047,44.7024331661737,-3.49533230717161,1.44313815999862,-2.42203581337975,0.0154338294266001,0.266777092025646,NA,NA,"Schistocerca_gregaria",2,"protein_coding","uncharacterized LOC126317501"
"LOC126317508",11.2402711365255,2.7188977426977,0.659421311536218,4.12315722153964,3.73714429903087e-05,0.000940400362831056,11.2402711365255,2.00424475441054,0.755588207749052,2.65256224734015,0.00798833969850749,0.353449752238204,11.2402711365255,2.82859251023924,0.809641803117824,3.49363446816445,0.000476492948846098,0.0183221754150899,11.2402711365255,-4.04573025656309,1.06354211812271,-3.80401508094887,0.000142369506859066,0.0423302315393823,11.2402711365255,-3.41032624238104,1.01263729347508,-3.36776678516134,0.000757796689004978,0.0981973237083065,NA,NA,"Schistocerca_gregaria",3,"protein_coding","uncharacterized LOC126317508"
"LOC126317668",1484.33852812839,4.64011349343502,1.14849331035193,4.04017459362751,5.34114250932252e-05,0.00120740634994397,1484.33852812839,-0.301716886680525,1.2331352047034,-0.244674619238606,0.806708381712711,0.997493170622168,1484.33852812839,5.8506706582508,1.23587806125574,4.73401935163902,2.20116726108783e-06,0.000960075787044473,1484.33852812839,-2.28638096731468,1.59059600548974,-1.43743663345282,0.150593965903091,0.669107499006445,1484.33852812839,-5.72078232936708,1.67130508092752,-3.42294318054262,0.000619470246602008,0.0886488856376456,NA,NA,"Schistocerca_gregaria",2,"rRNA","large subunit ribosomal RNA"
"LOC126318078",4.41353026911735,4.90405864011663,1.26068416143514,3.88999782033744,0.00010024512239635,0.00189624595319165,4.41353026911735,0.616882370283702,1.47289258328177,0.418823733166757,0.675344958526769,0.997493170622168,4.41353026911735,4.400050099134,1.34979860537432,3.25978266803276,0.00111497614913785,0.0310526518561424,4.41353026911735,-2.5495443405095,1.73840218182326,-1.46660212876372,0.142484320615382,0.655003727441206,4.41353026911735,-4.28643255322846,1.67546879755658,-2.55834818259795,0.0105170731163252,0.22935410990489,NA,NA,"Schistocerca_gregaria",2,"rRNA","small subunit ribosomal RNA"
"LOC126318199",31.8275297804656,3.09463787945605,0.9070247133431,3.41185618642063,0.000645221441778435,0.00691753046732749,31.8275297804656,2.25154387673607,1.03264318783501,2.18036966036308,0.0292300712127503,0.5310889537421,31.8275297804656,3.40644034698119,1.03020413949027,3.3065682969073,0.000944463236743053,0.027586026537383,31.8275297804656,-2.80861642777692,1.30292236715836,-2.15562837707856,0.0311126948994895,0.35408764484801,31.8275297804656,-2.95159980011399,1.27976797262175,-2.30635542009018,0.0210907808013666,0.297158703199673,NA,NA,"Schistocerca_gregaria",2,"protein_coding","RING finger protein 121-like"
"LOC126318213",20.1629442191414,3.25789278160569,0.762807281216453,4.27092512332907,1.94663763136586e-05,0.000583530336965173,20.1629442191414,2.41545457694973,0.874000992072952,2.76367486863002,0.00571544580286842,0.324201017829799,20.1629442191414,4.10890240719389,0.880515104891319,4.66647577579154,3.06409750404736e-06,0.00117347460996467,20.1629442191414,-2.38488746297574,1.08544447404907,-2.1971528898934,0.0280095288476877,0.337517376771642,20.1629442191414,-4.22258774735021,1.09725841324279,-3.84830746922318,0.000118936717919536,0.0455195713209722,NA,NA,"Schistocerca_gregaria",3,"protein_coding","src kinase-associated phosphoprotein 2-like"
"LOC126318218",10.4726526692184,2.34567922609758,0.629333103534953,3.72724589398197,0.00019358357290671,0.00299417749936628,10.4726526692184,2.0862620682402,0.717783952838618,2.9065320560451,0.00365459451186393,0.286859113380333,10.4726526692184,3.60020534101467,0.765484985199403,4.70316911582118,2.56154073781082e-06,0.00105845559645015,10.4726526692184,-2.69811763457316,1.03483712652206,-2.60728723914376,0.00912627669709884,0.210987227762079,10.4726526692184,-3.43166600451949,0.955753549250885,-3.59053440838301,0.000330000660917529,0.0723607213285647,NA,NA,"Schistocerca_gregaria",2,"protein_coding","30S ribosomal protein S9-like"
"LOC126318224",21.9931193990998,3.45528540774538,0.715709532212049,4.82777614693227,1.380661630477e-06,7.45180752341819e-05,21.9931193990998,2.35646450635827,0.8237488298523,2.86065900303712,0.00422761498306407,0.295235112895977,21.9931193990998,3.29004614791671,0.862122657621326,3.81621584681958,0.00013551397042343,0.00894050572936426,21.9931193990998,-4.12410679001443,1.13300996088397,-3.63995633965726,0.000272684273418241,0.0584226055798581,21.9931193990998,-3.08165166207698,1.04320077376961,-2.95403506167028,0.00313648368924515,0.154855217891498,NA,NA,"Schistocerca_gregaria",2,"protein_coding","uncharacterized LOC126318224"
"LOC126318232",12.7625188297124,2.29656016965113,0.712783729372472,3.22195930548667,0.00127317216753595,0.0109355920465236,12.7625188297124,1.91414776665461,0.8137904117948,2.35213851000406,0.0186658228891921,0.46856636366611,12.7625188297124,2.83360359305566,0.856181965067049,3.30958103378615,0.000934357152742568,0.0274229458175024,12.7625188297124,-3.2099090000704,1.12535997018474,-2.85233977137419,0.00433986852726929,0.163404973962658,12.7625188297124,-2.84977064780046,1.06637342921043,-2.67239465063425,0.0075312017999233,0.200551760552326,NA,NA,"Schistocerca_gregaria",2,"protein_coding","uncharacterized LOC126318232"
"LOC126318277",46.2821136071988,3.66731064434765,1.12532487269868,3.25889059534688,0.00111848791477939,0.0100419834225447,46.2821136071988,1.68615389391728,1.28139264195691,1.31587605446386,0.188215647007444,0.922179981772501,46.2821136071988,4.12711291850031,1.24858393868884,3.30543489357573,0.000948291327140633,0.0276253625580004,46.2821136071988,-0.956830903183453,1.55014145072093,-0.617253930432257,0.537067248702847,0.923485260679357,46.2821136071988,-3.31443295206513,1.5822904124285,-2.09470583025156,0.0361971506424345,0.370031260432615,NA,NA,"Schistocerca_gregaria",2,"protein_coding","uncharacterized LOC126318277"
"LOC126318279",32.2205548783202,3.69546362395356,0.754060505974278,4.9007521209175,9.54704518900004e-07,5.69259864765846e-05,32.2205548783202,2.75807172755457,0.862810263794762,3.19661441604111,0.00139050666883788,0.194004081710091,32.2205548783202,4.03141519646391,0.872680914099015,4.61957530104354,3.84526310560185e-06,0.00131626884581533,32.2205548783202,-3.33758974916262,1.08915084088077,-3.06439624695472,0.00218109813331623,0.125164609992619,32.2205548783202,-3.5770804100313,1.0578762857819,-3.38137876622068,0.000721230508760046,0.0958951184502372,NA,NA,"Schistocerca_gregaria",2,"protein_coding","uncharacterized LOC126318279"
"LOC126318289",40.5340617946852,3.43940790608357,1.05806564025082,3.25065645763549,0.00115138895654386,0.0102037738599043,40.5340617946852,1.94126728587836,1.20675845413719,1.60866267745879,0.107690120990084,0.805051891818076,40.5340617946852,4.12177872351029,1.17653993298063,3.50330541953491,0.000459522246952194,0.017946066911574,40.5340617946852,-1.1441611789832,1.45868501641453,-0.784378509484907,0.432818044584865,0.887176075837997,40.5340617946852,-3.13123507139627,1.48108492416888,-2.1141495806889,0.0345024936175198,0.361891355935962,NA,NA,"Schistocerca_gregaria",2,"protein_coding","ubiquitin-protein ligase E3B-like"
"LOC126318300",22.5180774414898,2.83395938234643,0.752770798066254,3.76470419631901,0.000166746358333527,0.00266421827096588,22.5180774414898,2.50872956591965,0.85954771574127,2.91866236158412,0.00351536754365907,0.284525060564906,22.5180774414898,3.45583884101578,0.888296151218445,3.89041293973359,0.000100073777020941,0.00766574274662472,22.5180774414898,-3.70478866121922,1.17405265622629,-3.15555579349172,0.00160192624715495,0.116305884465267,22.5180774414898,-2.76818132439094,1.08548641180052,-2.550175934307,0.0107668569870304,0.231318753832322,NA,NA,"Schistocerca_gregaria",2,"protein_coding","uncharacterized LOC126318300"
"LOC126318314",32.6020226733322,3.07450105439366,0.833320457421644,3.68945827143906,0.000224732084405794,0.00329333563051305,32.6020226733322,2.40132670943262,0.943555131411093,2.54497763775755,0.0109284736660867,0.403285248043275,32.6020226733322,2.93323112511331,0.956491558686888,3.0666565726311,0.00216467405354176,0.048118090611121,32.6020226733322,-4.51563514916069,1.25569769867301,-3.59611644899301,0.000323003251596083,0.0635923563851803,32.6020226733322,-2.48776382628247,1.16647723600315,-2.13271528110281,0.0329480895878713,0.357482082567852,NA,NA,"Schistocerca_gregaria",2,"protein_coding","transcription elongation factor SPT6-like"
"LOC126318325",19.5746060547102,2.44771217268692,0.910929850922922,2.6870479326229,0.00720866073547653,0.0353074195606361,19.5746060547102,2.37938174561468,1.0282752713689,2.31395406645062,0.0206702418896702,0.480946982744245,19.5746060547102,3.35781109302489,1.03252731736015,3.25203124079056,0.00114583426840745,0.0314802456458148,19.5746060547102,-3.67470868053676,1.35967233854692,-2.70264281794828,0.00687906245530998,0.187259548250917,19.5746060547102,-3.62983450630151,1.32736924988302,-2.73460795224947,0.00624546124826114,0.190676936409369,NA,NA,"Schistocerca_gregaria",2,"protein_coding","uncharacterized LOC126318325"
"LOC126318332",16.0202272531152,3.09333662591366,0.640108242776866,4.83252115688183,1.34814779573532e-06,7.39045111329231e-05,16.0202272531152,2.32842789209279,0.732112560809714,3.18042336210918,0.00147060031762676,0.19430944799918,16.0202272531152,2.96304664206629,0.785533643794943,3.77201748833022,0.000161932903241705,0.0100128210767785,16.0202272531152,-3.4281829211262,1.0081017512243,-3.40063184788917,0.000672303052698394,0.0837754372277104,16.0202272531152,-3.3781708248233,0.96092954854906,-3.5155239319304,0.000438887201953018,0.0779766151886863,NA,NA,"Schistocerca_gregaria",2,"protein_coding","pre-mRNA-processing factor 40 homolog A-like"
"LOC126318340",57.9820492237424,2.7520547124629,0.991916767565249,2.77448149124252,0.00552897800866889,0.029509685459593,57.9820492237424,1.64341937934321,1.12651705194997,1.45884998056487,0.144606402732056,0.861384873068997,57.9820492237424,3.94333077047628,1.09334414131125,3.60666931982372,0.000310152503162478,0.0146687186887266,57.9820492237424,-0.947554610258532,1.34047310712922,-0.70688073130227,0.479640599255521,0.905319003380345,57.9820492237424,-3.16108493182412,1.36643343444389,-2.31338377131457,0.020701548547421,0.294455820609254,NA,NA,"Schistocerca_gregaria",2,"protein_coding","uncharacterized LOC126318340"
"LOC126318342",18.0365475065946,2.72817221508974,0.722232834264004,3.77741371710122,0.000158465377163792,0.00257694141500447,18.0365475065946,2.25154038203738,0.825301022953479,2.72814442175276,0.00636917159498875,0.327905210402556,18.0365475065946,3.23959439600607,0.856722915848029,3.78137941226814,0.000155961764886446,0.00985940892357386,18.0365475065946,-4.09815739816484,1.13485778384189,-3.61116384494552,0.000304826001819058,0.0621467783936085,18.0365475065946,-3.64356022934173,1.0753433828728,-3.38827604965393,0.000703334387642026,0.0956592894002052,NA,NA,"Schistocerca_gregaria",2,"protein_coding","protein transport protein SEC23-like"
"LOC126318345",19.9089414487851,2.41647928519069,0.661835031045641,3.65118068980554,0.000261037501160231,0.00366231385898885,19.9089414487851,1.69981916158364,0.75703872395628,2.24535298894672,0.0247454808242065,0.506075944778952,19.9089414487851,2.5613997864544,0.797484570172159,3.21184870812166,0.00131883808209304,0.0345716119616442,19.9089414487851,-2.46776439449533,1.01135659310844,-2.44005369749018,0.0146850788903472,0.251049796846869,19.9089414487851,-1.96143666185807,0.949459967210508,-2.06584451119169,0.0388431636831282,0.37955142311586,NA,NA,"Schistocerca_gregaria",2,"protein_coding","monoacylglycerol lipase ABHD2"
"LOC126318360",31.1681305041348,2.65020711578103,0.951272203568419,2.7859608488922,0.00533693171917604,0.0288439689006503,31.1681305041348,2.06169228819566,1.07625782812963,1.9156118862137,0.0554145154833133,0.654803430899522,31.1681305041348,3.27038722960573,1.06747328401936,3.06367126799815,0.00218639015332186,0.0483553754062865,31.1681305041348,-3.66705197643596,1.409467453396,-2.60172873633974,0.00927551870983414,0.212672930463774,31.1681305041348,-3.37343758774708,1.35274812554922,-2.49376622597608,0.0126395759005111,0.247571565178275,NA,NA,"Schistocerca_gregaria",2,"protein_coding","uncharacterized LOC126318360"
"LOC126318364",9.98158253347897,2.1826115279532,0.537763235464613,4.058684908178,4.93498485712616e-05,0.00115198646515922,9.98158253347897,2.60143334197663,0.603011020291543,4.31407263621633,1.60274248689593e-05,0.00930419647134239,9.98158253347897,3.30791177348365,0.687568650581346,4.81102762711299,1.50156257679882e-06,0.00076056566389984,9.98158253347897,-2.82949204290514,0.919206821182282,-3.07818869236181,0.00208262999204396,0.125164609992619,9.98158253347897,-2.57007284261063,0.826662366672943,-3.10897525546539,0.00187737440644467,0.13150051284925,NA,NA,"Schistocerca_gregaria",3,"protein_coding","uncharacterized LOC126318364"
"LOC126318431",15.5783439284377,3.27468439075973,0.771072141499095,4.24692349070372,2.1672592656868e-05,0.00062682927478748,15.5783439284377,2.16181039664377,0.887951919574775,2.43460298805257,0.0149081367257429,0.450589733892069,15.5783439284377,3.10457516424127,0.923920594710733,3.3602185967218,0.000778808245535945,0.0245344379726764,15.5783439284377,-2.42232620283377,1.13699014903337,-2.13047246266219,0.0331326269151924,0.360231045714326,15.5783439284377,-2.67911668796545,1.12373671939545,-2.38411421619005,0.0171202878778526,0.275424828862019,NA,NA,"Schistocerca_gregaria",2,"protein_coding","structural maintenance of chromosomes protein 5-like"
"LOC126318434",22.5128707635462,2.95004774803323,0.723700538671064,4.0763376429848,4.57505734208771e-05,0.00108719168869998,22.5128707635462,1.57136049223171,0.833220892463347,1.88588705161499,0.0593101767552583,0.672771358937404,22.5128707635462,2.93657792928077,0.852109167572702,3.44624613961828,0.000568432356430369,0.0201479116493672,22.5128707635462,-2.04716450357469,1.03600223001054,-1.97602325967374,0.0481521428992661,0.424590003959337,22.5128707635462,-2.65029317450898,1.0279413844229,-2.57825321041715,0.00993012030406586,0.224478008027489,NA,NA,"Schistocerca_gregaria",2,"protein_coding","terminal nucleotidyltransferase 4B-like"
"LOC126318442",20.3969755504321,2.86975263514577,0.918283635609643,3.12512662086214,0.00177728538778596,0.0136932516979371,20.3969755504321,1.70664856781059,1.05094878997858,1.6239122058891,0.104394547164496,0.798493372936654,20.3969755504321,3.70131699180655,1.03439342323994,3.57824876748854,0.00034590414296544,0.015518248150981,20.3969755504321,-2.16258086109841,1.33917818412464,-1.61485669848482,0.106341731335817,0.587556270756052,20.3969755504321,-3.06604064744563,1.29114842684271,-2.37466164517051,0.0175650433313724,0.27769603179129,NA,NA,"Schistocerca_gregaria",2,"protein_coding","uncharacterized LOC126318442"
"LOC126318444",34.4082095420277,3.35994761189387,0.79858909814227,4.20735472060662,2.58377402975436e-05,0.00071344243637026,34.4082095420277,2.4822447517577,0.911500579138605,2.72325087725506,0.00646429484224326,0.330033246841518,34.4082095420277,3.7175942859857,0.915254967154384,4.06181274005435,4.86931301564457e-05,0.00521800813935229,34.4082095420277,-2.97338283050121,1.13111172050421,-2.62872603704946,0.00857053760907986,0.207415552203795,34.4082095420277,-3.79985070022033,1.1312824407499,-3.35888772188623,0.000782568559547056,0.0987736308970308,NA,NA,"Schistocerca_gregaria",2,"protein_coding","sarcoplasmic reticulum histidine-rich calcium-binding protein-like"
"LOC126318447",8.9866804384682,2.25056314265675,0.710522677255067,3.16747545813915,0.00153768688260714,0.0124122044631707,8.9866804384682,1.82134929811244,0.810965975988652,2.24590100206365,0.0247103496946581,0.506075944778952,8.9866804384682,2.85020636927699,0.853820051695711,3.338181580084,0.000843286217784544,0.0256421391774691,8.9866804384682,-3.75568286308605,1.12306001747443,-3.34415151875137,0.000825346471440893,0.0895922198295321,8.9866804384682,-2.76550481506122,1.06351099060456,-2.60035377113418,0.00931276994132445,0.21800889747422,NA,NA,"Schistocerca_gregaria",2,"protein_coding","uncharacterized LOC126318447"
"LOC126318450",8.86336982202024,1.3805182127596,0.50528040653028,2.73218235838493,0.00629163065385905,0.0322157329404351,8.86336982202024,1.92947017504255,0.560282949271252,3.44374244754756,0.000573721944611167,0.138821330691499,8.86336982202024,2.64407902820728,0.684193843326309,3.86451742294654,0.000111309045065565,0.00798357141388711,8.86336982202024,-1.4114234072796,0.891528348214534,-1.58315033964569,0.113387202207125,0.603999323201316,8.86336982202024,-1.62603877216163,0.824491952166367,-1.97217058079122,0.0485901368559695,0.415401497266852,NA,NA,"Schistocerca_gregaria",2,"protein_coding","uncharacterized LOC126318450"
"LOC126318452",70.6772232041314,4.44059104760393,1.03518511580421,4.2896589023637,1.78947741326655e-05,0.000546371610206448,70.6772232041314,2.17174831042113,1.18719016748456,1.82931797272434,0.0673519877627468,0.700401223054841,70.6772232041314,4.80367373767622,1.14471904519907,4.19637793030765,2.71217532658824e-05,0.00367125663604211,70.6772232041314,-1.47008942581105,1.39927560422595,-1.05060748673902,0.293438901123543,0.811779488960195,70.6772232041314,-4.11180687939601,1.42378845321777,-2.88793385710026,0.00387781406451582,0.163215309615695,NA,NA,"Schistocerca_gregaria",2,"protein_coding","uncharacterized LOC126318452"
"LOC126318456",41.9686849578455,2.58307359525041,0.821334755233285,3.1449705236408,0.00166103564947697,0.0130792649203074,41.9686849578455,1.95160948970884,0.932533556596369,2.09280349849497,0.0363666993953549,0.576661289649147,41.9686849578455,3.1242412630968,0.932800929178696,3.34931191143603,0.000810125391025852,0.025040529310803,41.9686849578455,-2.08074636090666,1.12920172369041,-1.84267019546025,0.065377178162873,0.491475804259492,41.9686849578455,-3.19591314254656,1.15787270276649,-2.76015932918239,0.00577731777550561,0.185867075442937,NA,NA,"Schistocerca_gregaria",2,"protein_coding","eukaryotic translation initiation factor 4 gamma 3-like"
"LOC126318457",26.8468861556273,3.38245758453475,1.05897218625162,3.19409482935282,0.00140270032287688,0.0116645978845805,26.8468861556273,2.13124261888003,1.20390389438658,1.77027637240592,0.0766811121089127,0.725239619299745,26.8468861556273,3.6546912644928,1.18944040080497,3.07261403095055,0.00212192744446461,0.047544078834238,26.8468861556273,-2.07455377269845,1.4866567964418,-1.39544902203638,0.162880477260853,0.686717191134745,26.8468861556273,-2.91110246249875,1.49846142763381,-1.94272765972736,0.0520490724121357,0.426643990165408,NA,NA,"Schistocerca_gregaria",2,"lncRNA","uncharacterized LOC126318457"
"LOC126318459",67.041382190711,4.19039739586068,1.08695336672963,3.85517679426169,0.00011564602466368,0.00207544888537643,67.041382190711,2.67221259214365,1.2325187811801,2.1680907690389,0.0301517810497493,0.539754577176288,67.041382190711,4.34106278869841,1.20476456122601,3.60324575307959,0.000314268138756714,0.0148187336779517,67.041382190711,-2.53284845091795,1.47850856910987,-1.71311043022419,0.0866922255290613,0.552626309454076,67.041382190711,-3.47320697624375,1.50592827698867,-2.30635617201435,0.0210907388208511,0.297158703199673,NA,NA,"Schistocerca_gregaria",2,"protein_coding","uncharacterized LOC126318459"
"LOC126318611",34.4942510388246,3.96364701610783,1.13545673451393,3.49079528583236,0.000481585105335061,0.00570882330021965,34.4942510388246,1.97842510855428,1.29516044338813,1.52755214124571,0.126623772024449,0.835220793885912,34.4942510388246,4.19174022691202,1.25843114990507,3.3309253567255,0.0008655780914973,0.0260369869591774,34.4942510388246,-2.70743502902528,1.60507256382083,-1.68679914544194,0.091641979850286,0.563822637009636,34.4942510388246,-3.43420562556362,1.58789201781431,-2.16274506517811,0.030560792913602,0.346854461364929,NA,NA,"Schistocerca_gregaria",2,"protein_coding","uncharacterized LOC126318611"
"LOC126318615",16.247021014045,2.18612766685646,0.729949562799202,2.99490235801104,0.00274532708381935,0.0182660573233023,16.247021014045,1.93719061832399,0.832697539771731,2.32640367696419,0.0199970256581688,0.473451978827999,16.247021014045,3.20086949497891,0.862346069177776,3.71181548729138,0.000205777974943767,0.011622754541608,16.247021014045,-3.57388633316092,1.14794650468978,-3.11328648030225,0.00185016330427826,0.122157234943861,16.247021014045,-2.73608596579342,1.06836929322235,-2.56099270463026,0.0104373547902922,0.22875540536388,NA,NA,"Schistocerca_gregaria",2,"protein_coding","uncharacterized LOC126318615"
"LOC126318616",44.8660985611488,3.2330831299592,0.849999807793889,3.80362807181149,0.000142592219652931,0.00240681041931107,44.8660985611488,1.9862861752401,0.972667776662575,2.04210134528715,0.0411414794817422,0.594793571298491,44.8660985611488,3.43099632896258,0.967059074933936,3.54786632781143,0.000388365267884505,0.0164091206917412,44.8660985611488,-1.74316776257026,1.15640715353092,-1.50739967082333,0.131708243117644,0.638415838433157,44.8660985611488,-3.31451123613149,1.19407631227028,-2.77579514983398,0.00550668921287173,0.182173040051361,NA,NA,"Schistocerca_gregaria",2,"protein_coding","DNA-directed RNA polymerase II subunit rpb2-like"
"LOC126318617",56.0213850276513,3.92656313216512,0.971656363516228,4.04110267744831,5.3200457140789e-05,0.00120562002350165,56.0213850276513,2.00605440268941,1.11182134822179,1.80429563247533,0.0711849741104599,0.713231316307369,56.0213850276513,4.04030510270314,1.08299527771882,3.7306765651033,0.000190966254634172,0.0110647680083608,56.0213850276513,-2.30663991618693,1.32724680711801,-1.73791332841522,0.0822260867981681,0.541814499575989,56.0213850276513,-3.46712608262405,1.33706995943792,-2.59307754104471,0.00951213216288535,0.220896290438321,NA,NA,"Schistocerca_gregaria",2,"protein_coding","transforming growth factor beta-1-induced transcript 1 protein-like"
"LOC126318619",30.0443667601208,3.81161783616581,1.00367038786151,3.79767888169654,0.000146057367926525,0.00245522584674854,30.0443667601208,1.93457558286524,1.15225926595794,1.67894122444476,0.0931634991857098,0.769936239705265,30.0443667601208,3.82170608221201,1.13087946230904,3.37941063533758,0.000726414191434947,0.0233254716439909,30.0443667601208,-1.30183186564123,1.37322697646361,-0.948009242429654,0.343124749053283,0.844806367234872,30.0443667601208,-3.67229300149856,1.42079571730268,-2.58467347330568,0.00974712578048087,0.222702292807888,NA,NA,"Schistocerca_gregaria",2,"protein_coding","uncharacterized LOC126318619"
"LOC126318625",79.5650246678012,3.9624951733091,1.31271451967325,3.01855057891447,0.00253987000992102,0.0174889710264729,79.5650246678012,1.70033569865814,1.48548438385469,1.14463384276443,0.252360867042026,0.977150618310531,79.5650246678012,4.78123570193089,1.43131968092388,3.34043873332667,0.00083646134083178,0.0255031378130886,79.5650246678012,-0.526293471057902,1.79560815166983,-0.293100401982734,0.769445409519875,0.97341673361108,79.5650246678012,-3.66936579796105,1.83052416333187,-2.00454376482099,0.0450118436999992,0.403903986788924,NA,NA,"Schistocerca_gregaria",2,"protein_coding","uncharacterized LOC126318625"
"LOC126318629",17.4844383915407,2.43135171627597,0.744504797149466,3.26573008741521,0.00109182264906361,0.00988465255368838,17.4844383915407,2.47672393520058,0.846609609996108,2.92546163657647,0.00343945580957409,0.281083682301844,17.4844383915407,3.85000303663264,0.869709292894549,4.42677003463897,9.56546151605028e-06,0.00227571025340942,17.4844383915407,-3.16951606416682,1.16456421595674,-2.7216327109647,0.00649602963217592,0.187036868994409,17.4844383915407,-3.16800509238347,1.08212519466547,-2.92757724152503,0.00341614194749294,0.157706666883667,NA,NA,"Schistocerca_gregaria",2,"protein_coding","uncharacterized LOC126318629"
"LOC126318636",10.9523002011533,2.42398252003995,0.674912219223732,3.59155228042538,0.000328714216040888,0.00433118483057238,10.9523002011533,1.91417953184674,0.770707122960466,2.48366658983756,0.0130037495153511,0.428424042758968,10.9523002011533,2.89133203189955,0.814708920386855,3.54891416989351,0.000386823143915213,0.0164091206917412,10.9523002011533,-2.89094266409243,1.06919650819005,-2.70384596465458,0.00685420545122997,0.187259548250917,10.9523002011533,-2.65831317420458,0.995461167408246,-2.67043382628946,0.00757533016883323,0.201076142884659,NA,NA,"Schistocerca_gregaria",2,"protein_coding","uncharacterized LOC126318636"
"LOC126318638",15.4669415558981,2.19295925974271,0.750544636557409,2.9218239035074,0.00347988229980905,0.0213335072013462,15.4669415558981,2.0353830943939,0.852876118783547,2.38649324276655,0.0170099199598407,0.462680259490933,15.4669415558981,2.84478030292901,0.883842244901171,3.21865165343743,0.00128794844608762,0.0340460715496091,15.4669415558981,-3.05950086258668,1.16636557803645,-2.62310627148075,0.00871320896982945,0.207747227602141,15.4669415558981,-2.22799358360075,1.08291726633458,-2.0573996304833,0.0396478006697967,0.383228316037187,NA,NA,"Schistocerca_gregaria",2,"protein_coding","4-hydroxybutyrate coenzyme A transferase-like"
"LOC126318645",13.7531923128082,3.07166459871784,0.765353505936778,4.01339325539273,5.98520752512717e-05,0.00130634695279865,13.7531923128082,1.65882901856753,0.884778322675321,1.87485269027805,0.0608129921038006,0.680457509498602,13.7531923128082,2.86470433512788,0.914305403667,3.13320289220476,0.00172909873442313,0.0413456182530318,13.7531923128082,-1.94131958336294,1.11178301849732,-1.74613171011266,0.0807880678148829,0.538096661363052,13.7531923128082,-2.39323306372376,1.10628787791877,-2.16330044963169,0.0305180785369548,0.346854461364929,NA,NA,"Schistocerca_gregaria",2,"protein_coding","uncharacterized LOC126318645"
"LOC126318647",8.38411864239993,2.16865207237687,0.583730656911405,3.71515877519864,0.000203076139672413,0.00308874679352024,8.38411864239993,1.55330023420799,0.669778269238439,2.31912605342384,0.0203882024803765,0.478507445473298,8.38411864239993,2.44921247379822,0.753751575814781,3.2493629895907,0.00115663781181399,0.0316955094609132,8.38411864239993,-1.97597884567558,0.953443552726841,-2.07246547530191,0.0382220527375839,0.388053718699554,8.38411864239993,-2.16439307195403,0.908456816025435,-2.38249417448747,0.0171958040539026,0.275424828862019,NA,NA,"Schistocerca_gregaria",2,"protein_coding","uncharacterized LOC126318647"
"LOC126318650",22.0934048760459,2.59676406642826,0.799710530853626,3.24713001297661,0.00116575123811668,0.0102895608589988,22.0934048760459,2.1500304384596,0.914377359913154,2.35136009783073,0.0187049221099435,0.46856636366611,22.0934048760459,3.23840030361183,0.938494943250092,3.45063159573024,0.000559276433550899,0.0199917607512965,22.0934048760459,-1.42765325759793,1.14441879668628,-1.24749196861478,0.212217163279169,0.741695137075554,22.0934048760459,-2.45292325807669,1.15644584283612,-2.12108787737178,0.0339144079183723,0.360910751366215,NA,NA,"Schistocerca_gregaria",2,"protein_coding","uncharacterized LOC126318650"
"LOC126318672",31.7628304435088,3.20712892922383,0.704600374707283,4.55169915366025,5.32143925053629e-06,0.000215171807729916,31.7628304435088,2.67412450825735,0.800779405272887,3.33940220071728,0.000839589082184109,0.164839020972147,31.7628304435088,3.47202880938476,0.821961290889719,4.22407824780473,2.39920687922708e-05,0.00342475876523851,31.7628304435088,-3.55939055825278,1.02814634375054,-3.46194934202517,0.000536278085141126,0.0837754372277104,31.7628304435088,-3.7548366908966,1.00817129514714,-3.72440349072683,0.000195777588248953,0.0566965223701835,NA,NA,"Schistocerca_gregaria",2,"protein_coding","chromatin-remodeling ATPase INO80-like"
"LOC126318678",26.2026968352687,3.52791120989955,1.01651951174391,3.47057894033649,0.000519337664592028,0.00599350627362623,26.2026968352687,2.51020290494382,1.15236527818128,2.17830487647593,0.0293833463659932,0.532474312240577,26.2026968352687,3.50718661686359,1.14902426381348,3.05231728111957,0.00227081934723353,0.0495227852642511,26.2026968352687,-2.29100775767001,1.398488357178,-1.63820295386157,0.101379363653891,0.577183181538772,26.2026968352687,-2.6869370273347,1.43227549325518,-1.87599176274951,0.0606564110004084,0.458320732706024,NA,NA,"Schistocerca_gregaria",2,"protein_coding","uncharacterized LOC126318678"
"LOC126318682",7.87686838974393,2.22484393914284,0.723194700559631,3.07641073340441,0.00209509025146834,0.015209042906226,7.87686838974393,2.10558810160064,0.821641550459963,2.56266020191154,0.010387365386896,0.39655997898679,7.87686838974393,2.80402719620945,0.892021059490877,3.14345403213895,0.00166966637695498,0.0402720452395502,7.87686838974393,-2.56202332877751,1.14198293108888,-2.2434865347196,0.0248654572143258,0.319114697814756,7.87686838974393,-2.02924757611268,1.10077419773375,-1.8434730576811,0.0652599718991899,0.470854639694482,NA,NA,"Schistocerca_gregaria",2,"protein_coding","uncharacterized LOC126318682"
"LOC126318683",16.4747576646465,2.59728805270786,0.721310609822957,3.60079003044937,0.000317251711702026,0.00423439693388503,16.4747576646465,2.0212839702836,0.824580745195875,2.45128688980417,0.014234644910125,0.442957942813226,16.4747576646465,2.82174893295908,0.862964507960873,3.26983196519482,0.00107611387902798,0.0302274420903352,16.4747576646465,-1.78228589614658,1.02143447536645,-1.74488519736635,0.0810048545379918,0.538148529760147,16.4747576646465,-2.67892727364128,1.05744682300302,-2.53339195443744,0.0112964559581548,0.23419876635077,NA,NA,"Schistocerca_gregaria",2,"protein_coding","uncharacterized LOC126318683"
"LOC126318687",13.1296099745493,2.68266629868319,0.657903584089629,4.07759793921068,4.55033644913562e-05,0.00108528821657138,13.1296099745493,2.21143896336905,0.753410353402155,2.93523835102997,0.00333291564124943,0.276768661155142,13.1296099745493,3.14842783005821,0.811199928190993,3.88119835892901,0.000103943017135338,0.00773199743670529,13.1296099745493,-2.12855633470736,1.00879601061611,-2.10999678062502,0.0348586331765914,0.369419923361986,13.1296099745493,-2.30938378085904,0.970656550038942,-2.37919764799031,0.0173503701407012,0.276146074860271,NA,NA,"Schistocerca_gregaria",2,"protein_coding","serine/threonine-protein phosphatase alpha-2 isoform-like"
"LOC126318698",14.2707558318908,2.21883789008433,0.702106204598221,3.16025962390413,0.00157628611444473,0.0126479476281896,14.2707558318908,2.08368554803568,0.79897512133024,2.60794797285613,0.00910867975986214,0.372965443737698,14.2707558318908,3.016065262112,0.8386845804971,3.59618542208602,0.000322917664919362,0.0149130975722465,14.2707558318908,-3.60073592476984,1.1113667641698,-3.23991686710156,0.00119564553102956,0.106415203526244,14.2707558318908,-2.78056432008672,1.03862723690439,-2.67715328588354,0.00742506564425157,0.199013526559362,NA,NA,"Schistocerca_gregaria",2,"lncRNA","uncharacterized LOC126318698"
"LOC126319548",5.26939936276979,3.78809808268909,1.278285213319,2.96342165521377,0.00304239497596229,0.0195076576658869,5.26939936276979,0.107152033633171,1.48057136994007,0.0723720827031173,0.942305801295826,0.997493170622168,5.26939936276979,4.67034576070542,1.37356477910579,3.40016417991287,0.000673454032992513,0.0221225423139089,5.26939936276979,-1.91881947129533,1.77630061688503,-1.08023352188,0.280038204363337,0.801939215327099,5.26939936276979,-5.13138390997497,1.75067044543315,-2.93109643985871,0.00337767905701333,0.157468737227389,NA,NA,"Schistocerca_gregaria",2,"rRNA","large subunit ribosomal RNA"
"LOC126319841",16.2183956437976,2.78548136357426,0.651929889903714,4.27267012406143,1.93146089418096e-05,0.000581097841600293,16.2183956437976,2.07155953458998,0.747750918434404,2.77038714833984,0.00559896985882996,0.324201017829799,16.2183956437976,3.33243985033616,0.786597907992537,4.23652264578331,2.27008035210392e-05,0.00341780433399959,16.2183956437976,-3.05911226237251,1.04605302541331,-2.9244332629924,0.00345084066472806,0.14867595275287,16.2183956437976,-3.08168946151959,0.95294085709552,-3.23387274097189,0.00122123859251287,0.116148779965293,NA,NA,"Schistocerca_gregaria",2,"protein_coding","uncharacterized LOC126319841"
"LOC126319846",31.4327399879396,3.66262853952683,0.777758436541727,4.70921094191221,2.48677607309578e-06,0.000117939117679934,31.4327399879396,2.45085917634721,0.891510898612436,2.74910736387157,0.00597578089490922,0.326241029748318,31.4327399879396,3.67437938252202,0.901170915696314,4.07733906911866,4.55540386266977e-05,0.0050282157346522,31.4327399879396,-3.51384943670824,1.14867577009472,-3.05904375123929,0.00222044719728321,0.125569253756056,31.4327399879396,-3.47633755448615,1.09825016417888,-3.16534216690536,0.00154900674844838,0.123157010164374,NA,NA,"Schistocerca_gregaria",2,"protein_coding","guanine nucleotide-binding protein subunit beta-like"
"LOC126319848",15.7180770860448,2.71286991036062,0.735735553631766,3.68728940305963,0.000226655535778921,0.00331174607625677,15.7180770860448,1.97440829259505,0.840267529039608,2.3497377018147,0.0187866445343055,0.46856636366611,15.7180770860448,3.00496338189015,0.86451081495479,3.47591184506731,0.000509119608863982,0.0189143606183988,15.7180770860448,-4.28953610907989,1.1470260805115,-3.73970233280751,0.000184238298900737,0.051618611090093,15.7180770860448,-3.74956287643464,1.09253534871179,-3.4319831215125,0.000599184848131331,0.0864981144359414,NA,NA,"Schistocerca_gregaria",2,"protein_coding","uncharacterized LOC126319848"
"LOC126319859",15.5444892974289,3.01531057488375,0.876034247544415,3.44200079316062,0.000577428556639805,0.0064251127495749,15.5444892974289,2.05991804217431,1.00367978843615,2.05236577034584,0.0401341285199599,0.59175783070021,15.5444892974289,3.38136923683666,1.01922490478268,3.31758890601053,0.000907980137374194,0.0269001964472634,15.5444892974289,-1.9386799925679,1.28560604909415,-1.5079891650587,0.131557300103181,0.638355983627228,15.5444892974289,-2.60847318382508,1.26464151265304,-2.06261866127807,0.0391488733266539,0.381001187662178,NA,NA,"Schistocerca_gregaria",2,"protein_coding","palmitoyltransferase ZDHHC18-like"
"LOC126319861",23.5202152454677,3.31492288718486,0.884892081886742,3.74613238725888,0.000179581845141809,0.00283788326641982,23.5202152454677,2.54122854373085,1.00567893048509,2.52687857595374,0.0115081283026687,0.412007262987465,23.5202152454677,3.43460876853621,1.01146757393014,3.39566868682775,0.000684611736096622,0.0223953614170607,23.5202152454677,-3.1949766306651,1.26692696769119,-2.52183173311681,0.0116745538459243,0.231095889920205,23.5202152454677,-3.11483059811388,1.25324931061473,-2.48540379933344,0.0129404557330706,0.251340755966031,NA,NA,"Schistocerca_gregaria",2,"protein_coding","transmembrane emp24 domain-containing protein A-like"
"LOC126319867",36.3253934161287,3.80293755429883,1.0247853555112,3.71096008920011,0.000206474658725327,0.00312025110986474,36.3253934161287,2.24373991177741,1.16881597409615,1.91966910232598,0.0548997094054985,0.654240309580534,36.3253934161287,4.45602622371405,1.13586209104268,3.92303454693482,8.74406072187661e-05,0.00709733922213749,36.3253934161287,-1.84539543546875,1.40166927084915,-1.31656980276866,0.187982866382861,0.713784330025292,36.3253934161287,-3.58693338297652,1.41848063529901,-2.52871508691439,0.0114480917355983,0.236091786582383,NA,NA,"Schistocerca_gregaria",2,"protein_coding","uncharacterized LOC126319867"
"LOC126319868",14.1221833603353,2.81041817467157,0.643811388116098,4.36528186134658,1.26958943733754e-05,0.000423805950715293,14.1221833603353,2.54667462401178,0.73469969811621,3.4662796657485,0.000527714061125224,0.135241613740214,14.1221833603353,3.57799578022935,0.783474693732052,4.56683005699354,4.95155123095457e-06,0.0014724816319712,14.1221833603353,-3.11792360134239,1.03585326329481,-3.01000509611273,0.00261243306465559,0.132109260616161,14.1221833603353,-2.87710616925193,0.942355004837498,-3.05310223268572,0.00226488763775548,0.136785096180152,NA,NA,"Schistocerca_gregaria",2,"protein_coding","ras-related protein Rab-1B-like"
"LOC126319869",9.87562343008542,2.07426529168783,0.647969793063556,3.20117590957574,0.00136867946882491,0.0114583406781834,9.87562343008542,2.00050401428217,0.736288907061929,2.71700958019989,0.00658747008805912,0.33203610458825,9.87562343008542,2.83661061290674,0.80157800147255,3.53878301013215,0.000401976131975543,0.0166439880913894,9.87562343008542,-2.60917455793872,1.05147162977297,-2.48145026842244,0.0130848967817275,0.24110676970504,9.87562343008542,-3.06408657980952,1.01287913287372,-3.02512558543502,0.00248529907324514,0.138817700236334,NA,NA,"Schistocerca_gregaria",2,"protein_coding","uncharacterized LOC126319869"
"LOC126319871",18.5591315205816,2.58521187018245,0.671665362036526,3.84895815133886,0.000118621268567351,0.00211341826742089,18.5591315205816,2.51194716169912,0.763893023874602,3.28834939342433,0.0010077668722661,0.172799833441247,18.5591315205816,3.51561094568738,0.797304722037434,4.40936927691031,1.03672115202761e-05,0.00239391110722611,18.5591315205816,-3.63068045341908,1.07405517672396,-3.38034817214256,0.000723940596200304,0.0837754372277104,18.5591315205816,-3.24227429538492,0.976565703530786,-3.32007798723878,0.000899923047398568,0.104296011204495,NA,NA,"Schistocerca_gregaria",2,"protein_coding","uncharacterized LOC126319871"
"LOC126319874",29.3300118957429,2.95066677110218,0.721418948687232,4.09008770350642,4.31210102330628e-05,0.00104359186089046,29.3300118957429,2.38499585948948,0.822165581885705,2.90087047188146,0.00372127664693093,0.286859113380333,29.3300118957429,3.40642438457031,0.840498493753409,4.05286197403907,5.05948552969323e-05,0.00533116230724563,29.3300118957429,-2.92637306019062,1.04478095541789,-2.80094410700673,0.0050953343340347,0.173742708550671,29.3300118957429,-3.56003554119958,1.03395125741296,-3.44313672010721,0.000575008541737047,0.0864981144359414,NA,NA,"Schistocerca_gregaria",2,"protein_coding","uncharacterized LOC126319874"
"LOC126319894",19.8745387109501,2.72548645725951,0.726039088901453,3.75391146141093,0.000174096379556749,0.00276554451579674,19.8745387109501,2.30431124139628,0.829982647899292,2.7763366465896,0.00549752528522994,0.324201017829799,19.8745387109501,3.1674852872187,0.866111706662177,3.65713251865115,0.000255052536367404,0.012877282720389,19.8745387109501,-2.9968536030877,1.13014482856214,-2.65174296899676,0.00800774751644465,0.200111275415235,19.8745387109501,-2.537194459792,1.0517216304941,-2.41242015589241,0.0158470079572834,0.268583120445945,NA,NA,"Schistocerca_gregaria",2,"protein_coding","uncharacterized LOC126319894"
"LOC126319912",44.3917712516342,3.41596173426036,0.947842661791802,3.60393330239306,0.000313437521609074,0.0041971043882185,44.3917712516342,2.74380403518924,1.07049565027943,2.56311553855731,0.0103737520685465,0.39655997898679,44.3917712516342,3.60442546238176,1.06646530310717,3.37978690153369,0.000725420509737677,0.0233254716439909,44.3917712516342,-4.18402250359916,1.37782071659134,-3.03669588736496,0.00239186638360078,0.128361470495298,44.3917712516342,-3.8285846926378,1.34284282918455,-2.85110409753815,0.00435677035594744,0.171074861792868,NA,NA,"Schistocerca_gregaria",2,"protein_coding","phospholipid-transporting ATPase ABCA3-like"
"LOC126319915",22.048469810559,2.43032002457735,0.654558061459198,3.71291741355911,0.000204883758975114,0.00310326286170561,22.048469810559,1.70993799483414,0.748540263971165,2.28436341655498,0.0223501817217681,0.500881782888007,22.048469810559,2.58751963186221,0.788488222004288,3.28162115761843,0.00103212172777898,0.0292006763415955,22.048469810559,-2.3307233545217,0.980647665414935,-2.37671840429612,0.0174674172483274,0.269726834183098,22.048469810559,-2.72253378792234,0.959617960048348,-2.83710174389105,0.00455251022102641,0.173026930040258,NA,NA,"Schistocerca_gregaria",2,"protein_coding","cullin-4A-like"
"LOC126319917",71.3884723201019,3.27573515870421,1.03966088890204,3.15077271220967,0.00162839156211978,0.012925981285086,71.3884723201019,1.88182414559755,1.18447180766366,1.58874540822496,0.112117882753853,0.80975477960632,71.3884723201019,4.12744961470113,1.14963978973044,3.59021117011697,0.000330410172551164,0.0150332947798722,71.3884723201019,-0.296629659923192,1.40245484159418,-0.211507459010951,0.832491312419039,0.982487163602694,71.3884723201019,-2.72773494801887,1.43137246141519,-1.90567795703011,0.0566920008974668,0.443557316250881,NA,NA,"Schistocerca_gregaria",2,"protein_coding","uncharacterized LOC126319917"
"LOC126319918",19.2384361950979,2.76952175481769,0.781643214181621,3.54320450119608,0.000395296038903129,0.00493397776021897,19.2384361950979,2.10856645340562,0.892965609746768,2.36130756928431,0.0182106201816359,0.46856636366611,19.2384361950979,2.96941889603296,0.917812844145317,3.23532070288048,0.00121506170958501,0.0327816133400409,19.2384361950979,-3.5234168943259,1.20390395667282,-2.92665945219038,0.00342623821585077,0.148562096924791,19.2384361950979,-4.00071836799336,1.17068335887907,-3.41742140404564,0.000632173443654104,0.0893438447510752,NA,NA,"Schistocerca_gregaria",2,"protein_coding","nuclear pore complex protein Nup93-like"
"LOC126319930",14.2619955528526,2.33503486460815,0.777754804028371,3.00227636333954,0.00267968782478679,0.0180440354061032,14.2619955528526,2.14278967754528,0.884139406292978,2.42358802502602,0.0153680283368461,0.454081463092762,14.2619955528526,2.9637875311983,0.914244251211274,3.24178962817825,0.00118781669156727,0.0323803779357451,14.2619955528526,-3.74088844938018,1.19856003582398,-3.12115233077032,0.00180144822338641,0.122157234943861,14.2619955528526,-3.73585083094363,1.17391030402517,-3.18239887505369,0.00146060511600289,0.123157010164374,NA,NA,"Schistocerca_gregaria",2,"protein_coding","uncharacterized LOC126319930"
"LOC126319933",22.4574815331274,2.80161293200269,0.712623085551579,3.93140916819192,8.44494026615721e-05,0.00168458644800181,22.4574815331274,2.32006355602256,0.811422641049034,2.85925415271024,0.00424638422515919,0.295235112895977,22.4574815331274,3.46997588200609,0.829598711073675,4.18271609597273,2.88047007148203e-05,0.00371556043015609,22.4574815331274,-3.94984927013336,1.11923483920925,-3.52906211615424,0.000417035231171152,0.0750097071966978,22.4574815331274,-3.05294347193452,1.00670284707515,-3.03261630858049,0.00242443647894065,0.137988002588514,NA,NA,"Schistocerca_gregaria",2,"protein_coding","uncharacterized LOC126319933"
"LOC126319939",28.3549143217012,3.03823733993017,0.68986400482395,4.40411054741943,1.06218771829898e-05,0.000371923899575454,28.3549143217012,2.63185296222719,0.787554737313175,3.3418032265364,0.000832360454625357,0.164839020972147,28.3549143217012,3.73624750892156,0.812793640903388,4.59679717076633,4.29034900603287e-06,0.00132092274691624,28.3549143217012,-2.99521024697549,1.02447457038965,-2.9236550457629,0.00345947889238953,0.14867595275287,28.3549143217012,-3.86110315187082,1.00091357693791,-3.85757895669982,0.000114515692601544,0.045423166723294,NA,NA,"Schistocerca_gregaria",3,"lncRNA","uncharacterized LOC126319939"
"LOC126319941",26.0614657526777,3.39844184486295,0.77093623032134,4.40820097849912,1.04232800923834e-05,0.000367314604882983,26.0614657526777,2.39390030105481,0.884281788948828,2.70716906191239,0.00678596901764358,0.337189726710832,26.0614657526777,4.11785770617113,0.887099363856141,4.64193513595949,3.45161225169528e-06,0.00126040036223533,26.0614657526777,-1.75958562967492,1.05518316288781,-1.66756416474587,0.0954022769695511,0.56971497249378,26.0614657526777,-3.42984733778603,1.07863301574197,-3.17980933990482,0.00147371980872347,0.123157010164374,NA,NA,"Schistocerca_gregaria",2,"protein_coding","replication stress response regulator SDE2-like"
"LOC126319946",15.9706282290105,2.79029439218935,0.76856377758249,3.63053070360171,0.000282839054419315,0.00386922885999889,15.9706282290105,2.6947709895197,0.871799283487676,3.09104519877458,0.00199453270521365,0.213872344536763,15.9706282290105,2.88876636676366,0.91521821237754,3.15636897047674,0.00159746642720355,0.0390099810885694,15.9706282290105,-2.27396210425416,1.07343483279762,-2.11839790807578,0.0341413828988752,0.364920694023807,15.9706282290105,-2.61337188709734,1.12554832249388,-2.32186556087338,0.020240175724074,0.291612215289627,NA,NA,"Schistocerca_gregaria",2,"protein_coding","cell division cycle 5-related protein-like"
"LOC126319948",13.3211968310915,2.70948083453828,0.946455856855712,2.86276514103852,0.00419961725957815,0.0243013717443311,13.3211968310915,1.7520612016875,1.07837758299735,1.62471960592657,0.104222317840886,0.798493372936654,13.3211968310915,4.0276884021654,1.0658670979334,3.77879044204914,0.000157591971571233,0.00989803655044597,13.3211968310915,-1.17545921841971,1.36618663800251,-0.860394316356613,0.38957171779398,0.867622197849998,13.3211968310915,-3.31680361393187,1.35718648887097,-2.44388198757496,0.0145301785823755,0.261905253542697,NA,NA,"Schistocerca_gregaria",2,"protein_coding","uncharacterized LOC126319948"
"LOC126319955",41.4868846140454,3.54690818566851,1.13055526527266,3.13731517124294,0.00170502737001188,0.0133003729110499,41.4868846140454,1.93974548595687,1.28554583162057,1.50888862788471,0.131327246471423,0.842266915968422,41.4868846140454,4.55403900992553,1.24225150526879,3.665955718798,0.000246416565527,0.0127697455838447,41.4868846140454,-0.761110666035087,1.54714234749661,-0.491946114245157,0.622757437513468,0.940952006929338,41.4868846140454,-3.51456195443085,1.57569201637214,-2.23048788590218,0.0257150708000256,0.325756001598433,NA,NA,"Schistocerca_gregaria",2,"protein_coding","uncharacterized LOC126319955"
"LOC126319957",17.886153997891,2.99478371364006,0.79487120182994,3.76763393458653,0.000164802126378732,0.0026434196820807,17.886153997891,2.19874690419365,0.90913162875681,2.41851326545566,0.0155840773247965,0.455482537782898,17.886153997891,3.25908365366856,0.927537507861758,3.51369473044997,0.000441920364001535,0.0175228120089699,17.886153997891,-3.60907463188569,1.22295971724525,-2.95109853660202,0.0031664588265133,0.142292699761658,17.886153997891,-3.01875047181901,1.14292615665551,-2.64124716565471,0.00826014342223756,0.208910327856718,NA,NA,"Schistocerca_gregaria",2,"protein_coding","probable replication factor C subunit 4"
"LOC126319962",13.6921211341433,3.40841912561501,0.826779674823007,4.12252408883257,3.74743408360844e-05,0.000941549965098383,13.6921211341433,2.10907799651762,0.952421344773829,2.21443797757227,0.0267986648336348,0.515449087564397,13.6921211341433,3.32730472757476,0.972809897523791,3.42030311990466,0.000625513946744057,0.0212069027112788,13.6921211341433,-2.65134877880892,1.22318363610276,-2.1675803211826,0.0301906323561163,0.350475954419329,13.6921211341433,-3.76223885399975,1.22302026921815,-3.07618683736523,0.00209666419360893,0.136785096180152,NA,NA,"Schistocerca_gregaria",2,"protein_coding","uncharacterized LOC126319962"
"LOC126319971",27.6378531871179,3.64016932534135,0.855891118002841,4.25307524377098,2.10854687444818e-05,0.000616347351914631,27.6378531871179,2.50653426871524,0.978594356013715,2.56136186900317,0.0104262693104289,0.397118198735452,27.6378531871179,3.06193147321936,0.998452350896586,3.06667761407925,0.00216452169529872,0.048118090611121,27.6378531871179,-2.45012885785169,1.17593718880589,-2.08355419079797,0.0372007375635208,0.384381237987897,27.6378531871179,-3.66708880046554,1.24806740346294,-2.93821374574056,0.00330109346213335,0.157159608778382,NA,NA,"Schistocerca_gregaria",2,"protein_coding","EARP-interacting protein homolog"
"LOC126319972",37.0422344722474,3.73108669914265,0.795859544234532,4.68812207652954,2.7572353287627e-06,0.000127806365399654,37.0422344722474,2.5367252137406,0.909855328634385,2.78805336838331,0.00530258076874563,0.323438214644322,37.0422344722474,3.66625653887422,0.914860923215382,4.00744686524455,6.13786644369799e-05,0.00584101690296641,37.0422344722474,-3.15564499450972,1.11573817946792,-2.82830242128544,0.00467955768960292,0.167667913460915,37.0422344722474,-3.30299373643381,1.11075287525516,-2.97365310503928,0.0029427755480165,0.149935780785472,NA,NA,"Schistocerca_gregaria",2,"protein_coding","uncharacterized LOC126319972"
"LOC126319974",63.5418212842886,3.39311053703371,1.16402165429299,2.91498918814756,0.00355700865079411,0.0217019420801365,63.5418212842886,1.8313728846625,1.3176172096982,1.38991269329427,0.164555390658079,0.885859631471975,63.5418212842886,3.93621084448686,1.28054427135577,3.07385768109322,0.00211310211552135,0.0474677101829988,63.5418212842886,-1.10430575682944,1.58399349796996,-0.697165587008229,0.48569917247651,0.907664346307115,63.5418212842886,-2.90414432121113,1.61715057938292,-1.7958403863166,0.0725199056339114,0.486443154777781,NA,NA,"Schistocerca_gregaria",2,"protein_coding","cortexillin-2-like"
"LOC126319975",16.8510766430384,3.3996960350228,0.721374131694622,4.71280558264042,2.44329284764854e-06,0.000116548609836963,16.8510766430384,2.79183295560276,0.826000563855397,3.37994073826263,0.000725014605990975,0.154501530276684,16.8510766430384,4.57311754770451,0.839187890080666,5.44945607742854,5.05240984863138e-08,5.12207115809958e-05,16.8510766430384,-3.26484475431053,1.10717773527546,-2.94879914063503,0.00319011237187536,0.142566709036356,16.8510766430384,-3.8774777008015,1.0221790019689,-3.79334509252566,0.000148631367778807,0.0526143945371892,NA,NA,"Schistocerca_gregaria",2,"protein_coding","uncharacterized LOC126319975"
"LOC126319978",9.56197313854518,2.55817700101145,0.731362985652902,3.49782126139145,0.000469075385818312,0.00560608106348,9.56197313854518,1.69853153449668,0.842725310607485,2.01552215546046,0.0438499670288745,0.607957192323838,9.56197313854518,3.04060848516767,0.883564904941926,3.44129612681653,0.00057893456281635,0.0203365335689985,9.56197313854518,-2.80171451396091,1.1567639071371,-2.42202794941531,0.015434163424789,0.257571966707619,9.56197313854518,-2.81303499429237,1.09600001063624,-2.56663774360676,0.010268983066516,0.228741993450235,NA,NA,"Schistocerca_gregaria",2,"protein_coding","V-type proton ATPase subunit d-like"
"LOC126319984",24.9463199728056,3.35175732636904,0.895510954931347,3.74284346596966,0.000181949581828183,0.00285929313271623,24.9463199728056,1.63592560432849,1.02936175123792,1.58926208629873,0.11200123459566,0.80975477960632,24.9463199728056,3.31900000891812,1.01868978769893,3.25810668664426,0.0011215823170491,0.0311687652082442,24.9463199728056,-2.3310357710061,1.26961659830001,-1.83601551376006,0.0663553622469952,0.493488946827508,24.9463199728056,-2.86880370710302,1.25338435810802,-2.28884594621356,0.022088304827255,0.302922693785113,NA,NA,"Schistocerca_gregaria",2,"protein_coding","tyrosine-protein phosphatase 3-like"
"LOC126319990",62.3239846559782,3.74914943688584,1.14180849667812,3.28351860035487,0.00102519879190476,0.00945722899012145,62.3239846559782,2.04099905844485,1.29905366920874,1.57114298417557,0.11614944016042,0.818561024543162,62.3239846559782,4.51380747786453,1.25748988889718,3.58953779089481,0.000331264806638376,0.0150332947798722,62.3239846559782,-0.871913251094259,1.56070192982288,-0.558667375514304,0.576388748619708,0.931991589224699,62.3239846559782,-3.43731951214049,1.59137160087617,-2.15997288769511,0.0307747684934795,0.347226699326874,NA,NA,"Schistocerca_gregaria",2,"protein_coding","coronin-A-like"
"LOC126319993",51.3153179666406,4.2089525368835,1.0874406861311,3.87051228684309,0.000108606882680403,0.00198814623834416,51.3153179666406,2.38326928261935,1.23777528880925,1.92544584155664,0.0541736052747104,0.652270410773903,51.3153179666406,3.97825019829245,1.21365335127161,3.27791308294433,0.00104577591349703,0.0295337650966372,51.3153179666406,-2.05424337041096,1.47790100554758,-1.38997359275078,0.164536896370083,0.688832771039007,51.3153179666406,-3.5447864112793,1.52249803825651,-2.32826993678009,0.0198977745990726,0.289882879174981,NA,NA,"Schistocerca_gregaria",2,"protein_coding","uncharacterized LOC126319993"
"LOC126319996",12.0925340220875,2.70643958150557,0.561406366175413,4.82082096778349,1.42968623955663e-06,7.61435160012407e-05,12.0925340220875,2.10485888146203,0.642810454655884,3.27446273814701,0.00105863099664907,0.173029639112497,12.0925340220875,3.25584092538437,0.706890444466994,4.60586354062166,4.10757696121203e-06,0.00131626884581533,12.0925340220875,-3.63456324583362,0.963736091239678,-3.77132627788007,0.000162382186758482,0.0473149215776865,12.0925340220875,-2.53344715240139,0.830484496919193,-3.05056525654554,0.00228411038690763,0.136868481168214,NA,NA,"Schistocerca_gregaria",3,"protein_coding","U4/U6.U5 tri-snRNP-associated protein 1-like"
"LOC126320001",100.194870048662,3.34669108064608,1.05054888818773,3.18565953310308,0.00144424451578102,0.0119038539034159,100.194870048662,2.58054099332087,1.16910696271849,2.20727536111873,0.0272948275706108,0.518415425470915,100.194870048662,3.53106748993535,1.15778956596366,3.0498353014577,0.00228966890181412,0.0497266681829672,100.194870048662,-3.08234835944028,1.39267789471031,-2.21325287860726,0.026880216327783,0.33014726853623,100.194870048662,-4.49992608701184,1.47395824478832,-3.05295357105458,0.00226600995078629,0.136785096180152,NA,NA,"Schistocerca_gregaria",2,"protein_coding","uncharacterized LOC126320001"
"LOC126320071",224.721218934064,3.37902471977864,0.903078438292606,3.7416735651082,0.000182798862361613,0.00285929313271623,224.721218934064,1.43255235666705,0.968944390290609,1.47846705241504,0.139282809585029,0.85212035911276,224.721218934064,3.87285213002971,0.971077616731493,3.98820039026868,6.65764163402662e-05,0.00604267566112636,224.721218934064,-3.96589133286034,1.24956125530835,-3.17382706611024,0.00150443296989833,0.116305884465267,224.721218934064,-3.4986105560781,1.31168902558107,-2.66725610098646,0.00764733731812482,0.202019537079029,NA,NA,"Schistocerca_gregaria",2,"rRNA","large subunit ribosomal RNA"
"LOC126320352",17.169342507028,2.39870809372118,0.73823674464724,3.24923963906374,0.00115713951793495,0.0102332793728953,17.169342507028,2.19675273137048,0.83877295786415,2.61900757621501,0.00881859889356341,0.36838985700531,17.169342507028,2.87558741614603,0.87069489618486,3.30263497437052,0.000957809798882591,0.0277482093395839,17.169342507028,-2.87206749127008,1.12273251464831,-2.55810485026324,0.0105244354381468,0.219986370011996,17.169342507028,-2.2485153319366,1.05876650689428,-2.12371218516559,0.0336942178436581,0.360068664320183,NA,NA,"Schistocerca_gregaria",2,"protein_coding","ankyrin repeat%2C bromo and BTB domain-containing protein DDB_G0293800-like"
"LOC126320354",13.5566506580028,2.63268485198169,0.748662242191302,3.51651880329363,0.00043724568722074,0.00531051828383153,13.5566506580028,1.83151602851154,0.859391452034945,2.13117785169344,0.0330744929400221,0.558833134392126,13.5566506580028,2.7623832620229,0.899648148793881,3.07051514053167,0.00213689851646053,0.0477971232271557,13.5566506580028,-3.59510468884327,1.17179299722976,-3.06803735586616,0.00215469681059236,0.125164609992619,13.5566506580028,-2.58807242754755,1.10682628220053,-2.33828241086043,0.0193726028438987,0.285932668163266,NA,NA,"Schistocerca_gregaria",2,"protein_coding","uncharacterized LOC126320354"
"LOC126320356",21.2642897991947,3.44653102567502,0.910265907054844,3.78629035643688,0.000152912988543214,0.00251900806051619,21.2642897991947,1.80918507561472,1.04745218117487,1.72722450545232,0.0841273514355227,0.74992297406853,21.2642897991947,3.25483325740741,1.05724287222753,3.07860506124738,0.0020797218434563,0.0468519259482796,21.2642897991947,-3.12366696555508,1.37771556660051,-2.26728001140517,0.0233731257415766,0.312460819800868,21.2642897991947,-2.08065331291519,1.29228260753013,-1.61006060190799,0.107384626967485,0.570264869912853,NA,NA,"Schistocerca_gregaria",2,"protein_coding","myosin light chain kinase A-like"
"LOC126320360",81.4472817469435,3.37088682935841,0.972286549311843,3.46696848963326,0.000526363590361457,0.00604065117342024,81.4472817469435,2.24883569824602,1.09760135832033,2.04886380760992,0.0404754342520641,0.592079957457005,81.4472817469435,3.65166680845854,1.07903432211057,3.38419893939605,0.000713862588557942,0.0231592362924314,81.4472817469435,-2.05049479662791,1.29467548575576,-1.58379054766064,0.113241391027121,0.60346686195542,81.4472817469435,-2.55590135342383,1.32343508573826,-1.93126310535893,0.0534505235249131,0.430771432737264,NA,NA,"Schistocerca_gregaria",2,"protein_coding","guanine exchange factor for Rac 30-like"
"LOC126320362",21.5757451372909,2.98642784460264,0.731993861703993,4.07985367206576,4.50640588762227e-05,0.00107793490832267,21.5757451372909,2.47195006482486,0.83474043063315,2.96133980589617,0.00306303789027256,0.264442271193531,21.5757451372909,3.71349497101309,0.850266602355818,4.36744776370633,1.25706847941251e-05,0.00253057554663272,21.5757451372909,-3.99191593726806,1.14302620335901,-3.49240982012226,0.000478683200103771,0.0801601786472626,21.5757451372909,-3.7521793541993,1.05034299819788,-3.57233718950577,0.000353809447072466,0.0735736571922868,NA,NA,"Schistocerca_gregaria",2,"protein_coding","uncharacterized LOC126320362"
"LOC126320365",37.1057226090525,2.83630491642041,0.878256294794313,3.22947291494753,0.00124018628035316,0.0107350427953802,37.1057226090525,2.29861787649207,0.995953316292669,2.30795745030342,0.0210015031949378,0.483666629667275,37.1057226090525,3.23860383052332,0.997656448961741,3.24621149283777,0.00116951921161775,0.031937027236212,37.1057226090525,-3.44129685723205,1.29553452314068,-2.65627568834641,0.00790089939512884,0.19931454104633,37.1057226090525,-3.26794001960537,1.24828535336827,-2.61794309353019,0.00884615561842341,0.213737169321345,NA,NA,"Schistocerca_gregaria",2,"protein_coding","40S ribosomal protein SA-like"
"LOC126320369",7.99182267588224,1.82201294190439,0.659294871334289,2.76357821230579,0.00571713889151128,0.0302087997619617,7.99182267588224,1.90930091786529,0.74505319030017,2.56263706098093,0.0103880576616082,0.39655997898679,7.99182267588224,2.77666051874327,0.808150133795785,3.43582263075504,0.000590757597054368,0.0205127375995302,7.99182267588224,-2.74569295935516,1.06166243347877,-2.58622032085875,0.00970348833219235,0.214834614451268,7.99182267588224,-2.91692746215015,1.03109769782034,-2.82895352042421,0.00467004808223208,0.17496527736524,NA,NA,"Schistocerca_gregaria",2,"protein_coding","threonylcarbamoyl-AMP synthase-like"
"LOC126320373",45.8669656866616,3.67540847897678,0.877981921983152,4.18620063460407,2.83662632014121e-05,0.000760045072474535,45.8669656866616,2.5517168487363,1.00245202868486,2.54547527035677,0.010912909333796,0.403285248043275,45.8669656866616,4.4651803440377,0.984463127496912,4.53565016232841,5.74263021523025e-06,0.00166982925258417,45.8669656866616,-2.11421769150953,1.18989805627677,-1.77680573588379,0.0756002078311734,0.522028523367218,45.8669656866616,-4.0085384184115,1.2174450376144,-3.29258265840591,0.000992717120623768,0.109874859504629,NA,NA,"Schistocerca_gregaria",2,"protein_coding","sulfur carrier protein adenylyltransferase-like"
"LOC126320385",34.2165597574395,3.12121526667947,0.809840866080086,3.85410936569212,0.00011615167013612,0.00207998698088154,34.2165597574395,2.47337392351817,0.918345546706918,2.69329331686467,0.00707499960269062,0.340259404886648,34.2165597574395,3.1915216259727,0.928452571606094,3.43746328415227,0.000587190320960187,0.0204435973829642,34.2165597574395,-4.53535231503707,1.22761958762426,-3.6944281117362,0.000220382230037342,0.0528133189542778,34.2165597574395,-3.23048090830053,1.14372197155017,-2.82453339942576,0.00473495131239245,0.17496527736524,NA,NA,"Schistocerca_gregaria",2,"protein_coding","uncharacterized LOC126320385"
"LOC126320386",16.2801943585983,2.86297497918992,0.76313612064995,3.75159149425606,0.000175715605239503,0.00278588797247255,16.2801943585983,2.01593645099537,0.876458622232443,2.30009312460244,0.0214429447200753,0.490227729465509,16.2801943585983,3.15804679095272,0.906887720343046,3.48229082841494,0.000497143443773387,0.0187647748897349,16.2801943585983,-2.74147131372253,1.17886978324244,-2.32550817120973,0.0200448034995109,0.290231083082037,16.2801943585983,-2.172014443117,1.09477115569195,-1.98398946832335,0.0472570140042845,0.411486073792862,NA,NA,"Schistocerca_gregaria",2,"protein_coding","serine/threonine-protein kinase/endoribonuclease IRE1-like"
"LOC126320387",34.2148117036359,3.3167732715227,0.815853309231128,4.06540395680747,4.79493375730154e-05,0.00112407727697879,34.2148117036359,2.8857327200801,0.92971039414248,3.10390497757289,0.00190984658636321,0.213607482492235,34.2148117036359,4.05350431329649,0.93529344054569,4.33393856684326,1.46465062722875e-05,0.00270564048808775,34.2148117036359,-2.65549512189719,1.14453260587374,-2.32015681184545,0.0203323959555342,0.291671863304428,34.2148117036359,-4.1788891869485,1.1718831674953,-3.56596058622478,0.000362525857255226,0.0735736571922868,NA,NA,"Schistocerca_gregaria",2,"lncRNA","uncharacterized LOC126320387"
"LOC126320388",12.2776031732344,3.10256190059619,0.783254051338402,3.9611182288743,7.45995818117919e-05,0.00153971217942598,12.2776031732344,1.94896972804481,0.903650632872224,2.15677348872105,0.0310233177518009,0.542908060656516,12.2776031732344,2.96493207041518,0.94301645932665,3.14409365933258,0.00166602108194065,0.0402459431209724,12.2776031732344,-1.75306457429609,1.13699018684391,-1.54184670596172,0.123110849212407,0.624362425429714,12.2776031732344,-2.04225906282506,1.13765342553138,-1.79515045354972,0.0726297320345886,0.486474359012301,NA,NA,"Schistocerca_gregaria",2,"protein_coding","uncharacterized LOC126320388"
"LOC126320390",10.3413315619972,2.15669504388419,0.730575771275171,2.95204840987243,0.00315673436487507,0.0200316764640724,10.3413315619972,2.28940022361469,0.826612801826799,2.7696162200188,0.00561223778488436,0.324201017829799,10.3413315619972,3.08940715913577,0.866753729114778,3.56434250625147,0.000364769392093124,0.0159543426034714,10.3413315619972,-2.4333385396014,1.11349974032492,-2.18530678677243,0.0288663601174477,0.343309388204975,10.3413315619972,-3.75078291742062,1.12135335309209,-3.34487154033826,0.000823206887531854,0.0996140863831744,NA,NA,"Schistocerca_gregaria",2,"protein_coding","translation initiation factor eIF-2B subunit beta-like"
"LOC126320393",40.5150761665347,3.29457559589429,0.980075991910839,3.36155116856898,0.000775059947478567,0.00786384806143944,40.5150761665347,1.70881885466372,1.12344125862474,1.52105759116909,0.128245385597444,0.838352901448073,40.5150761665347,4.14968967547393,1.09082739772916,3.80416707914799,0.000142282125835319,0.00927018232309616,40.5150761665347,-1.10652069605507,1.34723289115701,-0.82132844537724,0.411459209257587,0.878779981457559,40.5150761665347,-4.03493789874132,1.37887005683613,-2.92626406581026,0.00343059608385314,0.157706666883667,NA,NA,"Schistocerca_gregaria",2,"protein_coding","uncharacterized LOC126320393"
"LOC126320396",13.0575105767884,2.61423141015742,0.734051079059934,3.5613753384919,0.000368917259180503,0.00470641188708026,13.0575105767884,1.75327631335938,0.844668716996644,2.07569698993167,0.0379219845213686,0.584504160175688,13.0575105767884,2.88370316650025,0.88535485850519,3.25711565119665,0.00112550565998436,0.0311687652082442,13.0575105767884,-1.66941628692937,1.08742197088234,-1.5352055886592,0.124733335996852,0.626418466783226,13.0575105767884,-2.28096437167997,1.07607373811605,-2.11971010060462,0.0340305006669542,0.360910751366215,NA,NA,"Schistocerca_gregaria",2,"protein_coding","uncharacterized LOC126320396"
"LOC126320404",17.4566841007979,2.43228916260196,0.662222287987399,3.67291951165534,0.000239795030745829,0.00344956889946163,17.4566841007979,2.01677797039822,0.75694676278154,2.66435906666302,0.00771351799905115,0.348142293603287,17.4566841007979,3.24221262014713,0.79322163395688,4.08739812601149,4.3623813386029e-05,0.00499986217363085,17.4566841007979,-3.07776748277102,1.06981454077486,-2.87691685377712,0.00401581393648213,0.156322797998347,17.4566841007979,-2.31520339430552,0.947905747440872,-2.4424405069344,0.0145883338652798,0.261905253542697,NA,NA,"Schistocerca_gregaria",2,"protein_coding","uncharacterized LOC126320404"
"LOC126320409",36.0352984072914,2.99221455786629,0.754900330908449,3.96372134883747,7.37903796507575e-05,0.00153144611770394,36.0352984072914,1.86778236078713,0.86374028571391,2.16243515751189,0.0305846500900036,0.541992193963379,36.0352984072914,3.32461158168361,0.867866849991389,3.83078531195954,0.000127734922568273,0.00860812770028766,36.0352984072914,-3.06737035627563,1.1199213768625,-2.73891580216905,0.0061642157771646,0.182905213151754,36.0352984072914,-2.87402176223598,1.04904261532552,-2.73966159262668,0.0061502473135871,0.189896097635465,NA,NA,"Schistocerca_gregaria",2,"protein_coding","myosin heavy chain%2C cardiac muscle isoform-like"
"LOC126320412",10.4919475522363,2.51869465618167,0.846282256448788,2.9761874799913,0.00291856380671545,0.0189959004646846,10.4919475522363,2.31044766188943,0.961154538012354,2.40382536888125,0.0162245216861972,0.459855140692126,10.4919475522363,3.87691610148196,0.970686515380984,3.99399398266114,6.49695129348379e-05,0.00594573645073847,10.4919475522363,-2.26175450059059,1.27890257030997,-1.76851196728959,0.0769753533349323,0.527703849578466,10.4919475522363,-2.91869517430085,1.21913691839555,-2.39406676170714,0.0166627155237803,0.274865017347339,NA,NA,"Schistocerca_gregaria",2,"protein_coding","uncharacterized LOC126320412"
"LOC126320414",16.4217128056232,2.73831544206303,0.707295445486693,3.87152986709647,0.00010815440192722,0.00198401394721341,16.4217128056232,2.39165756170719,0.807469116838964,2.96191830973043,0.00305728886345007,0.264442271193531,16.4217128056232,3.32043230550683,0.844721597147328,3.93080077118913,8.4663407503775e-05,0.00706962237745317,16.4217128056232,-3.08697847822079,1.10635870247042,-2.790214847434,0.00526730756965083,0.173829593357672,16.4217128056232,-2.78237994422844,1.02794377028708,-2.70674333037827,0.00679467675269673,0.195780326561509,NA,NA,"Schistocerca_gregaria",2,"protein_coding","amidophosphoribosyltransferase-like"
"LOC126320430",10.673727570091,2.38977977792636,0.76994166615924,3.10384524303962,0.00191023220692189,0.0144337426213561,10.673727570091,1.61802922370168,0.884251720026409,1.829828754705,0.067275549593177,0.700401223054841,10.673727570091,3.14633390451438,0.916909654759161,3.43145465661043,0.000600353484881436,0.0206353180148118,10.673727570091,-1.39211603287306,1.17189533275716,-1.18791840359819,0.234865558341059,0.764638283680645,10.673727570091,-2.27801417393293,1.13033440793219,-2.01534533315701,0.0438684780697007,0.399305057297049,NA,NA,"Schistocerca_gregaria",2,"protein_coding","apoptosis-inducing factor 1%2C mitochondrial-like"
"LOC126320432",25.9149487286173,3.7993340884352,0.758753058216121,5.00733940679948,5.51875627011162e-07,3.69195820883036e-05,25.9149487286173,2.59325774358582,0.871506469257125,2.97560354978928,0.00292412611488089,0.260227903001785,25.9149487286173,3.94763512914043,0.88414886317665,4.46489872187021,8.01066359550547e-06,0.00209639066294378,25.9149487286173,-2.52549936244694,1.05497003123434,-2.39390626053333,0.0166700085909981,0.261708356855874,25.9149487286173,-4.04452369347848,1.08617533047477,-3.72363796157165,0.000196372472206384,0.0566965223701835,NA,NA,"Schistocerca_gregaria",2,"protein_coding","probable short/branched chain specific acyl-CoA dehydrogenase"
"LOC126320433",48.4162723809745,3.51610032335365,0.831170019972532,4.23030215102062,2.33377627620088e-05,0.000662188899610997,48.4162723809745,2.73030614928083,0.946044908668564,2.88602171446955,0.00390145238360352,0.28988127792843,48.4162723809745,4.1744312294352,0.939845041734795,4.44161648363853,8.92855914949004e-06,0.00224719585125825,48.4162723809745,-2.81126064611506,1.14159542646068,-2.46257174910983,0.0137944569785468,0.247197347749628,48.4162723809745,-4.3442007325472,1.16982781801902,-3.71353857861205,0.000204381292013957,0.0579914297012706,NA,NA,"Schistocerca_gregaria",2,"protein_coding","uncharacterized LOC126320433"
"LOC126320434",48.6601264442068,3.73347708436126,0.818542661888352,4.56112705933769,5.08797798627378e-06,0.000207259538911158,48.6601264442068,2.57608608120973,0.934236988503386,2.75742248798833,0.00582590238275168,0.324852149884749,48.6601264442068,4.09306839880946,0.926907813782793,4.41583115164958,1.00622607060045e-05,0.00235817339709975,48.6601264442068,-2.67506249315393,1.11504662015493,-2.3990588777196,0.0164372714658642,0.260865586041586,48.6601264442068,-3.10293822246167,1.11636392251385,-2.77950420994833,0.00544419478431809,0.182026042711748,NA,NA,"Schistocerca_gregaria",2,"protein_coding","uncharacterized LOC126320434"
"LOC126320436",13.1561011794369,1.88069300133584,0.639754645665542,2.93970979980824,0.00328519778000533,0.0206353052921938,13.1561011794369,1.39533202787489,0.732795324107858,1.90412244998102,0.0568942385225365,0.663072053978244,13.1561011794369,2.49116291567919,0.788807954770911,3.15813614785703,0.00158781383206553,0.0388906779139344,13.1561011794369,-1.69822996873387,1.01339094522363,-1.67578956249615,0.0937794192945932,0.567624578189833,13.1561011794369,-2.29616441838973,0.966727181814637,-2.37519381019122,0.0175397378386254,0.27769603179129,NA,NA,"Schistocerca_gregaria",2,"protein_coding","intron Large complex component GCFC2-like"
"LOC126320441",28.419165240587,3.26325768824267,0.737365810851726,4.4255614244893,9.61917799724708e-06,0.000347918268792737,28.419165240587,2.43037238055244,0.842465434824319,2.88483334756547,0.00391620910038414,0.28988127792843,28.419165240587,3.7085065678097,0.85468221657774,4.33904730422385,1.43101720537806e-05,0.00267498001891027,28.419165240587,-3.63806524811076,1.1169983629257,-3.25700141456048,0.0011259587182963,0.102525578542868,28.419165240587,-4.17246059646411,1.06144682276951,-3.93091816467771,8.46220742522124e-05,0.0397142908810228,NA,NA,"Schistocerca_gregaria",3,"protein_coding","dynamin-like protein C"
"LOC126320448",9.20229128214191,2.22374344477792,0.694309596874355,3.20281248421277,0.00136092563845846,0.0114530238266795,9.20229128214191,2.28746657220068,0.786313019382596,2.90910428266439,0.00362465932396436,0.286859113380333,9.20229128214191,2.67321548549493,0.85815363102527,3.11507798702796,0.00183896282456096,0.043487039565145,9.20229128214191,-2.23223421052039,1.07578391029511,-2.07498382264152,0.0379880341123165,0.387829657313101,9.20229128214191,-1.72591755635724,1.03777394479753,-1.66309586496119,0.0962932474955943,0.54569489464015,NA,NA,"Schistocerca_gregaria",2,"protein_coding","uncharacterized LOC126320448"
"LOC126320455",35.7672308359542,3.2613206401194,0.669296970201139,4.87275572028855,1.10052267066415e-06,6.39126054404883e-05,35.7672308359542,2.60163312337187,0.763405693452432,3.40792994561807,0.000654576973729186,0.146930711369745,35.7672308359542,3.76037400063476,0.784819747831233,4.79138555193872,1.65633491678543e-06,0.000788114268586813,35.7672308359542,-2.89716883155528,0.948553230642641,-3.05430284560041,0.00225584232210337,0.125725315041081,35.7672308359542,-3.79856760340586,0.952444082505346,-3.98823161714015,6.65676553453772e-05,0.0322207030593786,NA,NA,"Schistocerca_gregaria",3,"protein_coding","serine/threonine-protein phosphatase 6 regulatory subunit 3-like"
"LOC126320463",54.0510291199585,3.49229945081441,0.931466490601864,3.74924861608051,0.000177365187008751,0.00280933482444948,54.0510291199585,2.21328336096243,1.06285592828784,2.08239263860326,0.0373066202977005,0.582682410440614,54.0510291199585,4.01474571475992,1.04206484800971,3.85268318226824,0.000116830513828786,0.00819646025396898,54.0510291199585,-2.12361160360182,1.27353099975154,-1.66749894899781,0.0954152332270453,0.56971497249378,54.0510291199585,-3.9371677496404,1.30306299696679,-3.0214715319253,0.00251549292953715,0.139856307910111,NA,NA,"Schistocerca_gregaria",2,"protein_coding","glycogen debranching enzyme-like"
"LOC126320469",85.2589906158518,4.13547729707594,1.05640439066443,3.91467257578786,9.05269700490588e-05,0.00176600977671016,85.2589906158518,2.37578337994294,1.20493796724261,1.97170596705464,0.048643182077258,0.631873433850802,85.2589906158518,4.46679549236197,1.17098586663939,3.81455969676324,0.000136425956292688,0.00896301408245936,85.2589906158518,-1.37295289016624,1.42581763741924,-0.962923205699228,0.33558606307138,0.840205078688252,85.2589906158518,-3.77895580147782,1.46552104770914,-2.5785749084839,0.00992087872684961,0.224478008027489,NA,NA,"Schistocerca_gregaria",2,"protein_coding","uncharacterized LOC126320469"
"LOC126320473",32.7242710116675,2.96253669529643,0.807485701907672,3.66884105600567,0.000243652494631453,0.00347468726529447,32.7242710116675,1.97836165243025,0.922810559739961,2.14384375162302,0.0320454083834754,0.551797493623577,32.7242710116675,2.99680559752586,0.932891295717823,3.2123845632196,0.00131638038221625,0.034564890905618,32.7242710116675,-2.22230329259073,1.12902199677738,-1.96834366286392,0.0490285093019749,0.427722366479325,32.7242710116675,-2.65390332979396,1.14017572871903,-2.32762657803249,0.0199319408955652,0.289882879174981,NA,NA,"Schistocerca_gregaria",2,"protein_coding","uncharacterized LOC126320473"
"LOC126320475",21.5320096886333,2.55721789272344,0.919779236949255,2.78025181477816,0.00543167609769029,0.029164467712786,21.5320096886333,2.29217321759741,1.04065255743811,2.20263064863868,0.0276207919117459,0.52071224169568,21.5320096886333,3.34224769949726,1.04480822908498,3.19891019850056,0.00137948131194749,0.0355675132351386,21.5320096886333,-1.08615260836506,1.2562120939884,-0.86462518038382,0.387244547281519,0.867622197849998,21.5320096886333,-2.41598238726386,1.30370530414952,-1.85316603343878,0.0638585645100025,0.468203182858618,NA,NA,"Schistocerca_gregaria",2,"protein_coding","uncharacterized LOC126320475"
"LOC126320481",32.6321204144587,4.07603368879109,1.06132733579543,3.84050570575028,0.000122781118373961,0.0021587701550003,32.6321204144587,1.74906883015036,1.21867183064621,1.43522545296129,0.151222862746332,0.871052124603048,32.6321204144587,3.87619793234447,1.19108394782558,3.25434486748041,0.00113654215430068,0.0313963251268744,32.6321204144587,-2.10897615174821,1.48185402408821,-1.42320101539413,0.154677891353957,0.675082900083236,32.6321204144587,-3.39391332543048,1.49159127328273,-2.27536416055925,0.0228840934652836,0.30618172858388,NA,NA,"Schistocerca_gregaria",2,"protein_coding","hornerin-like"
"LOC126320486",19.0444142984109,3.43705341210933,0.764842623084686,4.49380474933177,6.9961779886423e-06,0.000271547408394071,19.0444142984109,2.59980260217891,0.875791733146917,2.96851694733088,0.00299240600442976,0.262381016065495,19.0444142984109,3.59660903509391,0.899009550616857,4.00063495724388,6.31727463781382e-05,0.00584132092173455,19.0444142984109,-3.4948000642484,1.15872045391211,-3.01608559031572,0.00256060969354852,0.130310485015394,19.0444142984109,-3.54271616339164,1.10602214171256,-3.20311504605694,0.00135949659409665,0.121593670918743,NA,NA,"Schistocerca_gregaria",2,"protein_coding","uncharacterized LOC126320486"
"LOC126320538",27.3362182143433,26.3948985472015,2.65849477700625,9.92851247085199,3.12888250724241e-23,1.71640064738961e-19,27.3362182143433,16.5195498308394,2.92289105832795,5.6517843125804,1.58790767725494e-08,8.91080858219561e-05,27.3362182143433,23.4747942909619,2.86639820992874,8.18964867116124,2.61989817864309e-16,1.37125470670179e-12,27.3362182143433,-15.5682127915463,3.66864237451259,-4.24358964496088,2.19972440403418e-05,0.0146632643647129,27.3362182143433,-23.8667709547235,3.7905746516931,-6.29634637166773,3.04743012197011e-10,7.16450821675173e-07,NA,NA,"Schistocerca_gregaria",5,"rRNA","large subunit ribosomal RNA"
"LOC126320550",20.7990783368646,3.34864182513327,0.771867169816485,4.33836540285736,1.43546352983887e-05,0.000467418918403384,20.7990783368646,2.52790744973707,0.883790236205799,2.86030253127669,0.00423237042008337,0.295235112895977,20.7990783368646,3.71710303274239,0.900526752542494,4.12769861888916,3.66411907860608e-05,0.00435863619486914,20.7990783368646,-3.37720372490409,1.1691028596444,-2.88871393739583,0.0038682079653814,0.155250473409481,20.7990783368646,-3.38429035357542,1.10345501508204,-3.06699440151059,0.00216222906876447,0.136785096180152,NA,NA,"Schistocerca_gregaria",2,"protein_coding","uncharacterized LOC126320550"
"LOC126320554",13.9839422426608,2.36127511160544,0.619768738914009,3.80992935484774,0.000139006506324773,0.00236569811229245,13.9839422426608,2.67290037809247,0.701678567539324,3.80929459975656,0.000139363826305789,0.0521375559079547,13.9839422426608,3.22302126258573,0.768849888330097,4.19200329154755,2.76501983769263e-05,0.00367935097385167,13.9839422426608,-2.40358647266971,0.962475725857627,-2.49729568039543,0.0125144559884264,0.237709399342092,13.9839422426608,-3.11273910374915,0.952625746565671,-3.2675361913857,0.00108487994571699,0.114447879914516,NA,NA,"Schistocerca_gregaria",2,"protein_coding","COP9 signalosome complex subunit 6-like"
"LOC126320557",45.0592225177685,3.75366689308481,1.13420717411442,3.30950727411474,0.000934603375045792,0.00886392045703631,45.0592225177685,2.03505893937699,1.29100658659405,1.57633505553671,0.114948606805237,0.815490853588776,45.0592225177685,4.41986256161592,1.25119172208902,3.53252222148371,0.000411615631196536,0.0167155121708863,45.0592225177685,-1.09990477793871,1.55383061588762,-0.707866588991362,0.479028109698677,0.905319003380345,45.0592225177685,-3.35760200540021,1.58084109438648,-2.12393390918477,0.0336756704377073,0.360068664320183,NA,NA,"Schistocerca_gregaria",2,"protein_coding","uncharacterized LOC126320557"
"LOC126320562",101.988889679645,4.47250104239012,1.31204237324074,3.40880838424681,0.000652472922059243,0.0069816299599018,101.988889679645,2.44621287973646,1.47834218080773,1.65470004948375,0.0979853570388213,0.781052786812763,101.988889679645,4.75177617460234,1.43532661167403,3.31058877885663,0.000930999142746273,0.0274229458175024,101.988889679645,-1.78618327300856,1.78472856816921,-1.00081508463824,0.316916215378365,0.827298394883963,101.988889679645,-3.67348076872119,1.82650829820957,-2.01120398539778,0.0443039149989221,0.401050346060099,NA,NA,"Schistocerca_gregaria",2,"protein_coding","myosin light chain kinase A-like"
"LOC126320564",30.1375589104898,3.24543946040568,0.982960955058043,3.30169722785585,0.000961017447667016,0.00901850215835863,30.1375589104898,1.99605736730817,1.12321040344157,1.77710014187204,0.0755517648476543,0.724486285304873,30.1375589104898,4.30412511724901,1.09566096194826,3.9283366540646,8.55354178634175e-05,0.00706962237745317,30.1375589104898,-1.21764933764328,1.36426282495525,-0.892532813597129,0.372107412813292,0.857790015391907,30.1375589104898,-3.20621753130917,1.37117743296907,-2.33829514271293,0.0193719428215812,0.285932668163266,NA,NA,"Schistocerca_gregaria",2,"protein_coding","epidermal growth factor receptor substrate 15 homolog"
"LOC126320565",15.7787029874163,2.93583949317649,0.870731525550646,3.37169311897818,0.000747076414926959,0.00766581265553799,15.7787029874163,2.17489388455863,0.991938096860099,2.19257017292015,0.0283383620846062,0.524687019971585,15.7787029874163,3.27270359166107,1.00269355249918,3.26391207313936,0.00109885261430621,0.0307561207661962,15.7787029874163,-2.29628519117883,1.24587413020788,-1.84311170406572,0.0653127028340505,0.491475804259492,15.7787029874163,-2.20999832657818,1.22840292863154,-1.79908259339642,0.0720056166695,0.485351010278127,NA,NA,"Schistocerca_gregaria",2,"protein_coding","ras-like protein rasG"
"LOC126320566",23.0571233429946,2.67899197699089,0.877030397539407,3.05461701727449,0.00225348084925068,0.0160682557782142,23.0571233429946,1.66796364009415,0.999419389247659,1.66893264033006,0.0951307300047168,0.77583983087747,23.0571233429946,3.04193863195634,0.994393878455688,3.05908825251472,0.00222011737981486,0.0488239259073571,23.0571233429946,-2.529662756538,1.25964290835574,-2.00823800122852,0.0446180066139861,0.412556266109737,23.0571233429946,-3.56256202045489,1.25685148415799,-2.83451311897966,0.00458955734824765,0.17323473688099,NA,NA,"Schistocerca_gregaria",2,"protein_coding","guanine nucleotide exchange factor subunit Rich-like"
"LOC126320575",9.8010441871436,2.71752839827476,0.604239955534616,4.49743247427317,6.87789947814265e-06,0.000268698677182954,9.8010441871436,2.68702884839995,0.685766889720805,3.9182831493861,8.91819096183282e-05,0.0383692365651117,9.8010441871436,2.55986687656,0.801307561635031,3.19461215533361,0.00140018868562384,0.0355915389541753,9.8010441871436,-3.7118010788304,1.00346841844173,-3.69897149787175,0.000216474906292467,0.0528133189542778,9.8010441871436,-2.02960574223737,0.952057638828577,-2.13180973447639,0.0330224910680054,0.357770255586473,NA,NA,"Schistocerca_gregaria",3,"protein_coding","uncharacterized LOC126320575"
"LOC126320583",15.8468108446427,2.92680638494691,0.751604111509047,3.89407979563943,9.85722005248008e-05,0.00187321328410698,15.8468108446427,2.03393962495022,0.860892064065391,2.36259539360294,0.018147470294459,0.46856636366611,15.8468108446427,2.93261294255143,0.890003718957537,3.29505695322982,0.000984017343407907,0.0283505327086073,15.8468108446427,-3.05461926270457,1.14385978835595,-2.6704490303789,0.00757498711079208,0.195069897306808,15.8468108446427,-2.92946960260363,1.09228037035144,-2.68197587553558,0.00731887374793193,0.197942840548628,NA,NA,"Schistocerca_gregaria",2,"protein_coding","uncharacterized LOC126320583"
"LOC126320591",10.5776964216147,2.31947444122473,0.678796052783858,3.41704173398206,0.00063305574248941,0.00683160547812998,10.5776964216147,1.70327231179438,0.780200955585646,2.18312000209721,0.0290269739425072,0.529885552863996,10.5776964216147,3.10032428238853,0.83230782709335,3.7249731186786,0.000195336036136399,0.0111940381000502,10.5776964216147,-1.49759267410533,1.06168963128356,-1.41057483277365,0.158370016782245,0.680482531558076,10.5776964216147,-2.4819777882864,1.02026936085195,-2.4326691396612,0.0149879894866695,0.263804644900663,NA,NA,"Schistocerca_gregaria",2,"lncRNA","uncharacterized LOC126320591"
"LOC126320600",19.146970362368,3.52748611785213,0.932393886811799,3.7832574491816,0.000154789161301988,0.00253974598957808,19.146970362368,1.75787899399468,1.07420470833868,1.63644692706043,0.101746084682757,0.79234787452634,19.146970362368,3.64811983244576,1.0631766266845,3.43133938508635,0.000600608675706606,0.0206353180148118,19.146970362368,-3.37502419335242,1.40609241844405,-2.40028617541879,0.0163822587218618,0.26056018266245,19.146970362368,-2.68454840721523,1.3085884902577,-2.05148404345707,0.040219831979919,0.385048152933989,NA,NA,"Schistocerca_gregaria",2,"protein_coding","uncharacterized LOC126320600"
"LOC126320754",38.1258671756872,3.61150640442569,0.902790443131662,4.00038174074799,6.3240384738226e-05,0.00136087554893136,38.1258671756872,1.80987145400136,1.03686025593005,1.74553074404219,0.0808925256835302,0.739142109677078,38.1258671756872,3.43431592240134,1.02459310279474,3.35188272596574,0.000802640111718597,0.0249861485959108,38.1258671756872,-1.6460492311663,1.2275344185925,-1.34093937101468,0.179940138090413,0.708028143622552,38.1258671756872,-3.04979213148017,1.25954025409376,-2.42135344350268,0.015462834714583,0.266777092025646,NA,NA,"Schistocerca_gregaria",2,"protein_coding","GTPase-activating Rap/Ran-GAP domain-like protein 3"
"LOC126320755",55.1903863863309,3.89417243309994,1.07032007440204,3.63832513865119,0.000274416849180392,0.00378558480137416,55.1903863863309,2.60454974563637,1.2121452865951,2.14871086365604,0.0316573269898847,0.549991095300939,55.1903863863309,4.55155869875571,1.18010933706148,3.85689576026004,0.000114836104261941,0.00812232661766218,55.1903863863309,-1.9180203320094,1.44393920263699,-1.32832485502618,0.184070812140824,0.709622909856846,55.1903863863309,-3.99756819749353,1.48596714149291,-2.690213051062,0.00714064153386965,0.196336480239635,NA,NA,"Schistocerca_gregaria",2,"protein_coding","acetyl-coenzyme A synthetase-like"
"LOC126320759",11.8292585111686,2.49362520882873,0.707430336915238,3.52490567439081,0.000423633608932652,0.00523011125446711,11.8292585111686,1.80183333766559,0.811634413596987,2.22000608584382,0.0264183545009354,0.514484568126898,11.8292585111686,2.74825242146588,0.859473674429975,3.19759930202469,0.00138576689809629,0.0355857838608738,11.8292585111686,-3.51434886805946,1.1225998567122,-3.13054455427428,0.00174482529595559,0.119907357248948,11.8292585111686,-2.64590869331177,1.05774098372248,-2.50147128080459,0.0123678473071511,0.244337100941592,NA,NA,"Schistocerca_gregaria",2,"protein_coding","uncharacterized LOC126320759"
"LOC126320761",16.5070149411999,2.84579506165847,0.687160651597477,4.14138244825675,3.45218786417405e-05,0.000886312881134359,16.5070149411999,2.27428975561242,0.78613821818015,2.89298968427871,0.00381593829790733,0.28988127792843,16.5070149411999,2.92267047582863,0.835429642118394,3.49840408872449,0.000468051399018801,0.0181465260923289,16.5070149411999,-3.5389123401229,1.096597488764,-3.2271753094307,0.00125018838177519,0.10794650387698,16.5070149411999,-2.11019727542242,0.994989431649129,-2.12082380807293,0.0339366323760243,0.360910751366215,NA,NA,"Schistocerca_gregaria",2,"protein_coding","uncharacterized LOC126320761"
"LOC126320762",60.6574189053306,3.788054812165,0.913215232127468,4.1480416433048,3.35331412762198e-05,0.000863622701068464,60.6574189053306,2.57398213077899,1.03547669084763,2.48579437232136,0.0129262631127579,0.428373306108817,60.6574189053306,4.0380964753588,1.01970963190752,3.96004543744963,7.49355040638593e-05,0.00650075847961723,60.6574189053306,-2.77441104162743,1.22694494506772,-2.26123515385141,0.023744699329861,0.313381166863201,60.6574189053306,-3.84199661317242,1.25959989159583,-3.05017223231486,0.00228710167838967,0.136868481168214,NA,NA,"Schistocerca_gregaria",2,"protein_coding","uncharacterized LOC126320762"
"LOC126320763",17.1888438027053,3.36111074809826,0.902423515219384,3.72453808152501,0.000195673174467988,0.00301516238971879,17.1888438027053,1.42062083852799,1.04236091736095,1.36288766670638,0.172917916246908,0.896694724817731,17.1888438027053,3.84529832839924,1.02601198092314,3.74781035689221,0.000178385043457625,0.0104906440163731,17.1888438027053,-1.70761357257367,1.30388517377476,-1.3096349332895,0.19031936482672,0.71758151430369,17.1888438027053,-2.93884077069142,1.26585930547116,-2.32161722711954,0.0202535554521507,0.291612215289627,NA,NA,"Schistocerca_gregaria",2,"protein_coding","uncharacterized LOC126320763"
"LOC126320781",8.04779016525296,14.6423949356301,5.13131216753189,2.85353813168473,0.00432353388349223,0.0248177178655848,8.04779016525296,13.6938863235242,5.51371590925025,2.48360389779064,0.0130060387584358,0.428424042758968,8.04779016525296,20.4424959079678,5.50182540779585,3.7155842639066,0.000202734686799875,0.0114922023542659,8.04779016525296,-9.70149373722068,7.08885482340917,-1.36855584983683,0.171138152772539,0.696845094394389,8.04779016525296,-30,7.45957416596,-4.02167728781328,5.77851910708675e-05,0.0322207030593786,NA,NA,"Schistocerca_gregaria",3,"rRNA","5.8S ribosomal RNA"
"LOC126321825",19.1229273794643,-15.9308139948088,5.16280816644319,-3.08568776549836,0.00203081955341428,0.0149803663785472,19.1229273794643,29.9997264864287,5.49966232545573,5.45483062615898,4.90195470153523e-08,0.000122487678255728,19.1229273794643,-8.8744281680236,5.55847364588178,-1.59655846791656,0.110364162991424,0.488797444119918,19.1229273794643,-10.2854522162635,7.11435816686784,-1.44573157198688,0.148252505381118,0.664990994734453,19.1229273794643,-7.70163131112952,7.52043202522664,-1.02409426550164,0.305790752720419,0.822018689565491,NA,NA,"Schistocerca_gregaria",2,"rRNA","small subunit ribosomal RNA"
"LOC126322213",118.603034902739,10.8870085706048,2.27129364075342,4.7933073801032,1.6405396999442e-06,8.43698807561927e-05,118.603034902739,8.85075376530331,2.47232575052724,3.57993025935835,0.000343685921213625,0.0996087133410246,118.603034902739,10.8820647799479,2.45310586690622,4.43603552816577,9.16307315617753e-06,0.00224719585125825,118.603034902739,-5.27793785159318,3.09833046271847,-1.70347802311646,0.0884786473467303,0.555813520094986,118.603034902739,-10.0179991919737,3.23976648164057,-3.09219792498771,0.00198680329766746,0.133897750520598,NA,NA,"Schistocerca_gregaria",2,"rRNA","large subunit ribosomal RNA"
"LOC126322367",113.056217816438,-3.81391215905517,1.25649648078041,-3.03535442987182,0.00240253169836142,0.016846384388553,113.056217816438,-6.13062961370027,1.3716743379578,-4.46944981330466,7.8421056340208e-06,0.00488969808699038,113.056217816438,-5.37573284870507,1.36633393555231,-3.93442094119695,8.33975133156802e-05,0.00706962237745317,113.056217816438,6.85807051239966,1.76500930699449,3.88557186935052,0.00010208928465637,0.0359777114033491,113.056217816438,7.89447080693153,1.84126439620093,4.28752699678555,1.80673305038873e-05,0.0212381470073195,NA,NA,"Schistocerca_gregaria",5,"rRNA","small subunit ribosomal RNA"
"LOC126322376",20.2468578736937,3.24919516267522,0.771949366994377,4.2090780841315,2.56414771109103e-05,0.00071160504015894,20.2468578736937,2.32174865611596,0.884553497233457,2.62476906527135,0.00867077541848413,0.367688927380807,20.2468578736937,3.27085838495181,0.90879247855242,3.59912572137682,0.000319288811275241,0.0148767742274298,20.2468578736937,-2.1085810195714,1.07717811398304,-1.9575045131344,0.0502881816941304,0.431744718887629,20.2468578736937,-2.83830847410241,1.10554610573557,-2.56733614218102,0.0102483212426151,0.228741993450235,NA,NA,"Schistocerca_gregaria",2,"protein_coding","uncharacterized LOC126322376"
"LOC126322378",13.9079304959789,3.00269653191896,0.792279517273111,3.7899459300093,0.00015068008040202,0.00249471034524752,13.9079304959789,2.95501115342493,0.89440288795909,3.30389267879924,0.000953523272075609,0.172799833441247,13.9079304959789,3.1077559483809,0.932186329664309,3.33383557501861,0.000856572768913524,0.0259083742356227,13.9079304959789,-4.02928841430744,1.19553653722987,-3.37027626411447,0.000750928580313669,0.0854709256764832,13.9079304959789,-2.59758792248116,1.1406675499436,-2.2772524059351,0.0227711572861576,0.305587593029813,NA,NA,"Schistocerca_gregaria",2,"protein_coding","uncharacterized LOC126322378"
"LOC126322381",97.6207368754101,4.53583068833591,1.13440225224364,3.99843237208393,6.37633937716661e-05,0.00136812799387263,97.6207368754101,2.72034560899386,1.28424441580935,2.1182460094868,0.0341542384769761,0.565601458913721,97.6207368754101,4.94831323466807,1.24475761462008,3.9753227267289,7.0283881180284e-05,0.00627044035393647,97.6207368754101,-1.92362320911096,1.52251264758599,-1.26345302428913,0.206426418566897,0.736392382982645,97.6207368754101,-4.27791943152524,1.56332251755173,-2.7364279497648,0.00621101945570573,0.190226727047904,NA,NA,"Schistocerca_gregaria",2,"protein_coding","transmembrane protein 94-like"
"LOC126322384",13.4085326881487,1.91203427612923,0.507639610232934,3.7665190768937,0.000165539440454231,0.00265008032252458,13.4085326881487,1.9892298486403,0.574146629611014,3.46467216917743,0.00053087820173207,0.135241613740214,13.4085326881487,2.96547124969569,0.656495852809046,4.51712107092053,6.26860674908189e-06,0.00175767255668007,13.4085326881487,-3.6891479062089,0.909015881680824,-4.05839763699996,4.94105830763701e-05,0.0239954261613212,13.4085326881487,-2.20888493414939,0.776103605689662,-2.84612121108048,0.00442553457877642,0.171782348174188,NA,NA,"Schistocerca_gregaria",3,"protein_coding","splicing factor 3B subunit 2-like"
"LOC126322387",85.440145793517,3.24586169984738,1.07195016074673,3.02799684043732,0.00246180661230196,0.017166928567226,85.440145793517,1.74018400302666,1.21506091903312,1.43217840008499,0.152092771722446,0.871505041506937,85.440145793517,3.65703019133265,1.18245452140164,3.09274490066454,0.00198314527272161,0.0453505084182963,85.440145793517,-1.17131151755809,1.44159028668752,-0.812513464036666,0.416497064006044,0.880802126048171,85.440145793517,-2.97795204059164,1.4792892364589,-2.01309653798348,0.0441044743813318,0.400566961861798,NA,NA,"Schistocerca_gregaria",2,"protein_coding","actin-related protein 3-like"
"LOC126322389",24.4715723748573,2.70969163488663,0.891046699138483,3.041020899922,0.00235777464040685,0.0166317605045759,24.4715723748573,2.2258264032732,1.01569400139832,2.19143403447187,0.0284203984562893,0.524687019971585,24.4715723748573,3.89335848916052,1.01249378021027,3.84531595675776,0.000120397202075635,0.0083280919250732,24.4715723748573,-1.22154802280144,1.25743350268737,-0.971461329915868,0.331318600748607,0.83671012208467,24.4715723748573,-2.03348390120635,1.24452054901667,-1.63394963852791,0.102269425654662,0.558485839693056,NA,NA,"Schistocerca_gregaria",2,"protein_coding","uncharacterized LOC126322389"
"LOC126322390",22.8699776740888,2.97834659993932,0.811452401181533,3.67038977961324,0.00024218088376611,0.00346270269690606,22.8699776740888,1.84974875012998,0.930954397553965,1.9869380873973,0.0469292582315299,0.621600363751225,22.8699776740888,3.17068526046124,0.940013508018911,3.37302095492595,0.000743482941704846,0.0238134216750725,22.8699776740888,-2.44766054021313,1.18831083758084,-2.05978138278707,0.0394194451450612,0.393705545107408,22.8699776740888,-2.17724390676072,1.13670015383731,-1.9154074180519,0.0554405658622254,0.439915811183531,NA,NA,"Schistocerca_gregaria",2,"protein_coding","AMP deaminase-like"
"LOC126322395",51.2741586526492,3.4625445528878,0.968976219184053,3.57340508913987,0.000352368999100508,0.00454818558289966,51.2741586526492,2.29829942728827,1.1009295842943,2.08759893464167,0.0368340281916664,0.579241913806177,51.2741586526492,3.94096265098997,1.07926209072972,3.651534400069,0.000260678172972317,0.0129586793369186,51.2741586526492,-1.89840798835377,1.30976992098322,-1.44942096924066,0.147220056187093,0.662808714026502,51.2741586526492,-2.71093188302758,1.3271564089918,-2.04266193845758,0.0410859150789089,0.388369273092248,NA,NA,"Schistocerca_gregaria",2,"protein_coding","uncharacterized LOC126322395"
"LOC126322404",16.9684714387076,2.7404087296993,0.947838395733591,2.89121937034248,0.00383750148340558,0.0227335356056176,16.9684714387076,2.59227746199156,1.06838099565565,2.42636051421031,0.0152511117293211,0.454081463092762,16.9684714387076,3.5947305738964,1.07006633854368,3.35935300870102,0.000781252005243804,0.0245344379726764,16.9684714387076,-2.45668862817629,1.34679317149132,-1.82410237902822,0.0681365959491695,0.498884081382683,16.9684714387076,-3.37570345556864,1.36251838076528,-2.47754709457397,0.0132288949195687,0.253148748478304,NA,NA,"Schistocerca_gregaria",2,"protein_coding","uncharacterized LOC126322404"
"LOC126322414",40.1465316921432,3.65582750298726,0.850321518764093,4.29934727313599,1.71301875181954e-05,0.000532913981071724,40.1465316921432,2.4157769555445,0.974266211311918,2.47958610028309,0.0131534969067164,0.429781104423654,40.1465316921432,4.4512213015685,0.958526484711223,4.64381670466782,3.4203103241005e-06,0.00126040036223533,40.1465316921432,-1.39449364693733,1.14096515505493,-1.22220528888123,0.221630004328103,0.750738789364364,40.1465316921432,-3.83093767921788,1.17831612854974,-3.25119684471515,0.00114920260888685,0.116148779965293,NA,NA,"Schistocerca_gregaria",2,"protein_coding","cullin-1-like"
"LOC126322418",9.19120788890001,2.21579216268444,0.744764520504204,2.97515805557488,0.00292837623613065,0.0190332889881525,9.19120788890001,1.86836300918672,0.849519131322131,2.19931834410714,0.0278552942354673,0.52230241579015,9.19120788890001,2.86948795872005,0.894704678929135,3.20719006650833,0.00134038405430368,0.0349613129911568,9.19120788890001,-2.79404773627976,1.1659893048041,-2.39628933538905,0.0165620108914702,0.261500706439858,9.19120788890001,-2.67929631818146,1.12294663326785,-2.385951601622,0.0170349927617131,0.275424828862019,NA,NA,"Schistocerca_gregaria",2,"protein_coding","uncharacterized LOC126322418"
"LOC126322423",34.4128231535021,3.45986980812356,0.713696146449926,4.84781909687151,1.24826148629955e-06,6.9872922721196e-05,34.4128231535021,2.81682853819761,0.814823857048684,3.45697847925101,0.000546268472487946,0.135241613740214,34.4128231535021,4.36650857824764,0.823549256678798,5.30206122200493,1.14502425997416e-07,8.56150996672105e-05,34.4128231535021,-2.21317669772314,0.966528577148058,-2.28982023920448,0.0220317394051951,0.305114459500274,34.4128231535021,-3.61443571209848,0.990292800484971,-3.6498656865206,0.000262377467111968,0.0696442899397042,NA,NA,"Schistocerca_gregaria",2,"protein_coding","tyrosine-protein kinase Fer-like"
"LOC126322426",25.5340046908178,3.41396219707928,0.826333032363671,4.13146039595424,3.60465802165986e-05,0.00091687568875512,25.5340046908178,2.34830535114662,0.946298366527719,2.48156969747642,0.0130805126777925,0.429260099279994,25.5340046908178,3.49649434950821,0.955324425371973,3.66000727778606,0.000252208084930103,0.0128576991869236,25.5340046908178,-2.98296694855543,1.19909568297514,-2.48768050032024,0.0128579187416422,0.240109541377594,25.5340046908178,-3.79606910403171,1.19176180945199,-3.18525822351805,0.00144624896183034,0.123157010164374,NA,NA,"Schistocerca_gregaria",2,"protein_coding","uncharacterized LOC126322426"
"LOC126322427",25.4559591348472,2.86854314289734,0.77154733790564,3.71790945541201,0.000200878237643986,0.00307675846177823,25.4559591348472,2.52494093131256,0.877544002088266,2.8772812819688,0.0040111786931731,0.28988127792843,25.4559591348472,3.15353664611641,0.902209756402856,3.4953475328062,0.000473444857594393,0.018265432810681,25.4559591348472,-3.98357611950774,1.18613258837595,-3.35845769566287,0.000783787173045292,0.0880719518492485,25.4559591348472,-3.99301573236984,1.14419031576466,-3.48981780159651,0.000483349965344924,0.0804364654341828,NA,NA,"Schistocerca_gregaria",2,"protein_coding","uncharacterized LOC126322427"
"LOC126322527",5.72382979735324,2.44089588750419,0.802164797898659,3.04288581834846,0.00234321224839535,0.0165509204451157,5.72382979735324,1.79464679142068,0.917482117179544,1.95605642640496,0.0504585073893316,0.640061659712546,5.72382979735324,3.38627017347921,0.942121811651428,3.59430185311544,0.000325262571698809,0.0149451069128055,5.72382979735324,-2.9071645321523,1.2397520053124,-2.34495650718446,0.019029299234403,0.283184740087862,5.72382979735324,-3.18297233114819,1.20322422528387,-2.64536922068473,0.00816018234369236,0.207295687356807,NA,NA,"Schistocerca_gregaria",2,"protein_coding","uncharacterized LOC126322527"
"LOC126322529",40.3827176040368,3.12485379270942,1.01795786914323,3.06972801864529,0.00214253786594519,0.0154919796396573,40.3827176040368,1.29694152610364,1.16566584237246,1.11261862444557,0.265872258122335,0.984436895690166,40.3827176040368,3.79242507647147,1.13370619070609,3.34515689123077,0.000822360376246095,0.0253516614446057,40.3827176040368,-0.110256299316157,1.38897525238437,-0.0793795995478585,0.936730694634056,0.994013494533638,40.3827176040368,-2.52723388660209,1.41102218690761,-1.79106601586524,0.0732827018871249,0.488753391635129,NA,NA,"Schistocerca_gregaria",2,"protein_coding","uncharacterized LOC126322529"
"LOC126322531",19.613716663044,3.24049687513804,0.667848219983274,4.8521457094236,1.22132835886293e-06,6.90418698880498e-05,19.613716663044,2.50229997752518,0.761699025621224,3.28515580741929,0.00101925990714101,0.172799833441247,19.613716663044,3.29679492749853,0.795640564015826,4.1435732120779,3.41935840305614e-05,0.00416207485618508,19.613716663044,-3.82313916745664,1.03681217711611,-3.68739801850195,0.000226558844259025,0.0532376742259634,19.613716663044,-3.42282588874771,0.965717343837221,-3.54433511067257,0.000393604617621969,0.0753203627000551,NA,NA,"Schistocerca_gregaria",2,"protein_coding","ras GTPase-activating-like protein rgaA"
"LOC126322537",14.9932268975895,2.86185236788922,0.726576663837788,3.93881679707807,8.18844235086304e-05,0.00165346252476261,14.9932268975895,2.09933176869764,0.834687144400051,2.51511213846067,0.01189945283544,0.416745500035931,14.9932268975895,3.43212204579891,0.865429700643353,3.9658010849957,7.31498488920617e-05,0.00638110515168418,14.9932268975895,-3.76118629165679,1.14629442434128,-3.28116948995732,0.00103377602741938,0.101588983525832,14.9932268975895,-3.92093029064364,1.09166571468198,-3.5916950014189,0.000328534212706068,0.0723607213285647,NA,NA,"Schistocerca_gregaria",2,"protein_coding","CYFIP-related Rac1 interactor homolog"
"LOC126322550",13.6991639836431,3.237385681392,0.740492793039547,4.37193408473741,1.23150709231385e-05,0.000414456282580962,13.6991639836431,2.36256128681793,0.850308718338768,2.77847473025282,0.00546147611055696,0.324201017829799,13.6991639836431,3.51621217340672,0.880503593748839,3.9934103601282,6.51297076504278e-05,0.00594573645073847,13.6991639836431,-3.93028964119795,1.16212281682882,-3.38199163142055,0.000719623368396329,0.0837754372277104,13.6991639836431,-3.04889801417267,1.07131374551025,-2.84594314872767,0.00442800995614815,0.171782348174188,NA,NA,"Schistocerca_gregaria",2,"protein_coding","uncharacterized LOC126322550"
"LOC126322573",76.8034193629683,3.23272651043235,1.0275322888339,3.1461069842399,0.00165459469929005,0.0130535306645332,76.8034193629683,1.99548074186858,1.15889580610086,1.72188106244205,0.085091066164227,0.74992297406853,76.8034193629683,3.55514496476639,1.13567674163765,3.13041980558646,0.001745566522131,0.0416548412317643,76.8034193629683,-2.48441551461827,1.38924719715146,-1.78831781680925,0.0737247469593844,0.516236290151346,76.8034193629683,-4.03135337247213,1.43713070959411,-2.80514037140764,0.00502946712301619,0.175341645499476,NA,NA,"Schistocerca_gregaria",2,"protein_coding","uncharacterized LOC126322573"
"LOC126322578",14.9522628348456,3.04826038884172,0.921948594186445,3.30632359337951,0.000945288513624707,0.00892519395795857,14.9522628348456,2.11420171754006,1.05323182657707,2.00734697166441,0.0447127309569893,0.613244607082466,14.9522628348456,3.77573309708457,1.05053635834758,3.59410035367413,0.000325514365315213,0.0149451069128055,14.9522628348456,-2.11259732030532,1.34679209770111,-1.56861428271772,0.116737842384069,0.615100768786077,14.9522628348456,-2.34804324371116,1.29745740676152,-1.80972664803843,0.0703381879256768,0.482918464202279,NA,NA,"Schistocerca_gregaria",2,"protein_coding","phosphatidylinositol 3%2C4%2C5-trisphosphate 5-phosphatase 2B-like"
"LOC126322583",25.3311892404033,3.04938195996965,0.65207489766592,4.67642899747378,2.91913606933857e-06,0.000134190565064539,25.3311892404033,2.33565652500317,0.746112756201065,3.13043371205109,0.00174548387898498,0.206660610150075,25.3311892404033,2.81849149781712,0.797973321460764,3.53206231588998,0.000412332176109533,0.0167155121708863,25.3311892404033,-3.61229662240662,1.04215612573618,-3.46617606824976,0.000527917447868211,0.0837754372277104,25.3311892404033,-2.25439185294275,0.944319360700631,-2.38731931882676,0.0169717428989071,0.275424828862019,NA,NA,"Schistocerca_gregaria",2,"lncRNA","uncharacterized LOC126322583"
"LOC126322585",75.3579008102234,4.18101564284724,0.998944884790139,4.18543175555236,2.84624574337512e-05,0.000760045072474535,75.3579008102234,2.74651122380103,1.13385879838277,2.42226918176973,0.0154239207026569,0.454081463092762,75.3579008102234,4.85322119430981,1.10268003451751,4.40129597198463,1.07606223201666e-05,0.00244874335755443,75.3579008102234,-2.41123543770817,1.3380136480865,-1.80210077913367,0.0715295511605301,0.511808459972479,75.3579008102234,-5.22763937047361,1.39306575854348,-3.75261493465993,0.000174999554946033,0.0566965223701835,NA,NA,"Schistocerca_gregaria",2,"protein_coding","cytoplasmic aconitate hydratase-like"
"LOC126322589",28.7409772886935,3.53084637362168,0.81605372975899,4.3267327197493,1.51337414960575e-05,0.000487389400783988,28.7409772886935,2.50410730934038,0.936288806900667,2.67450309229858,0.00748400860259756,0.344767034371274,28.7409772886935,3.85055298942267,0.944650936268342,4.07616490026837,4.57845562384125e-05,0.0050282157346522,28.7409772886935,-2.30715362642301,1.15149789086969,-2.00361081398116,0.0451117665486601,0.414372472404013,28.7409772886935,-2.96873329553561,1.14984512739793,-2.58185491663018,0.00982708876151218,0.223068137583732,NA,NA,"Schistocerca_gregaria",2,"protein_coding","glutamine--fructose-6-phosphate aminotransferase [isomerizing] 2-like"
"LOC126322602",48.9260010800796,3.32038483963238,1.03709845001844,3.20161006852662,0.00136661853148613,0.0114571783864836,48.9260010800796,1.67856539328552,1.18455901570671,1.41703821508977,0.156471754837588,0.875150163684648,48.9260010800796,3.91817644118525,1.1506351917912,3.40522910227161,0.000661085670177722,0.0218074941032155,48.9260010800796,-1.03875886627582,1.41739179303863,-0.732866432116775,0.463639898423715,0.899381382417962,48.9260010800796,-3.05686741057105,1.44010721951137,-2.12266654118173,0.0337818046608823,0.360536419782192,NA,NA,"Schistocerca_gregaria",2,"protein_coding","rac guanine nucleotide exchange factor JJ-like"
"LOC126322603",8.63282805005401,2.00444925029228,0.611767770944922,3.27648716635768,0.0010510708937445,0.00962105539402696,8.63282805005401,1.45818995602711,0.702302355504795,2.07629939526404,0.0378662692111808,0.584306729761897,8.63282805005401,2.44992481051802,0.785021040598051,3.12083967666854,0.00180336184605106,0.0429036177374147,8.63282805005401,-2.76743114118235,1.01856835705255,-2.71698126298612,0.00658803372016616,0.187259548250917,8.63282805005401,-2.7218303525073,0.985112640012726,-2.76296358604448,0.00572791563141122,0.185620313567684,NA,NA,"Schistocerca_gregaria",2,"protein_coding","uncharacterized LOC126322603"
"LOC126322607",14.1022424680763,2.22485476115935,0.745577026718331,2.98407096977234,0.00284440788639445,0.018731660898917,14.1022424680763,2.51630717173574,0.84193176845155,2.98873051953324,0.00280139089391339,0.258209914257779,14.1022424680763,2.83027803856736,0.885607561237975,3.19586029122308,0.00139414600084695,0.0355915389541753,14.1022424680763,-4.05144460361298,1.15321128978613,-3.51318499870421,0.000442769075068499,0.0770418177645975,14.1022424680763,-3.05099922525046,1.12028186610454,-2.72342105818371,0.00646096544454631,0.191710089066918,NA,NA,"Schistocerca_gregaria",2,"protein_coding","uncharacterized LOC126322607"
"LOC126322613",11.9546534012982,2.96638253916038,0.755179045910954,3.92805197022132,8.56367078888477e-05,0.00170120297168197,11.9546534012982,2.10076292882862,0.866673360584057,2.42393850367444,0.0153532051256154,0.454081463092762,11.9546534012982,3.22580112315485,0.896658777559563,3.59757937343179,0.000321192494550248,0.0149130975722465,11.9546534012982,-1.95519190745534,1.07959274270203,-1.81104580470024,0.0701337616118405,0.507080528873375,11.9546534012982,-3.330853899708,1.11443002507276,-2.98884077489793,0.0028003802496608,0.144960105360631,NA,NA,"Schistocerca_gregaria",2,"protein_coding","uncharacterized LOC126322613"
"LOC126322680",16.8497034130537,3.12591186776353,0.757121090342603,4.12868153804701,3.64849318017328e-05,0.00092659339916839,16.8497034130537,2.67009781537803,0.863191290602104,3.0932863253469,0.00197953046043916,0.213872344536763,16.8497034130537,3.66311358566546,0.887025492938592,4.12965987429524,3.63300298063449e-05,0.00435461166426891,16.8497034130537,-3.27098503281775,1.14566532681242,-2.85509647212472,0.00430237579104305,0.162963893321275,16.8497034130537,-2.78034905329717,1.07438462852872,-2.58785259903115,0.00965762974699146,0.221977112774076,NA,NA,"Schistocerca_gregaria",2,"protein_coding","UBX domain-containing protein 1-like"
"LOC126322691",12.9724316746892,2.48240836495426,0.740888765207387,3.35058173578782,0.000806420064678478,0.0080868623533529,12.9724316746892,1.41906301584961,0.855217654158834,1.65930042363936,0.0970552699626589,0.777319443302266,12.9724316746892,2.87592381428752,0.884410527702359,3.25179735451475,0.00114677751301784,0.0314802456458148,12.9724316746892,-1.07764124153404,1.06811025342329,-1.00892322499498,0.313011455837018,0.825195744555063,12.9724316746892,-2.43754479889044,1.08183318274768,-2.25316142799343,0.0242489724640641,0.315511848491202,NA,NA,"Schistocerca_gregaria",2,"protein_coding","stress-activated protein kinase alpha-like"
"LOC126322706",75.6635629746184,3.55628688583515,1.1342479343627,3.13536994698898,0.00171637512883118,0.013361582542656,75.6635629746184,1.61777910497578,1.29188876940544,1.25225881924829,0.210475569303692,0.946745945015259,75.6635629746184,4.10073421983493,1.24855357932814,3.28438786106527,0.00102204161691584,0.0291254037546508,75.6635629746184,-0.798985577650368,1.54408811434308,-0.517448175546827,0.604843337159951,0.93872528315931,75.6635629746184,-3.15746153628735,1.57206142063602,-2.00848484342928,0.0445917950647845,0.402328493081776,NA,NA,"Schistocerca_gregaria",2,"protein_coding","uncharacterized LOC126322706"
"LOC126322707",42.3034175594034,3.31876105418021,0.782898365008685,4.23907010476819,2.24447564963878e-05,0.000643507591743995,42.3034175594034,2.55085026035621,0.890659962021823,2.86400014497756,0.00418327820116235,0.294667315968905,42.3034175594034,3.61431753582593,0.895987730115499,4.03389177590637,5.48605924878803e-05,0.00548675810983883,42.3034175594034,-3.0337805835364,1.09174073548069,-2.7788471062231,0.00545521952590416,0.174990824730237,42.3034175594034,-3.47422898082265,1.09636261015284,-3.16886853733394,0.00153033597125786,0.123157010164374,NA,NA,"Schistocerca_gregaria",2,"protein_coding","formin-like protein"
"LOC126322709",28.2842270949329,3.80424652817074,0.919277885393826,4.13829875450661,3.4989058185167e-05,0.000893300211682546,28.2842270949329,2.30236084579374,1.05281429645365,2.18686320422236,0.0287525117813218,0.527762091347052,28.2842270949329,3.588652096379,1.04885774845501,3.4214859943259,0.000622799326171325,0.0212069027112788,28.2842270949329,-2.0866597218092,1.25741339850487,-1.65948583360917,0.0970179329437512,0.571399384144842,28.2842270949329,-3.27333420801966,1.29762622514906,-2.52255552837926,0.0116505554504084,0.238474118218123,NA,NA,"Schistocerca_gregaria",2,"protein_coding","repetitive organellar protein-like"
"LOC126322710",38.2178916190777,3.33194560981926,0.892933649896351,3.73145934214264,0.000190373738488577,0.00295285637540671,38.2178916190777,2.4095187663403,1.01825567202118,2.36632000444205,0.0179659079939517,0.46856636366611,38.2178916190777,4.37030178426792,0.999880139679153,4.37082567283543,1.23777587563991e-05,0.0025240982856231,38.2178916190777,-1.95444743494942,1.22436964651612,-1.59628870293436,0.11042435115193,0.5981171387811,38.2178916190777,-3.84356262084918,1.24383388665815,-3.09009318854931,0.00200093704450857,0.133897750520598,NA,NA,"Schistocerca_gregaria",2,"protein_coding","uncharacterized LOC126322710"
"LOC126322718",30.4387730000809,3.03374505689544,0.739062734728954,4.10485458721991,4.04569281264406e-05,0.000998200399065715,30.4387730000809,2.28869773352289,0.842089681057411,2.71787884949377,0.00657018904222035,0.33203610458825,30.4387730000809,3.01562102439578,0.863943433872558,3.49053063680165,0.000482062338191294,0.018386056964836,30.4387730000809,-3.93594050412619,1.13573436177287,-3.46554673047158,0.000529154559496023,0.0837754372277104,30.4387730000809,-3.18909920618904,1.05813745061639,-3.01387991166113,0.00257929879069071,0.141890238704605,NA,NA,"Schistocerca_gregaria",2,"protein_coding","nuclear pore complex protein Nup160-like"
"LOC126322720",19.7748963223266,2.78736944950809,0.870444038007349,3.20223854469614,0.0013636402475393,0.0114537688406427,19.7748963223266,2.1656369675335,0.989966014679685,2.18758718523708,0.0286996861310663,0.527762091347052,19.7748963223266,3.11498347537036,0.999580434144188,3.1162909646559,0.00183141471026562,0.043373866939051,19.7748963223266,-2.42861093456098,1.23997507338324,-1.95859657721552,0.0501600507609746,0.431394202796127,19.7748963223266,-4.23834712091791,1.28867703916523,-3.28891335230385,0.00100574981033244,0.109874859504629,NA,NA,"Schistocerca_gregaria",2,"protein_coding","uncharacterized LOC126322720"
"LOC126322726",11.4366089121732,2.39923637330528,0.695320983821712,3.45054504197226,0.00055945580337971,0.0062932085825153,11.4366089121732,1.68505124222274,0.797758794555893,2.1122314836539,0.0346665993469761,0.568713139371125,11.4366089121732,2.59054086198016,0.847869389632815,3.05535368260204,0.00224795258006827,0.0492292209375621,11.4366089121732,-2.85686525045753,1.10771957493425,-2.579050975629,0.00990721657308608,0.21602897949017,11.4366089121732,-2.54727054301662,1.04180011104656,-2.44506649212938,0.014482543874519,0.261905253542697,NA,NA,"Schistocerca_gregaria",2,"protein_coding","uncharacterized LOC126322726"
"LOC126322730",12.8510362785706,2.3783352736597,0.613804256648096,3.87474548750684,0.00010673619614687,0.00197075792801502,12.8510362785706,2.31233833031632,0.698297546856963,3.31139403356657,0.000928323912345507,0.172799833441247,12.8510362785706,2.65634181362668,0.783615598772078,3.38985315987731,0.000699300705001437,0.0227337881365063,12.8510362785706,-2.70040786019544,1.00031261197627,-2.6995639441758,0.00694304117654255,0.188017038849532,12.8510362785706,-2.27149301940551,0.945966517704656,-2.40124040004839,0.0163395981230092,0.272718829929374,NA,NA,"Schistocerca_gregaria",2,"protein_coding","uncharacterized LOC126322730"
"LOC126323238",19.6269597063393,3.17447114246114,0.699348733149256,4.53918194455875,5.64728922944174e-06,0.000227230901831107,19.6269597063393,2.53668740990763,0.800928969716464,3.16718149276788,0.00153924220961778,0.19753869586044,19.6269597063393,3.55311574579862,0.834829224645857,4.25609890131228,2.08024714475891e-05,0.00326640406670044,19.6269597063393,-2.96299268427562,1.05875275017627,-2.79856905569532,0.00513295923603087,0.173742708550671,19.6269597063393,-3.09229254845998,1.00960457660628,-3.06287493154451,0.0021922166132761,0.136785096180152,NA,NA,"Schistocerca_gregaria",2,"protein_coding","autophagy-related protein 9-like"
"LOC126323244",14.0363459467583,2.5681393943932,0.759578879590159,3.3810042161505,0.000722214347036201,0.00750346054872144,14.0363459467583,2.2422330710085,0.865904613510173,2.58946890457023,0.00961241038687,0.383471395409849,14.0363459467583,3.2914409811851,0.894924273665576,3.67789887707871,0.000235163150280506,0.0125546766235644,14.0363459467583,-2.80434610328277,1.17024371524213,-2.39637783716065,0.0165580119732066,0.261500706439858,14.0363459467583,-2.72308414834719,1.10249999515186,-2.46991760573397,0.0135144175586308,0.255411194604399,NA,NA,"Schistocerca_gregaria",2,"protein_coding","START domain-containing protein 10-like"
"LOC126323247",23.1547324310118,3.09868547355393,0.773581524934919,4.00563531272883,6.18510142006118e-05,0.00133931860618351,23.1547324310118,2.42263611540541,0.883465583926069,2.74219636789852,0.00610298445220845,0.326907241869226,23.1547324310118,3.44404027579159,0.900461992337908,3.82474807942718,0.000130905873233909,0.00874674051710141,23.1547324310118,-3.61746587604592,1.18316515039218,-3.05744796053777,0.0022323039826219,0.125569253756056,23.1547324310118,-3.15392712786593,1.10400979452917,-2.85679270554932,0.00427945223116449,0.169295541750659,NA,NA,"Schistocerca_gregaria",2,"protein_coding","ADP-ribosylation factor 1-like"
"LOC126323255",30.0318890255876,3.2428437905198,0.843266307913828,3.84557495074401,0.000120270093272369,0.0021305542787765,30.0318890255876,2.07832016066271,0.962570571365807,2.15913536366871,0.030839666810734,0.542742685994173,30.0318890255876,3.03404587179567,0.968267213843363,3.13347992002391,0.00172746737703259,0.0413456182530318,30.0318890255876,-2.67182026468608,1.17883405478232,-2.26649395972824,0.0234211565663823,0.312460819800868,30.0318890255876,-2.82720222086959,1.18728554926292,-2.38123189709902,0.0172548458745058,0.275424828862019,NA,NA,"Schistocerca_gregaria",2,"protein_coding","splicing factor 3B subunit 1-like"
"LOC126323264",11.3547251261193,2.63165143841736,0.708043182553575,3.7167951097647,0.000201765937105408,0.00308020596191438,11.3547251261193,2.18104696081458,0.81007684593631,2.69239513727079,0.00709408405299618,0.340259404886648,11.3547251261193,2.90866656344963,0.869608618259943,3.34479960567752,0.000823420413752957,0.0253516614446057,11.3547251261193,-3.50572807418755,1.12534921644085,-3.11523571791799,0.00183797968293916,0.122157234943861,11.3547251261193,-1.93363696629635,1.04508044337953,-1.85022787340987,0.0642807131760596,0.468712992542852,NA,NA,"Schistocerca_gregaria",2,"protein_coding","uncharacterized LOC126323264"
"LOC126323273",28.8284614016023,2.38895674558509,0.78923660808705,3.02692085124567,0.00247058639102869,0.0172030730247358,28.8284614016023,1.91124583529715,0.89823237511547,2.12778551324366,0.0333548710247718,0.559112052090354,28.8284614016023,3.13346275835588,0.905206318764643,3.46160062452081,0.000536973343221919,0.0195014750930434,28.8284614016023,-3.11813353910994,1.20022906449114,-2.59794870109392,0.00937825033504535,0.213487076767618,28.8284614016023,-2.67550808144158,1.1119996602941,-2.40603318236083,0.0161267998401348,0.271316473095949,NA,NA,"Schistocerca_gregaria",2,"protein_coding","uncharacterized LOC126323273"
"LOC126323585",533.629299267638,6.42669323115215,1.62580896082093,3.95292029138962,7.72031603404214e-05,0.00157830113008983,533.629299267638,-1.98619957731041,1.81779025408237,-1.09264507984341,0.274549661740293,0.985494958499489,533.629299267638,9.35917440155503,1.74592249564473,5.36058984571299,8.29506588022454e-08,6.85521707638346e-05,533.629299267638,-2.11202539224591,2.29944759298028,-0.918492510415748,0.358361078215217,0.852123804230046,533.629299267638,-7.9200406758508,2.3469948724642,-3.37454536810949,0.000739377275341182,0.0965708874626178,NA,NA,"Schistocerca_gregaria",2,"rRNA","large subunit ribosomal RNA"
"LOC126323716",28.9896300485386,2.98437499617398,0.813810959480917,3.66715999754727,0.000245259343586363,0.00348552074041517,28.9896300485386,1.77728893718327,0.931186750129102,1.90862782029154,0.0563101204368263,0.659235658938783,28.9896300485386,3.20395990121487,0.93049454734248,3.44328713195093,0.000574688808533424,0.0203237920531347,28.9896300485386,-3.02162850694027,1.20050451480918,-2.51696555045489,0.0118370402329792,0.232417572984197,28.9896300485386,-3.07235482222654,1.14310652270874,-2.68772398826505,0.00719408347957372,0.196772321306163,NA,NA,"Schistocerca_gregaria",2,"protein_coding","uncharacterized LOC126323716"
"LOC126323724",29.9197154553456,3.49626654788572,1.07148968420384,3.26299599466848,0.001102410779073,0.00992471235842687,29.9197154553456,2.06699936169497,1.22061130301633,1.69341325660928,0.0903768332966206,0.764791682282324,29.9197154553456,3.71154405315497,1.20429587796001,3.08192041597125,0.002056698165382,0.046735563810171,29.9197154553456,-1.21690388677904,1.47670689098091,-0.824065963402328,0.40990207848252,0.87795988848845,29.9197154553456,-2.97737788834448,1.51889799838695,-1.96022240565621,0.0499698007685322,0.419533432786375,NA,NA,"Schistocerca_gregaria",2,"protein_coding","ubiquitin carboxyl-terminal hydrolase 33-like"
"LOC126323726",48.2656032661151,3.8811110540056,1.02443928008573,3.78852229649064,0.000151545994032953,0.00250400845763084,48.2656032661151,3.34006439165893,1.14605376894394,2.91440461361312,0.00356367694464775,0.285688101729261,48.2656032661151,3.92725326947178,1.14239326199989,3.43774197564565,0.000586586357649426,0.0204435973829642,48.2656032661151,-2.75927529234924,1.35766694038471,-2.03236538378652,0.0421166797752173,0.402623298979751,48.2656032661151,-3.63661774488008,1.43175545570418,-2.53997128517417,0.011086157040299,0.233654428761625,NA,NA,"Schistocerca_gregaria",2,"protein_coding","myosin ID heavy chain-like"
"LOC126323740",42.1073683056865,3.06751557368634,0.938683119457578,3.26789255085242,0.00108351492439045,0.0098244656257265,42.1073683056865,1.60309013400849,1.07380670877082,1.49290381678052,0.13546236591485,0.849010659563952,42.1073683056865,3.28709690145711,1.05705251492005,3.10968173771926,0.00187289027391365,0.0437882090037569,42.1073683056865,-1.24444356585417,1.27990370370566,-0.97229468299152,0.330903968230783,0.836326606626395,42.1073683056865,-3.05510119725268,1.31766999153191,-2.31856323425931,0.0204187305580855,0.29169361874515,NA,NA,"Schistocerca_gregaria",2,"protein_coding","rho GTPase-activating protein gacJJ-like"
"LOC126323741",70.2832991487119,4.14130678042383,1.26515515701532,3.27335881094122,0.00106277471090491,0.00970054543392243,70.2832991487119,2.66823201587289,1.4206644761026,1.87815776402942,0.0603595861233307,0.677887680044211,70.2832991487119,4.41452683790272,1.38747246190535,3.18170411241206,0.00146411314114272,0.0367754834875433,70.2832991487119,-2.00088533911912,1.71221090498611,-1.16859747434873,0.242565846309559,0.770776317855678,70.2832991487119,-4.22113665050589,1.77813407118361,-2.37391359791902,0.0176006685596723,0.27769603179129,NA,NA,"Schistocerca_gregaria",2,"protein_coding","son of sevenless homolog"
"LOC126323745",19.7067486664838,2.46859643948804,0.630130735082086,3.91759408333964,8.94371433791364e-05,0.00175222270070291,19.7067486664838,1.89930207266137,0.722950634366555,2.62715320019814,0.00861025591215426,0.366044591618982,19.7067486664838,3.14964835341196,0.772706667326861,4.07612420934325,4.57925646449665e-05,0.0050282157346522,19.7067486664838,-1.58295419670623,0.93834368490833,-1.68696632392307,0.0916098275511719,0.563822637009636,19.7067486664838,-2.9687165072693,0.941546319435913,-3.15302226346961,0.0016158948237534,0.123157010164374,NA,NA,"Schistocerca_gregaria",2,"protein_coding","uncharacterized LOC126323745"
"LOC126323757",33.469140484332,3.63055766374017,0.939550836326996,3.86414180411268,0.000111480448015482,0.00202217386357742,33.469140484332,2.20879023424214,1.07591536324352,2.05294050972875,0.0400783475413655,0.59175783070021,33.469140484332,4.171760456817,1.05531817326603,3.9530831198577,7.7150621642373e-05,0.00659070698023143,33.469140484332,-2.31676384821489,1.31573433746767,-1.76081430896898,0.0782698371788446,0.531119356245266,33.469140484332,-3.81497770919309,1.31881121459607,-2.89273981519906,0.00381897512282818,0.163215309615695,NA,NA,"Schistocerca_gregaria",2,"protein_coding","uncharacterized LOC126323757"
"LOC126323764",28.6860832179135,2.99809641644562,0.761481077083878,3.93719096464873,8.24409993638947e-05,0.00166062610346587,28.6860832179135,2.6928571678273,0.86783398914783,3.10296347170218,0.00191593286939873,0.213607482492235,28.6860832179135,3.69567773454933,0.884834996614839,4.17668576479014,2.95787195114961e-05,0.00371556043015609,28.6860832179135,-3.63684727005212,1.16834109522039,-3.11283005017134,0.00185302690113208,0.122157234943861,28.6860832179135,-3.38114839359157,1.08905519631594,-3.10466210071751,0.00190496511529583,0.13165105452552,NA,NA,"Schistocerca_gregaria",2,"protein_coding","glycerol-3-phosphate dehydrogenase%2C mitochondrial-like"
"LOC126323767",21.5395701944301,2.31966090566561,0.788529094649881,2.94175690079714,0.00326356015747235,0.0205543090361739,21.5395701944301,1.57658649539453,0.899986669500593,1.75178871957002,0.0798101446110745,0.739056790510191,21.5395701944301,2.89913422641979,0.907676603858235,3.19401669503931,0.00140308002882655,0.0355915389541753,21.5395701944301,-2.11546440642884,1.14108612375346,-1.85390424297712,0.0637528607822057,0.486800539169787,21.5395701944301,-3.47122127497683,1.14690487788721,-3.02659910329391,0.00247321732573075,0.138817700236334,NA,NA,"Schistocerca_gregaria",2,"protein_coding","uncharacterized LOC126323767"
"LOC126323771",26.1018796936291,3.36901683376889,0.717044733036012,4.69847511396432,2.62111119637223e-06,0.000123597784981942,26.1018796936291,2.17118799930757,0.822507390980884,2.63971852790078,0.0082974909477349,0.358175025910557,26.1018796936291,3.63012468604064,0.835094871008706,4.34696082093742,1.38036864290735e-05,0.00261139137722063,26.1018796936291,-4.46593881887525,1.1299237726601,-3.95242486876915,7.73632229406717e-05,0.0308138750710061,26.1018796936291,-3.27790203921948,1.00631999489628,-3.25731581986239,0.00112471220476161,0.116148779965293,NA,NA,"Schistocerca_gregaria",3,"protein_coding","mRNA export factor-like"
"LOC126323773",12.662590335588,2.60936218585271,0.865635208411148,3.01439008083108,0.0025749649843268,0.0176321887906975,12.662590335588,1.48906002409021,0.992727718010447,1.49996821593183,0.133622635926161,0.847005372537167,12.662590335588,3.12027402558341,1.01345750033008,3.07884052815945,0.00207807886283149,0.0468519259482796,12.662590335588,-1.31577796121868,1.29466068523709,-1.01631105062692,0.309481287943416,0.821064886259322,12.662590335588,-1.55238203294091,1.24073209366731,-1.2511822986318,0.210867974890025,0.732739498050074,NA,NA,"Schistocerca_gregaria",2,"lncRNA","uncharacterized LOC126323773"
"LOC126323781",7.35893011399129,2.39493848901402,0.792903679342237,3.02046585406284,0.00252386164288594,0.0174224794702072,7.35893011399129,1.81380356287787,0.9063218060814,2.00127984420907,0.0453622406060641,0.616092260144611,7.35893011399129,3.14256314193406,0.941492598441552,3.33785220100076,0.000844286457441823,0.0256421391774691,7.35893011399129,-1.57348808751359,1.20060558664437,-1.3105786821394,0.190000145365627,0.717127491666274,7.35893011399129,-2.02460625617943,1.1583232872231,-1.74787667528735,0.0804853845403344,0.509538435798873,NA,NA,"Schistocerca_gregaria",2,"protein_coding","probable myosin light chain kinase DDB_G0271550"
"LOC126323782",13.7754591844303,2.23299841792215,0.586550791701584,3.8069992394763,0.000140663177717323,0.00238403080915961,13.7754591844303,2.08294190592996,0.666647550968772,3.12450244946229,0.00178106038958759,0.206660610150075,13.7754591844303,2.32796003312432,0.747881093900055,3.1127408516031,0.00185358699942197,0.0436357167390161,13.7754591844303,-2.760407292056,0.945967433520643,-2.91807856617483,0.00352195598147554,0.150473245437294,13.7754591844303,-2.94716768642278,0.934283096138633,-3.15446966621075,0.00160790092464605,0.123157010164374,NA,NA,"Schistocerca_gregaria",2,"protein_coding","AP-1 complex subunit gamma-like"
"LOC126323824",3.14261114418286,4.19800835257101,1.42404190435364,2.94795282339423,0.00319885877627112,0.0202300235783723,3.14261114418286,-0.856675343807698,1.66762905955553,-0.513708572598289,0.607455757518205,0.997493170622168,3.14261114418286,4.94852444635518,1.49771876942398,3.30404115070173,0.000953018422265099,0.02766043487321,3.14261114418286,-1.03442358549974,1.98717333384899,-0.520550254917193,0.602680110539247,NA,3.14261114418286,-5.64080274953768,1.91878838524366,-2.93977324071689,0.0032845252594175,0.157159608778382,NA,NA,"Schistocerca_gregaria",2,"rRNA","large subunit ribosomal RNA"
"LOC126323888",16.3477892627155,3.38893845281998,0.767047428006064,4.4181602454877,9.95446075869098e-06,0.000356907539664003,16.3477892627155,2.12758754407187,0.8841537994159,2.40635457934741,0.0161126174473684,0.459637293099684,16.3477892627155,3.47637134275987,0.90500093845807,3.84129031808836,0.00012238925812476,0.00841056037737339,16.3477892627155,-3.00310300443226,1.1668958873996,-2.57358264508464,0.0100651605137693,0.216673060855665,16.3477892627155,-3.22825671250571,1.1063696778826,-2.91788249175812,0.00352417130341909,0.157706666883667,NA,NA,"Schistocerca_gregaria",2,"protein_coding","transducin beta-like protein 3"
"LOC126323889",7.66907049932432,1.91887801939888,0.661478052071193,2.90089446413312,0.00372099174776584,0.0223195607813981,7.66907049932432,1.54511573397695,0.755183931232002,2.04601246143607,0.0407551446499817,0.592079957457005,7.66907049932432,2.73481420935665,0.813424701000545,3.36209879782691,0.00077352442041095,0.0245344379726764,7.66907049932432,-3.13861143251155,1.07041622195762,-2.93214113176604,0.00336633729195063,0.146838826366553,7.66907049932432,-2.59763319098759,1.02011708751725,-2.54640690051538,0.0108838239215604,0.232014365643937,NA,NA,"Schistocerca_gregaria",2,"protein_coding","uncharacterized LOC126323889"
"LOC126323896",15.088622289054,2.20468768960826,0.666124512044567,3.30972310693284,0.000933883057818326,0.00886392045703631,15.088622289054,2.3617546501736,0.754872114294587,3.12868180642838,0.00175592344789531,0.206660610150075,15.088622289054,3.06988556906783,0.799954442034333,3.83757550150097,0.000124255037010803,0.00841056037737339,15.088622289054,-2.18096553302009,0.987712491582827,-2.20809755025478,0.0272374737492134,0.331623481302889,15.088622289054,-2.36760894534323,0.969458578598981,-2.44219711662647,0.0145981734590892,0.261905253542697,NA,NA,"Schistocerca_gregaria",2,"protein_coding","uncharacterized LOC126323896"
"LOC126323898",6.57677802789529,2.01031870558927,0.60001849256752,3.35042791262479,0.000806868079492342,0.0080868623533529,6.57677802789529,2.01549682377574,0.677497683038058,2.9749132347402,0.00293071428503025,0.260227903001785,6.57677802789529,2.91286469723703,0.773954353507855,3.76361304001305,0.000167475970250632,0.0102411078412417,6.57677802789529,-2.08047935248657,1.00333657634073,-2.07356075871795,0.0381201228136701,0.387829657313101,6.57677802789529,-2.27422927388918,0.953462070975793,-2.38523308175404,0.0170683033960357,0.275424828862019,NA,NA,"Schistocerca_gregaria",2,"lncRNA","uncharacterized LOC126323898"
"LOC126323900",28.2073337270531,3.47655564616594,0.676753716593549,5.13710610067313,2.79001451866378e-07,2.06825535737161e-05,28.2073337270531,2.61053194451563,0.773929289427102,3.37308844642391,0.000743300721375577,0.155055482736572,28.2073337270531,3.38104337504289,0.807841773136345,4.18527920624408,2.84815796644354e-05,0.00371556043015609,28.2073337270531,-3.43794398937656,1.00966146336841,-3.405046259671,0.000661528465795734,0.0837754372277104,28.2073337270531,-3.18672813058538,0.969503713719898,-3.28696846178978,0.00101272174985275,0.109874859504629,NA,NA,"Schistocerca_gregaria",2,"protein_coding","chaperone protein DnaJ-like"
"LOC126323902",19.8010757912332,2.92253768923078,0.834000736179919,3.5042387403844,0.000457914636806995,0.00550065779411147,19.8010757912332,2.53343225103692,0.949090902584981,2.66932518701503,0.00760038256139921,0.344885284154058,19.8010757912332,3.42941750521599,0.966541426687611,3.54813297239498,0.000387972299239119,0.0164091206917412,19.8010757912332,-3.91481208904831,1.26949177465322,-3.08376325645568,0.00204400179242263,0.125164609992619,19.8010757912332,-3.05532634885017,1.20186010519152,-2.54216471255887,0.0110168243116803,0.23357436092343,NA,NA,"Schistocerca_gregaria",2,"protein_coding","uncharacterized LOC126323902"
"LOC126323905",38.6140403656184,3.63838985926459,0.828462727073218,4.39173633329074,1.12449016125983e-05,0.000387960892743249,38.6140403656184,2.28173663546102,0.946216872248272,2.41143093341748,0.0158900611195131,0.459264686172475,38.6140403656184,3.64923834299258,0.941840282741401,3.87458299444444,0.000106807438519277,0.00780042046339388,38.6140403656184,-2.94491701533135,1.14621100435893,-2.56926255648577,0.0101915207828861,0.217713000419162,38.6140403656184,-3.68098144444868,1.1571388217861,-3.18110616906526,0.00146713851738128,0.123157010164374,NA,NA,"Schistocerca_gregaria",2,"protein_coding","uncharacterized LOC126323905"
"LOC126323911",11.8115398816629,2.26900001694895,0.744510152581187,3.04764147148621,0.00230644930245734,0.0164010721318989,11.8115398816629,2.00293883864517,0.848366536233648,2.360935695952,0.0182288911666543,0.46856636366611,11.8115398816629,2.76289294329569,0.893037179592604,3.0938162558429,0.00197599824664266,0.0453505084182963,11.8115398816629,-2.21296706764891,1.13277663441432,-1.95357760781594,0.0507511909227991,0.433154130377422,11.8115398816629,-3.48297976717531,1.14319346510076,-3.04671070427114,0.00231360262614165,0.137129434790609,NA,NA,"Schistocerca_gregaria",2,"protein_coding","dnaJ homolog subfamily B member 4-like"
"LOC126323914",14.3209868829722,3.03593859402055,0.646562689920294,4.69550538772166,2.65948357948071e-06,0.000124338412691801,14.3209868829722,2.42675709205818,0.740290749224947,3.27811349067767,0.0010450337034047,0.172799833441247,14.3209868829722,3.43152604169637,0.787379292590624,4.35816140199219,1.31159645254004e-05,0.00254255401207206,14.3209868829722,-2.88722980095141,0.995940307215546,-2.89899884564723,0.00374356272523449,0.154245781086917,14.3209868829722,-3.70059483414144,0.97160182496467,-3.80875656987986,0.00013966737444999,0.0510779106960776,NA,NA,"Schistocerca_gregaria",2,"protein_coding","uncharacterized LOC126323914"
"LOC126323918",1043.98673274375,6.27988761697956,1.40498635990818,4.46971429487044,7.83241505995919e-06,0.000293617436541568,1043.98673274375,2.93495046743615,1.55906599349043,1.88250560251487,0.0597673999154908,0.674289323901838,1043.98673274375,6.52346000453257,1.52284274519482,4.28373843925559,1.83778948277759e-05,0.003102900049309,1043.98673274375,-1.31328641847161,1.87394002661903,-0.700815607659039,0.483418096477075,0.906639743486038,1043.98673274375,-5.61305727097632,1.93905198312835,-2.89474305991557,0.00379469000737751,0.163215309615695,NA,NA,"Schistocerca_gregaria",2,"protein_coding","probable chitinase 2"
"LOC126323930",10.7613210763046,2.73743408183078,0.719638054512311,3.80390401072648,0.000142433391083729,0.00240659786146296,10.7613210763046,1.72491273154518,0.831427306384848,2.0746404626104,0.0380198690864221,0.58453378636522,10.7613210763046,3.2506922800919,0.866333876168612,3.75223960359046,0.000175261836165925,0.0104454315303986,10.7613210763046,-2.93643877582587,1.1452764556919,-2.56395629302609,0.0103486575288246,0.218453638411867,10.7613210763046,-2.29438506693555,1.04372038958075,-2.19827560124333,0.0279294720156585,0.334523523261784,NA,NA,"Schistocerca_gregaria",2,"lncRNA","uncharacterized LOC126323930"
"LOC126323932",22.4222929061243,3.02523324213818,0.860788480673779,3.51449085351397,0.000440597844476155,0.00533548103498461,22.4222929061243,1.81106222920149,0.989400328035153,1.83046455300665,0.0671805025769455,0.700401223054841,22.4222929061243,3.52225362190411,0.988025374903302,3.56494247149152,0.000363936005372015,0.0159543426034714,22.4222929061243,-1.96335439996913,1.24983846319098,-1.57088652477254,0.116209009163207,0.614076785942698,22.4222929061243,-2.52278177776021,1.21150315207448,-2.0823567594029,0.0373098949909631,0.374852833862198,NA,NA,"Schistocerca_gregaria",2,"protein_coding","uncharacterized LOC126323932"
"LOC126323936",10.8602502754062,2.49487019269166,0.781030532114893,3.19433119462819,0.00140155224552969,0.0116609430256229,10.8602502754062,1.9522793476957,0.893225694079626,2.1856506822806,0.0288411716091053,0.527762091347052,10.8602502754062,3.03900524986496,0.937860733136328,3.24035876808931,0.0011937939349118,0.0323899698022624,10.8602502754062,-1.88950494595572,1.20295715273013,-1.57071674719873,0.116248457384169,0.614076785942698,10.8602502754062,-1.65736090775737,1.14050370935403,-1.45318326820355,0.146172876459471,0.641534983277423,NA,NA,"Schistocerca_gregaria",2,"protein_coding","charged multivesicular body protein 4c-like"
"LOC126323998",135.408560620307,6.42339747499735,1.45991079877403,4.39985612846445,1.08322671108046e-05,0.000376089915279559,135.408560620307,6.94923008714198,1.56355539056911,4.44450521488246,8.80943714018626e-06,0.00529667408053699,135.408560620307,5.27492922500311,1.57005412658298,3.3597117040056,0.000780238461172585,0.0245344379726764,135.408560620307,-11.9071500352366,2.00448065902706,-5.94026686244811,2.84558472945022e-09,1.03643309808401e-05,135.408560620307,-5.50898624074909,2.10059626588284,-2.62258213547464,0.008726623038555,0.213423945485547,NA,NA,"Schistocerca_gregaria",4,"rRNA","large subunit ribosomal RNA"
"LOC126324021",19.8006581484847,2.13948903386649,0.650219651750104,3.29040967634234,0.00100041613870033,0.00929635708333785,19.8006581484847,1.88059281700616,0.741390814622521,2.53657420609353,0.0111943015349454,0.404412159529628,19.8006581484847,3.18874684747743,0.773525546728813,4.12235492539635,3.75018790744906e-05,0.0043944366061765,19.8006581484847,-1.99591654407993,0.976993473572991,-2.04291696727574,0.0410606583949293,0.39907453779568,19.8006581484847,-2.75098838419247,0.939015870259033,-2.92965057495097,0.00339343358531756,0.157706666883667,NA,NA,"Schistocerca_gregaria",2,"protein_coding","leucine-rich repeat protein soc-2 homolog"
"LOC126324027",13.5095302919717,1.96892831566998,0.611544509015443,3.21959936953708,0.00128369861408719,0.0109999666749238,13.5095302919717,1.70778483173083,0.697333210401705,2.44902265696917,0.0143244437257057,0.444927198620081,13.5095302919717,2.86072311537885,0.754271104368626,3.79269880393133,0.000149018862627079,0.00958973024987865,13.5095302919717,-2.17389696518667,1.00208909631912,-2.16936495284885,0.0300549875603243,0.349737311314988,13.5095302919717,-1.75710808076847,0.893827387119424,-1.96582484055582,0.0493188473457904,0.417940407193446,NA,NA,"Schistocerca_gregaria",2,"protein_coding","eukaryotic translation initiation factor 3 subunit M-like"
"LOC126324054",38.8114432743426,3.31859258164615,0.765438161560275,4.33554629009024,1.45398571509043e-05,0.000471028403804001,38.8114432743426,2.32976385818974,0.872491089160073,2.67024372756924,0.00757962064440267,0.344885284154058,38.8114432743426,3.80581756234268,0.872647578138027,4.36123087680273,1.29332805890581e-05,0.00254255401207206,38.8114432743426,-4.21478160718652,1.16778466938082,-3.60921128500623,0.000307129387352585,0.0621467783936085,38.8114432743426,-3.65227029530398,1.06416676506011,-3.43204694529027,0.000599043852889106,0.0864981144359414,NA,NA,"Schistocerca_gregaria",2,"protein_coding","serine/threonine-protein kinase WNK4-like"
"LOC126324061",8.7701434318888,1.95611768619536,0.64219792541794,3.04597322534532,0.00231928487263746,0.0164590216252672,8.7701434318888,2.16244038017788,0.723366357044666,2.98941243136133,0.0027951455574237,0.258209914257779,8.7701434318888,2.77460347238192,0.801403967290724,3.46217835901401,0.00053582193724721,0.0195014750930434,8.7701434318888,-2.46808807639789,1.04546408855054,-2.36075834973894,0.0182376102416061,0.277466750253519,8.7701434318888,-1.15410734084534,0.947668056850745,-1.21783923442627,0.22328507151846,0.745657959005538,NA,NA,"Schistocerca_gregaria",2,"protein_coding","uncharacterized LOC126324061"
"LOC126324477",9.17204454510345,2.24543373310324,0.581051389605649,3.86443225723491,0.000111347886203574,0.00202217386357742,9.17204454510345,2.04523219389647,0.660434824160912,3.09679641211373,0.00195624175377356,0.213872344536763,9.17204454510345,2.39119418892355,0.762410856668399,3.13635904841734,0.00171059640529779,0.0410700072721498,9.17204454510345,-3.20627269478558,0.981246885185039,-3.2675494243031,0.00108482922911087,0.101588983525832,9.17204454510345,-1.49038350520874,0.893413587265222,-1.66818988031161,0.0952780391416884,0.542986771703837,NA,NA,"Schistocerca_gregaria",2,"protein_coding","uncharacterized LOC126324477"
"LOC126324489",30.0678413062421,3.49557253096441,0.795678601776522,4.39319660370381,1.1169603006353e-05,0.000386172598057882,30.0678413062421,2.69431093149698,0.906248806196427,2.97303666837934,0.00294869222185732,0.260227903001785,30.0678413062421,4.10479818476904,0.905907473472234,4.53114507272563,5.866483359151e-06,0.00167482766737071,30.0678413062421,-3.20580521859376,1.12295513089967,-2.85479368710431,0.00430647943775763,0.162963893321275,30.0678413062421,-3.90280591782502,1.11344229928565,-3.50517123368579,0.000456313694334607,0.0782275934125042,NA,NA,"Schistocerca_gregaria",2,"protein_coding","dynein heavy chain%2C cytoplasmic-like"
"LOC126324490",15.8151236110747,3.10926988958771,0.777705706373081,3.99800318309113,6.38790923917469e-05,0.00136882581183721,15.8151236110747,1.96370487777454,0.893313504557471,2.19822589466765,0.0279330122492245,0.523083716591428,15.8151236110747,3.04318577585558,0.916785136357264,3.31941002877437,0.000902078680982623,0.0267891815480646,15.8151236110747,-3.6084572556666,1.20355281216737,-2.99817109742651,0.00271605144562908,0.134136113597865,15.8151236110747,-3.40726205748155,1.14002347149072,-2.98876483045225,0.00280107635077358,0.144960105360631,NA,NA,"Schistocerca_gregaria",2,"protein_coding","uncharacterized LOC126324490"
"LOC126324498",23.9442540231197,2.77786315034325,0.700683550385999,3.96450458814532,7.35485322945429e-05,0.00153144611770394,23.9442540231197,2.04761615989558,0.801157081630734,2.55582357922583,0.0105936814040775,0.399875844030595,23.9442540231197,2.94502297775619,0.831184413942948,3.54316434277886,0.000395356241655155,0.0165597977291407,23.9442540231197,-2.46071601923592,1.01905859419239,-2.41469532101443,0.0157483768087748,0.259810661802139,23.9442540231197,-2.58892441908947,1.00254574402533,-2.58235041594677,0.00981298914512769,0.223068137583732,NA,NA,"Schistocerca_gregaria",2,"protein_coding","uncharacterized LOC126324498"
"LOC126324499",39.8422675946785,3.0383508451638,0.839694497225242,3.61840032917208,0.000296429619214081,0.00401179460806425,39.8422675946785,1.97702250039178,0.95673458971643,2.06642732649371,0.0387881478947161,0.586174568947528,39.8422675946785,3.31096253542589,0.951920063158743,3.47819387737156,0.000504804664459157,0.0189143606183988,39.8422675946785,-2.32372702214176,1.15657999570586,-2.0091364460472,0.0445226654310138,0.412556266109737,39.8422675946785,-2.93063723583276,1.1663495015371,-2.51265785424572,0.011982548417026,0.240223568139371,NA,NA,"Schistocerca_gregaria",2,"protein_coding","uncharacterized LOC126324499"
"LOC126324506",12.4448263294496,2.4368076812188,0.790983121093235,3.08073284528605,0.00206491830589311,0.0151047080484248,12.4448263294496,2.03833148975608,0.901218529455683,2.26175053345517,0.0237128206489694,0.50537729483531,12.4448263294496,3.46575821336865,0.916682447851239,3.78076205287077,0.000156349052475474,0.00985940892357386,12.4448263294496,-2.21928592762409,1.18854904151141,-1.86722284913203,0.0618704740618257,0.480741832856927,12.4448263294496,-3.14966521927405,1.15020697553884,-2.7383464769882,0.00617489831298844,0.190226727047904,NA,NA,"Schistocerca_gregaria",2,"protein_coding","uncharacterized LOC126324506"
"LOC126324537",112.001763192931,4.04739942253352,1.0743693111852,3.76723290622348,0.000165066991013097,0.00264509004002195,112.001763192931,2.34166409772812,1.21886932606177,1.92117731380948,0.0547093572069367,0.654142065751974,112.001763192931,4.72006475006297,1.17917653416935,4.00284827020233,6.25844418212863e-05,0.00584132092173455,112.001763192931,-1.73849044457369,1.44068166499063,-1.2067137986274,0.227542383169416,0.756136138658393,112.001763192931,-4.01224932594011,1.47311264756808,-2.7236541160405,0.00645640843365265,0.191710089066918,NA,NA,"Schistocerca_gregaria",2,"protein_coding","actobindin-like"
"LOC126324538",33.1522655254533,3.47054745639521,0.755117089446634,4.59603881954056,4.30598509835558e-06,0.000181701530163174,33.1522655254533,2.91694896049337,0.861337027863561,3.38653612480645,0.000707809570302476,0.152768898923618,33.1522655254533,4.1211299483251,0.872094151241111,4.72555622860234,2.29486321167495e-06,0.000973890328370814,33.1522655254533,-2.76637557199052,1.04759580755922,-2.64068980806238,0.00827374326840337,0.204305365554862,33.1522655254533,-4.61693540349011,1.09125109873463,-4.23086438019969,2.32795003982105e-05,0.0239444211283344,NA,NA,"Schistocerca_gregaria",3,"protein_coding","uncharacterized LOC126324538"
"LOC126324540",9.21597981150013,2.35864595643546,0.59261506010943,3.98006415159264,6.88966733703686e-05,0.00145177023515513,9.21597981150013,2.16080998959096,0.673894441590183,3.20645171741158,0.00134382854303748,0.194004081710091,9.21597981150013,2.67366365021127,0.76197709731514,3.50885040985095,0.000450047954282905,0.0177554094928396,9.21597981150013,-2.4507683504408,0.956719965247648,-2.56163604760398,0.0104180428986242,0.218810007090451,9.21597981150013,-2.49929848686406,0.926815896671432,-2.69665043061955,0.00700407539776933,0.196188426697791,NA,NA,"Schistocerca_gregaria",2,"protein_coding","probable ATP-dependent RNA helicase DDX47"
"LOC126324541",31.5377894897181,3.33830719660041,0.796994998113818,4.18861750011092,2.80658985214296e-05,0.000755941885379978,31.5377894897181,2.3925644420007,0.913392050543568,2.61942770421186,0.00880774398275881,0.36838985700531,31.5377894897181,3.92696404984812,0.916672654277356,4.28393279926506,1.8361839314362e-05,0.003102900049309,31.5377894897181,-3.01584366610863,1.1803122873194,-2.55512350291455,0.0106150127066013,0.220613580773857,31.5377894897181,-3.3086566424254,1.12028329277846,-2.95341068081044,0.00314283543633471,0.154855217891498,NA,NA,"Schistocerca_gregaria",2,"protein_coding","SH3 and F-BAR domain-containing protein DDB_G0274695-like"
"LOC126324743",18.0571919453431,3.2382761905817,0.982451094072943,3.29611948128308,0.000980303138749934,0.0091611861183462,18.0571919453431,1.72051686903817,1.12396215557885,1.53076049802771,0.125828595704986,0.834314457933612,18.0571919453431,3.91669867862417,1.10667400234107,3.53916209320791,0.000401399297120233,0.0166439880913894,18.0571919453431,-2.22856473586007,1.44376159708024,-1.54358222324722,0.122689574284441,0.624002615859625,18.0571919453431,-3.30591986524574,1.39450592549571,-2.3706746631934,0.0177556523783145,0.27769603179129,NA,NA,"Schistocerca_gregaria",2,"protein_coding","DNA topoisomerase I%2C mitochondrial-like"
"LOC126324745",16.4855238867351,3.5284540608028,0.872704717718325,4.04312476965622,5.27435350652204e-05,0.00120055374352466,16.4855238867351,2.09763039361926,1.00488987875723,2.08742314751288,0.0368499013772745,0.579241913806177,16.4855238867351,3.6408184319058,1.01234640030403,3.59641564469669,0.000322632142114513,0.0149130975722465,16.4855238867351,-2.49803668459871,1.28419520278666,-1.94521571111468,0.0517490216957415,0.437849227776892,16.4855238867351,-2.92065438401183,1.24548869223253,-2.34498667248161,0.019027759738647,0.284270586887962,NA,NA,"Schistocerca_gregaria",2,"protein_coding","uncharacterized LOC126324745"
"LOC126324748",14.1709259786581,2.90802602392811,0.627514849109291,4.63419475739233,3.58329528629108e-06,0.000154777665423864,14.1709259786581,2.48125221589401,0.717713880853227,3.45716069047497,0.000545899225608788,0.135241613740214,14.1709259786581,3.17306199647466,0.783215660375179,4.05132603573668,5.09281840585176e-05,0.00533116230724563,14.1709259786581,-3.83007525180216,1.02973272842023,-3.71948481979213,0.000199629544336805,0.0528133189542778,14.1709259786581,-3.40193504995929,0.964494785429442,-3.52716790318838,0.000420030312265742,0.0761285830579006,NA,NA,"Schistocerca_gregaria",2,"protein_coding","dolichyldiphosphatase 1-like"
"LOC126324750",36.5407530147705,2.28038469776817,0.795685655112682,2.8659366712414,0.0041577741108091,0.0241134161331931,36.5407530147705,1.60844117862667,0.905250727721878,1.77679081537379,0.0756026635987422,0.724486285304873,36.5407530147705,2.78913916306263,0.909307893847569,3.06732096128727,0.00215986804911963,0.048118090611121,36.5407530147705,-1.63336387895032,1.0961755911286,-1.49005678667652,0.136209305254727,0.643997042850704,36.5407530147705,-2.32846420793221,1.11161253178626,-2.09467250624693,0.0362001148961086,0.370031260432615,NA,NA,"Schistocerca_gregaria",2,"protein_coding","uncharacterized LOC126324750"
"LOC126324751",29.251325349661,3.21216918199356,0.893664450279917,3.59437950227004,0.000325165590014623,0.00431285131327821,29.251325349661,1.68302542817701,1.02853637876753,1.63633048176064,0.101770439904831,0.79234787452634,29.251325349661,4.09971095786572,1.00562664441395,4.07677240916277,4.56651498580797e-05,0.0050282157346522,29.251325349661,-2.40258791534964,1.31379908735233,-1.82873312858781,0.0674395970338412,0.495975511956604,29.251325349661,-3.93462242135168,1.26016006441039,-3.12231956278716,0.00179432057108018,0.127280748440804,NA,NA,"Schistocerca_gregaria",2,"protein_coding","uncharacterized LOC126324751"
"LOC126324752",16.8619242612999,2.3465351606795,0.622685513456718,3.7684113568873,0.000164289805761969,0.00264098883192675,16.8619242612999,1.71729855174685,0.71079506972388,2.41602485005131,0.0156909904350902,0.456598746462036,16.8619242612999,2.5865324077582,0.756816444141817,3.41764826567844,0.000631646795829844,0.0212835149959661,16.8619242612999,-3.09029505308601,1.00663473067933,-3.06992691480108,0.00214111158376908,0.125164609992619,16.8619242612999,-2.60621120258147,0.916072906098607,-2.84498229915004,0.00444138910893719,0.171782348174188,NA,NA,"Schistocerca_gregaria",2,"protein_coding","uncharacterized LOC126324752"
"LOC126324794",111.461771507254,2.16183494548927,0.693423445440783,3.11762597544575,0.0018231401242173,0.0139585021893109,111.461771507254,1.14615706778446,0.744166855994684,1.54018827706652,0.123514466586291,0.832974915613918,111.461771507254,2.3467779024283,0.745657184112209,3.14726117099296,0.00164807681345884,0.0400370597198447,111.461771507254,-2.49509186093115,0.959180208099209,-2.60127538064576,0.00928778652562092,0.212672930463774,111.461771507254,-2.12667628734489,1.0070200798683,-2.11185092518019,0.0346992377461882,0.36256847973906,NA,NA,"Schistocerca_gregaria",2,"rRNA","large subunit ribosomal RNA"
"LOC126325474",8.14956395372424,2.19230570235137,0.689313542193953,3.18041873277824,0.00147062381379278,0.0120468173736127,8.14956395372424,1.88433417271741,0.784421124682716,2.40219712782415,0.0162969236374467,0.459855140692126,8.14956395372424,2.68187084097953,0.839144362070383,3.19595883878987,0.00139366992161244,0.0355915389541753,8.14956395372424,-3.16578502987759,1.0974756652353,-2.88460612855487,0.00391903639146024,0.156306872959004,8.14956395372424,-2.00994290599537,1.01776511776362,-1.97485929799983,0.0482841174873694,0.413860271609187,NA,NA,"Schistocerca_gregaria",2,"protein_coding","structural maintenance of chromosomes protein 2-like"
"LOC126325489",35.1419217732198,3.5681130916057,1.02139630706092,3.49336791893538,0.000476968867819531,0.00567568811113956,35.1419217732198,1.81968913622791,1.1649874390483,1.5619817649832,0.118292284688378,0.820394508154125,35.1419217732198,3.77658816661891,1.13603328836433,3.32436399998144,0.000886204450999004,0.0264547191817231,35.1419217732198,-1.25940236514051,1.37860935340458,-0.913530988332785,0.360963343385375,0.852588983769031,35.1419217732198,-3.3262076819378,1.41824165178908,-2.34530390342285,0.0190115763473895,0.284270586887962,NA,NA,"Schistocerca_gregaria",2,"protein_coding","CAP-Gly domain-containing linker protein 1-like"
"LOC126325492",21.3975257614474,3.34739341866751,0.696224272921204,4.80792403950898,1.52505687884964e-06,7.99294938064604e-05,21.3975257614474,2.50370002833771,0.798445668694312,3.13571746519958,0.00171434274664938,0.206660610150075,21.3975257614474,3.99340481954019,0.818910540164613,4.87648482181883,1.07992993597374e-06,0.000584726201884813,21.3975257614474,-2.39543439191264,0.990353424767164,-2.41876721179191,0.0155732028168622,0.258706946224476,21.3975257614474,-3.48784268768989,0.988740615537111,-3.52756085153354,0.000419407345955542,0.0761285830579006,NA,NA,"Schistocerca_gregaria",2,"protein_coding","uncharacterized LOC126325492"
"LOC126325495",24.2159298718085,3.54956947820676,0.793880223341862,4.4711650118512,7.77946424692631e-06,0.000292547162445193,24.2159298718085,2.32136555734101,0.912441835764136,2.5441244212536,0.0109552054207654,0.403285248043275,24.2159298718085,3.58176121348552,0.925953766875215,3.86818580108246,0.000109648104590532,0.00794690795189396,24.2159298718085,-2.88117092202378,1.16016009690397,-2.48342528734831,0.0130125627958715,0.240278868660395,24.2159298718085,-2.85610906467946,1.12123657100897,-2.54728496958437,0.0108564737726906,0.231731503083228,NA,NA,"Schistocerca_gregaria",2,"protein_coding","uncharacterized LOC126325495"
"LOC126325500",39.0450471472905,3.90580508914344,0.910131213782083,4.29147471265459,1.77490417941244e-05,0.000543940373940232,39.0450471472905,2.3607267376056,1.04408038502737,2.26105841222534,0.0237556401984761,0.50537729483531,39.0450471472905,4.35149230616224,1.02410833627401,4.24905466739405,2.14674529821538e-05,0.00333744501708692,39.0450471472905,-2.04119974381303,1.24616890760897,-1.63797999721361,0.101425866529816,0.577183181538772,39.0450471472905,-4.1394149430764,1.27484056890537,-3.24700597395538,0.00116625941768131,0.116148779965293,NA,NA,"Schistocerca_gregaria",2,"protein_coding","oxysterol-binding protein 8-like"
"LOC126325503",24.3467314180151,3.19993805676946,0.934942626331009,3.42260366213803,0.000620244425659506,0.00675090113298842,24.3467314180151,2.16103532336572,1.06637671813987,2.02652147839022,0.0427113739905534,0.603226494237388,24.3467314180151,3.74801625176552,1.05571595396594,3.55021276100414,0.000384919929489953,0.0164091206917412,24.3467314180151,-1.69100383629878,1.29235916856245,-1.3084627535701,0.19071639987259,0.717600007681757,24.3467314180151,-3.00712238854552,1.31367058691844,-2.28909927533623,0.0220735849264323,0.302922693785113,NA,NA,"Schistocerca_gregaria",2,"protein_coding","uncharacterized LOC126325503"
"LOC126325504",14.6130792327915,3.12548635752499,0.841812283292033,3.71280678550128,0.000204973368820198,0.00310326286170561,14.6130792327915,2.11652635323513,0.9642287240576,2.19504594753049,0.0281603019517141,0.524687019971585,14.6130792327915,3.0985771234163,0.985094243496127,3.14546262337232,0.00165824382171757,0.0401197911997061,14.6130792327915,-3.84096472333431,1.28317208436384,-2.99333563295102,0.0027594610090624,0.135362247276196,14.6130792327915,-3.04360320399348,1.22398621279997,-2.48663193438346,0.0128958742482628,0.251039143823797,NA,NA,"Schistocerca_gregaria",2,"protein_coding","trans-1%2C2-dihydrobenzene-1%2C2-diol dehydrogenase-like"
"LOC126325505",24.080882044378,2.57864241385581,0.747902777669953,3.44783104281203,0.000565107418954792,0.0063359895863491,24.080882044378,1.90492051027352,0.853272875808572,2.23248689168561,0.0255828006325187,0.51211024201337,24.080882044378,2.79903912667044,0.875426034453969,3.19734508286161,0.00138698890095878,0.0355857838608738,24.080882044378,-4.23035759554902,1.16094952219004,-3.64387728724742,0.000268561499982999,0.0584226055798581,24.080882044378,-3.11477038450503,1.08594603352499,-2.86825522479646,0.00412742432440882,0.166635470128586,NA,NA,"Schistocerca_gregaria",2,"protein_coding","uncharacterized LOC126325505"
"LOC126325509",20.5165732800943,2.84624679067618,0.77438905747967,3.6754739277174,0.000237408286474642,0.00342721769343262,20.5165732800943,2.4987717296674,0.883701836300692,2.82761857792175,0.00468956441474321,0.310822113866937,20.5165732800943,3.65363185283665,0.903380781469719,4.04439847269335,5.24576343349182e-05,0.00538359329625415,20.5165732800943,-1.68378454804941,1.08025803188287,-1.55868736760476,0.119070393097052,0.619531283827289,20.5165732800943,-3.55466505822188,1.12904827874733,-3.14837294837893,0.00164182076813644,0.123157010164374,NA,NA,"Schistocerca_gregaria",2,"protein_coding","uncharacterized LOC126325509"
"LOC126325511",11.8785597147847,2.60892617248368,0.736690708376286,3.54141316405894,0.000397989836333998,0.00496190813374894,11.8785597147847,1.46871837202743,0.852084069992304,1.72367777282903,0.0847660297693774,0.74992297406853,11.8785597147847,2.8415930361827,0.891118131145244,3.18879499458815,0.00142867156897671,0.0360080272489121,11.8785597147847,-1.34206684531604,1.09764636669053,-1.222676889427,0.221451759174589,0.750738789364364,11.8785597147847,-1.85802767735316,1.07136921396193,-1.73425524379422,0.0828728048409752,0.517579700310951,NA,NA,"Schistocerca_gregaria",2,"lncRNA","uncharacterized LOC126325511"
"LOC126325515",14.5873446989902,3.04320843629793,0.678016571557798,4.48839831348947,7.17606629465061e-06,0.000277874171790742,14.5873446989902,1.86080646237461,0.783116986859241,2.37615387432411,0.0174941657329984,0.464158539394421,14.5873446989902,3.26300227724709,0.820456447402131,3.97705726803533,6.97733658760757e-05,0.00626046509134938,14.5873446989902,-3.57553123582315,1.09159198122015,-3.27551988044702,0.00105467690989496,0.101588983525832,14.5873446989902,-3.57153675474747,1.01274684534097,-3.52658393474928,0.000420957711506894,0.0761285830579006,NA,NA,"Schistocerca_gregaria",2,"protein_coding","uncharacterized LOC126325515"
"LOC126325516",186.562649290515,5.08391080938815,1.35059233151628,3.76420825940908,0.000167077599740738,0.00266469426403452,186.562649290515,1.56742222160103,1.52817624115068,1.0256815800387,0.305041699585301,0.994945527131604,186.562649290515,4.65504372553661,1.4741806418645,3.15771594968786,0.00159010414092127,0.0388906779139344,186.562649290515,-0.874501363657827,1.83156803351497,-0.477460486127597,0.63303425169389,0.9457711592149,186.562649290515,-3.92686007896939,1.87153336027898,-2.09820469263986,0.035887067268262,0.368660091157171,NA,NA,"Schistocerca_gregaria",2,"protein_coding","programmed cell death protein 2-like"
"LOC126325517",9.06152859990461,1.61875395730702,0.556514262741611,2.90873759341296,0.00362891312498195,0.0219885947341046,9.06152859990461,1.80879085515919,0.626115839276456,2.88890767761034,0.00386582555466938,0.28988127792843,9.06152859990461,2.57190677457278,0.724301110254258,3.55088061879395,0.000383944528649595,0.0164091206917412,9.06152859990461,-2.43524571146145,0.955277715742355,-2.54925418161671,0.0107953586478368,0.221660088241453,9.06152859990461,-2.10435867470621,0.890767453794092,-2.36241082422017,0.0181565090692678,0.281888367691453,NA,NA,"Schistocerca_gregaria",2,"protein_coding","DDB1- and CUL4-associated factor 13-like"
"LOC126325525",25.6937321377193,2.53000339518262,0.606515348750585,4.17137571274066,3.02766181203514e-05,0.000794676721541664,25.6937321377193,2.59500087941627,0.686819981282659,3.77828390282126,0.000157912796074931,0.0565630196153502,25.6937321377193,2.92899823892822,0.731516202004677,4.00401006963547,6.22777119292335e-05,0.00584132092173455,25.6937321377193,-3.43238076737284,0.935331689833087,-3.66969365486307,0.000242841312986779,0.0546733057970653,25.6937321377193,-2.79416167176282,0.880359719329075,-3.17388632216415,0.00150412587748568,0.123157010164374,NA,NA,"Schistocerca_gregaria",2,"protein_coding","vacuolar protein sorting-associated protein 51 homolog"
"LOC126325534",14.9906891409941,3.03368265563743,0.681934980516919,4.44863915521365,8.64160547214524e-06,0.00031886749160335,14.9906891409941,2.62180697937776,0.777504973950861,3.37207743643767,0.000746034695673441,0.155055482736572,14.9906891409941,3.30282634562823,0.82020811772764,4.02681499273453,5.65374826501962e-05,0.00558334309794579,14.9906891409941,-4.34293595156122,1.0854561217208,-4.00102396094672,6.30689703809521e-05,0.02784399483273,14.9906891409941,-3.37183153083681,1.00627378501688,-3.35080927382028,0.000805757776242113,0.0990277876763566,NA,NA,"Schistocerca_gregaria",3,"protein_coding","vacuolar protein sorting-associated protein 54-like"
"LOC126325535",21.5079219354864,3.23826139822151,0.951494393074605,3.40334259643672,0.000665667556517482,0.00708933406299535,21.5079219354864,1.8413259430505,1.09071767417093,1.68817833125342,0.091377001457733,0.766037943755381,21.5079219354864,3.92243258481518,1.07153913872763,3.66055932354721,0.000251665275605424,0.0128576991869236,21.5079219354864,-1.40270814566847,1.33004010487745,-1.05463597715928,0.291591842971438,0.81044072378869,21.5079219354864,-3.32190013964332,1.34249813363777,-2.47441695180757,0.0133453844203635,0.253989641712656,NA,NA,"Schistocerca_gregaria",2,"protein_coding","ras-related protein Rap-1-like"
"LOC126325540",11.109825613421,2.81423996261043,0.724672500525633,3.88346454511404,0.000102978553827668,0.00192370258483669,11.109825613421,1.85853899540513,0.835965298081962,2.22322505452004,0.0262006281994956,0.513489610871371,11.109825613421,3.04993172511178,0.880156232392926,3.46521630236007,0.000529805174822076,0.0193465136164099,11.109825613421,-1.92418012116084,1.09439225103056,-1.75821796924173,0.0787104289021199,0.532868140648227,11.109825613421,-2.89191879629691,1.08428178060831,-2.66712846053215,0.00765024242064599,0.202019537079029,NA,NA,"Schistocerca_gregaria",2,"protein_coding","signal recognition particle receptor subunit alpha-like"
"LOC126325548",24.9278889587895,3.46298021505693,0.745958859242117,4.64232064832003,3.44517654518879e-06,0.000149992778847016,24.9278889587895,2.43099092910324,0.855193074700681,2.84262232824335,0.00447440566262499,0.3054950608247,24.9278889587895,3.64911832618851,0.87146323623953,4.18734626366444,2.82235070362857e-05,0.00371556043015609,24.9278889587895,-4.79750630280995,1.16448509586375,-4.1198520443505,3.79115764986743e-05,0.0204568058521921,24.9278889587895,-3.20865077811677,1.05479870467482,-3.04195555407507,0.0023504659785441,0.137737369221133,NA,NA,"Schistocerca_gregaria",3,"protein_coding","uncharacterized LOC126325548"
"LOC126325799",35.743375683156,3.11596463849108,0.854172823405102,3.64793230726951,0.000264359262664902,0.00369945611026895,35.743375683156,2.71662288582044,0.971725767456998,2.79566826032599,0.0051792533530142,0.321421707485228,35.743375683156,3.6793443174492,0.978687761159892,3.75946697554348,0.00017027575151144,0.0103230496147978,35.743375683156,-2.49294505630296,1.20156670277133,-2.07474545570642,0.0380101321375877,0.387829657313101,35.743375683156,-3.47118675301134,1.221710220682,-2.84125211875006,0.00449367710887939,0.17238331976883,NA,NA,"Schistocerca_gregaria",2,"protein_coding","2-Hydroxyacid oxidase-like"
"LOC126325800",31.8017144385143,3.2558919047829,0.906212490715335,3.59285701548078,0.000327072080339171,0.00432920841171632,31.8017144385143,2.08889983037911,1.03541920005451,2.0174435921887,0.0436492419891533,0.607672762983046,31.8017144385143,4.06513649879783,1.01618859963137,4.00037601314607,6.32419154690405e-05,0.00584132092173455,31.8017144385143,-2.09396123662212,1.26336286698263,-1.65745035836242,0.0974284573343561,0.571437365589663,31.8017144385143,-3.22795516268954,1.25595807896012,-2.5701137774934,0.0101665118774962,0.227633042133272,NA,NA,"Schistocerca_gregaria",2,"protein_coding","uncharacterized LOC126325800"
"LOC126325810",7.76539210648115,2.22794970922075,0.637517225188128,3.49472864605861,0.000474543950819148,0.00565501071588031,7.76539210648115,1.5659736185253,0.732725489009383,2.13719004185651,0.0325825376577063,0.557446160027933,7.76539210648115,2.48159605600684,0.808660689409223,3.06877295818572,0.00214939873648121,0.0480083342250752,7.76539210648115,-2.73693264073295,1.04739199228492,-2.61309295936304,0.00897268932729054,0.209492164758487,7.76539210648115,-1.73294498675895,0.965145904317836,-1.79552643699379,0.0725698645395172,0.486443154777781,NA,NA,"Schistocerca_gregaria",2,"protein_coding","uncharacterized LOC126325810"
"LOC126325813",10.1459093270821,2.98357691417308,0.782805748098182,3.81138861259213,0.00013818832222503,0.00235420830109453,10.1459093270821,1.84836629807679,0.903428074976573,2.04594737453197,0.0407615486006931,0.592079957457005,10.1459093270821,3.15425203207571,0.938799989304623,3.35987651045042,0.000779773186725558,0.0245344379726764,10.1459093270821,-3.05960651291215,1.22039842014346,-2.50705545206499,0.0121741611105937,0.235250323678662,10.1459093270821,-2.30248850259452,1.14162146530428,-2.0168581027695,0.0437103234277004,0.399160819882492,NA,NA,"Schistocerca_gregaria",2,"protein_coding","ribonuclease H2 subunit B-like"
"LOC126325817",17.9960362824069,2.89711122428257,0.825652915455565,3.50887300226398,0.000450009728018328,0.00543596503321505,17.9960362824069,2.38314500820393,0.938175337743225,2.54019148908409,0.0110791790851722,0.403345727711818,17.9960362824069,2.96071496540963,0.96116886075111,3.08032759519068,0.00206773026064434,0.0467831420066822,17.9960362824069,-3.65125964729255,1.2419675503975,-2.93989939280131,0.00328318832657615,0.144505020727396,17.9960362824069,-3.72314376575716,1.22216962043206,-3.04633964346207,0.0023164600396056,0.137129434790609,NA,NA,"Schistocerca_gregaria",2,"protein_coding","condensin complex subunit 3-like"
"LOC126325820",21.3618982301789,2.70502374869253,0.74205180907607,3.64533003707727,0.000267048861789721,0.00372442637158765,21.3618982301789,2.17624804108389,0.847540781365382,2.56772073855605,0.0102369589302758,0.39655997898679,21.3618982301789,3.41891671430038,0.864928350325902,3.95283229300109,7.72315682309632e-05,0.00659070698023143,21.3618982301789,-2.45876642469984,1.09213984716536,-2.25132928816906,0.0243646891112448,0.316090076279364,21.3618982301789,-2.87416096418703,1.0544982838717,-2.72561938520586,0.00641809611560839,0.191710089066918,NA,NA,"Schistocerca_gregaria",2,"protein_coding","uncharacterized LOC126325820"
"LOC126325825",19.0417032522905,3.39914146286025,0.758214806888751,4.4830850465823,7.35715905185855e-06,0.000280920571963889,19.0417032522905,2.28696134059142,0.872632047567592,2.6207624931564,0.00877333600723858,0.36838985700531,19.0417032522905,3.46329177805153,0.898977567562008,3.85247853007483,0.000116928231874223,0.00819646025396898,19.0417032522905,-2.60407136716425,1.11482227701788,-2.33586233505315,0.0194984175504888,0.286363352109951,19.0417032522905,-3.23253753600132,1.09868522905315,-2.94218712559476,0.00325902927421319,0.157159608778382,NA,NA,"Schistocerca_gregaria",2,"protein_coding","uncharacterized LOC126325825"
"LOC126325829",30.2349179753816,2.73092268618243,0.713039620129821,3.82997327088952,0.000128157178862345,0.00222242644103015,30.2349179753816,2.63721911760456,0.809420877377482,3.25815554220584,0.00112138923350424,0.176918299647782,30.2349179753816,3.47272779485669,0.831139096043338,4.17827510628331,2.93728238964294e-05,0.00371556043015609,30.2349179753816,-3.01472848860108,1.04283872591209,-2.89088659031561,0.00384156722721621,0.154980173018944,30.2349179753816,-3.03583479475919,1.01088400642642,-3.00314850710834,0.00267202008262118,0.144234931188762,NA,NA,"Schistocerca_gregaria",2,"protein_coding","uncharacterized LOC126325829"
"LOC126325836",22.013448555293,2.72700110163895,0.865836378466169,3.14955708660548,0.00163518158203029,0.0129402231476369,22.013448555293,1.93219754746965,0.988821793571265,1.95404021233316,0.0506964617681857,0.640746947347903,22.013448555293,3.74848340751096,0.980845610979021,3.82168545747934,0.000132542680267878,0.00881858121002633,22.013448555293,-2.44243511257395,1.28419800051941,-1.90191474491167,0.0571823012077448,0.460270136074936,22.013448555293,-2.93742272536999,1.21568170027019,-2.41627617222266,0.0156801633304271,0.267663034290396,NA,NA,"Schistocerca_gregaria",2,"protein_coding","uncharacterized LOC126325836"
"LOC126325844",13.7235593033416,3.01069274219628,0.585152700128667,5.14514030531563,2.67320940997851e-07,2.01820558190123e-05,13.7235593033416,2.15521569897182,0.672745057090939,3.20361432054414,0.00135714147307472,0.194004081710091,13.7235593033416,3.14097062580646,0.74006800032041,4.24416489355923,2.19408975860862e-05,0.00334481528055073,13.7235593033416,-2.59841182389455,0.926696900759458,-2.80395005288684,0.00504807245757807,0.173742708550671,13.7235593033416,-2.77361027050277,0.877086501288356,-3.16229957527404,0.00156528444420032,0.123157010164374,NA,NA,"Schistocerca_gregaria",2,"protein_coding","serine/threonine-protein kinase RIO1-like"
"LOC126325849",31.7979623133211,2.95871445730165,0.782378714809291,3.78169088869302,0.000155766709493283,0.00255207236021567,31.7979623133211,2.77784978513343,0.890150892682105,3.12065045147966,0.00180452092022935,0.206660610150075,31.7979623133211,4.2804226485113,0.89317793799645,4.79235151969048,1.64837758931697e-06,0.000788114268586813,31.7979623133211,-1.88081759065889,1.07403504138957,-1.75116967154583,0.0799166879507102,0.536328520337423,31.7979623133211,-3.36965111217819,1.09357316419611,-3.08132205736343,0.00206083613113805,0.136614897364671,NA,NA,"Schistocerca_gregaria",2,"protein_coding","probable serine/threonine-protein kinase DDB_G0278665"
"LOC126325858",10.714172178757,2.50364728763137,0.860621223178381,2.90911636873779,0.00362451919596113,0.0219781549034386,10.714172178757,1.87205882575319,0.98202546523331,1.90632411483181,0.0566081674160141,0.661132526262414,10.714172178757,3.45040706145714,0.988808131463265,3.48946064627435,0.000483996317051043,0.0184012352792627,10.714172178757,-2.30755272835175,1.29831223590419,-1.7773480558355,0.0755109915389648,0.521878385071716,10.714172178757,-3.42618843930609,1.26426971212655,-2.71001385736205,0.00672803971296753,0.195507680764239,NA,NA,"Schistocerca_gregaria",2,"protein_coding","myosin regulatory light chain-like"
"LOC126325867",5.59582871305593,1.80469165371199,0.685523065716796,2.63257612174577,0.00847400313593217,0.039343750172482,5.59582871305593,1.84401684159562,0.77270791941494,2.38643450553972,0.0170126373650301,0.462680259490933,5.59582871305593,2.89830617480477,0.844800418186079,3.43075845183398,0.000601896296700025,0.0206353180148118,5.59582871305593,-2.42173480600692,1.09546566081972,-2.21068983960189,0.0270573226089631,0.330980800243479,5.59582871305593,-2.97079857421017,1.09581130009252,-2.71104940600571,0.00670706317185343,0.195359537379101,NA,NA,"Schistocerca_gregaria",2,"protein_coding","nucleolar complex protein 4 homolog B-like"
"LOC126325868",19.3417287008664,2.61489552630294,0.693909782990173,3.76835085828437,0.000164329620458953,0.00264098883192675,19.3417287008664,2.58744762313437,0.789435194259822,3.27759345155668,0.0010469606778145,0.172799833441247,19.3417287008664,3.48294200889805,0.823236514656513,4.23079145165381,2.32870499760106e-05,0.00342028707190249,19.3417287008664,-2.51272239054939,1.02739020286361,-2.44573326039685,0.0144557904891107,0.250126379615028,19.3417287008664,-3.07901361322978,1.00813416914256,-3.05417047400402,0.00225683797254826,0.136785096180152,NA,NA,"Schistocerca_gregaria",2,"protein_coding","5'-3' exoribonuclease 1-like"
"LOC126325870",9.62982711395799,2.06109130870778,0.730738453197091,2.82055953082829,0.0047939977560265,0.0266987550155425,9.62982711395799,2.08064987174294,0.829077362989661,2.50959676940171,0.0120869093277594,0.422164146333672,9.62982711395799,3.00505778642184,0.881887720506437,3.40752877780875,0.000655539955144662,0.0217617090394957,9.62982711395799,-2.84747511310089,1.14914549860338,-2.47790651102195,0.0132155768016359,0.241881580933459,9.62982711395799,-2.55059380861844,1.10716934741196,-2.30370702962516,0.0212390949717687,0.297727245272911,NA,NA,"Schistocerca_gregaria",2,"protein_coding","3-hydroxyisobutyryl-CoA hydrolase%2C mitochondrial-like"
"LOC126325907",16.4717825795655,3.14473786391251,0.76525685095922,4.10938871043193,3.96707837930717e-05,0.000986196508886075,16.4717825795655,2.28160212855115,0.878529429776285,2.59706966120891,0.00940228535980268,0.379586268662537,16.4717825795655,3.38453138430997,0.907650175948785,3.72889409818276,0.0001923219501802,0.0111023502269467,16.4717825795655,-2.58831949573505,1.1450386871273,-2.26046466799186,0.0237924268842611,0.313693997535566,16.4717825795655,-2.49700188812113,1.09703481791348,-2.27613731792975,0.0228377921369771,0.306059890226574,NA,NA,"Schistocerca_gregaria",2,"protein_coding","ras guanine nucleotide exchange factor A-like"
"LOC126325909",40.1023292731245,3.37163162509762,0.836059213527747,4.03276654397605,5.51240355151381e-05,0.00122757273676946,40.1023292731245,2.9532757083333,0.945432607639483,3.12372948052523,0.0017857455373138,0.206660610150075,40.1023292731245,3.86522525933003,0.947371596923509,4.07994631872219,4.50461021491938e-05,0.0050282157346522,40.1023292731245,-3.81653760270618,1.19502938458426,-3.19367678480468,0.00140473297913931,0.113069363387186,40.1023292731245,-3.65689234312026,1.1700854512256,-3.12532075267654,0.001776112774895,0.126802971725059,NA,NA,"Schistocerca_gregaria",2,"protein_coding","serine/arginine repetitive matrix protein 2-like"
"LOC126325911",35.2488708550622,2.98616557058851,0.982231241134152,3.04018590076659,0.00236432162830606,0.0166636578317057,35.2488708550622,1.46142624610064,1.1250652328265,1.29897023164523,0.193954145360543,0.933938578596517,35.2488708550622,3.67524710000374,1.09961418448332,3.34230601229525,0.000830854076213164,0.0254309370461971,35.2488708550622,-0.902337048298392,1.36266491307989,-0.662185574485024,0.507852298056341,0.914375298372157,35.2488708550622,-2.64514899749705,1.37089162734057,-1.92950992240609,0.0536675894685437,0.43196989665824,NA,NA,"Schistocerca_gregaria",2,"protein_coding","uncharacterized LOC126325911"
"LOC126325912",17.2417798083841,3.10380756947423,0.745485988253464,4.16346868805124,3.13449027701203e-05,0.000820100262142878,17.2417798083841,1.99983550791149,0.856641961425626,2.33450566043176,0.0195692600212525,0.46978888655928,17.2417798083841,3.04634566885105,0.885018374472786,3.44212703003572,0.000577159149962133,0.020329169179857,17.2417798083841,-2.99550627216671,1.13537004048102,-2.63835240085919,0.00833099579284331,0.204678377244408,17.2417798083841,-2.89110940466739,1.07838271168502,-2.68096787285278,0.00734095633347718,0.198049374393498,NA,NA,"Schistocerca_gregaria",2,"protein_coding","RING finger protein 10-like"
"LOC126325913",46.7081986459976,3.6928677618787,0.997007758390226,3.70395087781586,0.000212267379735336,0.00317016909112955,46.7081986459976,2.54587024421834,1.13320921123279,2.24660214458436,0.0246654650008343,0.506075944778952,46.7081986459976,4.32992446189725,1.10907306645531,3.90409306010474,9.45793857655467e-05,0.00739781057934663,46.7081986459976,-0.930683593840989,1.33232150718781,-0.698542798281042,0.484837802354649,0.906961548088831,46.7081986459976,-3.58944492253684,1.38604597606498,-2.58970119644037,0.00960592709792267,0.221768886934877,NA,NA,"Schistocerca_gregaria",2,"protein_coding","uncharacterized LOC126325913"
"LOC126325914",18.1976962513304,2.04369001761262,0.652494925155706,3.13211634117297,0.00173551088495754,0.0134686118839814,18.1976962513304,1.60829815076904,0.74448600544161,2.1602798964838,0.0307510082908726,0.542742685994173,18.1976962513304,2.61138162216877,0.783405479460376,3.33337165827271,0.000858002458446302,0.0259083742356227,18.1976962513304,-2.7097835453005,1.03897013052628,-2.60814383944596,0.00910346918235427,0.210856029439935,18.1976962513304,-3.00659904107894,0.97484930145849,-3.08416802123232,0.00204122278790996,0.13600163328192,NA,NA,"Schistocerca_gregaria",2,"protein_coding","phenylalanine--tRNA ligase beta subunit-like"
"LOC126325919",68.0027013586267,4.04980029124405,1.03240392916163,3.92268973107524,8.75658871710017e-05,0.0017242265996719,68.0027013586267,2.71379248084699,1.17295364723812,2.31364000379467,0.0206874774172872,0.480946982744245,68.0027013586267,4.36593314944624,1.14814135075957,3.8026094492267,0.000143179977443181,0.00929013225542488,68.0027013586267,-1.78186735676652,1.39033463892873,-1.28161041728736,0.199979344013603,0.729468969187325,68.0027013586267,-3.17623767284343,1.42406623325215,-2.23040024310516,0.0257208834566421,0.325756001598433,NA,NA,"Schistocerca_gregaria",2,"protein_coding","twinfilin-like"
"LOC126325920",14.4990342611108,2.61612866747046,0.58731672030892,4.45437457679463,8.41380968349643e-06,0.00031256448298262,14.4990342611108,2.47467502959319,0.666916083684002,3.71062430511984,0.000206748745007773,0.0669349061962666,14.4990342611108,2.97867181407639,0.732468655776193,4.06662017628578,4.76998920967613e-05,0.00516540486691963,14.4990342611108,-3.15532594200636,0.948413987583218,-3.32695002743145,0.000878021176808896,0.092027989387977,14.4990342611108,-2.11477790251447,0.859527950750436,-2.4603945696799,0.013878434188595,0.257410093906013,NA,NA,"Schistocerca_gregaria",2,"protein_coding","CYFIP-related Rac1 interactor homolog"
"LOC126325936",41.7277126755934,3.14364509598008,1.01335553105751,3.10221338871999,0.00192079445776699,0.0144717162433069,41.7277126755934,1.75126578443629,1.15623826309677,1.51462362069375,0.129867746902509,0.841198582511279,41.7277126755934,3.94073960966641,1.12541899138209,3.5015755375044,0.000462515838622807,0.0179762962823151,41.7277126755934,-1.0388499783208,1.38829970330211,-0.748289418956056,0.454285605365522,0.895236978840834,41.7277126755934,-2.96455238229805,1.40747076624078,-2.10629766060156,0.0351785044032317,0.365163296945753,NA,NA,"Schistocerca_gregaria",2,"protein_coding","uncharacterized LOC126325936"
"LOC126325939",18.3035564079376,3.20723155399292,0.895191711265739,3.58273151284892,0.000340020037871807,0.00444637063594723,18.3035564079376,2.05346491724551,1.02699399029083,1.99949068510518,0.0455552887210468,0.616092260144611,18.3035564079376,3.48725489951206,1.03448066174365,3.3710199025221,0.000748904471441137,0.0239010122166031,18.3035564079376,-3.42499291592238,1.35724201477658,-2.52349461528141,0.0116194840091292,0.230634881163379,18.3035564079376,-2.96176273297381,1.2881343337979,-2.299265422296,0.0214898720365093,0.299124265183447,NA,NA,"Schistocerca_gregaria",2,"protein_coding","uncharacterized LOC126325939"
"LOC126325943",22.0525390836029,2.94203858305972,0.747216883867175,3.9373288352819,8.23936633223708e-05,0.00166062610346587,22.0525390836029,2.24947716554169,0.851999416006446,2.64023322467239,0.00828489909075209,0.358175025910557,22.0525390836029,3.2160214290948,0.871083920391272,3.69197657517342,0.000222517963891359,0.0119656748939113,22.0525390836029,-3.70035413658097,1.14678478478528,-3.22672064163617,0.00125217648124165,0.10794650387698,22.0525390836029,-3.66081903207389,1.08436234487146,-3.37601084119889,0.000735450212284537,0.0965708874626178,NA,NA,"Schistocerca_gregaria",2,"protein_coding","pre-mRNA-splicing factor syf1 homolog"
"LOC126325946",39.0586275777182,3.12542124262355,0.944046378294223,3.31066493604986,0.000930745826581839,0.00886392045703631,39.0586275777182,2.09401579116948,1.07285877034585,1.95180936116545,0.0509608424657639,0.641768832185911,39.0586275777182,3.30969871577153,1.06272032766448,3.11436473888215,0.001843414558359,0.043526759993012,39.0586275777182,-2.59421815388421,1.31765039537381,-1.96882129204556,0.0489736163560792,0.427499470755972,39.0586275777182,-2.90645300301148,1.32165786339353,-2.19909636488583,0.0278710709634378,0.334310652219603,NA,NA,"Schistocerca_gregaria",2,"protein_coding","serine/threonine-protein kinase STK11-like"
"LOC126325953",32.7973474123718,3.6301222765316,0.925811313338037,3.92101740844265,8.8175891850167e-05,0.00173091402037577,32.7973474123718,2.4143953100877,1.05837577925318,2.28122691147691,0.0225350230773244,0.500881782888007,32.7973474123718,3.76189722138568,1.05340256070919,3.57118670648859,0.000355367449861094,0.0157626545133302,32.7973474123718,-2.86006972932277,1.32362030867026,-2.16079317504282,0.0307113195189627,0.352032426492343,32.7973474123718,-2.80413862744654,1.29689345327496,-2.16219660941725,0.030603024788026,0.346855357394314,NA,NA,"Schistocerca_gregaria",2,"protein_coding","sphingolipid delta(4)-desaturase DES1-like"
"LOC126325954",14.7859366478063,2.70952479346297,0.659805999883377,4.10654767301584,4.01616602520639e-05,0.000995392233084661,14.7859366478063,2.07806930777089,0.754750811908762,2.75331841315342,0.00589944872652835,0.326241029748318,14.7859366478063,2.6634784357339,0.811319710952649,3.28289624888622,0.00102746472877787,0.0291740527509405,14.7859366478063,-4.18303381168832,1.06201458292613,-3.93877247915276,8.18995477910049e-05,0.0313998555728197,14.7859366478063,-3.32136887571892,1.01177942284974,-3.28270055775997,0.00102817818336957,0.109874859504629,NA,NA,"Schistocerca_gregaria",3,"protein_coding","uncharacterized LOC126325954"
"LOC126326031",3.26723809848716,2.44031959095861,0.749054712620236,3.25786561361083,0.00112253551920147,0.0100529737699252,3.26723809848716,1.46665984988153,0.865046795900767,1.69546879640691,0.0899865247590613,0.762417284508705,3.26723809848716,3.58268580243086,0.882204465020593,4.06106060951214,4.88502863638254e-05,0.00521800813935229,3.26723809848716,-2.04699556272609,1.17796967233984,-1.73773197289543,0.0822580522014355,NA,3.26723809848716,-4.67555224579482,1.2056630750965,-3.87799240299417,0.000105322005406399,0.0444431857172592,NA,NA,"Schistocerca_gregaria",3,"protein_coding","probable plasma membrane ATPase"
"LOC126326045",18.1156280902216,2.30019001917023,0.694462386415314,3.3121880524637,0.00092569298545544,0.00882626272400937,18.1156280902216,1.87746735142254,0.791905203050265,2.37082335637006,0.0177485112686198,0.466869042511272,18.1156280902216,2.76718169891015,0.826188621408587,3.34933407118621,0.000810060594028517,0.025040529310803,18.1156280902216,-3.59133823352111,1.10026646038862,-3.26406226383801,0.00109827026897269,0.101915283749446,18.1156280902216,-2.74706750827077,1.01530040217554,-2.70566967410284,0.00681668148020568,0.195780326561509,NA,NA,"Schistocerca_gregaria",2,"protein_coding","protein SEY1 homolog"
"LOC126326048",31.9639745514709,3.47551624941885,0.836083165300745,4.15690255905187,3.22591497501436e-05,0.00083736408113267,31.9639745514709,1.979115874191,0.958391803071955,2.06503839854149,0.0389193672317389,0.586577929584893,31.9639745514709,3.29460005221646,0.957866296579805,3.43951975759068,0.000582747247060507,0.0204247706994288,31.9639745514709,-2.64375863003955,1.17030560171487,-2.25903270578693,0.0238813505121933,0.314297557011874,31.9639745514709,-3.71288967157414,1.18823972598025,-3.12469747509171,0.00177988007950954,0.126802971725059,NA,NA,"Schistocerca_gregaria",2,"protein_coding","RNA polymerase-associated protein RTF1 homolog"
"LOC126326053",13.3765913949526,2.52570678319019,0.726829747615695,3.47496341677753,0.000510923023489581,0.00595337637927996,13.3765913949526,2.41165376271292,0.827099549859866,2.91579624619736,0.00354782112105228,0.285688101729261,13.3765913949526,3.372509023019,0.863432268886363,3.90593349883575,9.38623248155917e-05,0.00739781057934663,13.3765913949526,-3.17939521872758,1.14022330459503,-2.78839697970985,0.00529695914792841,0.173829593357672,13.3765913949526,-3.806107821996,1.0980508775769,-3.46623995273795,0.000527792018659827,0.0835180120296613,NA,NA,"Schistocerca_gregaria",2,"protein_coding","uncharacterized LOC126326053"
"LOC126326058",26.8139955786629,3.57027880571479,0.972123709327196,3.67265891311896,0.000240039785011689,0.00345007401042565,26.8139955786629,1.97038246868746,1.11522624560415,1.76680066170794,0.07726161787247,0.729909841124036,26.8139955786629,3.94386749771869,1.09507361567918,3.60146335483817,0.00031643103057198,0.014831641916541,26.8139955786629,-1.02368819825162,1.32898403452601,-0.770278778116945,0.44113454218049,0.890714279924077,26.8139955786629,-3.39602440088183,1.36935781870902,-2.48001242223415,0.0131377805607865,0.25287538560101,NA,NA,"Schistocerca_gregaria",2,"lncRNA","uncharacterized LOC126326058"
"LOC126326065",13.9043492434808,2.50166046648735,0.713056838309646,3.50836052903962,0.000450877576128003,0.00543596503321505,13.9043492434808,2.45792859801575,0.810818177027572,3.03141773045398,0.00243408241577372,0.239636125552927,13.9043492434808,3.32765623371029,0.855771793907707,3.88848552546378,0.000100871684838335,0.00766574274662472,13.9043492434808,-2.15109971213601,1.07565347045968,-1.99980734614908,0.0455210710397764,0.415358758179187,13.9043492434808,-2.30615822002165,1.03892770217558,-2.21974851107773,0.0264358438326688,0.328987129773154,NA,NA,"Schistocerca_gregaria",2,"protein_coding","uncharacterized LOC126326065"
"LOC126326068",37.5340666550394,3.15727003451752,0.996481926450882,3.16841675770539,0.00153271633932049,0.0123950431430945,37.5340666550394,2.76335871930319,1.12549872337664,2.45523043421387,0.0140794304053264,0.441391454140911,37.5340666550394,4.44561374176527,1.10503935347451,4.02303658035997,5.74525689413495e-05,0.00563825148448169,37.5340666550394,-1.91514043500636,1.36870177056007,-1.39923866265088,0.161741426214333,0.684804079778152,37.5340666550394,-3.67793069522824,1.39675980350812,-2.63318767191803,0.00845875934606833,0.210598793582824,NA,NA,"Schistocerca_gregaria",2,"protein_coding","actin-related protein 2/3 complex subunit 4-like"
"LOC126326071",1541.88800070681,4.69994023219255,1.27679613534652,3.68104202548906,0.0002322827114254,0.00336799698848265,1541.88800070681,2.42598212747322,1.38637875641521,1.74986966314035,0.0801408065222472,0.739056790510191,1541.88800070681,4.840296367293,1.38006368092653,3.50729928929322,0.000452679701837389,0.0178084439416995,1541.88800070681,-1.21232399280551,1.7176661146843,-0.705797234073242,0.480314242397097,0.905319003380345,1541.88800070681,-3.89738868201565,1.80231169365852,-2.16243877001338,0.0305843719018823,0.346855357394314,NA,NA,"Schistocerca_gregaria",2,"protein_coding","uncharacterized LOC126326071"
"LOC126326076",21.8031840779195,2.64224911379325,0.796919111193378,3.31558005910601,0.00091453141554291,0.00875098400388179,21.8031840779195,2.31257454649466,0.907347142762155,2.54872081203088,0.0108118816697139,0.402694752012463,21.8031840779195,3.35300221162749,0.923405078086664,3.63112819194698,0.00028218496920118,0.0137604608273197,21.8031840779195,-3.10503404844929,1.21089561557179,-2.56424584292765,0.0103400276611038,0.218453638411867,21.8031840779195,-3.27652915877038,1.15421057549028,-2.83876203211756,0.00452889179305046,0.172920873779833,NA,NA,"Schistocerca_gregaria",2,"protein_coding","probable glutamine--tRNA ligase"
"LOC126326081",45.2372901526786,3.3410579558846,0.943669988229588,3.54049402604478,0.000399378676744696,0.00497545411293524,45.2372901526786,2.34334675322785,1.07152110347781,2.18693476556096,0.0287472865449912,0.527762091347052,45.2372901526786,3.50256627739733,1.06203295701413,3.29798266076852,0.000973821477127528,0.0281601193993673,45.2372901526786,-1.34868238714054,1.25844026911287,-1.07170949646365,0.28385053408025,0.802946937562939,45.2372901526786,-3.06311758363989,1.31960653600312,-2.3212355350388,0.0202741353067411,0.291653360789369,NA,NA,"Schistocerca_gregaria",2,"protein_coding","uncharacterized LOC126326081"
"LOC126326118",11.2442144150257,2.28210148115532,0.667432771751136,3.41922299555025,0.000628002374127936,0.00680832349869792,11.2442144150257,1.63472966776443,0.766148767419106,2.13369744530331,0.0328675553345734,0.55828646203254,11.2442144150257,2.80749157380444,0.815657049926948,3.44200000975395,0.000577430228901809,0.020329169179857,11.2442144150257,-2.96495539271069,1.07674943537475,-2.75361685393294,0.0058940724922176,0.180022520207795,11.2442144150257,-3.630583443984,1.04248845479159,-3.48261261532131,0.000496546323520465,0.0804364654341828,NA,NA,"Schistocerca_gregaria",2,"protein_coding","nicotinate phosphoribosyltransferase-like"
"LOC126326123",15.0226258502147,2.77622361265543,0.685677095871594,4.04887902683471,5.14635359189417e-05,0.0011828706852207,15.0226258502147,2.48074574603136,0.781802472440845,3.17311064300717,0.00150815038095849,0.195305474334124,15.0226258502147,2.97207952423724,0.833547458203642,3.56557925405027,0.000363053424998322,0.0159543426034714,15.0226258502147,-3.68734391918096,1.09017864078369,-3.38232999733904,0.000718737484412779,0.0837754372277104,15.0226258502147,-3.30587489937225,1.03583674031686,-3.19150187544128,0.00141535192142502,0.123157010164374,NA,NA,"Schistocerca_gregaria",2,"protein_coding","uncharacterized LOC126326123"
"LOC126326196",27.6824876253023,3.47123904574162,0.857258588451922,4.04923215993689,5.13859501940235e-05,0.0011828706852207,27.6824876253023,2.51396582988683,0.979189487943767,2.56739462671928,0.0102465926828509,0.39655997898679,27.6824876253023,3.49035797193182,0.987237680093752,3.5354788844773,0.000407036774111166,0.0166439880913894,27.6824876253023,-2.57163080968215,1.19468374856582,-2.1525619753088,0.0313531196494626,0.35408764484801,27.6824876253023,-4.14049878685049,1.24671288484765,-3.32113258567666,0.000896529367923659,0.104296011204495,NA,NA,"Schistocerca_gregaria",2,"protein_coding","retinal-specific phospholipid-transporting ATPase ABCA4-like"
"LOC126326198",70.5861918388863,3.79304727540592,1.07377337868574,3.53244674406855,0.000411733147149374,0.00511002443637802,70.5861918388863,1.83043439588026,1.22440737091665,1.49495538769087,0.134926085540077,0.849010659563952,70.5861918388863,4.07671865110647,1.18669673787131,3.43535001066849,0.000591788952527523,0.0205127375995302,70.5861918388863,-1.43497671415945,1.4563609009429,-0.985316698100307,0.32446853311292,0.831600387369715,70.5861918388863,-3.0435160132857,1.47678707764316,-2.06090374121022,0.0393122243121533,0.381688068144606,NA,NA,"Schistocerca_gregaria",2,"protein_coding","titin homolog"
"LOC126326199",50.7145971720594,3.84812984943097,1.07487710850893,3.58006493855759,0.000343508829424707,0.00446534344853271,50.7145971720594,2.22583574419708,1.22543435005459,1.81636473965164,0.0693144403203234,0.710198725291285,50.7145971720594,4.36122777391506,1.19189944799219,3.6590567948175,0.000253145238602817,0.0128637104742441,50.7145971720594,-1.10338060521096,1.4608148024188,-0.755318609439062,0.450057835388834,0.89379670171482,50.7145971720594,-3.5461858762195,1.49959648419593,-2.36476006285179,0.0180417553574169,0.280636264571843,NA,NA,"Schistocerca_gregaria",2,"protein_coding","rho GTPase-activating protein 39-like"
"LOC126326200",34.7885254970331,3.17070290653996,0.773181775629275,4.10085054573279,4.11634360476216e-05,0.00101072258310266,34.7885254970331,2.6911073240403,0.8813785889847,3.0532932813132,0.00226344607412625,0.228174339268954,34.7885254970331,3.73114562106324,0.893270558781627,4.17694906026268,2.95445156346291e-05,0.00371556043015609,34.7885254970331,-3.5940033006738,1.16382832953345,-3.08808714264118,0.00201449389387361,0.125055284298011,34.7885254970331,-3.47477601649731,1.0975980415838,-3.16580012431812,0.0015465702435791,0.123157010164374,NA,NA,"Schistocerca_gregaria",2,"protein_coding","ataxin-2 homolog"
"LOC126326218",9.19152748485212,2.21997152899569,0.736959412554055,3.01233893098944,0.0025924297079645,0.0177027451053825,9.19152748485212,1.73125036720494,0.842137167928556,2.05578192382052,0.0398035411404477,0.590910595325782,9.19152748485212,2.89268053401387,0.878685701019578,3.29205372371186,0.000994586103187064,0.0284981587449695,9.19152748485212,-3.54989981607253,1.15655462866895,-3.0693749591042,0.00214507179791354,0.125164609992619,9.19152748485212,-2.5497534917152,1.0895414770717,-2.34020782629408,0.0192730117732075,0.285486907967305,NA,NA,"Schistocerca_gregaria",2,"protein_coding","calcium-binding protein 39-like"
"LOC126326229",42.9778581876254,2.98249051943866,0.843009881128886,3.53790695246035,0.000403312156373066,0.00501331620339913,42.9778581876254,2.07177488809466,0.959993212338987,2.15811410066834,0.0309189617108406,0.542742685994173,42.9778581876254,3.39502575480572,0.95576333690966,3.55216152754207,0.00038208023258016,0.0164091206917412,42.9778581876254,-2.38054768017872,1.16801915535117,-2.03810671192545,0.0415392620740862,0.400519860461523,42.9778581876254,-3.42760855709623,1.18561833644521,-2.89098814663502,0.00384032604697803,0.163215309615695,NA,NA,"Schistocerca_gregaria",2,"protein_coding","CCR4-NOT transcription complex subunit 1-like"
"LOC126326243",42.0807868742274,2.81895732242338,0.842870941299181,3.34447088433054,0.000824396823121405,0.00820047151180581,42.0807868742274,2.03661291802884,0.959895782396656,2.12170212160308,0.0338627603585296,0.563319733829887,42.0807868742274,3.19128528572291,0.95929855809282,3.32668621129536,0.000878852781304705,0.0263353938397834,42.0807868742274,-2.19087448252377,1.17160954092718,-1.86996982014159,0.0614880089522171,0.479303800120306,42.0807868742274,-2.5682072100098,1.17556850852003,-2.18465124864821,0.0289144272449251,0.339646487630073,NA,NA,"Schistocerca_gregaria",2,"protein_coding","66 kDa stress protein-like"
"LOC126326507",6.8580724382444,1.90022621952304,0.545958455918345,3.48053262830541,0.000500417868403527,0.00587347718029204,6.8580724382444,1.20285957839638,0.630376221538281,1.90816140789875,0.0563703578641575,0.659482261739466,6.8580724382444,2.68549286800463,0.711236254732738,3.77580986646098,0.000159488617531578,0.0099376598114319,6.8580724382444,-1.93538599158202,0.954945459776383,-2.02669793522578,0.0426933137749118,0.40468372699199,6.8580724382444,-2.30119478571382,0.864478321421848,-2.66194620349639,0.00776902940452375,0.202231253948881,NA,NA,"Schistocerca_gregaria",2,"protein_coding","uncharacterized LOC126326507"
"LOC126326508",20.1039149820175,3.58388808333346,0.762431395967644,4.70060401799816,2.59393084244386e-06,0.000122667585845111,20.1039149820175,2.44963457845981,0.874497383743412,2.80119143178428,0.00509143065011455,0.321421707485228,20.1039149820175,3.43347833281183,0.897359545914044,3.82620137986555,0.000130135843533639,0.00873244878275729,20.1039149820175,-3.44006401012613,1.13830791456597,-3.02208564669237,0.00251039508565844,0.130305480340763,20.1039149820175,-2.94474675403051,1.0835052013025,-2.7177966017058,0.00657182237763893,0.192785170889133,NA,NA,"Schistocerca_gregaria",2,"protein_coding","uncharacterized LOC126326508"
"LOC126326512",37.0837528373099,3.51037324134942,1.0569078608759,3.32136165440217,0.00089579379859071,0.00861605993185699,37.0837528373099,2.04405357326221,1.20542978393706,1.69570521692779,0.089941720057,0.762417284508705,37.0837528373099,4.06716061702262,1.17796749535712,3.45269341730825,0.000555019416537924,0.0198970659325993,37.0837528373099,-1.56539157714004,1.46658255896135,-1.06737364874206,0.285803142863999,0.804133349054763,37.0837528373099,-3.13619801103712,1.48224251525481,-2.11584675163496,0.0343578434141743,0.361772831247311,NA,NA,"Schistocerca_gregaria",2,"protein_coding","myosin light chain kinase A-like"
"LOC126326513",13.9468470168797,1.80307376713485,0.64988501095439,2.7744504593004,0.00552950550940872,0.029509685459593,13.9468470168797,2.04782368108983,0.735705334015271,2.78348353125753,0.0053778592593996,0.324201017829799,13.9468470168797,2.78942368830525,0.79774657139262,3.49662886477315,0.000471176858272129,0.0182227069669679,13.9468470168797,-3.0826438930776,1.05234291377071,-2.92931501009684,0.00339709954155055,0.147738337972686,13.9468470168797,-2.50048598912248,0.992624533600721,-2.51906527038178,0.0117666842327163,0.239046280127027,NA,NA,"Schistocerca_gregaria",2,"protein_coding","crt homolog 1-like"
"LOC126326515",9.41288643112381,2.28114247913249,0.700672834884125,3.25564566736734,0.00113134845156042,0.0100913829091219,9.41288643112381,1.57537576576353,0.805637578842356,1.95543977482684,0.0505311853029556,0.640061659712546,9.41288643112381,3.537603632001,0.840353244076161,4.20966261145342,2.55752315587231e-05,0.00349228751961483,9.41288643112381,-1.71383907117907,1.12409385301156,-1.52464055077566,0.127348777242591,0.631678196664829,9.41288643112381,-1.84215403072894,1.01061489876308,-1.82280513871665,0.0683329091711083,0.477720767302009,NA,NA,"Schistocerca_gregaria",2,"protein_coding","uncharacterized LOC126326515"
"LOC126326519",13.703554826495,2.9696030331998,0.7571003426843,3.92233745750407,8.76940518019269e-05,0.00172423059797409,13.703554826495,1.949317070171,0.868745354402869,2.24383020903848,0.0248433279328803,0.506075944778952,13.703554826495,3.04516744595683,0.894227845747509,3.40535967476084,0.000660769627410657,0.0218074941032155,13.703554826495,-3.24415017490798,1.16688554263928,-2.78017856624593,0.00543290149926455,0.174990824730237,13.703554826495,-3.16100530495317,1.10406131565959,-2.86307042925847,0.00419557292971293,0.167625184554943,NA,NA,"Schistocerca_gregaria",2,"protein_coding","uncharacterized LOC126326519"
"LOC126326521",25.7074657182857,3.18635760440881,0.908308657757565,3.50801192655732,0.000451468809569184,0.00543910849127384,25.7074657182857,2.07898220444525,1.0357802819247,2.00716526538047,0.0447320687554065,0.613244607082466,25.7074657182857,3.32994747912201,1.03187401908371,3.227087238885,0.0012505732549824,0.0333787354610484,25.7074657182857,-2.97997609053225,1.30925825493817,-2.2760796651788,0.0228412419211791,0.310367709047904,25.7074657182857,-3.87379276055096,1.30598834349663,-2.9661771330817,0.00301526770448715,0.152215523351978,NA,NA,"Schistocerca_gregaria",2,"protein_coding","uncharacterized LOC126326521"
"LOC126326525",30.8142381316072,3.17168031525917,0.768622585433749,4.12644693945511,3.68410956526714e-05,0.000934197089608648,30.8142381316072,2.17816947094713,0.880092610320447,2.47493212123898,0.0133261500747934,0.429781104423654,30.8142381316072,3.28069067441116,0.894206353815525,3.66882952733745,0.000243663480662378,0.0127483375839781,30.8142381316072,-1.76193118831781,1.04674543326044,-1.68324707453434,0.0923272713127053,0.564819746470589,30.8142381316072,-3.06724097789501,1.09130985157071,-2.81060504812667,0.00494484439526585,0.175312987853393,NA,NA,"Schistocerca_gregaria",2,"protein_coding","eukaryotic translation initiation factor 3 subunit D-like"
"LOC126326526",11.1774250934944,2.14247427460697,0.747410512016767,2.86652949103679,0.00414999491332475,0.0240904642993246,11.1774250934944,1.70641926795168,0.854516045578078,1.99694233570218,0.0458314474986807,0.617257934912231,11.1774250934944,2.95662949678489,0.897898753311802,3.29283172059175,0.00099183818975984,0.0284981587449695,11.1774250934944,-0.867921177613554,1.10494853033156,-0.785485616559098,0.432168900236438,0.887176075837997,11.1774250934944,-1.71740321238144,1.09515611178805,-1.56818118795635,0.116838853390266,0.589090032359522,NA,NA,"Schistocerca_gregaria",2,"protein_coding","serine palmitoyltransferase 2-like"
"LOC126326531",22.2287936360716,3.49917188205454,0.952667690829228,3.67302461890857,0.000239696380243542,0.00344956889946163,22.2287936360716,2.03868135437276,1.09260182792852,1.86589597624774,0.062055920676105,0.685151598528546,22.2287936360716,3.98362657327889,1.07515462601944,3.70516619365487,0.000211252173550288,0.0116798648911501,22.2287936360716,-2.37747891405059,1.36950145620263,-1.73601780654027,0.0825606861105073,0.542045765586765,22.2287936360716,-3.19853409447162,1.33833855166966,-2.38992898357538,0.0168516309328754,0.275424828862019,NA,NA,"Schistocerca_gregaria",2,"protein_coding","ras-like protein rasD"
"LOC126326535",8.25748898139513,2.04196394220603,0.677592735064683,3.01355642783139,0.00258205018885707,0.0176538429405986,8.25748898139513,1.8938115055819,0.77050013599664,2.45789898937819,0.0139752475564579,0.439763163762559,8.25748898139513,3.00995496532834,0.823982781580123,3.65293429986032,0.000259260583723507,0.0129586793369186,8.25748898139513,-3.0365004874895,1.08643858830222,-2.79491222070327,0.00519138089218545,0.173829593357672,8.25748898139513,-3.08975605579235,1.04548530890129,-2.95533187265865,0.00312332877445256,0.154821149521584,NA,NA,"Schistocerca_gregaria",2,"protein_coding","histone deacetylase B-like"
"LOC126326555",26.240780984581,2.76221753862388,0.877589870069212,3.14750389997783,0.00164670909254337,0.0130100295420001,26.240780984581,1.93819165688403,1.00146987001382,1.93534694843817,0.0529477347549299,0.650719531358301,26.240780984581,3.49254792679524,0.996221808255299,3.50579348680571,0.000455248292011869,0.0178262061874573,26.240780984581,-1.99274376454022,1.25294229795298,-1.59045134623989,0.111733104299328,0.599793513830843,26.240780984581,-2.36601155866736,1.22418302288785,-1.93272698153087,0.0532698395380663,0.429946909896006,NA,NA,"Schistocerca_gregaria",2,"protein_coding","uncharacterized LOC126326555"
"LOC126326556",28.8916573904111,3.10178785111598,0.892641850036632,3.47484027439301,0.00051115761219679,0.00595337637927996,28.8916573904111,2.0122028967918,1.02172751088621,1.96941246599741,0.0489057453892106,0.632898000979583,28.8916573904111,3.82315090491271,1.00986227477423,3.78581416536968,0.000153206139405995,0.00976652233730834,28.8916573904111,-1.47853220857759,1.23462107911308,-1.19755950517201,0.231088548872103,0.760327251246085,28.8916573904111,-3.5662575593093,1.2635555991691,-2.82239860410927,0.00476658921622842,0.17496527736524,NA,NA,"Schistocerca_gregaria",2,"protein_coding","uncharacterized LOC126326556"
"LOC126326562",40.6673121336679,3.31493611409291,0.905316439589196,3.66163251779358,0.000250613171225592,0.00354629489153875,40.6673121336679,2.51422932642561,1.02738080892569,2.44722239755937,0.0143961977124483,0.444927198620081,40.6673121336679,3.54836686341482,1.02348208201654,3.46695552932745,0.000526388969878318,0.0192665725058959,40.6673121336679,-1.76983002284761,1.2116301456671,-1.46070154260909,0.144097365540443,0.657657053108963,40.6673121336679,-3.22516598456921,1.27011792512131,-2.53926499325735,0.0111085647984755,0.233654428761625,NA,NA,"Schistocerca_gregaria",2,"protein_coding","proteoglycan 4-like"
"LOC126326566",17.4747957376579,1.94882886891295,0.650415364188664,2.99628356926031,0.00273292162268993,0.0182087818399223,17.4747957376579,2.19112189863669,0.73704691970299,2.97283909621338,0.00295059085219052,0.260227903001785,17.4747957376579,2.661513337346,0.794610218064573,3.34945773014174,0.000809699092994864,0.025040529310803,17.4747957376579,-3.2550823765433,1.05113816810193,-3.09672170160189,0.00195673481157096,0.12340982454449,17.4747957376579,-1.704776273771,0.952065098832886,-1.79060893615452,0.0733560720264184,0.488753391635129,NA,NA,"Schistocerca_gregaria",2,"protein_coding","uncharacterized LOC126326566"
"LOC126326570",20.5207980751531,2.90039330301585,0.629203407105761,4.60962745951617,4.03391161228399e-06,0.000171540267192138,20.5207980751531,2.32703373112877,0.720755023867521,3.22860563446658,0.00124395307365293,0.190348566487025,20.5207980751531,2.94841387786458,0.783444485454759,3.76339859760853,0.000167619711832832,0.0102411078412417,20.5207980751531,-3.81526371401296,1.03294754770464,-3.69356965171274,0.000221127905567366,0.0528133189542778,20.5207980751531,-2.50307279386816,0.933181468965899,-2.68230014966106,0.00731178246878758,0.197942840548628,NA,NA,"Schistocerca_gregaria",2,"protein_coding","TBC1 domain family member 8B-like"
"LOC126326571",19.5350588695886,2.62468236616291,0.711484010956179,3.68902508804877,0.000225115022411718,0.00329601238774879,19.5350588695886,2.34477557324116,0.811902402646085,2.88800176671391,0.00387697694864527,0.28988127792843,19.5350588695886,3.25095547395757,0.847094140350626,3.83777353555055,0.000124154900929176,0.00841056037737339,19.5350588695886,-3.66006726134656,1.12346687949913,-3.25783281032575,0.0011226652811813,0.102525578542868,19.5350588695886,-2.86462380597256,1.03683652012396,-2.762850025412,0.00572990878587921,0.185620313567684,NA,NA,"Schistocerca_gregaria",2,"protein_coding","FK506-binding protein 5-like"
"LOC126326581",16.7957254082229,2.42097699229811,0.615255937161604,3.93491041056335,8.32277357812571e-05,0.00167081518015796,16.7957254082229,1.75205343224776,0.703778921251586,2.4894940432884,0.0127925062197576,0.428373306108817,16.7957254082229,2.77912855571195,0.750268888702819,3.70417672591614,0.000212078373070172,0.0116844021542029,16.7957254082229,-2.44355744686414,0.957157244709606,-2.55293209174371,0.0106820320807014,0.220927069651972,16.7957254082229,-2.46122696776962,0.897676341755909,-2.74177546325362,0.00611080982695499,0.189810257736692,NA,NA,"Schistocerca_gregaria",2,"protein_coding","uncharacterized LOC126326581"
"LOC126326585",19.2088528483797,3.07169480465971,0.758192336468706,4.05133982093011,5.09251831659865e-05,0.00117872818475758,19.2088528483797,2.15176758289515,0.868234541652278,2.47832524469744,0.013200075645178,0.429781104423654,19.2088528483797,3.31751651112637,0.886191119528236,3.74356776774343,0.000181425641297996,0.0105901316716027,19.2088528483797,-2.46985495007905,1.08987112286046,-2.26618991757182,0.0234397576927456,0.312460819800868,19.2088528483797,-2.4849041035983,1.06688555788576,-2.3291196372764,0.0198527286524487,0.289815111294216,NA,NA,"Schistocerca_gregaria",2,"protein_coding","uncharacterized LOC126326585"
"LOC126326587",31.8897169837537,3.66424959830934,0.84321662675466,4.34556136827159,1.38919925231802e-05,0.000459823131475596,31.8897169837537,2.55021188126378,0.965960996826334,2.64007748723034,0.00828870734174653,0.358175025910557,31.8897169837537,4.08749712449842,0.962959320146045,4.2447246098397,2.18862044326081e-05,0.00334481528055073,31.8897169837537,-2.6603985063025,1.18956389934441,-2.23644859075557,0.0253224012639351,0.321650292591436,31.8897169837537,-3.24549788296024,1.17683038343677,-2.75782978468165,0.00581864877014597,0.18629864359979,NA,NA,"Schistocerca_gregaria",2,"protein_coding","serine/threonine-protein kinase MARK2-like"
"LOC126326598",7.48153509887204,2.83549602707787,0.635440424354607,4.46225313719659,8.11023368110888e-06,0.000302653323560111,7.48153509887204,1.87348392549077,0.73665208453357,2.54324119190813,0.010982938686347,0.403285248043275,7.48153509887204,3.26744727408835,0.802814653578808,4.06998957919195,4.70152406842319e-05,0.00512662020294313,7.48153509887204,-2.24845107215934,1.03810244165728,-2.16592407640407,0.0303169891574025,0.351662591587736,7.48153509887204,-2.29603265609898,0.953563810873569,-2.40784374356192,0.0160470475823628,0.270303236502501,NA,NA,"Schistocerca_gregaria",2,"protein_coding","elongation factor G-like"
"LOC126326603",23.739140982506,3.34164679015723,1.00679835522903,3.31908248836685,0.00090313746623094,0.00866643340044465,23.739140982506,1.82889016028723,1.15036156353097,1.58983941942006,0.111871005873749,0.80975477960632,23.739140982506,3.886885009523,1.1323787955339,3.43249540246855,0.000598054021603085,0.0206353180148118,23.739140982506,-1.47015147161304,1.41470098023415,-1.03919590935019,0.298713632566353,0.815749908607491,23.739140982506,-2.93070798253916,1.41878236448562,-2.06565013486172,0.0388615268852297,0.37955142311586,NA,NA,"Schistocerca_gregaria",2,"protein_coding","probable serine/threonine-protein kinase roco4"
"LOC126327185",23.8770824167444,3.36485409988629,0.849046214137157,3.96309887949482,7.39831209122854e-05,0.00153149713314903,23.8770824167444,2.27487258175149,0.975058870937454,2.3330617766334,0.0196449032293297,0.470443735228685,23.8770824167444,4.02943307425232,0.972946547442353,4.14147425143216,3.45080616871569e-05,0.00416804295855183,23.8770824167444,-2.02896728109823,1.2083747186324,-1.67908782748661,0.0931349281833964,0.566311673081762,23.8770824167444,-3.38118338107144,1.20235450300184,-2.81213516698268,0.00492138176215952,0.175305583679349,NA,NA,"Schistocerca_gregaria",2,"protein_coding","crossover junction endonuclease MUS81-like"
"LOC126327187",30.728610365366,3.36961572261674,0.964500726339709,3.49363730953782,0.00047648787801067,0.00567406729987091,30.728610365366,1.76280827839716,1.10435596350319,1.59623195478137,0.110437015720756,0.807930642611012,30.728610365366,3.64599434938455,1.09943222806888,3.31625202199923,0.0009123351413808,0.0269783171185712,30.728610365366,-1.4551560145104,1.36756166340374,-1.06405148188247,0.287305378334607,0.805571989406637,30.728610365366,-2.13997086255964,1.35568155630372,-1.57852030412976,0.114446127339673,0.584564853534334,NA,NA,"Schistocerca_gregaria",2,"protein_coding","leucine-zipper-like transcriptional regulator 1"
"LOC126327191",44.5811990650068,3.563226173388,1.14917066430491,3.10069364287442,0.00193067928436435,0.014510474159694,44.5811990650068,1.76002844114762,1.30689997369768,1.34672008307406,0.178070401667646,0.908165085268966,44.5811990650068,4.32014774028305,1.26582093336022,3.41292170671793,0.000642704037076934,0.0215221818731087,44.5811990650068,-0.465951218717428,1.5691713104248,-0.296940949418255,0.766511592229688,0.973044751101306,44.5811990650068,-3.68673504370236,1.61367923666459,-2.28467650815331,0.0223318030889576,0.305209121636752,NA,NA,"Schistocerca_gregaria",2,"protein_coding","uncharacterized LOC126327191"
"LOC126327194",9.82014147401401,2.15348913207025,0.616533792701211,3.49289715756731,0.000477810487209362,0.00568159478902058,9.82014147401401,1.50015995788723,0.705759463178362,2.12559666027192,0.033536857939932,0.559556990504217,9.82014147401401,2.49530283545047,0.763779398104228,3.26704653417472,0.00108675815327646,0.0304719223620483,9.82014147401401,-3.54523362563234,1.01692393441043,-3.48623284954712,0.000489874402361722,0.0811020473637264,9.82014147401401,-2.76724241693399,0.946238259383607,-2.92446684489022,0.00345046834720969,0.157706666883667,NA,NA,"Schistocerca_gregaria",2,"protein_coding","ATP-dependent RNA helicase dhx8-like"
"LOC126327199",44.3050481598776,4.07561723136908,1.08587697721207,3.75329555455996,0.00017452487933554,0.0027696778584619,44.3050481598776,1.85748179693475,1.24345167213782,1.49381100894838,0.135225023281395,0.849010659563952,44.3050481598776,4.43450342506767,1.20405379297625,3.68297782950893,0.000230525215391147,0.0123539485736239,44.3050481598776,-0.866773534370143,1.47922806473667,-0.585963419051574,0.557900097689668,0.927295206105608,44.3050481598776,-4.12633783028649,1.52369747592528,-2.70810833218762,0.00676679303687882,0.195713731121115,NA,NA,"Schistocerca_gregaria",2,"protein_coding","diacylglycerol kinase 1-like"
"LOC126327201",17.6133362601545,3.29216239179607,0.813288539574994,4.04796358438356,5.1665182069502e-05,0.00118584923475285,17.6133362601545,2.06461344622591,0.932479444209746,2.21411148422218,0.0268211108230717,0.515449087564397,17.6133362601545,3.27801510617617,0.942626011332577,3.47753516958659,0.000506046658319794,0.0189143606183988,17.6133362601545,-3.9230495166154,1.24456233274021,-3.15215189582175,0.00162071939557036,0.116892380564676,17.6133362601545,-3.7431744441329,1.1773390810169,-3.17935122046557,0.00147605121883469,0.123157010164374,NA,NA,"Schistocerca_gregaria",2,"protein_coding","DENN domain-containing protein 2A-like"
"LOC126327207",16.4013024047715,2.84815448115598,0.670795428931803,4.24593603103628,2.17682734341722e-05,0.000628492062993285,16.4013024047715,2.15096997584302,0.768166394212628,2.8001354811255,0.00510811627904208,0.321421707485228,16.4013024047715,2.98610285200089,0.813401661631579,3.6711295204526,0.000241480921859531,0.0126813827258808,16.4013024047715,-2.96444263065536,1.04315458695995,-2.84180568030152,0.00448588245230559,0.166305619569542,16.4013024047715,-3.05527521143411,0.992964856048372,-3.07692179921952,0.00209150162524755,0.136785096180152,NA,NA,"Schistocerca_gregaria",2,"protein_coding","vacuolar protein sorting-associated protein 35-like"
"LOC126327247",4.65958219800927,4.96444388102705,1.43870837697463,3.4506255475251,0.00055928896581835,0.0062932085825153,4.65958219800927,-0.170044612326545,1.68703103961169,-0.10079518890517,0.919713046088857,0.997493170622168,4.65958219800927,5.7323812713358,1.52564035927972,3.75736079376016,0.000171714833806135,0.0103305223004748,4.65958219800927,-1.34771638793747,2.00012167253599,-0.673817201444891,0.50042753740598,0.912597082376727,4.65958219800927,-7.10370257777977,1.96455901006157,-3.61592731060655,0.000299274352888705,0.0703594003641346,NA,NA,"Schistocerca_gregaria",2,"rRNA","large subunit ribosomal RNA"
"LOC126327276",38.6252995479107,2.36130206082186,0.752727790507072,3.13699333358102,0.00170690008182284,0.0133067051854848,38.6252995479107,0.587491562398805,0.813306190647957,0.722349797842745,0.470079443610424,0.997493170622168,38.6252995479107,2.46730949031356,0.808491377101707,3.05174496623379,0.00227515317477541,0.0495484814844987,38.6252995479107,-0.692977854802154,1.03900970462415,-0.666959944375908,0.50479771945431,0.913816845766631,38.6252995479107,-2.38396750112004,1.08698079686032,-2.19320112002529,0.0282928918915656,0.335942367863993,NA,NA,"Schistocerca_gregaria",2,"rRNA","large subunit ribosomal RNA"
"LOC126327475",21.6227059413655,29.3317433067107,5.13772768079532,5.70908875072377,1.13582654507138e-08,1.55769145435331e-06,21.6227059413655,29.4922966654112,5.50522790747481,5.35714363893411,8.45479044600946e-08,0.000154816965723128,21.6227059413655,-17.4904362339018,5.55786740871561,-3.14696896267696,0.0016497247254324,0.0400370597198447,21.6227059413655,-29.9923392245625,7.06506143746075,-4.24516325725569,2.1843432354842e-05,0.0146632643647129,21.6227059413655,17.8269698723427,7.47246433948615,2.38568818296544,0.0170471982413107,0.275424828862019,NA,NA,"Schistocerca_gregaria",4,"rRNA","large subunit ribosomal RNA"
"LOC126327962",226.938222717527,29.9699328203733,1.96995889245642,15.2134813244771,2.8782130422244e-52,4.7366752035887e-48,226.938222717527,28.8282387471492,2.09280334447388,13.7749391615181,3.60686808603572e-43,6.07216242284113e-39,226.938222717527,28.8575247289703,2.09986371592823,13.7425702963842,5.64360747859759e-43,8.86159246289393e-39,226.938222717527,-28.942876061048,2.60954298772599,-11.0911666131507,1.38470015795709e-28,2.01736966012769e-24,226.938222717527,-29.1988475458585,2.73192818504944,-10.6879996720448,1.15842434720068e-26,1.90641894818815e-22,NA,NA,"Schistocerca_gregaria",5,"rRNA","large subunit ribosomal RNA"
"LOC126328048",12.286939688313,2.87987385765649,0.707626218290323,4.06976703691742,4.70601716096043e-05,0.00110955479108776,12.286939688313,2.04006230433864,0.81473978836072,2.50394338595308,0.0122817684910502,0.427001647589893,12.286939688313,3.09585025383621,0.863913961739715,3.58351686735322,0.000338998862096383,0.015252034764004,12.286939688313,-2.65793470924967,1.11432529712389,-2.38524129005228,0.0170679225362343,0.265665131870082,12.286939688313,-2.69675868583669,1.05178790765626,-2.56397574663696,0.0103480775243882,0.228741993450235,NA,NA,"Schistocerca_gregaria",2,"protein_coding","uncharacterized LOC126328048"
"LOC126328050",5.95287293894804,2.80105718236312,0.702526787733375,3.98711797367958,6.68807738961574e-05,0.00141472608741525,5.95287293894804,1.9393552847847,0.809672126817059,2.39523533113162,0.0166097009069267,0.46079194718727,5.95287293894804,3.08355823262284,0.866623377581617,3.55812953168625,0.000373505122004707,0.016245920846864,5.95287293894804,-3.16211677335844,1.12093828910836,-2.82095526942318,0.00478808787076494,0.168955806490194,5.95287293894804,-3.34099750374282,1.09273482134499,-3.05746411524669,0.00223218366238896,0.136785096180152,NA,NA,"Schistocerca_gregaria",2,"protein_coding","uncharacterized LOC126328050"
"LOC126328054",21.7992321286271,2.44591324542609,0.605576434045612,4.0389835335664,5.36833332426934e-05,0.00120863347286055,21.7992321286271,1.68675726414627,0.693395018098554,2.43260655199361,0.0149905801487148,0.45065431572074,21.7992321286271,2.91279271070198,0.733640600118324,3.97032649260714,7.17742089356371e-05,0.00633145297026614,21.7992321286271,-2.41727292012594,0.947851658734319,-2.55026501019554,0.0107641062053812,0.221500371901411,21.7992321286271,-1.90795485819379,0.856013570821431,-2.22888389066416,0.0258216312375307,0.325756001598433,NA,NA,"Schistocerca_gregaria",2,"protein_coding","glutamate--cysteine ligase catalytic subunit-like"
"LOC126328056",28.2720473304773,3.10192869153055,0.766448956122849,4.04714321384418,5.18465225213336e-05,0.00118822681007523,28.2720473304773,2.28203444962082,0.875268043964888,2.60724067941908,0.00912751783902178,0.372965443737698,28.2720473304773,3.26717277949756,0.889953210825792,3.67117365245071,0.000241439223072437,0.0126813827258808,28.2720473304773,-2.41974094781003,1.0701090804651,-2.26120962057283,0.0237462796507951,0.313381166863201,28.2720473304773,-2.92868391233105,1.08315922716451,-2.70383507695147,0.00685443002879355,0.196179747798009,NA,NA,"Schistocerca_gregaria",2,"protein_coding","uncharacterized LOC126328056"
"LOC126328057",16.6820841876381,3.18040058934714,0.841029406474516,3.78155694065319,0.000155850563408686,0.00255207236021567,16.6820841876381,1.85805668547025,0.969171986289675,1.91715888588932,0.055217749507842,0.654803430899522,16.6820841876381,3.59307946531162,0.973145393656864,3.69223292709594,0.000222293728487064,0.0119656748939113,16.6820841876381,-1.63359771702202,1.19730811027685,-1.36439209172674,0.172444195538045,0.698300258225007,16.6820841876381,-3.36437345493429,1.21089863112392,-2.77841048660826,0.00546255617400302,0.182026042711748,NA,NA,"Schistocerca_gregaria",2,"protein_coding","ras-like protein rasS"
"LOC126328059",13.7241654475261,2.20831118742947,0.655072510182482,3.37109427292912,0.000748702321623914,0.00767688106352945,13.7241654475261,2.19275516105867,0.744628851717059,2.9447625565439,0.00323202592634505,0.274460011776904,13.7241654475261,3.01512466394348,0.796367513780262,3.78609701145522,0.000153031951089195,0.00976652233730834,13.7241654475261,-3.33833108615924,1.05739038491672,-3.15714151913926,0.00159324002100777,0.116305884465267,13.7241654475261,-2.94717034711629,0.988390685310691,-2.98178684898258,0.00286571443303665,0.147840321079888,NA,NA,"Schistocerca_gregaria",2,"protein_coding","26S proteasome non-ATPase regulatory subunit 12-like"
"LOC126328069",15.6144865125184,2.88549664225707,0.683365223366921,4.22248095687444,2.41627819522411e-05,0.000677422321274331,15.6144865125184,2.20406815472786,0.783305874955709,2.81380266023472,0.00489592734920985,0.317183860535958,15.6144865125184,2.70936461290912,0.84269244982481,3.21512861954842,0.00130386087035335,0.0342935065096956,15.6144865125184,-2.61717248759065,1.03813807475631,-2.52102543123178,0.0117013394870368,0.231311824947951,15.6144865125184,-2.61261983526047,1.0217338269294,-2.55704545195702,0.0105565423063508,0.22935410990489,NA,NA,"Schistocerca_gregaria",2,"protein_coding","Golgi to ER traffic protein 4 homolog"
"LOC126328070",13.8387762055645,2.52564895915073,0.642059122096011,3.93367039300947,8.36584846228064e-05,0.00167301299982486,13.8387762055645,2.29756366529532,0.730890361239308,3.14351342847036,0.00166932756291235,0.203645866098764,13.8387762055645,2.91337089444887,0.786712589766346,3.70322139539439,0.000212878946630082,0.0116875007691802,13.8387762055645,-3.82171634019323,1.04175014723008,-3.66855368377421,0.000243926479292281,0.0546733057970653,13.8387762055645,-2.68344178791996,0.95494819892234,-2.81003911096772,0.00495354799488533,0.175312987853393,NA,NA,"Schistocerca_gregaria",2,"protein_coding","uncharacterized LOC126328070"
"LOC126328109",1710.50170568053,2.51631025467293,0.96445137716229,2.60905869830025,0.0090791667035008,0.0412113037447884,1710.50170568053,5.71833316346783,1.03456286775422,5.52729403084117,3.25207674489673e-08,0.000109497424000673,1710.50170568053,2.89072579204883,1.03839155136924,2.78384949129937,0.00537179548033263,0.0851139582564913,1710.50170568053,-7.01635751614364,1.33492325277151,-5.25600067387888,1.47221750239668e-07,0.000428974735848344,1710.50170568053,-0.982014440543478,1.40410536130913,-0.699388000077064,0.484309585067251,0.911340303140797,NA,NA,"Schistocerca_gregaria",3,"rRNA","large subunit ribosomal RNA"
"LOC126328204",4882.07387714052,6.65365680717401,1.54411607500716,4.30903927163841,1.63965254055164e-05,0.000515941909366316,4882.07387714052,0.402472775718224,1.6510279373381,0.243771026895595,0.807408160685762,0.997493170622168,4882.07387714052,7.60868220846261,1.65352987934823,4.6014785118136,4.19502441815458e-06,0.00131740546827726,4882.07387714052,-1.28177892332611,2.13234541476467,-0.601112237469071,0.547765233153719,0.924738207730281,4882.07387714052,-7.82745811463046,2.23312383530348,-3.50516079354225,0.000456331589451322,0.0782275934125042,NA,NA,"Schistocerca_gregaria",2,"rRNA","large subunit ribosomal RNA"
"LOC126328213",21.8650352981407,2.77159702443627,0.642429111086357,4.31424569124749,1.60148765219257e-05,0.000506840044079483,21.8650352981407,1.95127505549893,0.735903632966289,2.65153610892462,0.00801265447897176,0.353449752238204,21.8650352981407,3.12562419567415,0.77221949445993,4.04758519837696,5.17487483514228e-05,0.00534578188561869,21.8650352981407,-2.50167033022111,0.964346406120966,-2.59416151119799,0.00948219311875435,0.214032428308158,21.8650352981407,-3.43510916543794,0.945978042739823,-3.63127790523433,0.000282021296584153,0.0700686192263227,NA,NA,"Schistocerca_gregaria",2,"protein_coding","dual specificity protein kinase shkC-like"
"LOC126328219",48.1074893047629,4.20140941082682,1.27237504097669,3.30202124021684,0.000959908010138032,0.00901667016143927,48.1074893047629,1.52817539689638,1.44657549754839,1.05640901528215,0.29078138895883,0.98908020590545,48.1074893047629,4.56628602898904,1.39404539491144,3.27556480273667,0.00105450918766605,0.0296993063309404,48.1074893047629,-0.752552801749039,1.74136078078535,-0.43216363320738,0.665622488685463,0.953597577547531,48.1074893047629,-3.77709551885128,1.77520066321482,-2.12770060146953,0.0333619150245243,0.358451129735487,NA,NA,"Schistocerca_gregaria",2,"protein_coding","uncharacterized LOC126328219"
"LOC126328221",43.6448813568555,3.25785739031485,0.898308954281598,3.62665581233156,0.00028711559593223,0.00391577322745415,43.6448813568555,2.20157071117836,1.0257738888571,2.14625341422107,0.03185276613712,0.549991095300939,43.6448813568555,3.99253417342077,1.00978326839364,3.95385257251497,7.69028048558302e-05,0.00659070698023143,43.6448813568555,-1.72015357931202,1.22816691108108,-1.40058616120659,0.161337861615803,0.68357294425197,43.6448813568555,-3.59281057182892,1.25634570219335,-2.85973085716497,0.00424000684914625,0.16855439510175,NA,NA,"Schistocerca_gregaria",2,"protein_coding","protein spalten-like"
"LOC126328322",443.045171314015,4.58671147118941,1.41734527774817,3.23612851660014,0.00121162819802203,0.0105557253863677,443.045171314015,1.50878174292054,1.58891488853262,0.949567376962474,0.342332121390593,0.99670955020771,443.045171314015,5.19617640634423,1.53695403264416,3.38082746522015,0.000722679055173816,0.0233008347522367,443.045171314015,0.386714043634963,1.91205211658022,0.202250786096049,0.839720671838454,0.983342401207443,443.045171314015,-4.17248651994661,1.96233056056228,-2.1262913618137,0.0334790068631899,0.358700531215831,NA,NA,"Schistocerca_gregaria",2,"protein_coding","acidic mammalian chitinase-like"
"LOC126328338",37.4401226670636,2.33243763511866,0.822676754057322,2.83518116151382,0.00457997060272912,0.0259101327635315,37.4401226670636,3.51803946785514,0.875342331666073,4.01904413917595,5.84347241618635e-05,0.0281071023218563,37.4401226670636,1.79559703283983,0.883825691304476,2.03161896118864,0.0421922456319289,0.296687255222815,37.4401226670636,-5.02827082408654,1.12878478349918,-4.45458771024457,8.40545617752076e-06,0.0094199300807923,37.4401226670636,-1.41561947505694,1.18664107777449,-1.19296348455415,0.232883674218021,0.757274575500094,NA,NA,"Schistocerca_gregaria",3,"rRNA","large subunit ribosomal RNA"
"LOC126329038",5.0321370832304,-5.56300199581651,1.91272056916327,-2.90842378416522,0.00363255709290392,0.0220025734552521,5.0321370832304,-6.59651532403136,2.07496876701819,-3.17909138146249,0.00147737507240244,0.19430944799918,5.0321370832304,-6.60850301925761,2.09265394555596,-3.15795310222777,0.00158881115684533,0.0388906779139344,5.0321370832304,5.60811762591887,2.75838759589564,2.03311443042432,0.0420409634189577,0.402163359192906,5.0321370832304,10.5564504808517,2.82293407580491,3.7395313519115,0.000184363653775035,0.0566965223701835,NA,NA,"Schistocerca_gregaria",2,"rRNA","large subunit ribosomal RNA"
"LOC126329069",24.18492190109,3.18602410279523,0.819259019974166,3.88890939875852,0.000100695697045529,0.00190049501761847,24.18492190109,2.06398124455227,0.938411896803294,2.1994406204602,0.027846606978215,0.52230241579015,24.18492190109,3.19202760094227,0.948739133121772,3.36449450592291,0.000766840109995854,0.0244237797305373,24.18492190109,-2.27856864362899,1.15050880805653,-1.98048778737993,0.0476487442901814,0.423495186633768,24.18492190109,-3.46653747758835,1.18002148508638,-2.93769013649324,0.00330667337759096,0.157159608778382,NA,NA,"Schistocerca_gregaria",2,"protein_coding","uncharacterized LOC126329069"
"LOC126329092",24.8483543239402,3.05867410093107,0.799880659437934,3.82391306108134,0.000131350246928348,0.00225639980553217,24.8483543239402,1.7184274327482,0.920392514824188,1.86705933074266,0.0618933029368358,0.685058353018823,24.8483543239402,3.05950483054525,0.931899840166649,3.28308333006917,0.00102678309289599,0.0291740527509405,24.8483543239402,-1.97343475741289,1.13873979855578,-1.73299884654573,0.0830958738076056,0.543367946814634,24.8483543239402,-2.80528091007845,1.14084027243213,-2.45896027504178,0.0139340034966345,0.257576767162554,NA,NA,"Schistocerca_gregaria",2,"protein_coding","telomerase-binding protein EST1A-like"
"LOC126329109",154.181702077937,29.3161759406569,5.13292510424658,5.71139756479263,1.1205213555742e-08,1.5496151217382e-06,154.181702077937,21.515813130438,5.52794092929982,3.89219302550747,9.93421556173526e-05,0.0398196473766222,154.181702077937,-16.8388637752307,5.55761405517168,-3.02987282097453,0.00244656737510067,0.0521956534291179,154.181702077937,-24.275203987989,7.12564456660713,-3.40673798153641,0.000657442077644479,0.0837754372277104,154.181702077937,-10.7080154645041,7.49873490892204,-1.4279762646048,0.153298690408814,0.65271170956023,NA,NA,"Schistocerca_gregaria",2,"rRNA","large subunit ribosomal RNA"
"LOC126329400",9.89734185530642,-19.1626504824661,5.16281605877393,-3.71166632014716,0.000205899305794828,0.00311441624583225,9.89734185530642,-9.05831890415355,5.53910544745256,-1.63533967534766,0.101977860726371,0.792977960890745,9.89734185530642,21.6469773722691,5.51887553361745,3.92235288518641,8.7688435173524e-05,0.00709733922213749,9.89734185530642,-3.86224685316422,7.14931180249842,-0.540226382602939,0.589040920381596,0.93567715892757,9.89734185530642,-12.3510668165004,7.49029061985941,-1.64894360490544,0.0991591887714933,0.552611842063144,NA,NA,"Schistocerca_gregaria",2,"rRNA","small subunit ribosomal RNA"
"LOC126329579",14.4452527269164,2.31168241285771,0.861036612109811,2.68476668743894,0.00725804528743733,0.0354122891477487,14.4452527269164,2.02109305768516,0.977142984131272,2.06836981947122,0.0386052609452658,0.585438989570647,14.4452527269164,3.61843172251122,0.976426942720945,3.70578848677401,0.000210734111923044,0.0116798648911501,14.4452527269164,-2.51998985720213,1.29214636667073,-1.95023560968174,0.0511480433141115,0.435266263459866,14.4452527269164,-3.60249086977548,1.24990202116538,-2.88221861295703,0.003948856577261,0.164939930690315,NA,NA,"Schistocerca_gregaria",2,"protein_coding","uncharacterized LOC126329579"
"LOC126329582",23.7283777245147,2.38398215480932,0.77034104285891,3.09471003383362,0.00197005393854294,0.0146835266390094,23.7283777245147,1.7039795706864,0.878816248391175,1.93894864120438,0.0525075922398408,0.649974496586559,23.7283777245147,2.90416098191654,0.889959409299205,3.26325105568962,0.00110141902100218,0.0307730986971107,23.7283777245147,-2.45215878159087,1.14088006895245,-2.14935719215642,0.0316060960843923,0.35408764484801,23.7283777245147,-2.09086302626097,1.07758069140173,-1.94033081971908,0.052339498148102,0.426643990165408,NA,NA,"Schistocerca_gregaria",2,"protein_coding","uncharacterized LOC126329582"
"LOC126329584",27.1074642605218,2.81678247163565,0.706437339375963,3.98730689139943,6.68275586981201e-05,0.00141472608741525,27.1074642605218,2.2048143559101,0.802816695841793,2.74634840970546,0.00602627281960157,0.326907241869226,27.1074642605218,2.96236211029349,0.82610673047985,3.58593145533723,0.000335877180549023,0.0151550100258068,27.1074642605218,-3.65086852166633,1.075958811473,-3.39313037147607,0.000690987432232821,0.0837754372277104,27.1074642605218,-3.29090737246939,1.01407741869216,-3.24522300941641,0.00117358676087242,0.116148779965293,NA,NA,"Schistocerca_gregaria",2,"protein_coding","uncharacterized LOC126329584"
"LOC126329587",29.9657451478051,3.88236458928767,1.08795722963339,3.56849008723983,0.000359044435339687,0.00460904389421625,29.9657451478051,1.92158321755589,1.24341637972213,1.54540606742314,0.122248073633685,0.829876650424543,29.9657451478051,3.79669373527227,1.21690653386703,3.11995509072279,0.00180878614515551,0.0429675643740268,29.9657451478051,-2.45813712748788,1.52702812876708,-1.60975235569012,0.107451930188141,0.590296821610491,29.9657451478051,-3.13322518694716,1.52630718742184,-2.0528142779958,0.0400905932458425,0.384709809939536,NA,NA,"Schistocerca_gregaria",2,"protein_coding","ankyrin repeat and death domain-containing protein 1B-like"
"LOC126329590",15.1049550521979,2.66118948479806,0.682813648946199,3.89738765313952,9.72359060542837e-05,0.0018585497165335,15.1049550521979,2.21409722849185,0.780980205219177,2.83502349188285,0.00458223160444894,0.307971821360023,15.1049550521979,3.04225926890073,0.829387605882828,3.66807901073281,0.000244379672193186,0.0127483375839781,15.1049550521979,-3.26463836831424,1.09115885028466,-2.99190018709244,0.00277246893859407,0.135543959618715,15.1049550521979,-3.18682482126981,1.02726752720992,-3.10223455609979,0.00192065710831162,0.131701058464518,NA,NA,"Schistocerca_gregaria",2,"protein_coding","TELO2-interacting protein 1 homolog"
"LOC126329614",36.8372105190753,4.0741106923907,1.04435502113727,3.90107828270326,9.57651741433761e-05,0.00183683854414632,36.8372105190753,-0.570502697651159,1.19478880494018,-0.477492503522179,0.633011457722653,0.997493170622168,36.8372105190753,3.61940915396815,1.11244359773219,3.25356643819661,0.00113966072050025,0.0313963251268744,36.8372105190753,-0.0183090202963933,1.46948772930418,-0.0124594577629191,0.990059048218048,0.999308596632585,36.8372105190753,-0.884142512362539,1.45720689293853,-0.606737805487334,0.544024928681119,0.932606067844288,NA,NA,"Schistocerca_gregaria",2,"rRNA","small subunit ribosomal RNA"
"LOC126329932",17.0867768123377,3.3202084988998,0.63764601888637,5.20697754013809,1.91941314853709e-07,1.54086742368171e-05,17.0867768123377,2.20244029496831,0.732873675290606,3.00521136073687,0.00265396355803586,0.2510082949412,17.0867768123377,3.42091506948686,0.771319038197261,4.43514927037492,9.20085136460987e-06,0.00224719585125825,17.0867768123377,-2.9252485358214,0.966493378715966,-3.02666174465441,0.00247270490612245,0.129585747400353,17.0867768123377,-3.08354364589132,0.918665299322023,-3.356547426105,0.000789221839381432,0.0987736308970308,NA,NA,"Schistocerca_gregaria",2,"protein_coding","phosphatidylinositol 3-kinase 1-like"
"LOC126329935",44.0041065325746,3.71558863797967,0.928705100900238,4.00082721025003,6.31214381263858e-05,0.00136087554893136,44.0041065325746,2.38377286812851,1.05636966734764,2.25657072690637,0.0240349112409122,0.505784663425947,44.0041065325746,3.63295244066241,1.04524602321458,3.47569123438471,0.000509538564614871,0.0189143606183988,44.0041065325746,-2.83051391016614,1.26928851998864,-2.23000040226588,0.0257474161716525,0.323095698712149,44.0041065325746,-3.54807958832501,1.29676020742923,-2.73611078439777,0.00621700918938572,0.190226727047904,NA,NA,"Schistocerca_gregaria",2,"protein_coding","heterogeneous nuclear ribonucleoprotein A0-like"
"LOC126329972",11.6376992134549,2.31718822700267,0.756252937864426,3.06403864498847,0.00218370699752012,0.0156950347056701,11.6376992134549,1.87178059194344,0.862795208662817,2.1694378609779,0.0300494571746329,0.538746125170335,11.6376992134549,2.90424314850376,0.894183146238676,3.24792875007796,0.00116248376409423,0.0318002091703965,11.6376992134549,-3.22658393711846,1.17580743906792,-2.74414315636261,0.00606690744084392,0.181869906390237,11.6376992134549,-3.12200013931098,1.12943649343103,-2.76421043367112,0.00570607272448493,0.185620313567684,NA,NA,"Schistocerca_gregaria",2,"protein_coding","riboflavin biosynthesis protein RibD-like"
"LOC126329974",8.36706701015519,1.85253321371507,0.587148699040109,3.15513466476832,0.00160424040421265,0.012796708300853,8.36706701015519,1.63438194896472,0.668194266536147,2.44596823231841,0.0144463728752921,0.444927198620081,8.36706701015519,2.35826515915279,0.762582442717732,3.09247240304705,0.00198496688942982,0.0453505084182963,8.36706701015519,-2.56998971627168,0.988502478128569,-2.5998819154578,0.00932558441732881,0.212953666733642,8.36706701015519,-2.2803247812036,0.943545799439678,-2.41676109687284,0.015659291069321,0.267663034290396,NA,NA,"Schistocerca_gregaria",2,"lncRNA","uncharacterized LOC126329974"
"LOC126329981",45.84530171494,3.13875844725737,0.833903973275615,3.76393271629127,0.000167261905252942,0.00266469426403452,45.84530171494,2.4579148186332,0.946945615429169,2.5956240554736,0.00944193113339561,0.380274905815108,45.84530171494,3.60845957652761,0.94553157605927,3.81632900253499,0.000135451869478407,0.00894050572936426,45.84530171494,-3.03329351767546,1.17127330779198,-2.58974015500589,0.00960484014237001,0.214032428308158,45.84530171494,-3.6931207044998,1.17382207071402,-3.14623552976248,0.00165386760930466,0.123157010164374,NA,NA,"Schistocerca_gregaria",2,"protein_coding","uncharacterized LOC126329981"
"LOC126329985",33.1927327032922,3.33898060268957,0.846853443168625,3.94280808518212,8.05330976410088e-05,0.00163218372891389,33.1927327032922,2.10336486960751,0.97129448675128,2.16552744641093,0.03034731585622,0.540060319703449,33.1927327032922,3.71259030769907,0.966919039147891,3.83960823749094,0.000123230792595798,0.00841056037737339,33.1927327032922,-3.15920475004657,1.26186080381385,-2.50360795778598,0.0122934169068859,0.235738063509864,33.1927327032922,-2.93497294715898,1.18261253232964,-2.48177054354171,0.0130731427778273,0.252007352947845,NA,NA,"Schistocerca_gregaria",2,"protein_coding","phosphatidylinositol-3-phosphatase SAC1-like"
"LOC126329988",13.3286801514001,2.91510053741083,0.751121993492002,3.88099478203053,0.000104030073211875,0.00193667750548398,13.3286801514001,2.06869701435951,0.861803876538435,2.40042667557814,0.0163759712328395,0.460249161337173,13.3286801514001,3.11589323760512,0.894440775291756,3.48362163675818,0.00049467827758816,0.0187619282963509,13.3286801514001,-1.56585186746057,1.05110394021838,-1.48972124215921,0.136297546867552,0.644086591084452,13.3286801514001,-2.68908216357767,1.0910893490552,-2.46458474359245,0.0137172122016846,0.25670268308007,NA,NA,"Schistocerca_gregaria",2,"protein_coding","rho GTPase-activating protein 23-like"
"LOC126329989",51.0008782703486,3.95538368407712,0.848370100899506,4.66233272469565,3.12645182939243e-06,0.00013981526564215,51.0008782703486,2.98364127456347,0.965152055080448,3.09136913593867,0.00199235781678078,0.213872344536763,51.0008782703486,3.91143321916807,0.966084189968447,4.04874984994405,5.14919446766963e-05,0.00534578188561869,51.0008782703486,-2.46413535122028,1.12832048020155,-2.1838966804716,0.0289698410080529,0.343978495229276,51.0008782703486,-4.24568033674388,1.19993767023457,-3.53825072923489,0.000402787388731811,0.0756553128235325,NA,NA,"Schistocerca_gregaria",2,"protein_coding","uncharacterized LOC126329989"
"LOC126329994",9.97154081536147,2.17556661739323,0.571220668803926,3.80862727174881,0.000139740415213765,0.00237485358049877,9.97154081536147,1.58366063201241,0.653091216781242,2.42486897897277,0.0153139124707658,0.454081463092762,9.97154081536147,2.40538594762905,0.72750394371053,3.30635451316006,0.000945184198007391,0.027586026537383,9.97154081536147,-2.65448479538129,0.955587950596778,-2.77785503021833,0.00547190254390427,0.174990824730237,9.97154081536147,-2.54962199873187,0.88826752956639,-2.87033119400017,0.00410042068647717,0.166440044092437,NA,NA,"Schistocerca_gregaria",2,"protein_coding","uncharacterized LOC126329994"
"LOC126329995",25.7602255999071,3.2083183192239,0.818275193208042,3.92083048081381,8.82443253992388e-05,0.00173091402037577,25.7602255999071,2.65019484383689,0.92773652682212,2.85662444801532,0.00428172117046908,0.295421212724782,25.7602255999071,3.32525309868996,0.940940107609362,3.53396892299383,0.000409369208731159,0.016695883936355,25.7602255999071,-3.40713585298717,1.16533869574835,-2.92373012705906,0.00345864463144762,0.14867595275287,25.7602255999071,-4.14988316965678,1.1898349812604,-3.48778043595656,0.00048704786069424,0.0804364654341828,NA,NA,"Schistocerca_gregaria",2,"protein_coding","nuclear pore complex protein DDB_G0274915-like"
"LOC126330066",93.8141824614465,2.73603245263947,0.930579202612687,2.940139264834,0.00328064758137883,0.0206303466743414,93.8141824614465,1.71786383706625,1.05259796305208,1.63202276402395,0.102674690778469,0.794725710002538,93.8141824614465,3.72720993143684,1.02796303001548,3.62582099025558,0.000288044848364962,0.0137892689299593,93.8141824614465,-1.37143892225916,1.23704927826336,-1.10863725993556,0.267586697597976,0.794772825614279,93.8141824614465,-3.15007944833185,1.2693460743118,-2.4816553279528,0.0130773700806623,0.252007352947845,NA,NA,"Schistocerca_gregaria",2,"protein_coding","uncharacterized LOC126330066"
"LOC126330068",24.388762391867,2.52598729197644,0.776614124621684,3.2525641910092,0.00114368760106629,0.0101574025098478,24.388762391867,2.28408336773742,0.879367465628177,2.59741627592031,0.00939280154179604,0.379586268662537,24.388762391867,3.25703850724612,0.890485738483851,3.65759760823523,0.000254590319368595,0.012877282720389,24.388762391867,-3.5967974355138,1.17847852968977,-3.05206870120971,0.00227270077700362,0.125725315041081,24.388762391867,-2.79017549079478,1.09147115194028,-2.55634378044236,0.0105778555883704,0.22935410990489,NA,NA,"Schistocerca_gregaria",2,"protein_coding","uncharacterized LOC126330068"
"LOC126330072",29.9227170398418,3.49697645566048,0.762482372465025,4.5863046569262,4.5116012581517e-06,0.000187968156722538,29.9227170398418,2.66261694743625,0.870900195869857,3.05731582110488,0.00223328837993995,0.227863090159328,29.9227170398418,3.86256023772761,0.88050770427598,4.3867421249922,1.1506106885151e-05,0.00246173706878476,29.9227170398418,-3.15823371260982,1.09005950931722,-2.89730394131237,0.00376384911815596,0.154245781086917,29.9227170398418,-3.56499239562191,1.07347061205496,-3.3209967330148,0.000896965872835525,0.104296011204495,NA,NA,"Schistocerca_gregaria",2,"protein_coding","uncharacterized LOC126330072"
"LOC126330073",12.7665292565773,2.54835199932604,0.636277625677436,4.00509446896368,6.19927012295219e-05,0.00134062271239716,12.7665292565773,1.65370165780555,0.732581869035958,2.25736088716166,0.0239855336247943,0.50537729483531,12.7665292565773,2.84160397007935,0.784416879397953,3.62256861716223,0.000291692050004848,0.0139214242224198,12.7665292565773,-3.25495569717865,1.04303333457104,-3.12066315552348,0.00180444308183287,0.122157234943861,12.7665292565773,-3.03845128983645,0.963815427463729,-3.15252402405729,0.0016186550156386,0.123157010164374,NA,NA,"Schistocerca_gregaria",2,"protein_coding","tRNA (guanine-N(7)-)-methyltransferase non-catalytic subunit wdr4-like"
"LOC126330099",86.6952399902854,5.2331669356258,1.20032985262814,4.35977404391609,1.30196812018839e-05,0.000432858370786674,86.6952399902854,2.60026812284996,1.28417878118553,2.02484900151475,0.0428828716517125,0.603751904124707,86.6952399902854,4.53259676493243,1.286037696141,3.52446649000518,0.000424336482737932,0.0171283584883059,86.6952399902854,-3.94899974064291,1.64913206009985,-2.39459278986052,0.0166388327867217,0.261500706439858,86.6952399902854,-5.90604170494219,1.72887026974572,-3.41612775018154,0.000635184410030734,0.0893438447510752,NA,NA,"Schistocerca_gregaria",2,"rRNA","large subunit ribosomal RNA"
"LOC126330453",34.8113210929704,1.84602177526097,0.543375518487992,3.39732231661402,0.000680487639361924,0.00719716264844421,34.8113210929704,0.147178792973502,0.591836573219055,0.248681476666746,0.803607178281554,0.997493170622168,34.8113210929704,1.78925944105644,0.584652537160807,3.06038087125296,0.0022105568140648,0.0486818556724341,34.8113210929704,-0.95832195526148,0.754757121852898,-1.2697090593976,0.204188284573331,0.73275465595066,34.8113210929704,-1.47530149338738,0.784022820400807,-1.88170733682622,0.0598757630364399,0.454299415532822,NA,NA,"Schistocerca_gregaria",2,"rRNA","large subunit ribosomal RNA"
"LOC126330656",11.2803776771863,-19.1928916267317,5.16278320296559,-3.71754746852569,0.000201166197051308,0.00307675846177823,11.2803776771863,28.9023570877314,5.50223764957278,5.25283692353337,1.49774139763727e-07,0.000210120636910195,11.2803776771863,28.3081696940945,5.52021500041631,5.12809187539971,2.926936027181e-07,0.000208903406812709,11.2803776771863,-24.1187041983673,7.11606208047815,-3.38933302233736,0.000700628648336101,0.0837754372277104,11.2803776771863,22.6356207137051,7.45139455816843,3.03776971370967,0.00238336013458277,0.137988002588514,NA,NA,"Schistocerca_gregaria",3,"rRNA","large subunit ribosomal RNA"
"LOC126330709",31.2389888592146,22.9347001109275,3.01514862376691,7.60649074813251,2.81638380333462e-14,1.93121784381158e-11,31.2389888592146,16.9793686575722,3.27552595298378,5.18370756369832,2.1751790269463e-07,0.000261565277990293,31.2389888592146,18.2720309511773,3.27319876681839,5.5823163372807,2.37336186711577e-08,2.66189485981799e-05,31.2389888592146,-21.4419354777092,4.17052674670599,-5.14130151416597,2.72841790162486e-07,0.000567861720125324,31.2389888592146,-17.750815242759,4.33511801144156,-4.09465560012663,4.22796390946537e-05,0.0289915008575299,NA,NA,"Schistocerca_gregaria",5,"rRNA","large subunit ribosomal RNA"
"LOC126330778",4.45098888128975,17.7422009046554,3.26004084453909,5.44232472865347,5.25896952511168e-08,5.34239885646685e-06,4.45098888128975,-8.88025341635477,3.52097428684728,-2.52210118362047,0.0116656147364881,0.416081830696561,4.45098888128975,17.4492790531754,3.52516152885926,4.94992326176385,7.42427489890293e-07,0.000431762831342866,4.45098888128975,9.12038547857959,4.53124471317453,2.01277707471022,0.0441380867355241,0.411256425113081,4.45098888128975,-11.6722027123443,4.68872359661415,-2.48942008882185,0.0127951679063885,0.2497865696743,NA,NA,"Schistocerca_gregaria",2,"rRNA","large subunit ribosomal RNA"
"LOC126330815",20.7472670572244,3.32328037191004,0.884248839101475,3.75830900189473,0.00017106554547518,0.0027200248134155,20.7472670572244,2.09173985410612,1.01267685014157,2.06555512137332,0.0388705057225953,0.586366455053666,20.7472670572244,3.22527718937995,1.0202419725935,3.16128651439535,0.0015707391190019,0.0386579085369403,20.7472670572244,-4.08563090948701,1.33520700067882,-3.05992322344766,0.00221393738073088,0.125569253756056,20.7472670572244,-3.50477395984433,1.27923155749534,-2.73974945295008,0.00614860359058367,0.189896097635465,NA,NA,"Schistocerca_gregaria",2,"protein_coding","probable alanine aminotransferase%2C mitochondrial"
"LOC126331440",19.9679442819399,2.03186284483851,0.688010407902354,2.95324434267407,0.00314452954991587,0.0199805107347357,19.9679442819399,1.79960103892114,0.782618075195066,2.29946265740489,0.0214786815094325,0.490227729465509,19.9679442819399,2.53110415338283,0.819474435111924,3.08869202617301,0.0020103972437566,0.045749648581835,19.9679442819399,-3.14310939150647,1.09136306678367,-2.87998511876478,0.00397693941756899,0.156322797998347,19.9679442819399,-2.14467355520292,0.994999055464543,-2.15545285538148,0.0311264140628831,0.348942368006041,NA,NA,"Schistocerca_gregaria",2,"protein_coding","ELMO domain-containing protein A-like"
"LOC126331441",39.64894544135,3.83266966089911,0.864432106609991,4.43374283716686,9.26110854256597e-06,0.000337457350555903,39.64894544135,2.51419337592364,0.990720069280742,2.53774345941022,0.0111569735945322,0.404412159529628,39.64894544135,4.17759207345413,0.981033651904429,4.25835756535404,2.05934367539495e-05,0.00326640406670044,39.64894544135,-2.93204382521682,1.22112780832108,-2.40109495929674,0.0163460940433314,0.260269119253874,39.64894544135,-3.90931588871064,1.21253458933521,-3.22408607811673,0.00126375406448966,0.117500568583652,NA,NA,"Schistocerca_gregaria",2,"protein_coding","dynamin-like protein A"
"LOC126331442",28.4281235323975,3.83799164302572,0.94399369454837,4.06569627020858,4.78892717124052e-05,0.00112407727697879,28.4281235323975,2.31202110893283,1.07952804527547,2.14169619682539,0.0322179369674195,0.553458131476028,28.4281235323975,3.58682970578186,1.07341288458432,3.34151914635426,0.000833212696816062,0.0254535131622681,28.4281235323975,-3.2539902993114,1.34876591998854,-2.41256859406637,0.0158405564574781,0.259810661802139,28.4281235323975,-2.94952850444267,1.32218084438377,-2.23080565489311,0.0256940052115311,0.325756001598433,NA,NA,"Schistocerca_gregaria",2,"protein_coding","uncharacterized LOC126331442"
"LOC126331614",129.40772678425,2.64846789969209,0.784779264986885,3.37479342007889,0.000738711198213298,0.00762192488338323,129.40772678425,3.36020646772124,0.839497457049939,4.0026404362549,6.26394632215869e-05,0.0291952375705896,129.40772678425,1.75695530846935,0.844868134255458,2.07956157562703,0.0375657644370541,0.278779013022315,129.40772678425,-3.44168860388559,1.08061646897613,-3.18493073416375,0.00144788659304639,0.114023025805907,129.40772678425,-0.351386553744079,1.13729594962621,-0.30896668000934,0.757346873072108,0.965432101467184,NA,NA,"Schistocerca_gregaria",2,"rRNA","large subunit ribosomal RNA"
"LOC126331623",7.16002622059281,4.86909472155047,1.33612240338908,3.64419809831793,0.000268226774410257,0.00373136773158884,7.16002622059281,2.80639817663472,1.44341540557004,1.94427617012055,0.0518621566978789,0.64626158993989,7.16002622059281,4.5688889087416,1.42480788516219,3.20667014572389,0.00134280869867233,0.0349664712878158,7.16002622059281,-5.80416095172431,1.77406332854726,-3.27167630282804,0.00106911906371597,0.101588983525832,7.16002622059281,-3.36628634661377,1.77876222786264,-1.89248809868124,0.0584259778649264,0.447841787481646,NA,NA,"Schistocerca_gregaria",2,"rRNA","large subunit ribosomal RNA"
"LOC126331857",2263.23927319884,3.50026797688748,1.23558276069037,2.83288832464103,0.00461294986223588,0.0260162151757422,2263.23927319884,-0.524990765567089,1.32584363363431,-0.395967331477863,0.692129128397416,0.997493170622168,2263.23927319884,4.07093511149577,1.33013842707683,3.06053492525753,0.00220941990799149,0.0486818556724341,2263.23927319884,-2.71204287184616,1.71110006821374,-1.58497034874023,0.112973071332688,0.603035032738635,2263.23927319884,-5.66354664601895,1.79951998174655,-3.14725410302037,0.00164811665548488,0.123157010164374,NA,NA,"Schistocerca_gregaria",2,"rRNA","small subunit ribosomal RNA"
"LOC126331868",100.351572034765,5.14303297642596,1.36170041680041,3.77691958743065,0.000158779966494304,0.00257950830068782,100.351572034765,-0.106513565250814,1.47102949183096,-0.0724074981788698,0.94227761777613,0.997493170622168,100.351572034765,5.67127411809557,1.45844798538698,3.88856796740046,0.000100837433074941,0.00766574274662472,100.351572034765,-3.09390689811316,1.88699775085299,-1.63959225532442,0.10108997446432,0.576882036024549,100.351572034765,-6.47863969946555,1.96386575299775,-3.29892187873647,0.00097056917561771,0.109425553721868,NA,NA,"Schistocerca_gregaria",2,"rRNA","large subunit ribosomal RNA"
"LOC126332167",26.935693451542,22.0421274701618,4.91441662878232,4.48519715261165,7.28465462470049e-06,0.000278798979438828,26.935693451542,15.508576099545,5.28518037746246,2.93435133560968,0.00334245628419283,0.276768661155142,26.935693451542,-16.2660368567669,5.32586261971639,-3.05416005222325,0.00225691637844363,0.049356686593763,26.935693451542,-20.7560430377233,6.77620946235937,-3.06307577311761,0.00219074579917069,0.125164609992619,26.935693451542,-11.7200042809267,7.18494729141951,-1.6311886233213,0.102850525104453,0.560281725138692,NA,NA,"Schistocerca_gregaria",2,"rRNA","large subunit ribosomal RNA"
"LOC126332180",167.477924714479,4.64033940074061,1.39476119816697,3.32697769828918,0.000877933994673022,0.00850892800373023,167.477924714479,1.86570166510634,1.57772086119432,1.18252962928691,0.236995616131618,0.965590802898302,167.477924714479,5.13537475329912,1.51874018185732,3.38133856906247,0.000721336035777457,0.0233008347522367,167.477924714479,-0.434572428094017,1.90444273180906,-0.228188761381766,0.81949949810122,0.981324589533839,167.477924714479,-4.01633702435615,1.94362451305572,-2.06641611966591,0.0387892051566618,0.379520778396661,NA,NA,"Schistocerca_gregaria",2,"protein_coding","probable chitinase 2"
"LOC126332393",23.0750539075119,2.97649199786029,0.889009429631544,3.348099467397,0.000813678019853114,0.00813035772478609,23.0750539075119,2.28518138676292,1.01038424612527,2.26169538522238,0.0237162300546097,0.50537729483531,23.0750539075119,3.27925748006438,1.01418328876172,3.23339727286202,0.00122327321617803,0.0328339077614144,23.0750539075119,-3.33315183220158,1.31198652170546,-2.54053816640493,0.0110682012705701,0.224409494151735,23.0750539075119,-3.59031470387647,1.28086641508718,-2.80303602435552,0.00506240143763865,0.175341645499476,NA,NA,"Schistocerca_gregaria",2,"protein_coding","DNA-directed RNA polymerase I subunit rpa1-like"
"LOC126332394",13.0620219930895,2.47975276966219,0.690256924470049,3.59250690830236,0.000327511968924276,0.00432920841171632,13.0620219930895,2.23082651153795,0.787353813452674,2.83332153019671,0.0046067023753963,0.307971821360023,13.0620219930895,3.24887288235349,0.831927706681938,3.90523462106017,9.41340107272691e-05,0.00739781057934663,13.0620219930895,-3.66404118682639,1.09984054943064,-3.33142944104324,0.000864012003365911,0.0912476856750717,13.0620219930895,-3.3780372296577,1.04428205949939,-3.23479389397637,0.00121730568440539,0.116148779965293,NA,NA,"Schistocerca_gregaria",2,"protein_coding","uncharacterized LOC126332394"
"LOC126332399",31.5975700325658,3.25633879990907,1.00835529569092,3.22935657086806,0.00124069097629052,0.0107350427953802,31.5975700325658,1.6928201611077,1.15123625126663,1.47043681020747,0.141443487978005,0.855673449553244,31.5975700325658,3.50843221790738,1.12804033643767,3.11020103145153,0.00186960052672914,0.0437882090037569,31.5975700325658,-1.21430005229012,1.3764756164787,-0.882180576069011,0.377679164156124,0.862497174372925,31.5975700325658,-2.68769613387949,1.40372724945466,-1.91468544542655,0.0555326308310381,0.440009872694461,NA,NA,"Schistocerca_gregaria",2,"protein_coding","stress-activated protein kinase alpha-like"
"LOC126332400",15.8640198674705,2.98905468053664,0.694165239096685,4.30596997975047,1.66255604272737e-05,0.000522150473190158,15.8640198674705,2.20756227640762,0.79081690157319,2.79149607452251,0.00524649940230994,0.322353348313459,15.8640198674705,2.61554377709542,0.834822397916806,3.13305414854966,0.001729975238329,0.0413456182530318,15.8640198674705,-4.21721516605581,1.09594158544582,-3.84802914868887,0.000119071888529019,0.0385993980368062,15.8640198674705,-2.33750713839023,0.999354687350878,-2.33901653534699,0.0193345777357175,0.285884228029383,NA,NA,"Schistocerca_gregaria",3,"protein_coding","nuclear pore complex protein Nup107-like"
"LOC126332405",29.2272309377627,2.71126256406554,0.740753848011606,3.66013969599124,0.000252077782243036,0.00356089619087867,29.2272309377627,2.26610181507538,0.842081988010216,2.69107028453373,0.00712231879487084,0.340427611842505,29.2272309377627,3.34070147659535,0.855519210800154,3.9048818944356,9.42714136050705e-05,0.00739781057934663,29.2272309377627,-2.78599262133898,1.06569084913209,-2.61425968291641,0.00894210426467641,0.209449384295933,29.2272309377627,-3.29176512174375,1.05158532962144,-3.13028817445442,0.0017463489560246,0.12660645272818,NA,NA,"Schistocerca_gregaria",2,"protein_coding","uncharacterized LOC126332405"
"LOC126332765",73.1488762790365,4.40481044681601,0.971414407778811,4.53442980827085,5.77593055542875e-06,0.00023184021744071,73.1488762790365,2.72762629732565,1.10459346801328,2.46934856697238,0.0135359296137164,0.432404886237032,73.1488762790365,4.60526499140558,1.07779816251235,4.27284546549116,1.92994214913045e-05,0.00318988964480488,73.1488762790365,-2.61125100542873,1.29724581621776,-2.01291919602568,0.0441231307607716,0.411256425113081,73.1488762790365,-4.90322624779036,1.34886956455769,-3.63506329790915,0.000277912391760515,0.0700686192263227,NA,NA,"Schistocerca_gregaria",2,"protein_coding","uncharacterized LOC126332765"
"LOC126332791",22.7113888438256,2.76046509636445,0.792109121030943,3.48495557376193,0.000492218758267555,0.00580261039026443,22.7113888438256,2.4049349329561,0.899994637136102,2.67216584824206,0.00753633909406765,0.344767034371274,22.7113888438256,3.1215963986322,0.919199537986925,3.39599430768709,0.000683797816251833,0.0223953614170607,22.7113888438256,-2.35651757100497,1.10905730652967,-2.1247933331585,0.0336038613724733,0.363069299442668,22.7113888438256,-3.22888562686629,1.14437295850001,-2.82153261564182,0.00477947771705101,0.17496527736524,NA,NA,"Schistocerca_gregaria",2,"protein_coding","glycogen [starch] synthase-like"
"LOC126332792",12.1455404228181,2.49931765467839,0.695390479151521,3.5941211874628,0.000325488322968435,0.00431285131327821,12.1455404228181,2.22225291876731,0.794171955018069,2.79820120154804,0.00513880908323836,0.321421707485228,12.1455404228181,3.29120499429817,0.846495037151692,3.88803814535346,0.00010105774732845,0.00766574274662472,12.1455404228181,-3.55568162864884,1.11142332616733,-3.19921450714047,0.00137802595504605,0.112870463668033,12.1455404228181,-2.43118340430539,1.03200533776112,-2.35578568767843,0.0184835780067814,0.283489509093757,NA,NA,"Schistocerca_gregaria",2,"protein_coding","uncharacterized LOC126332792"
"LOC126332797",15.9877465205333,2.90180392213034,0.829585277842,3.49789708139325,0.000468942057229828,0.00560608106348,15.9877465205333,2.27150585921709,0.94539964696186,2.40269378830086,0.0162748089217819,0.459855140692126,15.9877465205333,3.09784109791605,0.965738454605169,3.20774334204448,0.00133780829704796,0.034952189484604,15.9877465205333,-3.98124446776886,1.26185676100539,-3.15506846006579,0.00160460448744037,0.116305884465267,15.9877465205333,-3.59584435244834,1.22293495309457,-2.94033983029861,0.00327852454979006,0.157159608778382,NA,NA,"Schistocerca_gregaria",2,"protein_coding","J domain-containing protein DDB_G0295729-like"
"LOC126333488",9.76629432834741,21.0860048263895,5.14219015999704,4.10058830387587,4.12101144353092e-05,0.00101072258310266,9.76629432834741,-10.2991847732392,5.53832347020897,-1.85962138698457,0.0629391112933062,0.687595436855641,9.76629432834741,21.5053040337973,5.54295727719794,3.87975280312256,0.00010456267590227,0.00773199743670529,9.76629432834741,17.7286715469724,7.10495986328793,2.49525287800404,0.0125867394086646,0.237918520191434,9.76629432834741,-19.9328085604833,7.47621541989028,-2.66616295023449,0.00767224953967267,0.202019537079029,NA,NA,"Schistocerca_gregaria",2,"rRNA","small subunit ribosomal RNA"
"LOC126333623",5.93796044376942,5.38228318739633,1.46402445762247,3.67636152481837,0.000236584182506539,0.00342128888630504,5.93796044376942,1.61184918785531,1.6411596353864,0.982140404321981,0.326030682587406,0.996053014555295,5.93796044376942,5.44665398908771,1.54824270560735,3.51795876018746,0.000434879940374913,0.0173311797557535,5.93796044376942,-3.40676428054323,1.97670649294484,-1.72345479346705,0.0848063134929271,0.54791271897049,5.93796044376942,-4.42977489484769,1.95176515542445,-2.26962495079708,0.0232303484374471,0.309305699219309,NA,NA,"Schistocerca_gregaria",2,"rRNA","small subunit ribosomal RNA"
"LOC126333784",4.90471584646726,16.9620470189776,3.04575127267513,5.56908476773928,2.56080886891302e-08,3.03188716228069e-06,4.90471584646726,11.8047102139633,3.30123004172068,3.57585205053156,0.000349089045864001,0.0996087133410246,4.90471584646726,18.9256902274568,3.25084084710696,5.82178307630762,5.82230877079031e-09,8.31108111990449e-06,4.90471584646726,-7.64146333423387,4.19386653214924,-1.82205687178076,0.0684463567757859,0.500123544742817,4.90471584646726,-30,4.4145927802943,-6.79564378710374,1.07829909229748e-11,2.95759469365662e-08,NA,NA,"Schistocerca_gregaria",3,"rRNA","small subunit ribosomal RNA"
"LOC126334015",44.4561108029996,23.3272507033066,1.96569783655777,11.8671599823074,1.75318606754026e-32,1.4426091556755e-28,44.4561108029996,12.4262245587386,2.22736683325805,5.57888551324179,2.42064489005556e-08,0.000101878891810214,44.4561108029996,15.5342277859583,2.17861217445911,7.13033185441326,1.00127224720598e-12,2.24599668937546e-09,44.4561108029996,-17.3626221360358,2.72014778632098,-6.38297015454401,1.73685767113804e-10,1.10315721972768e-06,44.4561108029996,-20.6944762862721,2.8051448312468,-7.37732899055839,1.61496600860143e-13,5.31549912071074e-10,NA,NA,"Schistocerca_gregaria",5,"rRNA","small subunit ribosomal RNA"
"LOC126334027",28.536258203775,26.7466048589716,5.11793160745056,5.22605749948565,1.73162529708162e-07,1.41076027297387e-05,28.536258203775,-13.0284682119137,5.53810569619202,-2.35251346338009,0.0186470147147192,0.46856636366611,28.536258203775,19.7799959531163,5.53229502471707,3.57536896798592,0.00034973430779244,0.0156009321049912,28.536258203775,6.19471456089435,7.09990248935643,0.872506991494735,0.382931855714551,0.865460190370513,28.536258203775,-29.21687317028,7.47128941011888,-3.91055299379911,9.20850532392348e-05,0.040957938409678,NA,NA,"Schistocerca_gregaria",3,"rRNA","small subunit ribosomal RNA"
"LOC126334129",50.3889423739555,-17.0050941939962,5.16281003501109,-3.29376716917295,0.000988543458614977,0.0092172576195052,50.3889423739555,-9.41679970034484,5.53901428089077,-1.70008583166723,0.0891147819166969,0.760779475487908,50.3889423739555,24.5987982167278,5.50733162772765,4.46655474547432,7.94893279220278e-06,0.00209639066294378,50.3889423739555,-5.22970452445797,7.14929747200496,-0.731499080145471,0.464474366174824,0.899455865578259,50.3889423739555,-8.3365544435277,7.48254228348401,-1.11413395710823,0.265221722823265,0.788310181101808,NA,NA,"Schistocerca_gregaria",2,"rRNA","large subunit ribosomal RNA"
"LOC126334173",51.1116682251294,2.68595743533501,1.01428030922885,2.64814116067888,0.00809357220735589,0.0381869030437087,51.1116682251294,0.765908608240138,1.09366177534958,0.700315788210959,0.483730114022905,0.997493170622168,51.1116682251294,4.08095762220194,1.08816288644442,3.75031870048105,0.000176609959824033,0.0104591312183689,51.1116682251294,-2.58883086175431,1.40441930401545,-1.84334611063267,0.0652784927887324,0.491475804259492,51.1116682251294,-2.56810018841792,1.46285764213189,-1.75553663900973,0.0791675592828197,0.506949619890025,NA,NA,"Schistocerca_gregaria",2,"rRNA","small subunit ribosomal RNA"
"LOC126334341",17.921915592197,2.90499313437778,0.802518834994422,3.61984418022784,0.000294780475951705,0.00399934236829119,17.921915592197,2.55018570943863,0.912474561790122,2.79480197720316,0.00519315143664876,0.321421707485228,17.921915592197,3.6055346463988,0.92682525571716,3.89019896054613,0.000100162064872424,0.00766574274662472,17.921915592197,-3.08419225619363,1.1982273662231,-2.57396245748854,0.0100541182114211,0.216673060855665,17.921915592197,-2.73874816458963,1.13411609505277,-2.41487461163506,0.0157406273461269,0.26788366518636,NA,NA,"Schistocerca_gregaria",2,"lncRNA","uncharacterized LOC126334341"
"LOC126335467",292.610947565824,2.46260759239565,0.445280269618707,5.5304664509487,3.1938037854114e-08,3.5092127638708e-06,292.610947565824,0.523505827567924,0.479066498159227,1.09276234004977,0.27449816062828,0.985494958499489,292.610947565824,1.90327612543539,0.479547374114828,3.96890115173408,7.22048239704433e-05,0.00633385556415587,292.610947565824,-1.29971231057756,0.616403446348345,-2.10854160254493,0.034984168132674,0.369832982207323,292.610947565824,-2.24063387396612,0.647466266426393,-3.46061870733902,0.000538935562264042,0.0836722881903712,NA,NA,"Schistocerca_gregaria",2,"protein_coding","leukocyte elastase inhibitor-like"
"LOC126335700",195.057828063485,11.0276703171988,1.39282985051167,7.91745690483847,2.42417608095984e-15,2.6596443842904e-12,195.057828063485,4.31302714088794,1.48798414455712,2.89857063105445,0.00374867864233284,0.286859113380333,195.057828063485,5.13561513071018,1.48573062253623,3.4566260214408,0.000546983380594233,0.0196989289956208,195.057828063485,-4.40260736146584,1.77950045128909,-2.4740692581879,0.0133583797611291,0.242672883977721,195.057828063485,-5.43201940414103,1.84248374658153,-2.94820478835669,0.00319625252111519,0.156589138902895,NA,NA,"Schistocerca_gregaria",2,"lncRNA","uncharacterized LOC126335700"
"LOC126335709",3938.89179190265,10.3846245644273,1.3549991182799,7.66393455488742,1.80321805254181e-14,1.3488890677582e-11,3938.89179190265,4.09793488610315,1.45427848877475,2.81784741900138,0.00483467787690366,0.315496302203657,3938.89179190265,6.8159616786999,1.45874935201852,4.6724693788336,2.97599895968842e-06,0.00116822839162569,3938.89179190265,-4.53834130514337,1.86576293536703,-2.43243191249836,0.0149978110057507,0.253778290990455,3938.89179190265,-7.1893710046427,1.9623228290306,-3.6637045129798,0.000248593554362835,0.0670672807237569,NA,NA,"Schistocerca_gregaria",2,"protein_coding","gamma-butyrobetaine dioxygenase-like"
"LOC126335901",87.3212168903988,1.78030011841625,0.527771927660651,3.37323761479211,0.000742898128757928,0.00764117156560577,87.3212168903988,1.4465184886491,0.566551868168834,2.55319692674287,0.0106739127602967,0.40019368677652,87.3212168903988,1.94257045180359,0.568110310346382,3.41935433387784,0.000627699301311476,0.0212069027112788,87.3212168903988,-1.49573342777371,0.727215882297211,-2.0567942260128,0.0397060237353482,0.394090467982536,87.3212168903988,-1.63456669236053,0.765156855174585,-2.13625047113716,0.0326590035768873,0.356648455119332,NA,NA,"Schistocerca_gregaria",2,"protein_coding","uncharacterized LOC126335901"
"LOC126336648",13.5772082749437,2.38329916726186,0.823740624821174,2.89326408756306,0.00381260582065705,0.0226676495630611,13.5772082749437,0.942037519990046,0.895764608626741,1.05165744540214,0.292956741612307,0.990065716465079,13.5772082749437,2.70908981302212,0.885858336618442,3.05815241674357,0.00222706271181634,0.0489081660153009,13.5772082749437,-2.30463948025715,1.13742125644842,-2.02619694962739,0.0427446061145543,0.404700555874622,13.5772082749437,-3.84892479504933,1.19370018474919,-3.22436474771765,0.00126252479414816,0.117500568583652,NA,NA,"Schistocerca_gregaria",2,"protein_coding","probable G-protein coupled receptor CG31760"
"LOC126336683",94.8772798286613,1.60376471256472,0.572417428933753,2.80173983442828,0.00508278450426247,0.0278116381029715,94.8772798286613,1.76259430421644,0.61298728205523,2.87541741209834,0.0040349368780597,0.28988127792843,94.8772798286613,1.93594240028033,0.615363721608825,3.14601321510951,0.00165512526963778,0.04010613732076,94.8772798286613,-1.5952172248782,0.788992041188185,-2.02184197254497,0.0431926800852497,0.40677062453911,94.8772798286613,-2.15735723808746,0.832089529112768,-2.59269845684488,0.00952262227319078,0.220896290438321,NA,NA,"Schistocerca_gregaria",2,"protein_coding","uncharacterized LOC126336683"
"LOC126336866",634.225095727549,-3.06016268096509,0.425026167321188,-7.19993947726178,6.0239292166154e-13,3.00314560818716e-10,634.225095727549,0.433665130481783,0.453993703537422,0.955222786357512,0.339465045004133,0.99670955020771,634.225095727549,-1.59847147754508,0.456356146858176,-3.50268422711055,0.000460595144909205,0.017946066911574,634.225095727549,0.178464441525447,0.588012946816586,0.303504272298131,0.761505592107125,0.971687627443387,634.225095727549,1.55725932822708,0.621098471429008,2.50726639955203,0.0121668974063208,0.241979030111964,NA,NA,"Schistocerca_gregaria",2,"protein_coding","NADP-dependent malic enzyme-like"
"LOC126354577",201.013802409965,4.12910610969518,1.20674318778936,3.42169415288708,0.000622322751350509,0.00676904528683102,201.013802409965,5.31463366381658,1.2872037624018,4.12882079671673,3.64628444753934e-05,0.0180544701983308,201.013802409965,4.71804560996523,1.29158937190406,3.6528990657533,0.000259296174209124,0.0129586793369186,201.013802409965,-4.61396813100704,1.6590737599627,-2.78105063340329,0.00541832855727946,0.174990824730237,201.013802409965,-4.91348910100267,1.7407528763693,-2.82262299703951,0.00476325471296986,0.17496527736524,NA,NA,"Schistocerca_gregaria",3,"protein_coding","uncharacterized LOC126354577"
"LOC126355938",30.347022383656,5.22078851699848,0.702748369723932,7.4291008587461,1.0933835433294e-13,6.22508643519634e-11,30.347022383656,1.50884625171652,0.767069065765889,1.96702789755965,0.0491799946557393,0.633954984708553,30.347022383656,2.78822233122194,0.752450355501765,3.70552330905956,0.000210954727423324,0.0116798648911501,30.347022383656,-1.97490422979964,0.918443181946943,-2.15027371166628,0.0315335705361101,0.35408764484801,30.347022383656,-2.94302763758384,0.936683247763277,-3.14196676903484,0.00167817081373539,0.124260878061828,NA,NA,"Schistocerca_gregaria",2,"protein_coding","ejaculatory bulb-specific protein 3-like"
"LOC126357261",255.456931750511,3.08955027113405,0.716988591099089,4.30906475987018,1.63946360871035e-05,0.000515941909366316,255.456931750511,0.214093083714418,0.772841807310873,0.277020577418503,0.781764305740125,0.997493170622168,255.456931750511,2.55240672657956,0.772433935178875,3.30436896974043,0.0009519046141294,0.02766043487321,255.456931750511,-0.459157301758572,0.993269509493458,-0.462268596156476,0.643888716969184,0.948596066170157,255.456931750511,-2.71927865272253,1.04224223426446,-2.60906588058351,0.00907897614137762,0.215292089853965,NA,NA,"Schistocerca_gregaria",2,"rRNA","large subunit ribosomal RNA"
"LOC126357268",26.7591164508008,18.431436247148,2.40392956155833,7.66721144491434,1.75775882191694e-14,1.3488890677582e-11,26.7591164508008,11.9372241952974,2.65830498338033,4.4905397499266,7.10429148254277e-06,0.0047840298843443,26.7591164508008,17.1275056966053,2.57566662482655,6.64973701624087,2.93617168754178e-11,5.76297097972262e-08,26.7591164508008,-16.4208751730893,3.33552419110337,-4.92302685643464,8.52157523871297e-07,0.00155188537066012,26.7591164508008,-15.093757560711,3.39280623832627,-4.44875318555091,8.63701960296763e-06,0.0118449526338365,NA,NA,"Schistocerca_gregaria",5,"rRNA","large subunit ribosomal RNA"
"LOC126361845",946.861592079549,3.78415109743501,0.620607239430366,6.09749751051623,1.07741796970471e-09,2.21638344092881e-07,946.861592079549,1.71053286893214,0.666331314144831,2.56709062386995,0.0102555805753562,0.39655997898679,946.861592079549,2.28060882406946,0.668540982657458,3.41132239194075,0.000646486033006852,0.0215459469255264,946.861592079549,-1.00332928555623,0.85825575085048,-1.16903298878218,0.242390340514003,0.770560010962743,946.861592079549,-1.95578140782011,0.902703314715436,-2.16658272539593,0.0302666857623592,0.346438179287985,NA,NA,"Schistocerca_gregaria",2,"protein_coding","uncharacterized LOC126361845"
