gene_id	seqid	description_official	gene_biotype	DEG_context	comparisons	directions	focused_origin_audit	mapping_support	competitive_host_retained_fraction	integrated_evidence	nucleotide_support_corrected	nucleotide_groups	nucleotide_taxa	nucleotide_max_identity	nucleotide_max_query_coverage	protein_support	fresh_significant_contrasts	fresh_higher_in	fresh_max_abs_log2FC	fresh_min_padj
LOC126304978	NW_026061743.1	ribonucleoside-diphosphate reductase small subunit-like	protein_coding	Infection + diet	Diet 33: infected vs control; Infected 33 vs 50	Downregulated	Included in infected diet 33 vs 50 origin audit	Significant in both mappings	1	Non-metazoan-only protein hits without nucleotide corroboration	No informative external hit					Non-metazoan candidate	infected_diet33_vs50; infected_diet83_vs33; infection_average_all_diets; infection_diet33; interaction_diet33_vs50; interaction_diet83_vs33	Average control; Control diet 33; Infected diet 50; Infected diet 83; Infection response diet 50; Infection response diet 83	23.432147956451395	3.0015839951677784e-27
LOC126317104	NW_026062009.1	type-3 glutamine synthetase-like	protein_coding	Diet in infected	Infected 33 vs 50	Downregulated	Included in infected diet 33 vs 50 origin audit	Significant in both mappings	1	Non-metazoan-only protein hits without nucleotide corroboration	No informative external hit					Non-metazoan candidate	infected_diet33_vs50; infected_diet83_vs33; infection_average_all_diets; infection_diet33; interaction_diet33_vs50; interaction_diet83_vs33	Average control; Control diet 33; Infected diet 50; Infected diet 83; Infection response diet 50; Infection response diet 83	22.773471757843904	3.0015839951677784e-27
LOC126319968	NW_026062071.1	uncharacterized LOC126319968	protein_coding	Infection + diet	Diet 33: infected vs control; Infected 33 vs 50	Downregulated	Included in infected diet 33 vs 50 origin audit	Significant in both mappings	1	Non-metazoan-only protein hits without nucleotide corroboration	No informative external hit					Non-metazoan candidate	infected_diet33_vs50; infected_diet83_vs33; infection_average_all_diets; infection_diet33; interaction_diet33_vs50; interaction_diet83_vs33	Average control; Control diet 33; Infected diet 50; Infected diet 83; Infection response diet 50; Infection response diet 83	23.257600869884588	3.0015839951677784e-27
LOC126322562	NW_026062185.1	Golgi-specific brefeldin A-resistance guanine nucleotide exchange factor 1 homolog	protein_coding	Infection + diet	Diet 33: infected vs control; Infected 33 vs 50	Downregulated	Included in infected diet 33 vs 50 origin audit	Significant in both mappings	1	Non-metazoan-only protein hits without nucleotide corroboration	No informative external hit					Non-metazoan candidate	infected_diet33_vs50; infected_diet83_vs33; infection_average_all_diets; infection_diet33; interaction_diet33_vs50; interaction_diet83_vs33	Average control; Control diet 33; Infected diet 50; Infected diet 83; Infection response diet 50; Infection response diet 83	23.965994613149064	3.3758904783319506e-27
LOC126325861	NW_026062299.1	homeobox protein 3-like	protein_coding	Diet in infected	Infected 33 vs 50	Downregulated	Included in infected diet 33 vs 50 origin audit	Significant in both mappings	1	Mixed protein evidence	No informative external hit					Mixed/ambiguous;Non-metazoan candidate	infected_diet33_vs50; infected_diet83_vs33; infection_average_all_diets; infection_diet33; interaction_diet33_vs50; interaction_diet83_vs33	Average control; Control diet 33; Infected diet 50; Infected diet 83; Infection response diet 50; Infection response diet 83	23.024605871296234	3.3758904783319506e-27
LOC126319935	NW_026062071.1	uncharacterized LOC126319935	protein_coding	Diet in infected	Infected 33 vs 50	Downregulated	Included in infected diet 33 vs 50 origin audit	Significant in both mappings	1	Non-metazoan-only protein hits without nucleotide corroboration	No informative external hit					Non-metazoan candidate	infected_diet33_vs50; infected_diet83_vs33; infection_average_all_diets; infection_diet33; interaction_diet33_vs50; interaction_diet83_vs33	Average control; Control diet 33; Infected diet 50; Infected diet 83; Infection response diet 50; Infection response diet 83	22.15536428982536	3.5442139220442536e-27
LOC126304764	NW_026061732.1	trafficking protein particle complex subunit 12-like	protein_coding	Diet in infected	Infected 33 vs 50	Downregulated	Included in infected diet 33 vs 50 origin audit	Significant in both mappings	1	Other-metazoan protein support only	No informative external hit					Other metazoan support	infected_diet33_vs50; infected_diet83_vs33; infection_average_all_diets; infection_diet33; interaction_diet33_vs50; interaction_diet83_vs33	Average control; Control diet 33; Infected diet 50; Infected diet 83; Infection response diet 50; Infection response diet 83	23.281935683864038	4.497117753664857e-27
LOC126316751	NW_026061988.1	dolichyl-diphosphooligosaccharide--protein glycosyltransferase subunit 1-like	protein_coding	Infection + diet	Diet 33: infected vs control; Infected 33 vs 50	Downregulated	Included in infected diet 33 vs 50 origin audit	Significant in both mappings	1	Arthropod/orthopteran protein support only	No informative external hit					Broader arthropod support	infected_diet33_vs50; infected_diet83_vs33; infection_average_all_diets; infection_diet33; interaction_diet33_vs50; interaction_diet83_vs33	Average control; Control diet 33; Infected diet 50; Infected diet 83; Infection response diet 50; Infection response diet 83	22.73429429611308	4.6454746177207876e-27
LOC126317118	NW_026062009.1	serine/threonine-protein phosphatase 4 catalytic subunit-like	protein_coding	Infection + diet	Diet 33: infected vs control; Infected 33 vs 50	Downregulated	Included in infected diet 33 vs 50 origin audit	Significant in both mappings	1	Mixed protein evidence	No informative external hit					Mixed/ambiguous;Non-metazoan candidate	infected_diet33_vs50; infected_diet83_vs33; infection_average_all_diets; infection_diet33; interaction_diet33_vs50; interaction_diet83_vs33	Average control; Control diet 33; Infected diet 50; Infected diet 83; Infection response diet 50; Infection response diet 83	23.79642538674252	4.6454746177207876e-27
LOC126318447	NW_026062051.1	uncharacterized LOC126318447	protein_coding	Diet in infected	Infected 33 vs 50	Downregulated	Included in infected diet 33 vs 50 origin audit	Significant in both mappings	1	Mixed protein evidence	No informative external hit					Mixed/ambiguous	infected_diet33_vs50; infected_diet83_vs33; infection_average_all_diets; infection_diet33; interaction_diet33_vs50; interaction_diet83_vs33	Average control; Control diet 33; Infected diet 50; Infected diet 83; Infection response diet 50; Infection response diet 83	22.268520063787367	4.6454746177207876e-27
LOC126322384	NW_026062176.1	splicing factor 3B subunit 2-like	protein_coding	Diet in infected	Infected 33 vs 50	Downregulated	Included in infected diet 33 vs 50 origin audit	Significant in both mappings	0.9985007496251874	Conflicting nucleotide and protein evidence	Non-metazoan only	Other Eukaryota	Acanthamoeba castellanii str. Neff	67.736	20	Mixed/ambiguous	infected_diet33_vs50; infected_diet83_vs33; infection_average_all_diets; infection_diet33; interaction_diet33_vs50; interaction_diet83_vs33	Average control; Control diet 33; Infected diet 50; Infected diet 83; Infection response diet 50; Infection response diet 83	22.76918219568111	4.6454746177207876e-27
LOC126323920	NW_026062236.1	poly(A)-specific ribonuclease PARN-like	protein_coding	Diet in infected	Infected 33 vs 50	Downregulated	Included in infected diet 33 vs 50 origin audit	Significant in both mappings	1	Non-metazoan-only protein hits without nucleotide corroboration	No informative external hit					Non-metazoan candidate	infected_diet33_vs50; infected_diet83_vs33; infection_average_all_diets; infection_diet33; interaction_diet33_vs50; interaction_diet83_vs33	Average control; Control diet 33; Infected diet 50; Infected diet 83; Infection response diet 50; Infection response diet 83	22.520974358579572	6.557966297520117e-27
LOC126328217	NW_026062445.1	uncharacterized LOC126328217	protein_coding	Diet in infected	Infected 33 vs 50	Downregulated	Included in infected diet 33 vs 50 origin audit	Significant in both mappings	1	Non-metazoan-only protein hits without nucleotide corroboration	No informative external hit					Non-metazoan candidate	infected_diet33_vs50; infected_diet83_vs33; infection_average_all_diets; infection_diet33; interaction_diet33_vs50; interaction_diet83_vs33	Average control; Control diet 33; Infected diet 50; Infected diet 83; Infection response diet 50; Infection response diet 83	22.701415440363736	7.527107109329618e-27
LOC126326506	NW_026062344.1	uncharacterized LOC126326506	protein_coding	Diet in infected	Infected 33 vs 50	Downregulated	Included in infected diet 33 vs 50 origin audit	Significant in both mappings	1	Non-metazoan-only protein hits without nucleotide corroboration	No informative external hit					Non-metazoan candidate	infected_diet33_vs50; infected_diet83_vs33; infection_average_all_diets; infection_diet33; interaction_diet33_vs50; interaction_diet83_vs33	Average control; Control diet 33; Infected diet 50; Infected diet 83; Infection response diet 50; Infection response diet 83	22.99461871685146	1.005432058611268e-26
LOC126311220	NW_026061838.1	uncharacterized LOC126311220	protein_coding	Diet in infected	Infected 33 vs 50	Downregulated	Included in infected diet 33 vs 50 origin audit	Significant in both mappings	1	Non-metazoan-only protein hits without nucleotide corroboration	No informative external hit					Non-metazoan candidate	infected_diet33_vs50; infected_diet83_vs33; infection_average_all_diets; infection_diet33; interaction_diet33_vs50; interaction_diet83_vs33	Average control; Control diet 33; Infected diet 50; Infected diet 83; Infection response diet 50; Infection response diet 83	22.148149564010676	4.2938899095651265e-26
LOC126332792	NW_026062803.1	uncharacterized LOC126332792	protein_coding	Diet in infected	Infected 33 vs 50	Downregulated	Included in infected diet 33 vs 50 origin audit	Significant in both mappings	1	Non-metazoan-only protein hits without nucleotide corroboration	No informative external hit					Non-metazoan candidate	infected_diet33_vs50; infected_diet83_vs33; infection_average_all_diets; infection_diet33; interaction_diet33_vs50; interaction_diet83_vs33	Average control; Control diet 33; Infected diet 50; Infected diet 83; Infection response diet 50; Infection response diet 83	23.25235330943802	5.096810914493283e-26
LOC126311232	NW_026061838.1	uncharacterized LOC126311232	protein_coding	Diet in infected	Infected 33 vs 50	Downregulated	Included in infected diet 33 vs 50 origin audit	Significant in both mappings	1	Non-metazoan-only protein hits without nucleotide corroboration	No informative external hit					Non-metazoan candidate	infected_diet33_vs50; infected_diet83_vs33; infection_average_all_diets; infection_diet33; interaction_diet33_vs50; interaction_diet83_vs33	Average control; Control diet 33; Infected diet 50; Infected diet 83; Infection response diet 50; Infection response diet 83	22.05767555569149	6.799402768685333e-26
LOC126332756	NW_026062795.1	PAN2-PAN3 deadenylation complex subunit pan3-like	protein_coding	Diet in infected	Infected 33 vs 50	Downregulated	Included in infected diet 33 vs 50 origin audit	Host-only significant only; Significant in both mappings	1	Mixed protein evidence	No informative external hit					Mixed/ambiguous	infected_diet33_vs50; infected_diet83_vs33; infection_average_all_diets; infection_diet33; interaction_diet33_vs50; interaction_diet83_vs33	Average control; Control diet 33; Infected diet 50; Infected diet 83; Infection response diet 50; Infection response diet 83	22.577503676470737	6.984001879471829e-26
LOC126323725	NW_026062229.1	protein YIPF5 homolog	protein_coding	Diet in infected	Infected 33 vs 50	Downregulated	Included in infected diet 33 vs 50 origin audit	Significant in both mappings	1	Mixed protein evidence	No informative external hit					Mixed/ambiguous	infected_diet33_vs50; infected_diet83_vs33; infection_average_all_diets; infection_diet33; interaction_diet33_vs50; interaction_diet83_vs33	Average control; Control diet 33; Infected diet 50; Infected diet 83; Infection response diet 50; Infection response diet 83	22.903677987781673	8.326510326143379e-26
LOC126315292	NW_026061960.1	uncharacterized LOC126315292	protein_coding	Infection + diet	Diet 33: infected vs control; Infected 33 vs 50	Downregulated	Included in infected diet 33 vs 50 origin audit	Significant in both mappings	1	Mixed external nucleotide evidence	Mixed metazoan/non-metazoan	Fungi;Other Metazoa	Caenorhabditis elegans;Synchytrium microbalum	68.927	22	Mixed/ambiguous	infected_diet33_vs50; infected_diet83_vs33; infection_average_all_diets; infection_diet33; interaction_diet33_vs50; interaction_diet83_vs33	Average control; Control diet 33; Infected diet 50; Infected diet 83; Infection response diet 50; Infection response diet 83	23.653663075527874	1.9662729322067365e-25
LOC126318646	NW_026062056.1	uncharacterized LOC126318646	protein_coding	Diet in infected	Infected 33 vs 50	Downregulated	Included in infected diet 33 vs 50 origin audit	Significant in both mappings	1	Other-metazoan protein support only	No informative external hit					Other metazoan support	infected_diet33_vs50; infected_diet83_vs33; infection_average_all_diets; infection_diet33; interaction_diet33_vs50; interaction_diet83_vs33	Average control; Control diet 33; Infected diet 50; Infected diet 83; Infection response diet 50; Infection response diet 83	21.682841138712856	1.9662729322067365e-25
LOC126323889	NW_026062236.1	uncharacterized LOC126323889	protein_coding	Diet in infected	Infected 33 vs 50	Downregulated	Included in infected diet 33 vs 50 origin audit	Significant in both mappings	1	No informative external evidence	No informative external hit					No informative hit	infected_diet33_vs50; infected_diet83_vs33; infection_average_all_diets; infection_diet33; interaction_diet33_vs50; interaction_diet83_vs33	Average control; Control diet 33; Infected diet 50; Infected diet 83; Infection response diet 50; Infection response diet 83	22.06814395223689	1.9662729322067365e-25
LOC126323263	NW_026062217.1	uncharacterized LOC126323263	protein_coding	Diet in infected	Infected 33 vs 50	Downregulated	Included in infected diet 33 vs 50 origin audit	Significant in both mappings	1	Conflicting nucleotide and protein evidence	Non-metazoan only	Fungi	Cokeromyces recurvatus	70.685	25	Mixed/ambiguous	infected_diet33_vs50; infected_diet83_vs33; infection_average_all_diets; infection_diet33; interaction_diet33_vs50; interaction_diet83_vs33	Average control; Control diet 33; Infected diet 50; Infected diet 83; Infection response diet 50; Infection response diet 83	22.27390839486104	2.582492895639518e-25
LOC126313408	NW_026061886.1	uncharacterized LOC126313408	protein_coding	Diet in infected	Infected 33 vs 50	Downregulated	Included in infected diet 33 vs 50 origin audit	Significant in both mappings	1	Non-metazoan-only protein hits without nucleotide corroboration	No informative external hit					Non-metazoan candidate	infected_diet33_vs50; infected_diet83_vs33; infection_average_all_diets; infection_diet33; interaction_diet33_vs50; interaction_diet83_vs33	Average control; Control diet 33; Infected diet 50; Infected diet 83; Infection response diet 50; Infection response diet 83	22.912319761982737	2.835251179874379e-25
LOC126329081	NW_026062491.1	uncharacterized LOC126329081	protein_coding	Diet in infected	Infected 33 vs 50	Downregulated	Included in infected diet 33 vs 50 origin audit	Significant in both mappings	1	Non-metazoan-only protein hits without nucleotide corroboration	No informative external hit					Non-metazoan candidate	infected_diet33_vs50; infected_diet83_vs33; infection_average_all_diets; infection_diet33; interaction_diet33_vs50; interaction_diet83_vs33	Average control; Control diet 33; Infected diet 50; Infected diet 83; Infection response diet 50; Infection response diet 83	23.1979910857169	5.5096486208214555e-25
LOC126323894	NW_026062236.1	uncharacterized LOC126323894	protein_coding	Infection + diet	Diet 33: infected vs control; Infected 33 vs 50	Downregulated	Included in infected diet 33 vs 50 origin audit	Significant in both mappings	1	Concordant non-metazoan nucleotide and protein hits	Non-metazoan only	Plants	Cryptomeria japonica;Zingiber officinale	70.086	53	Non-metazoan candidate	infected_diet33_vs50; infected_diet83_vs33; infection_average_all_diets; infection_diet33; interaction_diet33_vs50; interaction_diet83_vs33	Average control; Control diet 33; Infected diet 50; Infected diet 83; Infection response diet 50; Infection response diet 83	23.476855579256103	7.037502295345618e-25
LOC126317444	NW_026062018.1	RAB11-binding protein RELCH-like	protein_coding	Diet in infected	Infected 33 vs 50	Downregulated	Included in infected diet 33 vs 50 origin audit	Significant in both mappings	1	Mixed protein evidence	No informative external hit					Mixed/ambiguous	infected_diet33_vs50; infected_diet83_vs33; infection_average_all_diets; infection_diet33; interaction_diet33_vs50; interaction_diet83_vs33	Average control; Control diet 33; Infected diet 50; Infected diet 83; Infection response diet 50; Infection response diet 83	22.303244086883627	7.522615962629282e-25
LOC126325847	NW_026062299.1	uncharacterized LOC126325847	protein_coding	Diet in infected	Infected 33 vs 50	Downregulated	Included in infected diet 33 vs 50 origin audit	Significant in both mappings	1	Mixed protein evidence	No informative external hit					Mixed/ambiguous	infected_diet33_vs50; infected_diet83_vs33; infection_average_all_diets; infection_diet33; interaction_diet33_vs50; interaction_diet83_vs33	Average control; Control diet 33; Infected diet 50; Infected diet 83; Infection response diet 50; Infection response diet 83	22.31054013098255	9.86077262381204e-25
LOC126319857	NW_026062071.1	uncharacterized LOC126319857	protein_coding	Diet in infected	Infected 33 vs 50	Downregulated	Included in infected diet 33 vs 50 origin audit	Significant in both mappings	1	No informative external evidence	No informative external hit					No informative hit	infected_diet33_vs50; infected_diet83_vs33; infection_average_all_diets; infection_diet33; interaction_diet33_vs50; interaction_diet83_vs33	Average control; Control diet 33; Infected diet 50; Infected diet 83; Infection response diet 50; Infection response diet 83	22.256291352253683	1.1915294326071689e-24
LOC126316686	NW_026061985.1	uncharacterized LOC126316686	protein_coding	Diet in infected	Infected 33 vs 50	Downregulated	Included in infected diet 33 vs 50 origin audit	Significant in both mappings	1	Mixed protein evidence	No informative external hit					Mixed/ambiguous	infected_diet33_vs50; infected_diet83_vs33; infection_average_all_diets; infection_diet33; interaction_diet33_vs50; interaction_diet83_vs33	Average control; Control diet 33; Infected diet 50; Infected diet 83; Infection response diet 50; Infection response diet 83	21.955520618699776	1.195693173954371e-24
LOC126329979	NW_026062553.1	clustered mitochondria protein homolog	protein_coding	Diet in infected	Infected 33 vs 50	Downregulated	Included in infected diet 33 vs 50 origin audit	Significant in both mappings	1	Mixed protein evidence	No informative external hit					Mixed/ambiguous	infected_diet33_vs50; infected_diet83_vs33; infection_average_all_diets; infection_diet33; interaction_diet33_vs50; interaction_diet83_vs33	Average control; Control diet 33; Infected diet 50; Infected diet 83; Infection response diet 50; Infection response diet 83	22.333844126676386	1.2917182920757344e-24
LOC126319934	NW_026062071.1	aldo-keto reductase family 1 member B1-like	protein_coding	Diet in infected	Infected 33 vs 50	Downregulated	Included in infected diet 33 vs 50 origin audit	Significant in both mappings	1	Mixed protein evidence	No informative external hit					Mixed/ambiguous	infected_diet33_vs50; infected_diet83_vs33; infection_average_all_diets; infection_diet33; interaction_diet33_vs50; interaction_diet83_vs33	Average control; Control diet 33; Infected diet 50; Infected diet 83; Infection response diet 50; Infection response diet 83	22.05681797997459	1.3039185307819621e-24
LOC126323268	NW_026062217.1	citrate/2-methylcitrate dehydratase-like	protein_coding	Diet in infected	Infected 33 vs 50	Downregulated	Included in infected diet 33 vs 50 origin audit	Significant in both mappings	1	Concordant non-metazoan nucleotide and protein hits	Non-metazoan only	Bacteria	Paenibacillus thiaminolyticus	65.172	54	Non-metazoan candidate	infected_diet33_vs50; infected_diet83_vs33; infection_average_all_diets; infection_diet33; interaction_diet33_vs50; interaction_diet83_vs33	Average control; Control diet 33; Infected diet 50; Infected diet 83; Infection response diet 50; Infection response diet 83	21.656328483798788	1.4987487725562582e-24
LOC126323915	NW_026062236.1	uncharacterized LOC126323915	protein_coding	Diet in infected	Infected 33 vs 50	Downregulated	Included in infected diet 33 vs 50 origin audit	Significant in both mappings	1	Non-metazoan-only protein hits without nucleotide corroboration	No informative external hit					Non-metazoan candidate	infected_diet33_vs50; infected_diet83_vs33; infection_average_all_diets; infection_diet33; interaction_diet33_vs50; interaction_diet83_vs33	Average control; Control diet 33; Infected diet 50; Infected diet 83; Infection response diet 50; Infection response diet 83	22.425972768833905	1.4987487725562582e-24
LOC126324753	NW_026062253.1	uncharacterized LOC126324753	protein_coding	Diet in infected	Infected 33 vs 50	Downregulated	Included in infected diet 33 vs 50 origin audit	Significant in both mappings	1	Non-metazoan-only protein hits without nucleotide corroboration	No informative external hit					Non-metazoan candidate	infected_diet33_vs50; infected_diet83_vs33; infection_average_all_diets; infection_diet33; interaction_diet33_vs50; interaction_diet83_vs33	Average control; Control diet 33; Infected diet 50; Infected diet 83; Infection response diet 50; Infection response diet 83	22.29520585429241	1.8157660868163737e-24
LOC126316958	NW_026062003.1	uncharacterized LOC126316958	lncRNA	Diet in infected	Infected 33 vs 50	Downregulated	Included in infected diet 33 vs 50 origin audit	Significant in both mappings	1	No informative external evidence	No informative external hit						infected_diet33_vs50; infected_diet83_vs33; infection_average_all_diets; infection_diet33; interaction_diet33_vs50; interaction_diet83_vs33	Average control; Control diet 33; Infected diet 50; Infected diet 83; Infection response diet 50; Infection response diet 83	22.09096558361624	3.676218865935456e-24
LOC126326535	NW_026062344.1	histone deacetylase B-like	protein_coding	Diet in infected	Infected 33 vs 50	Downregulated	Included in infected diet 33 vs 50 origin audit	Significant in both mappings	1	External nucleotide support from Orthoptera/Arthropoda	Other arthropod	Other Arthropoda;Other Metazoa	Alosa alosa;Alosa pseudoharengus;Anguilla anguilla;Anguilla marmorata;Camelus bactrianus;Camelus dromedarius;Camelus ferus;Gobius niger;Latimeria chalumnae;Lissotriton helveticus;Mixophyes fleayi;Nebalia hessleri;Oncorhynchus masou masou;Ovis canadensis;Sapajus apella;Urocitellus parryii;Vicugna pacos	70.95	52	Mixed/ambiguous	infected_diet33_vs50; infected_diet83_vs33; infection_average_all_diets; infection_diet33; interaction_diet33_vs50; interaction_diet83_vs33	Average control; Control diet 33; Infected diet 50; Infected diet 83; Infection response diet 50; Infection response diet 83	22.186307168468236	3.858577441684697e-24
LOC126325855	NW_026062299.1	uncharacterized LOC126325855	protein_coding	Diet in infected	Infected 33 vs 50	Downregulated	Included in infected diet 33 vs 50 origin audit	Significant in both mappings	1	Non-metazoan-only protein hits without nucleotide corroboration	No informative external hit					Non-metazoan candidate	infected_diet33_vs50; infected_diet83_vs33; infection_average_all_diets; infection_diet33; interaction_diet33_vs50; interaction_diet83_vs33	Average control; Control diet 33; Infected diet 50; Infected diet 83; Infection response diet 50; Infection response diet 83	21.982756461402676	4.202955782331112e-24
LOC126319911	NW_026062071.1	la-related protein 4-like	protein_coding	Diet in infected	Infected 33 vs 50	Downregulated	Included in infected diet 33 vs 50 origin audit	Significant in both mappings	1	Non-metazoan-only protein hits without nucleotide corroboration	No informative external hit					Non-metazoan candidate	infected_diet33_vs50; infected_diet83_vs33; infection_average_all_diets; infection_diet33; interaction_diet33_vs50; interaction_diet83_vs33	Average control; Control diet 33; Infected diet 50; Infected diet 83; Infection response diet 50; Infection response diet 83	22.005317384256102	4.462423950932719e-24
LOC126320367	NW_026062094.1	uncharacterized LOC126320367	protein_coding	Diet in infected	Infected 33 vs 50	Downregulated	Included in infected diet 33 vs 50 origin audit	Significant in both mappings	1	No informative external evidence	No informative external hit					No informative hit	infected_diet33_vs50; infected_diet83_vs33; infection_average_all_diets; infection_diet33; interaction_diet33_vs50; interaction_diet83_vs33	Average control; Control diet 33; Infected diet 50; Infected diet 83; Infection response diet 50; Infection response diet 83	22.02782388837256	4.7334310040565335e-24
LOC126320458	NW_026062097.1	uncharacterized LOC126320458	protein_coding	Diet in infected	Infected 33 vs 50	Downregulated	Included in infected diet 33 vs 50 origin audit	Significant in both mappings	1	No informative external evidence	No informative external hit					No informative hit	infected_diet33_vs50; infected_diet83_vs33; infection_average_all_diets; infection_diet33; interaction_diet33_vs50; interaction_diet83_vs33	Average control; Control diet 33; Infected diet 50; Infected diet 83; Infection response diet 50; Infection response diet 83	21.925705945359088	4.914932909181676e-24
LOC126318615	NW_026062056.1	uncharacterized LOC126318615	protein_coding	Diet in infected	Infected 33 vs 50	Downregulated	Included in infected diet 33 vs 50 origin audit	Significant in both mappings	1	Non-metazoan-only protein hits without nucleotide corroboration	No informative external hit					Non-metazoan candidate	infected_diet33_vs50; infected_diet83_vs33; infection_average_all_diets; infection_diet33; interaction_diet33_vs50; interaction_diet83_vs33	Average control; Control diet 33; Infected diet 50; Infected diet 83; Infection response diet 50; Infection response diet 83	22.077085434435983	8.013543454623819e-24
LOC126325835	NW_026062299.1	quinone oxidoreductase PIG3-like	protein_coding	Diet in infected	Infected 33 vs 50	Downregulated	Included in infected diet 33 vs 50 origin audit	Significant in both mappings	1	Non-metazoan-only protein hits without nucleotide corroboration	No informative external hit					Non-metazoan candidate	infected_diet33_vs50; infected_diet83_vs33; infection_average_all_diets; infection_diet33; interaction_diet33_vs50; interaction_diet83_vs33	Average control; Control diet 33; Infected diet 50; Infected diet 83; Infection response diet 50; Infection response diet 83	21.887774534108786	8.880517255900622e-24
LOC126323271	NW_026062217.1	uncharacterized LOC126323271	protein_coding	Diet in infected	Infected 33 vs 50	Downregulated	Included in infected diet 33 vs 50 origin audit	Significant in both mappings	1	Non-metazoan-only protein hits without nucleotide corroboration	No informative external hit					Non-metazoan candidate	infected_diet33_vs50; infected_diet83_vs33; infection_average_all_diets; infection_diet33; interaction_diet33_vs50; interaction_diet83_vs33	Average control; Control diet 33; Infected diet 50; Infected diet 83; Infection response diet 50; Infection response diet 83	22.027329223395743	8.883172523662699e-24
LOC126325546	NW_026062282.1	actin-histidine N-methyltransferase-like	protein_coding	Diet in infected	Infected 33 vs 50	Downregulated	Included in infected diet 33 vs 50 origin audit	Significant in both mappings	1	Mixed protein evidence	No informative external hit					Mixed/ambiguous	infected_diet33_vs50; infected_diet83_vs33; infection_average_all_diets; infection_diet33; interaction_diet33_vs50; interaction_diet83_vs33	Average control; Control diet 33; Infected diet 50; Infected diet 83; Infection response diet 50; Infection response diet 83	21.744041305547878	1.2789906833906698e-23
LOC126304763	NW_026061732.1	thioredoxin reductase-like	protein_coding	Diet in infected	Infected 33 vs 50	Downregulated	Included in infected diet 33 vs 50 origin audit	Significant in both mappings	1	Concordant non-metazoan nucleotide and protein hits	Non-metazoan only	Bacteria	Prevotella intermedia;Spirosoma sp. KUDC1026	66.704	28	Non-metazoan candidate	infected_diet33_vs50; infected_diet83_vs33; infection_average_all_diets; infection_diet33; interaction_diet33_vs50; interaction_diet83_vs33	Average control; Control diet 33; Infected diet 50; Infected diet 83; Infection response diet 50; Infection response diet 83	22.51794435832272	1.3382658614169178e-23
LOC126319940	NW_026062071.1	aspartate aminotransferase, mitochondrial-like	protein_coding	Diet in infected	Infected 33 vs 50	Downregulated	Included in infected diet 33 vs 50 origin audit	Significant in both mappings	1	Conflicting nucleotide and protein evidence	Non-metazoan only	Other Eukaryota	Dictyostelium purpureum	66.607	33	Mixed/ambiguous	infected_diet33_vs50; infected_diet83_vs33; infection_average_all_diets; infection_diet33; interaction_diet33_vs50; interaction_diet83_vs33	Average control; Control diet 33; Infected diet 50; Infected diet 83; Infection response diet 50; Infection response diet 83	23.196584594110877	1.5760312706272152e-23
LOC126326080	NW_026062315.1	uncharacterized LOC126326080	protein_coding	Diet in infected	Infected 33 vs 50	Downregulated	Included in infected diet 33 vs 50 origin audit	Significant in both mappings	1	Non-metazoan-only protein hits without nucleotide corroboration	No informative external hit					Non-metazoan candidate	infected_diet33_vs50; infected_diet83_vs33; infection_average_all_diets; infection_diet33; interaction_diet33_vs50; interaction_diet83_vs33	Average control; Control diet 33; Infected diet 50; Infected diet 83; Infection response diet 50; Infection response diet 83	23.19370365731837	2.6010682974571705e-23
LOC126319936	NW_026062071.1	uncharacterized LOC126319936	protein_coding	Diet in infected	Infected 33 vs 50	Downregulated	Included in infected diet 33 vs 50 origin audit	Significant in both mappings	1	Non-metazoan-only protein hits without nucleotide corroboration	No informative external hit					Non-metazoan candidate	infected_diet33_vs50; infected_diet83_vs33; infection_average_all_diets; infection_diet33; interaction_diet33_vs50; interaction_diet83_vs33	Average control; Control diet 33; Infected diet 50; Infected diet 83; Infection response diet 50; Infection response diet 83	22.52802633259834	3.354831571581304e-23
LOC126325873	NW_026062299.1	transcription initiation factor TFIID subunit 1-like	protein_coding	Diet in infected	Infected 33 vs 50	Downregulated	Included in infected diet 33 vs 50 origin audit	Significant in both mappings	1	Non-metazoan-only protein hits without nucleotide corroboration	No informative external hit					Non-metazoan candidate	infected_diet33_vs50; infected_diet83_vs33; infection_average_all_diets; infection_diet33; interaction_diet33_vs50; interaction_diet83_vs33	Average control; Control diet 33; Infected diet 50; Infected diet 83; Infection response diet 50; Infection response diet 83	22.012283912098265	6.6573889032853e-23
LOC126304739	NW_026061732.1	uncharacterized LOC126304739	protein_coding	Diet in infected	Infected 33 vs 50	Downregulated	Included in infected diet 33 vs 50 origin audit	Significant in both mappings	1	No informative external evidence	No informative external hit					No informative hit	infected_diet33_vs50; infected_diet83_vs33; infection_average_all_diets; infection_diet33; interaction_diet33_vs50; interaction_diet83_vs33	Average control; Control diet 33; Infected diet 50; Infected diet 83; Infection response diet 50; Infection response diet 83	22.16704637384958	1.285190298116264e-22
LOC126326073	NW_026062315.1	protein lin-28-like	protein_coding	Diet in infected	Infected 33 vs 50	Downregulated	Included in infected diet 33 vs 50 origin audit	Significant in both mappings	1	Non-metazoan-only protein hits without nucleotide corroboration	No informative external hit					Non-metazoan candidate	infected_diet33_vs50; infected_diet83_vs33; infection_average_all_diets; infection_diet33; interaction_diet33_vs50; interaction_diet83_vs33	Average control; Control diet 33; Infected diet 50; Infected diet 83; Infection response diet 50; Infection response diet 83	22.004888885022552	3.6664138459002954e-22
LOC126326552	NW_026062344.1	proteasome subunit alpha type-3-like	protein_coding	Diet in infected	Infected 33 vs 50	Downregulated	Included in infected diet 33 vs 50 origin audit	Significant in both mappings	1	Concordant non-metazoan nucleotide and protein hits	Non-metazoan only	Fungi	Lipomyces japonicus	69.424	21	Non-metazoan candidate	infected_diet33_vs50; infected_diet83_vs33; infection_average_all_diets; infection_diet33; interaction_diet33_vs50; interaction_diet83_vs33	Average control; Control diet 33; Infected diet 50; Infected diet 83; Infection response diet 50; Infection response diet 83	21.679749938450534	4.833055226089795e-22
LOC126317472	NW_026062018.1	inositol polyphosphate 5-phosphatase OCRL-like	protein_coding	Diet in infected	Infected 33 vs 50	Downregulated	Included in infected diet 33 vs 50 origin audit	Significant in both mappings	1	Non-metazoan-only protein hits without nucleotide corroboration	No informative external hit					Non-metazoan candidate	infected_diet33_vs50; infected_diet83_vs33; infection_average_all_diets; infection_diet33; interaction_diet33_vs50; interaction_diet83_vs33	Average control; Control diet 33; Infected diet 50; Infected diet 83; Infection response diet 50; Infection response diet 83	23.798877594599134	2.1521802453039278e-21
LOC126328051	NW_026062425.1	WD40 repeat-containing protein SMU1-like	protein_coding	Diet in infected	Infected 33 vs 50	Downregulated	Included in infected diet 33 vs 50 origin audit	Significant in both mappings	1	Conflicting nucleotide and protein evidence	Non-metazoan only	Plants	Chlamydomonas reinhardtii	67.413	34	Mixed/ambiguous	infected_diet33_vs50; infected_diet83_vs33; infection_average_all_diets; infection_diet33; interaction_diet33_vs50; interaction_diet83_vs33	Average control; Control diet 33; Infected diet 50; Infected diet 83; Infection response diet 50; Infection response diet 83	20.27435628538082	5.611937620570139e-21
LOC126323886	NW_026062236.1	Fanconi anemia group D2 protein-like	protein_coding	Diet in infected	Infected 33 vs 50	Downregulated	Included in infected diet 33 vs 50 origin audit	Significant in both mappings	1	Non-metazoan-only protein hits without nucleotide corroboration	No informative external hit					Non-metazoan candidate	infected_diet33_vs50; infected_diet83_vs33; infection_average_all_diets; infection_diet33; interaction_diet33_vs50; interaction_diet83_vs33	Average control; Control diet 33; Infected diet 50; Infected diet 83; Infection response diet 50; Infection response diet 83	20.193217532766795	1.611668399538102e-20
LOC126324050	NW_026062244.1	uncharacterized LOC126324050	protein_coding	Diet in infected	Infected 33 vs 50	Downregulated	Included in infected diet 33 vs 50 origin audit	Significant in both mappings	1	Mixed protein evidence	No informative external hit					Mixed/ambiguous	infected_diet33_vs50; infected_diet83_vs33; infection_average_all_diets; infection_diet33; interaction_diet33_vs50; interaction_diet83_vs33	Average control; Control diet 33; Infected diet 50; Infected diet 83; Infection response diet 50; Infection response diet 83	23.91096179609229	4.020530333821792e-20
LOC126313323	NW_026061886.1	uncharacterized LOC126313323	protein_coding	Diet in infected	Infected 33 vs 50	Downregulated	Included in infected diet 33 vs 50 origin audit	Significant in both mappings	1	External nucleotide support from other Metazoa	Other metazoan	Other Metazoa	Patiria miniata	65.653	21	Mixed/ambiguous	infected_diet33_vs50; infected_diet83_vs33; infection_average_all_diets; infection_diet33; interaction_diet33_vs50; interaction_diet83_vs33	Average control; Control diet 33; Infected diet 50; Infected diet 83; Infection response diet 50; Infection response diet 83	20.84354516821235	4.4761149329196636e-20
LOC126314456	NW_026061953.1	60S ribosomal protein L9-like	protein_coding	Diet in infected	Infected 33 vs 50	Downregulated	Included in infected diet 33 vs 50 origin audit	Significant in both mappings	1	Conflicting nucleotide and protein evidence	Non-metazoan only	Fungi	Linderina pennispora	66.387	34	Mixed/ambiguous	infected_diet33_vs50; infected_diet83_vs33; infection_average_all_diets; infection_diet33; interaction_diet33_vs50; interaction_diet83_vs33	Average control; Control diet 33; Infected diet 50; Infected diet 83; Infection response diet 50; Infection response diet 83	19.100815191046415	8.90071904333498e-20
LOC126315282	NW_026061960.1	T-complex protein 1 subunit delta-like	protein_coding	Diet in infected	Infected 33 vs 50	Downregulated	Included in infected diet 33 vs 50 origin audit	Significant in both mappings	1	Conflicting nucleotide and protein evidence	Non-metazoan only	Fungi	Pneumocystis jirovecii RU7;Pneumocystis murina B123	70.913	24	Mixed/ambiguous	infected_diet33_vs50; infected_diet83_vs33; infection_average_all_diets; infection_diet33; interaction_diet33_vs50; interaction_diet83_vs33	Average control; Control diet 33; Infected diet 50; Infected diet 83; Infection response diet 50; Infection response diet 83	18.70303333284626	2.6212537447024843e-19
LOC126326534	NW_026062344.1	uncharacterized LOC126326534	protein_coding	Diet in infected	Infected 33 vs 50	Downregulated	Included in infected diet 33 vs 50 origin audit	Significant in both mappings	1	Non-metazoan-only protein hits without nucleotide corroboration	No informative external hit					Non-metazoan candidate	infected_diet33_vs50; infected_diet83_vs33; infection_average_all_diets; infection_diet33; interaction_diet33_vs50; interaction_diet83_vs33	Average control; Control diet 33; Infected diet 50; Infected diet 83; Infection response diet 50; Infection response diet 83	22.774578870260946	3.340156417704009e-19
LOC126323901	NW_026062236.1	zinc finger MIZ domain-containing protein 1-like	protein_coding	Diet in infected	Infected 33 vs 50	Downregulated	Included in infected diet 33 vs 50 origin audit	Significant in both mappings	1	Mixed protein evidence	No informative external hit					Mixed/ambiguous	infected_diet33_vs50; infected_diet83_vs33; infection_average_all_diets; infection_diet33; interaction_diet33_vs50; interaction_diet83_vs33	Average control; Control diet 33; Infected diet 50; Infected diet 83; Infection response diet 50; Infection response diet 83	22.5030672110677	3.4478619631345206e-19
LOC126316834	NW_026061988.1	HBS1-like protein	protein_coding	Diet in infected	Infected 33 vs 50	Downregulated	Included in infected diet 33 vs 50 origin audit	Significant in both mappings	1	Mixed protein evidence	No informative external hit					Mixed/ambiguous	infected_diet33_vs50; infected_diet83_vs33; infection_average_all_diets; infection_diet33; interaction_diet33_vs50; interaction_diet83_vs33	Average control; Control diet 33; Infected diet 50; Infected diet 83; Infection response diet 50; Infection response diet 83	18.912395590149348	4.693461429771438e-19
LOC126318317	NW_026062048.1	apoptosis-inducing factor 3-like	protein_coding	Diet in infected	Infected 33 vs 50	Downregulated	Included in infected diet 33 vs 50 origin audit	Significant in both mappings	1	Mixed protein evidence	No informative external hit					Mixed/ambiguous	infected_diet33_vs50; infected_diet83_vs33; infection_average_all_diets; infection_diet33; interaction_diet33_vs50; interaction_diet83_vs33	Average control; Control diet 33; Infected diet 50; Infected diet 83; Infection response diet 50; Infection response diet 83	22.33617219151697	4.797549703620417e-19
LOC126316668	NW_026061985.1	uncharacterized LOC126316668	protein_coding	Diet in infected	Infected 33 vs 50	Downregulated	Included in infected diet 33 vs 50 origin audit	Significant in both mappings	1	Non-metazoan-only protein hits without nucleotide corroboration	No informative external hit					Non-metazoan candidate	infected_diet33_vs50; infected_diet83_vs33; infection_average_all_diets; infection_diet33; interaction_diet33_vs50; interaction_diet83_vs33	Average control; Control diet 33; Infected diet 50; Infected diet 83; Infection response diet 50; Infection response diet 83	19.166714575019725	6.381004657935939e-19
LOC126325806	NW_026062299.1	60S ribosomal protein L6-like	protein_coding	Diet in infected	Infected 33 vs 50	Downregulated	Included in infected diet 33 vs 50 origin audit	Significant in both mappings	1	Non-metazoan-only protein hits without nucleotide corroboration	No informative external hit					Non-metazoan candidate	infected_diet33_vs50; infected_diet83_vs33; infection_average_all_diets; infection_diet33; interaction_diet33_vs50; interaction_diet83_vs33	Average control; Control diet 33; Infected diet 50; Infected diet 83; Infection response diet 50; Infection response diet 83	18.697957199789364	7.475731036523815e-19
LOC126311252	NW_026061838.1	uncharacterized LOC126311252	protein_coding	Diet in infected	Infected 33 vs 50	Downregulated	Included in infected diet 33 vs 50 origin audit	Significant in both mappings	1	No informative external evidence	No informative external hit					No informative hit	infected_diet33_vs50; infected_diet83_vs33; infection_average_all_diets; infection_diet33; interaction_diet33_vs50; interaction_diet83_vs33	Average control; Control diet 33; Infected diet 50; Infected diet 83; Infection response diet 50; Infection response diet 83	22.33288452278981	1.308594703770767e-18
LOC126322604	NW_026062185.1	T-complex protein 1 subunit theta-like	protein_coding	Infection + diet	Diet 33: infected vs control; Infected 33 vs 50	Downregulated	Included in infected diet 33 vs 50 origin audit	Significant in both mappings	1	Non-metazoan-only protein hits without nucleotide corroboration	No informative external hit					Non-metazoan candidate	infected_diet33_vs50; infected_diet83_vs33; infection_average_all_diets; infection_diet33; interaction_diet33_vs50; interaction_diet83_vs33	Average control; Control diet 33; Infected diet 50; Infected diet 83; Infection response diet 50; Infection response diet 83	19.258544223787858	1.6264216494303492e-18
LOC126316912	NW_026062003.1	calcium/calmodulin-dependent protein kinase type 1-like	protein_coding	Diet in infected	Infected 33 vs 50	Downregulated	Included in infected diet 33 vs 50 origin audit	Significant in both mappings	1	Non-metazoan-only protein hits without nucleotide corroboration	No informative external hit					Non-metazoan candidate	infected_diet33_vs50; infected_diet83_vs33; infection_average_all_diets; infection_diet33; interaction_diet33_vs50; interaction_diet83_vs33	Average control; Control diet 33; Infected diet 50; Infected diet 83; Infection response diet 50; Infection response diet 83	19.521322872165655	3.1263431869029614e-18
LOC126325541	NW_026062282.1	phosphatidylethanolamine-binding protein homolog F40A3.3-like	protein_coding	Diet in infected	Infected 33 vs 50	Downregulated	Included in infected diet 33 vs 50 origin audit	Significant in both mappings	1	Arthropod/orthopteran protein support only	No informative external hit					Broader arthropod support	infected_diet33_vs50; infected_diet83_vs33; infection_average_all_diets; infection_diet33; interaction_diet33_vs50; interaction_diet83_vs33	Average control; Control diet 33; Infected diet 50; Infected diet 83; Infection response diet 50; Infection response diet 83	19.349530556044517	3.1263431869029614e-18
LOC126323253	NW_026062217.1	superoxide dismutase [Fe]-like	protein_coding	Diet in infected	Infected 33 vs 50	Downregulated	Included in infected diet 33 vs 50 origin audit	Significant in both mappings	1	Non-metazoan-only protein hits without nucleotide corroboration	No informative external hit					Non-metazoan candidate	infected_diet33_vs50; infected_diet83_vs33; infection_average_all_diets; infection_diet33; interaction_diet33_vs50; interaction_diet83_vs33	Average control; Control diet 33; Infected diet 50; Infected diet 83; Infection response diet 50; Infection response diet 83	21.773430592493565	1.2104448986683445e-17
LOC126323787	NW_026062229.1	proteasome subunit alpha type-4-like	protein_coding	Diet in infected	Infected 33 vs 50	Downregulated	Included in infected diet 33 vs 50 origin audit	Significant in both mappings	1	Concordant non-metazoan nucleotide and protein hits	Non-metazoan only	Plants	Lactuca saligna;Lactuca sativa;Lactuca serriola;Lactuca virosa	69.76	24	Non-metazoan candidate	infected_diet33_vs50; infected_diet83_vs33; infection_average_all_diets; infection_diet33; interaction_diet33_vs50; interaction_diet83_vs33	Average control; Control diet 33; Infected diet 50; Infected diet 83; Infection response diet 50; Infection response diet 83	21.559123515543117	6.876549869208313e-17
LOC126311246	NW_026061838.1	ribosome biogenesis protein BOP1 homolog	protein_coding	Infection + diet	Diet 33: infected vs control; Infected 33 vs 50	Downregulated	Included in infected diet 33 vs 50 origin audit	Significant in both mappings	1	Mixed protein evidence	No informative external hit					Mixed/ambiguous	infected_diet33_vs50; infected_diet83_vs33; infection_diet33	Control diet 33; Infected diet 50; Infected diet 83	8.74432189812804	1.5599499590630532e-4
LOC126323770	NW_026062229.1	uncharacterized LOC126323770	protein_coding	Diet in infected	Infected 33 vs 50	Downregulated	Included in infected diet 33 vs 50 origin audit	Significant in both mappings	1	Non-metazoan-only protein hits without nucleotide corroboration	No informative external hit					Non-metazoan candidate	infected_diet33_vs50; infected_diet83_vs33; infection_diet33	Control diet 33; Infected diet 50; Infected diet 83	8.01202082054918	2.3144829917519952e-4
LOC126325505	NW_026062282.1	uncharacterized LOC126325505	protein_coding	Diet in infected	Infected 33 vs 50	Downregulated	Included in infected diet 33 vs 50 origin audit	Significant in both mappings	1	Non-metazoan-only protein hits without nucleotide corroboration	No informative external hit					Non-metazoan candidate	infected_diet33_vs50; infection_diet33	Control diet 33; Infected diet 50	8.867353611986342	2.54895873412428e-4
LOC126315417	NW_026061960.1	uncharacterized LOC126315417	protein_coding	Infection + diet	Diet 33: infected vs control; Infected 33 vs 50	Downregulated	Included in infected diet 33 vs 50 origin audit	Significant in both mappings	1	Concordant non-metazoan nucleotide and protein hits	Non-metazoan only	Fungi	Kalmanozyma brasiliensis GHG001;Moesziomyces antarcticus;Neoaidaea tothii	67.135	26	Non-metazoan candidate	infected_diet33_vs50; infected_diet83_vs33; infection_diet33	Control diet 33; Infected diet 50; Infected diet 83	8.705099588378818	2.662347228886428e-4
LOC126315246	NW_026061960.1	ankyrin repeat, PH and SEC7 domain containing protein secG-like	protein_coding	Diet in infected	Infected 33 vs 50	Downregulated	Included in infected diet 33 vs 50 origin audit	Significant in both mappings	1	Non-metazoan-only protein hits without nucleotide corroboration	No informative external hit					Non-metazoan candidate	infected_diet33_vs50; infected_diet83_vs33; infection_diet33	Control diet 33; Infected diet 50; Infected diet 83	8.615539248025463	2.800737153028715e-4
LOC126315429	NW_026061960.1	protein pirA-like	protein_coding	Diet in infected	Infected 33 vs 50	Downregulated	Included in infected diet 33 vs 50 origin audit	Significant in both mappings	1	Non-metazoan-only protein hits without nucleotide corroboration	No informative external hit					Non-metazoan candidate	infected_diet33_vs50; infection_diet33	Control diet 33; Infected diet 50	8.272157140912292	5.177106019613597e-4
LOC126326518	NW_026062344.1	alkyldihydroxyacetonephosphate synthase-like	protein_coding	Diet in infected	Infected 33 vs 50	Downregulated	Included in infected diet 33 vs 50 origin audit	Significant in both mappings	1	Mixed protein evidence	No informative external hit					Mixed/ambiguous	infected_diet33_vs50; infection_diet33	Control diet 33; Infected diet 50	8.082473718063927	5.475999228009825e-4
LOC126325548	NW_026062282.1	uncharacterized LOC126325548	protein_coding	Diet in infected	Infected 33 vs 50	Downregulated	Included in infected diet 33 vs 50 origin audit	Significant in both mappings	1	Non-metazoan-only protein hits without nucleotide corroboration	No informative external hit					Non-metazoan candidate	infected_diet33_vs50; infected_diet83_vs33; infection_diet33	Control diet 33; Infected diet 50; Infected diet 83	8.655466250601403	8.22427596983227e-4
LOC126323254	NW_026062217.1	peptidyl-prolyl cis-trans isomerase FKBP4-like	protein_coding	Diet in infected	Infected 33 vs 50	Downregulated	Included in infected diet 33 vs 50 origin audit	Significant in both mappings	1	External nucleotide support from Orthoptera/Arthropoda	Locust/orthopteran	Other Acrididae	Locusta migratoria manilensis	97.355	39	Locust/orthopteran support	infected_diet33_vs50; infected_diet83_vs33; infection_diet33	Control diet 33; Infected diet 50; Infected diet 83	8.196162858106568	0.0010299772600434604
LOC126322687	NW_026062196.1	uncharacterized LOC126322687	protein_coding	Diet in infected	Infected 33 vs 50	Downregulated	Included in infected diet 33 vs 50 origin audit	Significant in both mappings	1	Non-metazoan-only protein hits without nucleotide corroboration	No informative external hit					Non-metazoan candidate	infected_diet33_vs50; infection_diet33	Control diet 33; Infected diet 50	8.022872637485714	0.0011419984361621214
LOC126319848	NW_026062071.1	uncharacterized LOC126319848	protein_coding	Diet in infected	Infected 33 vs 50	Downregulated	Included in infected diet 33 vs 50 origin audit	Significant in both mappings	1	Non-metazoan-only protein hits without nucleotide corroboration	No informative external hit					Non-metazoan candidate	infected_diet33_vs50; infection_diet33	Control diet 33; Infected diet 50	7.8365698026454265	0.001329626846908452
LOC126314408	NW_026061953.1	uncharacterized LOC126314408	protein_coding	Diet in infected	Infected 33 vs 50	Downregulated	Included in infected diet 33 vs 50 origin audit	Significant in both mappings	1	Non-metazoan-only protein hits without nucleotide corroboration	No informative external hit					Non-metazoan candidate	infected_diet33_vs50; infection_diet33	Control diet 33; Infected diet 50	8.323828920841683	0.0013527735969357628
LOC126314423	NW_026061953.1	NPC intracellular cholesterol transporter 1-like	protein_coding	Diet in infected	Infected 33 vs 50	Downregulated	Included in infected diet 33 vs 50 origin audit	Significant in both mappings	1	Non-metazoan-only protein hits without nucleotide corroboration	No informative external hit					Non-metazoan candidate	infected_diet33_vs50; infection_diet33	Control diet 33; Infected diet 50	8.680353982147714	0.0014068543644437225
LOC126326520	NW_026062344.1	exportin-1-like	protein_coding	Diet in infected	Infected 33 vs 50	Downregulated	Included in infected diet 33 vs 50 origin audit	Significant in both mappings	1	Non-metazoan-only protein hits without nucleotide corroboration	No informative external hit					Non-metazoan candidate	infected_diet33_vs50; infection_diet33	Control diet 33; Infected diet 50	8.149952957163444	0.0015938056193521382
LOC126313386	NW_026061886.1	cleavage stimulation factor subunit 1-like	protein_coding	Diet in infected	Infected 33 vs 50	Downregulated	Included in infected diet 33 vs 50 origin audit	Significant in both mappings	1	Non-metazoan-only protein hits without nucleotide corroboration	No informative external hit					Non-metazoan candidate	infected_diet33_vs50; infection_diet33	Control diet 33; Infected diet 50	7.918049339367452	0.0017074269889496684
LOC126320413	NW_026062097.1	bifunctional purine biosynthesis protein PurH-like	protein_coding	Diet in infected	Infected 33 vs 50	Downregulated	Included in infected diet 33 vs 50 origin audit	Significant in both mappings	1	Non-metazoan-only protein hits without nucleotide corroboration	No informative external hit					Non-metazoan candidate	infected_diet33_vs50; infection_average_all_diets; infection_diet33	Average control; Control diet 33; Infected diet 50	7.755371709403813	0.0017074269889496684
LOC126327188	NW_026062374.1	GPI mannosyltransferase 2-like	protein_coding	Diet in infected	Infected 33 vs 50	Downregulated	Included in infected diet 33 vs 50 origin audit	Significant in both mappings	1	Mixed protein evidence	No informative external hit					Mixed/ambiguous	infected_diet33_vs50; infection_diet33	Control diet 33; Infected diet 50	7.790404907967453	0.0017710477295983511
LOC126320600	NW_026062105.1	uncharacterized LOC126320600	protein_coding	Diet in infected	Infected 33 vs 50	Downregulated	Included in infected diet 33 vs 50 origin audit	Significant in both mappings	1	Other-metazoan protein support only	No informative external hit					Other metazoan support	infected_diet33_vs50; infected_diet83_vs33	Infected diet 50; Infected diet 83	7.725297538465638	0.0019496793842091456
LOC126317508	NW_026062018.1	uncharacterized LOC126317508	protein_coding	Diet in infected	Infected 33 vs 50	Downregulated	Included in infected diet 33 vs 50 origin audit	Significant in both mappings	1	Conflicting nucleotide and protein evidence	Non-metazoan only	Other Eukaryota	Acanthamoeba castellanii str. Neff	67.918	25	Mixed/ambiguous	infected_diet33_vs50; infection_diet33	Control diet 33; Infected diet 50	7.765951534259195	0.001957967628893497
LOC126325954	NW_026062302.1	uncharacterized LOC126325954	protein_coding	Diet in infected	Infected 33 vs 50	Downregulated	Included in infected diet 33 vs 50 origin audit	Significant in both mappings	1	No informative external evidence	No informative external hit					No informative hit	infected_diet33_vs50; infection_diet33	Control diet 33; Infected diet 50	7.8684734217764465	0.001957967628893497
LOC126326057	NW_026062315.1	40S ribosomal protein S4-like	protein_coding	Diet in infected	Infected 33 vs 50	Downregulated	Included in infected diet 33 vs 50 origin audit	Significant in both mappings	1	External nucleotide support from other Metazoa	Other metazoan	Other Metazoa	Antedon bifida;Antedon mediterranea;Paramacrobiotus metropolitanus	71.077	28	Mixed/ambiguous	infected_diet33_vs50; infection_average_all_diets; infection_diet33	Average control; Control diet 33; Infected diet 50	8.152554318955469	0.0019650195321403354
LOC126325904	NW_026062302.1	mitochondrial proton/calcium exchanger protein-like	protein_coding	Diet in infected	Infected 33 vs 50	Downregulated	Included in infected diet 33 vs 50 origin audit	Significant in both mappings	1	Non-metazoan-only protein hits without nucleotide corroboration	No informative external hit					Non-metazoan candidate	infected_diet33_vs50; infection_diet33	Control diet 33; Infected diet 50	7.811011314227641	0.0019797379523416193
LOC126318306	NW_026062048.1	tetratricopeptide repeat protein 27 homolog	protein_coding	Diet in infected	Infected 33 vs 50	Downregulated	Included in infected diet 33 vs 50 origin audit	Significant in both mappings	1	Non-metazoan-only protein hits without nucleotide corroboration	No informative external hit					Non-metazoan candidate	infected_diet33_vs50; infection_diet33	Control diet 33; Infected diet 50	7.892563542242655	0.0019813878494229224
LOC126327192	NW_026062374.1	integrator complex subunit 6-like	protein_coding	Diet in infected	Infected 33 vs 50	Downregulated	Included in infected diet 33 vs 50 origin audit	Significant in both mappings	1	Mixed protein evidence	No informative external hit					Mixed/ambiguous	infected_diet33_vs50; infection_diet33	Control diet 33; Infected diet 50	7.7741577201464604	0.001987908037182037
LOC126318651	NW_026062056.1	elongation factor 1-beta-like	protein_coding	Diet in infected	Infected 33 vs 50	Downregulated	Included in infected diet 33 vs 50 origin audit	Significant in both mappings	1	Mixed protein evidence	No informative external hit					Mixed/ambiguous	infected_diet33_vs50; infection_diet33	Control diet 33; Infected diet 50	7.978053026564825	0.0020455405420735516
LOC126325837	NW_026062299.1	transcription initiation factor TFIID subunit 1-like	protein_coding	Diet in infected	Infected 33 vs 50	Downregulated	Included in infected diet 33 vs 50 origin audit	Significant in both mappings	1	Non-metazoan-only protein hits without nucleotide corroboration	No informative external hit					Non-metazoan candidate	infected_diet33_vs50; infection_diet33	Control diet 33; Infected diet 50	7.722456508552475	0.0020455405420735516
LOC126315241	NW_026061960.1	protease 4-like	protein_coding	Diet in infected	Infected 33 vs 50	Downregulated	Included in infected diet 33 vs 50 origin audit	Significant in both mappings	1	Non-metazoan-only protein hits without nucleotide corroboration	No informative external hit					Non-metazoan candidate	infected_diet33_vs50; infected_diet83_vs33; infection_diet33	Control diet 33; Infected diet 50; Infected diet 83	7.738110772482226	0.002105803157264755
LOC126322614	NW_026062185.1	uncharacterized LOC126322614	protein_coding	Diet in infected	Infected 33 vs 50	Downregulated	Included in infected diet 33 vs 50 origin audit	Significant in both mappings	1	Non-metazoan-only protein hits without nucleotide corroboration	No informative external hit					Non-metazoan candidate	infected_diet33_vs50; infection_average_all_diets; infection_diet33	Average control; Control diet 33; Infected diet 50	7.372431947709912	0.002105803157264755
LOC126323771	NW_026062229.1	mRNA export factor-like	protein_coding	Diet in infected	Infected 33 vs 50	Downregulated	Included in infected diet 33 vs 50 origin audit	Significant in both mappings	1	Mixed protein evidence	No informative external hit					Mixed/ambiguous	infected_diet33_vs50; infected_diet83_vs33; infection_diet33	Control diet 33; Infected diet 50; Infected diet 83	7.721422277768754	0.0021632694372838743
LOC126323742	NW_026062229.1	uncharacterized LOC126323742	protein_coding	Infection + diet	Diet 33: infected vs control; Infected 33 vs 50	Downregulated	Included in infected diet 33 vs 50 origin audit	Significant in both mappings	1	No informative external evidence	No informative external hit					No informative hit	infected_diet33_vs50; infection_diet33	Control diet 33; Infected diet 50	7.73841237153697	0.002225745698283065
LOC126322550	NW_026062185.1	uncharacterized LOC126322550	protein_coding	Diet in infected	Infected 33 vs 50	Downregulated	Included in infected diet 33 vs 50 origin audit	Significant in both mappings	1	Non-metazoan-only protein hits without nucleotide corroboration	No informative external hit					Non-metazoan candidate	infected_diet33_vs50; infected_diet83_vs33; infection_diet33	Control diet 33; Infected diet 50; Infected diet 83	8.102056095316422	0.0023379495796086295
LOC126316788	NW_026061988.1	serine-rich adhesin for platelets-like	protein_coding	Diet in infected	Infected 33 vs 50	Downregulated	Included in infected diet 33 vs 50 origin audit	Significant in both mappings	1	No informative external evidence	No informative external hit					No informative hit	infected_diet33_vs50; infection_diet33	Control diet 33; Infected diet 50	7.896259979687848	0.0023435452621500714
LOC126315304	NW_026061960.1	ras-specific guanine nucleotide-releasing factor 1-like	protein_coding	Diet in infected	Infected 33 vs 50	Downregulated	Included in infected diet 33 vs 50 origin audit	Significant in both mappings	1	Non-metazoan-only protein hits without nucleotide corroboration	No informative external hit					Non-metazoan candidate	infected_diet33_vs50; infection_diet33	Control diet 33; Infected diet 50	7.652783236833755	0.0023909380081354173
LOC126315358	NW_026061960.1	uncharacterized LOC126315358	lncRNA	Diet in infected	Infected 33 vs 50	Downregulated	Included in infected diet 33 vs 50 origin audit	Significant in both mappings	1	No informative external evidence	No informative external hit						infected_diet33_vs50; infection_diet33	Control diet 33; Infected diet 50	7.559822524492373	0.0023909380081354173
LOC126323738	NW_026062229.1	pumilio homolog 3	protein_coding	Diet in infected	Infected 33 vs 50	Downregulated	Included in infected diet 33 vs 50 origin audit	Significant in both mappings	1	Mixed protein evidence	No informative external hit					Mixed/ambiguous	infected_diet33_vs50; infection_diet33	Control diet 33; Infected diet 50	7.476134649500711	0.0025784402408416457
LOC126330805	NW_026062667.1	ras guanine nucleotide exchange factor A-like	protein_coding	Diet in infected	Infected 33 vs 50	Downregulated	Included in infected diet 33 vs 50 origin audit	Significant in both mappings	1	Non-metazoan-only protein hits without nucleotide corroboration	No informative external hit					Non-metazoan candidate	infected_diet33_vs50; infection_diet33	Control diet 33; Infected diet 50	8.058497310163295	0.002587752825336242
LOC126325536	NW_026062282.1	T-complex protein 1 subunit beta-like	protein_coding	Diet in infected	Infected 33 vs 50	Downregulated	Included in infected diet 33 vs 50 origin audit	Significant in both mappings	1	External nucleotide support from other Metazoa	Other metazoan	Other Metazoa	Anguilla rostrata	70.233	27	Mixed/ambiguous	infected_diet33_vs50; infection_diet33	Control diet 33; Infected diet 50	7.443809116955648	0.0025997581570103155
LOC126326566	NW_026062344.1	uncharacterized LOC126326566	protein_coding	Diet in infected	Infected 33 vs 50	Downregulated	Included in infected diet 33 vs 50 origin audit	Significant in both mappings	1	Mixed protein evidence	No informative external hit					Mixed/ambiguous	infected_diet33_vs50; infected_diet83_vs33; infection_diet33	Control diet 33; Infected diet 50; Infected diet 83	7.828434336257828	0.002665839707132724
LOC126314411	NW_026061953.1	uncharacterized LOC126314411	protein_coding	Diet in infected	Infected 33 vs 50	Downregulated	Included in infected diet 33 vs 50 origin audit	Significant in both mappings	1	Arthropod/orthopteran protein support only	No informative external hit					Broader arthropod support	infected_diet33_vs50; infection_diet33	Control diet 33; Infected diet 50	7.534220990033173	0.0028733818494484577
LOC126318342	NW_026062048.1	protein transport protein SEC23-like	protein_coding	Diet in infected	Infected 33 vs 50	Downregulated	Included in infected diet 33 vs 50 origin audit	Significant in both mappings	1	Non-metazoan-only protein hits without nucleotide corroboration	No informative external hit					Non-metazoan candidate	infected_diet33_vs50; infection_diet33	Control diet 33; Infected diet 50	8.004365586393277	0.0028733818494484577
LOC126319884	NW_026062071.1	uncharacterized LOC126319884	protein_coding	Diet in infected	Infected 33 vs 50	Downregulated	Included in infected diet 33 vs 50 origin audit	Significant in both mappings	1	Non-metazoan-only protein hits without nucleotide corroboration	No informative external hit					Non-metazoan candidate	infected_diet33_vs50; infection_diet33	Control diet 33; Infected diet 50	7.551370932920576	0.003011571194464685
LOC126326513	NW_026062344.1	crt homolog 1-like	protein_coding	Diet in infected	Infected 33 vs 50	Downregulated	Included in infected diet 33 vs 50 origin audit	Significant in both mappings	1.0013774104683195	Non-metazoan-only protein hits without nucleotide corroboration	No informative external hit					Non-metazoan candidate	infected_diet33_vs50; infection_diet33	Control diet 33; Infected diet 50	7.848276784683339	0.0030583322487859545
LOC126315362	NW_026061960.1	malate dehydrogenase-like	protein_coding	Diet in infected	Infected 33 vs 50	Downregulated	Included in infected diet 33 vs 50 origin audit	Significant in both mappings	1	Concordant non-metazoan nucleotide and protein hits	Non-metazoan only	Bacteria	Spongiibacter sp. IMCC21906	64.826	24	Non-metazoan candidate	infected_diet33_vs50; infection_average_all_diets; infection_diet33	Average control; Control diet 33; Infected diet 50	7.711644234089936	0.003138010325294265
LOC126320389	NW_026062097.1	bromodomain testis-specific protein-like	protein_coding	Diet in infected	Infected 33 vs 50	Downregulated	Included in infected diet 33 vs 50 origin audit	Significant in both mappings	1	Mixed protein evidence	No informative external hit					Mixed/ambiguous	infected_diet33_vs50; infection_diet33	Control diet 33; Infected diet 50	7.808057309897778	0.0031394295921573848
LOC126313327	NW_026061886.1	uncharacterized LOC126313327	protein_coding	Diet in infected	Infected 33 vs 50	Downregulated	Included in infected diet 33 vs 50 origin audit	Significant in both mappings	1	Non-metazoan-only protein hits without nucleotide corroboration	No informative external hit					Non-metazoan candidate	infected_diet33_vs50; infection_diet33	Control diet 33; Infected diet 50	7.659449134594455	0.0031797532655695247
LOC126313336	NW_026061886.1	uncharacterized LOC126313336	protein_coding	Infection + diet	Diet 33: infected vs control; Infected 33 vs 50	Downregulated	Included in infected diet 33 vs 50 origin audit	Significant in both mappings	1	Non-metazoan-only protein hits without nucleotide corroboration	No informative external hit					Non-metazoan candidate	infected_diet33_vs50; infection_diet33	Control diet 33; Infected diet 50	7.174688617812533	0.0031797532655695247
LOC126315352	NW_026061960.1	uncharacterized LOC126315352	lncRNA	Diet in infected	Infected 33 vs 50	Downregulated	Included in infected diet 33 vs 50 origin audit	Significant in both mappings	1	No informative external evidence	No informative external hit						infected_diet33_vs50; infection_diet33	Control diet 33; Infected diet 50	7.672434096308416	0.0031797532655695247
LOC126317107	NW_026062009.1	uncharacterized LOC126317107	protein_coding	Diet in infected	Infected 33 vs 50	Downregulated	Included in infected diet 33 vs 50 origin audit	Significant in both mappings	1	Non-metazoan-only protein hits without nucleotide corroboration	No informative external hit					Non-metazoan candidate	infected_diet33_vs50; infection_diet33	Control diet 33; Infected diet 50	7.126111612919655	0.0031797532655695247
LOC126318314	NW_026062048.1	transcription elongation factor SPT6-like	protein_coding	Diet in infected	Infected 33 vs 50	Downregulated	Included in infected diet 33 vs 50 origin audit	Significant in both mappings	1	Non-metazoan-only protein hits without nucleotide corroboration	No informative external hit					Non-metazoan candidate	infected_diet33_vs50; infection_diet33	Control diet 33; Infected diet 50	7.328089353108599	0.0031797532655695247
LOC126320759	NW_026062120.1	uncharacterized LOC126320759	protein_coding	Diet in infected	Infected 33 vs 50	Downregulated	Included in infected diet 33 vs 50 origin audit	Significant in both mappings	1	Non-metazoan-only protein hits without nucleotide corroboration	No informative external hit					Non-metazoan candidate	infected_diet33_vs50; infection_diet33	Control diet 33; Infected diet 50	7.504736603862164	0.0031797532655695247
LOC126321793	NW_026062140.1	uncharacterized LOC126321793	protein_coding	Diet in infected	Infected 33 vs 50; Infected 83 vs 33	Downregulated; Upregulated	Included in infected diet 33 vs 50 origin audit	Significant in both mappings	1.000004260250162	Concordant non-metazoan nucleotide and protein hits	Non-metazoan only	Other Eukaryota	Bremia lactucae;Peronosclerospora sorghi;Peronospora belbahrii;Phytophthora asparagi;Phytophthora botryosa;Phytophthora capsici;Phytophthora citrophthora;Phytophthora fragariae;Phytophthora ilicis;Phytophthora multivora;Phytophthora oleae;Phytophthora pini;Phytophthora quercina;Phytophthora rubi;Phytophthora tropicalis;Phytophthora x alni;Phytophthora x cambivora;Plasmopara halstedii	76.732	20	Non-metazoan candidate	infected_diet33_vs50; infected_diet83_vs33	Infected diet 50; Infected diet 83	5.360083898801475	0.0031797532655695247
LOC126330815	NW_026062667.1	probable alanine aminotransferase, mitochondrial	protein_coding	Diet in infected	Infected 33 vs 50	Downregulated	Included in infected diet 33 vs 50 origin audit	Significant in both mappings	1	Non-metazoan-only protein hits without nucleotide corroboration	No informative external hit					Non-metazoan candidate	infected_diet33_vs50; infection_diet33	Control diet 33; Infected diet 50	7.861884132466122	0.0031797532655695247
LOC126323264	NW_026062217.1	uncharacterized LOC126323264	protein_coding	Diet in infected	Infected 33 vs 50	Downregulated	Included in infected diet 33 vs 50 origin audit	Significant in both mappings	1	No informative external evidence	No informative external hit					No informative hit	infected_diet33_vs50; infected_diet83_vs33; infection_diet33	Control diet 33; Infected diet 50; Infected diet 83	7.595501541812241	0.003196078031558555
LOC126314419	NW_026061953.1	uncharacterized LOC126314419	protein_coding	Diet in infected	Infected 33 vs 50	Downregulated	Included in infected diet 33 vs 50 origin audit	Significant in both mappings	1	Mixed protein evidence	No informative external hit					Mixed/ambiguous	infected_diet33_vs50; infection_diet33	Control diet 33; Infected diet 50	7.845613688867207	0.003250074413490508
LOC126320385	NW_026062097.1	uncharacterized LOC126320385	protein_coding	Diet in infected	Infected 33 vs 50	Downregulated	Included in infected diet 33 vs 50 origin audit	Significant in both mappings	1	Other-metazoan protein support only	No informative external hit					Other metazoan support	infected_diet33_vs50; infection_diet33	Control diet 33; Infected diet 50	7.188460198737137	0.0032883702518449816
LOC126315252	NW_026061960.1	uncharacterized LOC126315252	protein_coding	Diet in infected	Infected 33 vs 50	Downregulated	Included in infected diet 33 vs 50 origin audit	Significant in both mappings	1	No informative external evidence	No informative external hit					No informative hit	infected_diet33_vs50; infection_diet33	Control diet 33; Infected diet 50	7.538233157923713	0.0033475361739867563
LOC126324054	NW_026062244.1	serine/threonine-protein kinase WNK4-like	protein_coding	Diet in infected	Infected 33 vs 50	Downregulated	Included in infected diet 33 vs 50 origin audit	Significant in both mappings	1	Non-metazoan-only protein hits without nucleotide corroboration	No informative external hit					Non-metazoan candidate	infected_diet33_vs50; infection_diet33	Control diet 33; Infected diet 50	6.959460258602563	0.0033475361739867563
LOC126325840	NW_026062299.1	uncharacterized LOC126325840	protein_coding	Infection + diet	Diet 33: infected vs control; Infected 33 vs 50	Downregulated	Included in infected diet 33 vs 50 origin audit	Significant in both mappings	1	Concordant non-metazoan nucleotide and protein hits	Non-metazoan only	Plants	Juglans microcarpa x Juglans regia;Juglans regia	69.01	20	Non-metazoan candidate	infected_diet33_vs50; infection_diet33	Control diet 33; Infected diet 50	7.054024537132883	0.0033809511486730223
LOC126311186	NW_026061838.1	dynamin-like protein A	protein_coding	Diet in infected	Infected 33 vs 50	Downregulated	Included in infected diet 33 vs 50 origin audit	Significant in both mappings	1	Non-metazoan-only protein hits without nucleotide corroboration	No informative external hit					Non-metazoan candidate	infected_diet33_vs50; infection_diet33	Control diet 33; Infected diet 50	7.282257864080731	0.003402345087765743
LOC126319930	NW_026062071.1	uncharacterized LOC126319930	protein_coding	Diet in infected	Infected 33 vs 50	Downregulated	Included in infected diet 33 vs 50 origin audit	Significant in both mappings	1	Non-metazoan-only protein hits without nucleotide corroboration	No informative external hit					Non-metazoan candidate	infected_diet33_vs50; infection_diet33	Control diet 33; Infected diet 50	7.5038493633710575	0.0034266525375993787
LOC126318224	NW_026062043.1	uncharacterized LOC126318224	protein_coding	Diet in infected	Infected 33 vs 50	Downregulated	Included in infected diet 33 vs 50 origin audit	Significant in both mappings	1	Non-metazoan-only protein hits without nucleotide corroboration	No informative external hit					Non-metazoan candidate	infected_diet33_vs50; infection_diet33	Control diet 33; Infected diet 50	7.619703104838836	0.003437002512370827
LOC126304767	NW_026061732.1	uncharacterized LOC126304767	lncRNA	Diet in infected	Infected 33 vs 50	Downregulated	Included in infected diet 33 vs 50 origin audit	Significant in both mappings	1	No informative external evidence	No informative external hit						infected_diet33_vs50; infection_diet33	Control diet 33; Infected diet 50	6.881246146635577	0.0037235960251360244
LOC126326206	NW_026062331.1	uncharacterized LOC126326206	protein_coding	Infection + diet	Diet 33: infected vs control; Infected 33 vs 50	Downregulated	Included in infected diet 33 vs 50 origin audit	Significant in both mappings	1	No informative external evidence	No informative external hit					No informative hit	infected_diet33_vs50; infection_diet33	Control diet 33; Infected diet 50	7.241076214848313	0.0037239649263661077
LOC126328228	NW_026062445.1	trimethyllysine dioxygenase, mitochondrial-like	protein_coding	Diet in infected	Infected 33 vs 50	Downregulated	Included in infected diet 33 vs 50 origin audit	Significant in both mappings	1	Mixed protein evidence	No informative external hit					Mixed/ambiguous;Non-metazoan candidate	infected_diet33_vs50; infection_diet33	Control diet 33; Infected diet 50	7.534012436851281	0.0037666916827370253
LOC126322607	NW_026062185.1	uncharacterized LOC126322607	protein_coding	Diet in infected	Infected 33 vs 50	Downregulated	Included in infected diet 33 vs 50 origin audit	Significant in both mappings	1	No informative external evidence	No informative external hit					No informative hit	infected_diet33_vs50; infection_diet33	Control diet 33; Infected diet 50	7.379503669653282	0.003808683217502558
LOC126320354	NW_026062094.1	uncharacterized LOC126320354	protein_coding	Diet in infected	Infected 33 vs 50	Downregulated	Included in infected diet 33 vs 50 origin audit	Significant in both mappings	1	Mixed protein evidence	No informative external hit					Mixed/ambiguous	infected_diet33_vs50; infection_diet33	Control diet 33; Infected diet 50	7.67107911844469	0.003879458888407492
LOC126317441	NW_026062018.1	leucine--tRNA ligase-like	protein_coding	Diet in infected	Infected 33 vs 50	Downregulated	Included in infected diet 33 vs 50 origin audit	Significant in both mappings	1	Non-metazoan-only protein hits without nucleotide corroboration	No informative external hit					Non-metazoan candidate	infected_diet33_vs50; infection_diet33	Control diet 33; Infected diet 50	7.08169353379925	0.0038928688365633185
LOC126319853	NW_026062071.1	uncharacterized LOC126319853	protein_coding	Diet in infected	Infected 33 vs 50	Downregulated	Included in infected diet 33 vs 50 origin audit	Significant in both mappings	1	Mixed protein evidence	No informative external hit					Mixed/ambiguous	infected_diet33_vs50; infection_diet33	Control diet 33; Infected diet 50	7.519057084716595	0.0038928688365633185
LOC126323927	NW_026062236.1	uncharacterized LOC126323927	protein_coding	Diet in infected	Infected 33 vs 50	Downregulated	Included in infected diet 33 vs 50 origin audit	Significant in both mappings	1	Non-metazoan-only protein hits without nucleotide corroboration	No informative external hit					Non-metazoan candidate	infected_diet33_vs50; infection_diet33	Control diet 33; Infected diet 50	7.513988381142337	0.0038928688365633185
LOC126319988	NW_026062071.1	charged multivesicular body protein 2a homolog 2-like	protein_coding	Diet in infected	Infected 33 vs 50	Downregulated	Included in infected diet 33 vs 50 origin audit	Significant in both mappings	1	Non-metazoan-only protein hits without nucleotide corroboration	No informative external hit					Non-metazoan candidate	infected_diet33_vs50; infected_diet83_vs33; infection_diet33	Control diet 33; Infected diet 50; Infected diet 83	7.264810406226152	0.003932590251277714
LOC126318273	NW_026062048.1	uncharacterized LOC126318273	protein_coding	Diet in infected	Infected 33 vs 50	Downregulated	Included in infected diet 33 vs 50 origin audit	Significant in both mappings	1	Non-metazoan-only protein hits without nucleotide corroboration	No informative external hit					Non-metazoan candidate	infected_diet33_vs50; infection_diet33	Control diet 33; Infected diet 50	6.9917646232917035	0.0040501184858543985
LOC126318275	NW_026062048.1	uncharacterized LOC126318275	protein_coding	Diet in infected	Infected 33 vs 50	Downregulated	Included in infected diet 33 vs 50 origin audit	Significant in both mappings	1	Non-metazoan-only protein hits without nucleotide corroboration	No informative external hit					Non-metazoan candidate	infected_diet33_vs50; infection_diet33	Control diet 33; Infected diet 50	7.6853942012395295	0.0040501184858543985
LOC126320477	NW_026062097.1	abnormal spindle-like microcephaly-associated protein homolog	protein_coding	Diet in infected	Infected 33 vs 50	Downregulated	Included in infected diet 33 vs 50 origin audit	Significant in both mappings	1	Other-metazoan protein support only	No informative external hit					Other metazoan support	infected_diet33_vs50; infection_diet33	Control diet 33; Infected diet 50	6.695675774741341	0.004108605793644792
LOC126332394	NW_026062747.1	uncharacterized LOC126332394	protein_coding	Diet in infected	Infected 33 vs 50	Downregulated	Included in infected diet 33 vs 50 origin audit	Significant in both mappings	1	Mixed protein evidence	No informative external hit					Mixed/ambiguous	infected_diet33_vs50; infection_diet33	Control diet 33; Infected diet 50	7.602576771633734	0.004108605793644792
LOC126326588	NW_026062344.1	probable arginine--tRNA ligase, cytoplasmic	protein_coding	Diet in infected	Infected 33 vs 50	Downregulated	Included in infected diet 33 vs 50 origin audit	Significant in both mappings	1	Concordant non-metazoan nucleotide and protein hits	Non-metazoan only	Fungi	Mycotypha africana	65.479	30	Non-metazoan candidate	infected_diet33_vs50; infection_diet33	Control diet 33; Infected diet 50	7.731583149344776	0.0041137940574869905
LOC126320753	NW_026062120.1	insulin-degrading enzyme-like	protein_coding	Diet in infected	Infected 33 vs 50	Downregulated	Included in infected diet 33 vs 50 origin audit	Significant in both mappings	1	Mixed protein evidence	No informative external hit					Mixed/ambiguous	infected_diet33_vs50; infection_diet33	Control diet 33; Infected diet 50	6.874413783476801	0.004534779492675667
LOC126329921	NW_026062549.1	ATPase ASNA1 homolog	protein_coding	Diet in infected	Infected 33 vs 50	Downregulated	Included in infected diet 33 vs 50 origin audit	Significant in both mappings	1	Mixed protein evidence	No informative external hit					Mixed/ambiguous	infected_diet33_vs50; infection_diet33	Control diet 33; Infected diet 50	7.462720418065567	0.004622361843810212
LOC126322528	NW_026062185.1	uncharacterized LOC126322528	protein_coding	Diet in infected	Infected 33 vs 50	Downregulated	Included in infected diet 33 vs 50 origin audit	Significant in both mappings	1	Non-metazoan-only protein hits without nucleotide corroboration	No informative external hit					Non-metazoan candidate	infected_diet33_vs50; infection_diet33	Control diet 33; Infected diet 50	7.367395817936663	0.004949047256370609
LOC126304666	NW_026061732.1	uncharacterized LOC126304666	protein_coding	Diet in infected	Infected 33 vs 50	Downregulated	Included in infected diet 33 vs 50 origin audit	Significant in both mappings	1	Conflicting nucleotide and protein evidence	Non-metazoan only	Other Eukaryota	Dictyostelium discoideum AX4	65.5	23	Mixed/ambiguous	infected_diet33_vs50; infection_diet33	Control diet 33; Infected diet 50	6.578408356592103	0.005063055350509649
LOC126323922	NW_026062236.1	60S ribosomal protein L7a-like	protein_coding	Infection + diet	Diet 33: infected vs control; Infected 33 vs 50	Downregulated	Included in infected diet 33 vs 50 origin audit	Significant in both mappings	1	Non-metazoan-only protein hits without nucleotide corroboration	No informative external hit					Non-metazoan candidate	infected_diet33_vs50; infection_diet33	Control diet 33; Infected diet 50	7.116942680150938	0.005156675981720053
LOC126329586	NW_026062521.1	uncharacterized LOC126329586	protein_coding	Diet in infected	Infected 33 vs 50	Downregulated	Included in infected diet 33 vs 50 origin audit	Significant in both mappings	1	Other-metazoan protein support only	No informative external hit					Other metazoan support	infected_diet33_vs50; infection_diet33	Control diet 33; Infected diet 50	7.300488564953637	0.005173630544863428
LOC126315403	NW_026061960.1	uncharacterized LOC126315403	protein_coding	Diet in infected	Infected 33 vs 50	Downregulated	Included in infected diet 33 vs 50 origin audit	Significant in both mappings	1	Non-metazoan-only protein hits without nucleotide corroboration	No informative external hit					Non-metazoan candidate	infected_diet33_vs50; infection_diet33	Control diet 33; Infected diet 50	7.403235942873956	0.005282930968569605
LOC126318197	NW_026062043.1	uncharacterized LOC126318197	protein_coding	Diet in infected	Infected 33 vs 50	Downregulated	Included in infected diet 33 vs 50 origin audit	Significant in both mappings	1	Non-metazoan-only protein hits without nucleotide corroboration	No informative external hit					Non-metazoan candidate	infected_diet33_vs50	Infected diet 50	6.7815577499029835	0.005282930968569605
LOC126316991	NW_026062003.1	uncharacterized LOC126316991	protein_coding	Diet in infected	Infected 33 vs 50	Downregulated	Included in infected diet 33 vs 50 origin audit	Significant in both mappings	1	Other-metazoan protein support only	No informative external hit					Other metazoan support	infected_diet33_vs50; infection_diet33	Control diet 33; Infected diet 50	6.517769188549718	0.005286933997529869
LOC126319923	NW_026062071.1	uncharacterized LOC126319923	protein_coding	Diet in infected	Infected 33 vs 50	Downregulated	Included in infected diet 33 vs 50 origin audit	Significant in both mappings	1	No informative external evidence	No informative external hit					No informative hit	infected_diet33_vs50; infection_diet33	Control diet 33; Infected diet 50	6.554223815125547	0.005286933997529869
LOC126304759	NW_026061732.1	eukaryotic peptide chain release factor subunit 1-like	protein_coding	Diet in infected	Infected 33 vs 50	Downregulated	Included in infected diet 33 vs 50 origin audit	Significant in both mappings	1	Mixed external nucleotide evidence	Mixed metazoan/non-metazoan	Other Metazoa;Plants	Lampetra fluviatilis;Lampetra planeri;Lethenteron reissneri;Petromyzon marinus;Volvox carteri f. nagariensis	73.711	31	Mixed/ambiguous	infected_diet33_vs50; infection_diet33	Control diet 33; Infected diet 50	6.93066035128039	0.005334925320141646
LOC126323273	NW_026062217.1	uncharacterized LOC126323273	protein_coding	Diet in infected	Infected 33 vs 50	Downregulated	Included in infected diet 33 vs 50 origin audit	Significant in both mappings	1	No informative external evidence	No informative external hit					No informative hit	infected_diet33_vs50; infection_diet33	Control diet 33; Infected diet 50	7.027192012345992	0.005334925320141646
LOC126315337	NW_026061960.1	probable lysosomal cobalamin transporter	protein_coding	Diet in infected	Infected 33 vs 50	Downregulated	Included in infected diet 33 vs 50 origin audit	Significant in both mappings	1	Non-metazoan-only protein hits without nucleotide corroboration	No informative external hit					Non-metazoan candidate	infected_diet33_vs50; infection_diet33	Control diet 33; Infected diet 50	7.334676245727601	0.005376550254635552
LOC126315308	NW_026061960.1	uncharacterized LOC126315308	protein_coding	Diet in infected	Infected 33 vs 50	Downregulated	Included in infected diet 33 vs 50 origin audit	Significant in both mappings	1	External nucleotide support from Orthoptera/Arthropoda	Other arthropod	Other Arthropoda;Other Metazoa	Colletes latitarsis;Schistosoma haematobium	77.962	93	Non-metazoan candidate	infected_diet33_vs50; infection_diet33	Control diet 33; Infected diet 50	6.429803159137568	0.005405997119489773
LOC126323739	NW_026062229.1	splicing factor U2AF 50 kDa subunit-like	protein_coding	Diet in infected	Infected 33 vs 50	Downregulated	Included in infected diet 33 vs 50 origin audit	Significant in both mappings	1	Mixed protein evidence	No informative external hit					Mixed/ambiguous	infected_diet33_vs50; infection_diet33	Control diet 33; Infected diet 50	7.1850400595144635	0.005405997119489773
LOC126328070	NW_026062425.1	uncharacterized LOC126328070	protein_coding	Diet in infected	Infected 33 vs 50	Downregulated	Included in infected diet 33 vs 50 origin audit	Significant in both mappings	1	Mixed protein evidence	No informative external hit					Mixed/ambiguous	infected_diet33_vs50; infection_diet33	Control diet 33; Infected diet 50	6.769254012961997	0.005405997119489773
LOC126326599	NW_026062344.1	uncharacterized LOC126326599	protein_coding	Diet in infected	Infected 33 vs 50	Downregulated	Included in infected diet 33 vs 50 origin audit	Significant in both mappings	1	Non-metazoan-only protein hits without nucleotide corroboration	No informative external hit					Non-metazoan candidate	infected_diet33_vs50; infection_diet33	Control diet 33; Infected diet 50	6.94440255703916	0.005546538490550895
LOC126319933	NW_026062071.1	uncharacterized LOC126319933	protein_coding	Diet in infected	Infected 33 vs 50	Downregulated	Included in infected diet 33 vs 50 origin audit	Significant in both mappings	1	Mixed protein evidence	No informative external hit					Mixed/ambiguous	infected_diet33_vs50; infection_diet33	Control diet 33; Infected diet 50	6.975780590354449	0.005563500479217134
LOC126332782	NW_026062803.1	peroxisomal targeting signal 2 receptor-like	protein_coding	Diet in infected	Infected 33 vs 50	Downregulated	Included in infected diet 33 vs 50 origin audit	Significant in both mappings	1	Non-metazoan-only protein hits without nucleotide corroboration	No informative external hit					Non-metazoan candidate	infected_diet33_vs50; infection_diet33	Control diet 33; Infected diet 50	6.928041599434457	0.005563500479217134
LOC126317014	NW_026062003.1	ras guanine nucleotide exchange factor K-like	protein_coding	Diet in infected	Infected 33 vs 50	Downregulated	Included in infected diet 33 vs 50 origin audit	Significant in both mappings	1	Non-metazoan-only protein hits without nucleotide corroboration	No informative external hit					Non-metazoan candidate	infected_diet33_vs50; infection_diet33	Control diet 33; Infected diet 50	6.633789613215538	0.005644510779848743
LOC126318698	NW_026062059.1	uncharacterized LOC126318698	lncRNA	Diet in infected	Infected 33 vs 50	Downregulated	Included in infected diet 33 vs 50 origin audit	Significant in both mappings	1	No informative external evidence	No informative external hit						infected_diet33_vs50; infection_diet33	Control diet 33; Infected diet 50	7.1526730463550985	0.005684927246837613
LOC126319985	NW_026062071.1	uncharacterized LOC126319985	lncRNA	Diet in infected	Infected 33 vs 50	Downregulated	Included in infected diet 33 vs 50 origin audit	Significant in both mappings	1	No informative external evidence	No informative external hit						infected_diet33_vs50; infection_diet33	Control diet 33; Infected diet 50	7.197767364970856	0.005684927246837613
LOC126325544	NW_026062282.1	uncharacterized LOC126325544	lncRNA	Diet in infected	Infected 33 vs 50	Downregulated	Included in infected diet 33 vs 50 origin audit	Significant in both mappings	1	External nucleotide support from Orthoptera/Arthropoda	Other arthropod	Other Arthropoda;Other Metazoa	Caligus clemensi;Ciona intestinalis;Corythoichthys intestinalis;Eriocheir sinensis;Syngnathoides biaculeatus	71.713	31		infected_diet33_vs50; infection_average_all_diets; infection_diet33	Average control; Control diet 33; Infected diet 50	7.830132445937636	0.005684927246837613
LOC126331440	NW_026062676.1	ELMO domain-containing protein A-like	protein_coding	Diet in infected	Infected 33 vs 50	Downregulated	Included in infected diet 33 vs 50 origin audit	Significant in both mappings	1	Non-metazoan-only protein hits without nucleotide corroboration	No informative external hit					Non-metazoan candidate	infected_diet33_vs50; infection_diet33	Control diet 33; Infected diet 50	6.641672738660429	0.005684927246837613
LOC126317117	NW_026062009.1	putative rho GDP-dissociation inhibitor 1	protein_coding	Diet in infected	Infected 33 vs 50	Downregulated	Included in infected diet 33 vs 50 origin audit	Significant in both mappings	1	Non-metazoan-only protein hits without nucleotide corroboration	No informative external hit					Non-metazoan candidate	infected_diet33_vs50	Infected diet 50	7.203160381003367	0.00568558723773946
LOC126314441	NW_026061953.1	ras guanine nucleotide exchange factor A-like	protein_coding	Diet in infected	Infected 33 vs 50	Downregulated	Included in infected diet 33 vs 50 origin audit	Significant in both mappings	1	Non-metazoan-only protein hits without nucleotide corroboration	No informative external hit					Non-metazoan candidate	infected_diet33_vs50; infection_diet33	Control diet 33; Infected diet 50	7.484098460348637	0.005702067647262423
LOC126315341	NW_026061960.1	uncharacterized LOC126315341	protein_coding	Infection + diet	Diet 33: infected vs control; Infected 33 vs 50	Downregulated	Included in infected diet 33 vs 50 origin audit	Significant in both mappings	1	Concordant non-metazoan nucleotide and protein hits	Non-metazoan only	Plants	Curcuma longa;Zingiber officinale	71.479	41	Non-metazoan candidate	infected_diet33_vs50; infection_diet33	Control diet 33; Infected diet 50	6.778847554213289	0.005702067647262423
LOC126315376	NW_026061960.1	RING-box protein 1-like	protein_coding	Diet in infected	Infected 33 vs 50	Downregulated	Included in infected diet 33 vs 50 origin audit	Significant in both mappings	1	Mixed protein evidence	No informative external hit					Mixed/ambiguous	infected_diet33_vs50; infection_diet33	Control diet 33; Infected diet 50	6.513326127237957	0.005702067647262423
LOC126316667	NW_026061985.1	uncharacterized LOC126316667	protein_coding	Diet in infected	Infected 33 vs 50	Downregulated	Included in infected diet 33 vs 50 origin audit	Significant in both mappings	1	Mixed protein evidence	No informative external hit					Mixed/ambiguous	infected_diet33_vs50; infection_diet33	Control diet 33; Infected diet 50	7.162132266300458	0.005702067647262423
LOC126316701	NW_026061988.1	dynamin-A-like	protein_coding	Diet in infected	Infected 33 vs 50	Downregulated	Included in infected diet 33 vs 50 origin audit	Significant in both mappings	1	Non-metazoan-only protein hits without nucleotide corroboration	No informative external hit					Non-metazoan candidate	infected_diet33_vs50; infection_diet33	Control diet 33; Infected diet 50	7.1764456655637945	0.005702067647262423
LOC126316947	NW_026062003.1	elongator complex protein 4-like	protein_coding	Diet in infected	Infected 33 vs 50	Downregulated	Included in infected diet 33 vs 50 origin audit	Significant in both mappings	1	Mixed protein evidence	No informative external hit					Non-metazoan candidate;Other metazoan support	infected_diet33_vs50; infection_diet33	Control diet 33; Infected diet 50	7.229217506139861	0.005702067647262423
LOC126316966	NW_026062003.1	uncharacterized LOC126316966	protein_coding	Diet in infected	Infected 33 vs 50	Downregulated	Included in infected diet 33 vs 50 origin audit	Significant in both mappings	1	Non-metazoan-only protein hits without nucleotide corroboration	No informative external hit					Non-metazoan candidate	infected_diet33_vs50; infection_diet33	Control diet 33; Infected diet 50	6.54890629226327	0.005702067647262423
LOC126317467	NW_026062018.1	small nuclear ribonucleoprotein-associated protein B-like	protein_coding	Diet in infected	Infected 33 vs 50	Downregulated	Included in infected diet 33 vs 50 origin audit	Significant in both mappings	1	Non-metazoan-only protein hits without nucleotide corroboration	No informative external hit					Non-metazoan candidate	infected_diet33_vs50; infection_diet33	Control diet 33; Infected diet 50	6.770160415249353	0.005702067647262423
LOC126317490	NW_026062018.1	uncharacterized LOC126317490	protein_coding	Diet in infected	Infected 33 vs 50	Downregulated	Included in infected diet 33 vs 50 origin audit	Significant in both mappings	1	No informative external evidence	No informative external hit					No informative hit	infected_diet33_vs50; infection_diet33	Control diet 33; Infected diet 50	6.918823604183323	0.005702067647262423
LOC126318300	NW_026062048.1	uncharacterized LOC126318300	protein_coding	Diet in infected	Infected 33 vs 50	Downregulated	Included in infected diet 33 vs 50 origin audit	Significant in both mappings	1	Arthropod/orthopteran protein support only	No informative external hit					Broader arthropod support	infected_diet33_vs50; infection_diet33	Control diet 33; Infected diet 50	7.439689464541574	0.005702067647262423
LOC126318597	NW_026062056.1	uncharacterized LOC126318597	protein_coding	Diet in infected	Infected 33 vs 50	Downregulated	Included in infected diet 33 vs 50 origin audit	Significant in both mappings	1	Non-metazoan-only protein hits without nucleotide corroboration	No informative external hit					Non-metazoan candidate	infected_diet33_vs50; infection_diet33	Control diet 33; Infected diet 50	7.106493980846205	0.005702067647262423
LOC126318641	NW_026062056.1	uncharacterized LOC126318641	protein_coding	Diet in infected	Infected 33 vs 50	Downregulated	Included in infected diet 33 vs 50 origin audit	Significant in both mappings	1	Non-metazoan-only protein hits without nucleotide corroboration	No informative external hit					Non-metazoan candidate	infected_diet33_vs50; infection_diet33	Control diet 33; Infected diet 50	6.910874411209677	0.005702067647262423
LOC126319906	NW_026062071.1	dolichyl-diphosphooligosaccharide--protein glycosyltransferase subunit STT3A-like	protein_coding	Diet in infected	Infected 33 vs 50	Downregulated	Included in infected diet 33 vs 50 origin audit	Significant in both mappings	1	Mixed protein evidence	No informative external hit					Mixed/ambiguous	infected_diet33_vs50; infection_diet33	Control diet 33; Infected diet 50	7.1663913319453245	0.005702067647262423
LOC126319996	NW_026062071.1	U4/U6.U5 tri-snRNP-associated protein 1-like	protein_coding	Diet in infected	Infected 33 vs 50	Downregulated	Included in infected diet 33 vs 50 origin audit	Significant in both mappings	1	Arthropod/orthopteran protein support only	No informative external hit					Broader arthropod support	infected_diet33_vs50; infection_diet33	Control diet 33; Infected diet 50	6.562747084197377	0.005702067647262423
LOC126320431	NW_026062097.1	signal recognition particle subunit SRP68-like	protein_coding	Diet in infected	Infected 33 vs 50	Downregulated	Included in infected diet 33 vs 50 origin audit	Significant in both mappings	1	Mixed protein evidence	No informative external hit					Mixed/ambiguous;Non-metazoan candidate	infected_diet33_vs50; infection_diet33	Control diet 33; Infected diet 50	7.226097293378921	0.005702067647262423
LOC126320571	NW_026062105.1	uncharacterized LOC126320571	protein_coding	Diet in infected	Infected 33 vs 50	Downregulated	Included in infected diet 33 vs 50 origin audit	Significant in both mappings	1	Non-metazoan-only protein hits without nucleotide corroboration	No informative external hit					Non-metazoan candidate	infected_diet33_vs50; infection_diet33	Control diet 33; Infected diet 50	7.062814373515908	0.005702067647262423
LOC126322392	NW_026062176.1	nuclear pore glycoprotein p62-like	protein_coding	Diet in infected	Infected 33 vs 50	Downregulated	Included in infected diet 33 vs 50 origin audit	Significant in both mappings	1	Non-metazoan-only protein hits without nucleotide corroboration	No informative external hit					Non-metazoan candidate	infected_diet33_vs50; infection_diet33	Control diet 33; Infected diet 50	7.201799706465359	0.005702067647262423
LOC126322405	NW_026062176.1	uncharacterized LOC126322405	protein_coding	Diet in infected	Infected 33 vs 50	Downregulated	Included in infected diet 33 vs 50 origin audit	Significant in both mappings	1	Mixed external nucleotide evidence	Mixed metazoan/non-metazoan	Bacteria;Fungi;Other Arthropoda;Other Metazoa;Plants	Bartonella sp. JB15;Bartonella sp. JB63;Bombus terrestris;Cyphomyrmex costatus;Emydura macquarii macquarii;Oryza brachyantha;Ostrea edulis;Pneumocystis carinii B80;Rousettus aegyptiacus;Schizosaccharomyces octosporus yFS286	71.238	37	Non-metazoan candidate	infected_diet33_vs50; infection_diet33	Control diet 33; Infected diet 50	6.783826962871383	0.005702067647262423
LOC126322570	NW_026062185.1	uncharacterized LOC126322570	protein_coding	Diet in infected	Infected 33 vs 50	Downregulated	Included in infected diet 33 vs 50 origin audit	Significant in both mappings	1	Non-metazoan-only protein hits without nucleotide corroboration	No informative external hit					Non-metazoan candidate	infected_diet33_vs50; infection_diet33	Control diet 33; Infected diet 50	7.044068058747845	0.005702067647262423
LOC126322583	NW_026062185.1	uncharacterized LOC126322583	lncRNA	Diet in infected	Infected 33 vs 50	Downregulated	Included in infected diet 33 vs 50 origin audit	Significant in both mappings	1	No informative external evidence	No informative external hit						infected_diet33_vs50; infection_diet33	Control diet 33; Infected diet 50	6.842944211394006	0.005702067647262423
LOC126323902	NW_026062236.1	uncharacterized LOC126323902	protein_coding	Diet in infected	Infected 33 vs 50	Downregulated	Included in infected diet 33 vs 50 origin audit	Significant in both mappings	1	No informative external evidence	No informative external hit					No informative hit	infected_diet33_vs50; infection_diet33	Control diet 33; Infected diet 50	7.315785543516616	0.005702067647262423
LOC126325915	NW_026062302.1	anaphase-promoting complex subunit cdc20-like	protein_coding	Diet in infected	Infected 33 vs 50	Downregulated	Included in infected diet 33 vs 50 origin audit	Significant in both mappings	1	External nucleotide support from Orthoptera/Arthropoda	Other arthropod	Other Arthropoda	Linepithema humile;Monomorium pharaonis;Prenolepis imparis	67.611	26	Mixed/ambiguous	infected_diet33_vs50; infection_diet33	Control diet 33; Infected diet 50	6.797988213047563	0.005702067647262423
LOC126326045	NW_026062315.1	protein SEY1 homolog	protein_coding	Diet in infected	Infected 33 vs 50	Downregulated	Included in infected diet 33 vs 50 origin audit	Significant in both mappings	1	Non-metazoan-only protein hits without nucleotide corroboration	No informative external hit					Non-metazoan candidate	infected_diet33_vs50; infection_diet33	Control diet 33; Infected diet 50	6.794006205877008	0.005702067647262423
LOC126329076	NW_026062491.1	integrator complex subunit 11-like	protein_coding	Diet in infected	Infected 33 vs 50	Downregulated	Included in infected diet 33 vs 50 origin audit	Significant in both mappings	1	External nucleotide support from other Metazoa	Other metazoan	Other Metazoa	Balaenoptera borealis;Balaenoptera physalus;Balaenoptera ricei;Gorilla gorilla gorilla;Homo sapiens;Hyperoodon ampullatus;Mesoplodon bidens;Mesoplodon densirostris;Mesoplodon mirus;Myotis myotis;Nomascus leucogenys;Pan paniscus;Pan troglodytes;Plecotus auritus;Sorex araneus;Suncus etruscus;Symphalangus syndactylus	71.688	29	Mixed/ambiguous	infected_diet33_vs50; infection_diet33	Control diet 33; Infected diet 50	7.101819641931567	0.005702067647262423
LOC126329985	NW_026062553.1	phosphatidylinositol-3-phosphatase SAC1-like	protein_coding	Diet in infected	Infected 33 vs 50	Downregulated	Included in infected diet 33 vs 50 origin audit	Significant in both mappings	1	Non-metazoan-only protein hits without nucleotide corroboration	No informative external hit					Non-metazoan candidate	infected_diet33_vs50	Infected diet 50	6.928428352207383	0.005702067647262423
LOC126330799	NW_026062667.1	uncharacterized LOC126330799	protein_coding	Diet in infected	Infected 33 vs 50	Downregulated	Included in infected diet 33 vs 50 origin audit	Significant in both mappings	1	Non-metazoan-only protein hits without nucleotide corroboration	No informative external hit					Non-metazoan candidate	infected_diet33_vs50; infection_diet33	Control diet 33; Infected diet 50	7.140515379735672	0.005709270964543307
LOC126315447	NW_026061960.1	uncharacterized LOC126315447	protein_coding	Diet in infected	Infected 33 vs 50	Downregulated	Included in infected diet 33 vs 50 origin audit	Significant in both mappings	1	No informative external evidence	No informative external hit					No informative hit	infected_diet33_vs50; infection_diet33	Control diet 33; Infected diet 50	6.5125463710660645	0.0057162439120335435
LOC126322548	NW_026062185.1	serine/threonine-protein kinase pakC-like	protein_coding	Diet in infected	Infected 33 vs 50	Downregulated	Included in infected diet 33 vs 50 origin audit	Significant in both mappings	1	Non-metazoan-only protein hits without nucleotide corroboration	No informative external hit					Non-metazoan candidate	infected_diet33_vs50	Infected diet 50	7.111903300834386	0.0057162439120335435
LOC126316961	NW_026062003.1	uncharacterized LOC126316961	protein_coding	Diet in infected	Infected 33 vs 50	Downregulated	Included in infected diet 33 vs 50 origin audit	Significant in both mappings	1	No informative external evidence	No informative external hit					No informative hit	infected_diet33_vs50	Infected diet 50	6.672777286233233	0.005743111818602571
LOC126318308	NW_026062048.1	malate synthase-like	protein_coding	Infection + diet	Diet 33: infected vs control; Infected 33 vs 50	Downregulated	Included in infected diet 33 vs 50 origin audit	Significant in both mappings	1	Non-metazoan-only protein hits without nucleotide corroboration	No informative external hit					Non-metazoan candidate	infected_diet33_vs50; infection_diet33	Control diet 33; Infected diet 50	6.3450897619546005	0.005743111818602571
LOC126315275	NW_026061960.1	N-formylmaleamate deformylase-like	protein_coding	Diet in infected	Infected 33 vs 50	Downregulated	Included in infected diet 33 vs 50 origin audit	Significant in both mappings	1	Non-metazoan-only protein hits without nucleotide corroboration	No informative external hit					Non-metazoan candidate	infected_diet33_vs50; infection_diet33	Control diet 33; Infected diet 50	7.01749240029674	0.00576201780215744
LOC126316761	NW_026061988.1	trimethyllysine dioxygenase, mitochondrial-like	protein_coding	Diet in infected	Infected 33 vs 50	Downregulated	Included in infected diet 33 vs 50 origin audit	Significant in both mappings	1	Arthropod/orthopteran protein support only	No informative external hit					Broader arthropod support	infected_diet33_vs50; infection_diet33	Control diet 33; Infected diet 50	6.562068315592169	0.00576201780215744
LOC126316776	NW_026061988.1	uncharacterized LOC126316776	protein_coding	Diet in infected	Infected 33 vs 50	Downregulated	Included in infected diet 33 vs 50 origin audit	Significant in both mappings	1	Non-metazoan-only protein hits without nucleotide corroboration	No informative external hit					Non-metazoan candidate	infected_diet33_vs50	Infected diet 50	6.58035047549367	0.00576201780215744
LOC126317447	NW_026062018.1	nascent polypeptide-associated complex subunit alpha, muscle-specific form-like	protein_coding	Diet in infected	Infected 33 vs 50	Downregulated	Included in infected diet 33 vs 50 origin audit	Significant in both mappings	1.000184331797235	No informative external evidence	No informative external hit					No informative hit	infected_diet33_vs50; infection_diet33	Control diet 33; Infected diet 50	6.811725585190059	0.00576201780215744
LOC126318435	NW_026062051.1	mitochondrial inner membrane protein OXA1L-like	protein_coding	Diet in infected	Infected 33 vs 50	Downregulated	Included in infected diet 33 vs 50 origin audit	Significant in both mappings	1	Non-metazoan-only protein hits without nucleotide corroboration	No informative external hit					Non-metazoan candidate	infected_diet33_vs50; infection_diet33	Control diet 33; Infected diet 50	6.528793468588695	0.00576201780215744
LOC126320404	NW_026062097.1	uncharacterized LOC126320404	protein_coding	Diet in infected	Infected 33 vs 50	Downregulated	Included in infected diet 33 vs 50 origin audit	Significant in both mappings	1	Mixed protein evidence	No informative external hit					Mixed/ambiguous	infected_diet33_vs50; infection_diet33	Control diet 33; Infected diet 50	6.863660275536535	0.00576201780215744
LOC126315324	NW_026061960.1	uncharacterized LOC126315324	protein_coding	Diet in infected	Infected 33 vs 50	Downregulated	Included in infected diet 33 vs 50 origin audit	Significant in both mappings	1	Non-metazoan-only protein hits without nucleotide corroboration	No informative external hit					Non-metazoan candidate	infected_diet33_vs50	Infected diet 50	6.767764447439454	0.005836431087328383
LOC126325479	NW_026062282.1	uncharacterized LOC126325479	protein_coding	Diet in infected	Infected 33 vs 50	Downregulated	Included in infected diet 33 vs 50 origin audit	Significant in both mappings	1	Non-metazoan-only protein hits without nucleotide corroboration	No informative external hit					Non-metazoan candidate	infected_diet33_vs50; infection_diet33	Control diet 33; Infected diet 50	7.2419768277252885	0.005836431087328383
LOC126325519	NW_026062282.1	protein pelota homolog	protein_coding	Diet in infected	Infected 33 vs 50	Downregulated	Included in infected diet 33 vs 50 origin audit	Significant in both mappings	1	Mixed protein evidence	No informative external hit					Mixed/ambiguous	infected_diet33_vs50	Infected diet 50	7.005528443433724	0.005836431087328383
LOC126315224	NW_026061960.1	dual specificity protein kinase shkC-like	protein_coding	Infection + diet	Diet 33: infected vs control; Infected 33 vs 50	Downregulated	Included in infected diet 33 vs 50 origin audit	Significant in both mappings	1	Non-metazoan-only protein hits without nucleotide corroboration	No informative external hit					Non-metazoan candidate	infected_diet33_vs50; infection_diet33	Control diet 33; Infected diet 50	6.28619506192792	0.005849232414391217
LOC126324748	NW_026062253.1	dolichyldiphosphatase 1-like	protein_coding	Diet in infected	Infected 33 vs 50	Downregulated	Included in infected diet 33 vs 50 origin audit	Significant in both mappings	1	Non-metazoan-only protein hits without nucleotide corroboration	No informative external hit					Non-metazoan candidate	infected_diet33_vs50; infection_diet33	Control diet 33; Infected diet 50	7.14954243762126	0.005849232414391217
LOC126318362	NW_026062048.1	vegetative catalase-like	protein_coding	Infection + diet	Diet 33: infected vs control; Infected 33 vs 50	Downregulated	Included in infected diet 33 vs 50 origin audit	Significant in both mappings	0.9997022036926744	Concordant non-metazoan nucleotide and protein hits	Non-metazoan only	Other Eukaryota	Naegleria gruberi	66.422	25	Non-metazoan candidate	infected_diet33_vs50; infection_diet33	Control diet 33; Infected diet 50	6.721641098605515	0.005881234160520716
LOC126324549	NW_026062249.1	uncharacterized LOC126324549	protein_coding	Diet in infected	Infected 33 vs 50	Downregulated	Included in infected diet 33 vs 50 origin audit	Significant in both mappings	1	Non-metazoan-only protein hits without nucleotide corroboration	No informative external hit					Non-metazoan candidate	infected_diet33_vs50; infection_diet33	Control diet 33; Infected diet 50	6.648894554395449	0.005890944909018311
LOC126332400	NW_026062747.1	nuclear pore complex protein Nup107-like	protein_coding	Diet in infected	Infected 33 vs 50	Downregulated	Included in infected diet 33 vs 50 origin audit	Significant in both mappings	1	Other-metazoan protein support only	No informative external hit					Other metazoan support	infected_diet33_vs50; infection_diet33	Control diet 33; Infected diet 50	6.608842844303558	0.005912982959492889
LOC126315316	NW_026061960.1	isocitrate dehydrogenase [NAD] regulatory subunit B, mitochondrial-like	protein_coding	Diet in infected	Infected 33 vs 50	Downregulated	Included in infected diet 33 vs 50 origin audit	Significant in both mappings	1	Non-metazoan-only protein hits without nucleotide corroboration	No informative external hit					Non-metazoan candidate	infected_diet33_vs50; infection_diet33	Control diet 33; Infected diet 50	7.993908691903068	0.005913750993276716
LOC126316951	NW_026062003.1	conserved oligomeric Golgi complex subunit 4-like	protein_coding	Diet in infected	Infected 33 vs 50	Downregulated	Included in infected diet 33 vs 50 origin audit	Significant in both mappings	1	Mixed protein evidence	No informative external hit					Mixed/ambiguous	infected_diet33_vs50	Infected diet 50	6.767319880306246	0.005913750993276716
LOC126323906	NW_026062236.1	uncharacterized LOC126323906	protein_coding	Diet in infected	Infected 33 vs 50	Downregulated	Included in infected diet 33 vs 50 origin audit	Significant in both mappings	1	Non-metazoan-only protein hits without nucleotide corroboration	No informative external hit					Non-metazoan candidate	infected_diet33_vs50; infection_diet33	Control diet 33; Infected diet 50	6.62928719878166	0.005913750993276716
LOC126325504	NW_026062282.1	trans-1,2-dihydrobenzene-1,2-diol dehydrogenase-like	protein_coding	Diet in infected	Infected 33 vs 50	Downregulated	Included in infected diet 33 vs 50 origin audit	Significant in both mappings	1	Arthropod/orthopteran protein support only	No informative external hit					Broader arthropod support	infected_diet33_vs50	Infected diet 50	6.909377501501757	0.005978169485145227
LOC126313367	NW_026061886.1	uncharacterized LOC126313367	protein_coding	Diet in infected	Infected 33 vs 50	Downregulated	Included in infected diet 33 vs 50 origin audit	Significant in both mappings	1	Mixed protein evidence	No informative external hit					Mixed/ambiguous	infected_diet33_vs50; infection_diet33	Control diet 33; Infected diet 50	6.727395604843324	0.005992655023212554
LOC126322537	NW_026062185.1	CYFIP-related Rac1 interactor homolog	protein_coding	Diet in infected	Infected 33 vs 50	Downregulated	Included in infected diet 33 vs 50 origin audit	Significant in both mappings	1	Non-metazoan-only protein hits without nucleotide corroboration	No informative external hit					Non-metazoan candidate	infected_diet33_vs50	Infected diet 50	6.773595487629045	0.006035073605340654
LOC126322544	NW_026062185.1	leucine-rich repeat protein lrrA-like	protein_coding	Diet in infected	Infected 33 vs 50	Downregulated	Included in infected diet 33 vs 50 origin audit	Significant in both mappings	1	No informative external evidence	No informative external hit					No informative hit	infected_diet33_vs50; infection_diet33	Control diet 33; Infected diet 50	7.094222726949447	0.006035073605340654
LOC126325813	NW_026062299.1	ribonuclease H2 subunit B-like	protein_coding	Diet in infected	Infected 33 vs 50	Downregulated	Included in infected diet 33 vs 50 origin audit	Significant in both mappings	1	Non-metazoan-only protein hits without nucleotide corroboration	No informative external hit					Non-metazoan candidate	infected_diet33_vs50	Infected diet 50	6.762125907900399	0.006035073605340654
LOC126319977	NW_026062071.1	dnaJ homolog subfamily A member 4-like	protein_coding	Diet in infected	Infected 33 vs 50	Downregulated	Included in infected diet 33 vs 50 origin audit	Significant in both mappings	1	Mixed protein evidence	No informative external hit					Mixed/ambiguous	infected_diet33_vs50; infection_diet33	Control diet 33; Infected diet 50	6.665626018318883	0.006082514740202305
LOC126316712	NW_026061988.1	uncharacterized LOC126316712	protein_coding	Diet in infected	Infected 33 vs 50	Downregulated	Included in infected diet 33 vs 50 origin audit	Significant in both mappings	1.0012048192771084	Mixed protein evidence	No informative external hit					Mixed/ambiguous	infected_diet33_vs50; infection_diet33	Control diet 33; Infected diet 50	6.9213429451099815	0.006158682601318252
LOC126316983	NW_026062003.1	uncharacterized LOC126316983	protein_coding	Diet in infected	Infected 33 vs 50	Downregulated	Included in infected diet 33 vs 50 origin audit	Significant in both mappings	1	Mixed protein evidence	No informative external hit					Mixed/ambiguous	infected_diet33_vs50; infection_diet33	Control diet 33; Infected diet 50	7.084558996569868	0.006158682601318252
LOC126330801	NW_026062667.1	serine/threonine-protein phosphatase 2A catalytic subunit beta isoform-like	protein_coding	Diet in infected	Infected 33 vs 50	Downregulated	Included in infected diet 33 vs 50 origin audit	Significant in both mappings	1	Mixed protein evidence	No informative external hit					Mixed/ambiguous	infected_diet33_vs50; infection_diet33	Control diet 33; Infected diet 50	6.951470463727987	0.006158682601318252
LOC126316443	NW_026061974.1	uncharacterized LOC126316443	protein_coding	Diet in infected	Infected 33 vs 50	Downregulated	Included in infected diet 33 vs 50 origin audit	Significant in both mappings	1	Non-metazoan-only protein hits without nucleotide corroboration	No informative external hit					Non-metazoan candidate	infected_diet33_vs50	Infected diet 50	6.381722767395017	0.006239818705547773
LOC126316455	NW_026061974.1	uncharacterized LOC126316455	protein_coding	Diet in infected	Infected 33 vs 50	Downregulated	Included in infected diet 33 vs 50 origin audit	Significant in both mappings	1	Non-metazoan-only protein hits without nucleotide corroboration	No informative external hit					Non-metazoan candidate	infected_diet33_vs50	Infected diet 50	6.715222201498867	0.006239818705547773
LOC126326553	NW_026062344.1	GTP-binding protein Rheb homolog	protein_coding	Diet in infected	Infected 33 vs 50	Downregulated	Included in infected diet 33 vs 50 origin audit	Significant in both mappings	1	Non-metazoan-only protein hits without nucleotide corroboration	No informative external hit					Non-metazoan candidate	infected_diet33_vs50; infection_diet33	Control diet 33; Infected diet 50	7.404442842496218	0.006293049494934835
LOC126327194	NW_026062374.1	ATP-dependent RNA helicase dhx8-like	protein_coding	Diet in infected	Infected 33 vs 50	Downregulated	Included in infected diet 33 vs 50 origin audit	Significant in both mappings	1	Concordant non-metazoan nucleotide and protein hits	Non-metazoan only	Other Eukaryota	Acanthamoeba castellanii str. Neff	75.585	60	Non-metazoan candidate	infected_diet33_vs50; infection_diet33	Control diet 33; Infected diet 50	6.491536606617901	0.00637896418341745
LOC126316764	NW_026061988.1	probable serine incorporator	protein_coding	Diet in infected	Infected 33 vs 50	Downregulated	Included in infected diet 33 vs 50 origin audit	Significant in both mappings	1	No informative external evidence	No informative external hit					No informative hit	infected_diet33_vs50; infection_diet33	Control diet 33; Infected diet 50	6.258642725671816	0.006394887229819763
LOC126304732	NW_026061732.1	phosphatidate phosphatase LPIN3-like	protein_coding	Diet in infected	Infected 33 vs 50	Downregulated	Included in infected diet 33 vs 50 origin audit	Significant in both mappings	1	Non-metazoan-only protein hits without nucleotide corroboration	No informative external hit					Non-metazoan candidate	infected_diet33_vs50	Infected diet 50	6.3372389588802225	0.006445144560101722
LOC126314426	NW_026061953.1	uncharacterized LOC126314426	protein_coding	Diet in infected	Infected 33 vs 50	Downregulated	Included in infected diet 33 vs 50 origin audit	Significant in both mappings	1	No informative external evidence	No informative external hit					No informative hit	infected_diet33_vs50; infection_diet33	Control diet 33; Infected diet 50	6.828185084136397	0.006445144560101722
LOC126315298	NW_026061960.1	uncharacterized LOC126315298	protein_coding	Diet in infected	Infected 33 vs 50	Downregulated	Included in infected diet 33 vs 50 origin audit	Significant in both mappings	1	Non-metazoan-only protein hits without nucleotide corroboration	No informative external hit					Non-metazoan candidate	infected_diet33_vs50; infection_diet33	Control diet 33; Infected diet 50	7.0640961338039	0.006445144560101722
LOC126317468	NW_026062018.1	uncharacterized LOC126317468	lncRNA	Diet in infected	Infected 33 vs 50	Downregulated	Included in infected diet 33 vs 50 origin audit	Significant in both mappings	1	No informative external evidence	No informative external hit						infected_diet33_vs50	Infected diet 50	6.291492545697643	0.006445144560101722
LOC126319863	NW_026062071.1	trafficking protein particle complex subunit 11-like	protein_coding	Diet in infected	Infected 33 vs 50	Downregulated	Included in infected diet 33 vs 50 origin audit	Significant in both mappings	1	Non-metazoan-only protein hits without nucleotide corroboration	No informative external hit					Non-metazoan candidate	infected_diet33_vs50; infection_diet33	Control diet 33; Infected diet 50	6.055419877756149	0.006445144560101722
LOC126319912	NW_026062071.1	phospholipid-transporting ATPase ABCA3-like	protein_coding	Infection + diet	Diet 33: infected vs control; Infected 33 vs 50	Downregulated	Included in infected diet 33 vs 50 origin audit	Significant in both mappings	1	Non-metazoan-only protein hits without nucleotide corroboration	No informative external hit					Non-metazoan candidate	infected_diet33_vs50; infection_diet33	Control diet 33; Infected diet 50	6.558902024902679	0.006445144560101722
LOC126322427	NW_026062176.1	uncharacterized LOC126322427	protein_coding	Infection + diet	Diet 33: infected vs control; Infected 33 vs 50	Downregulated	Included in infected diet 33 vs 50 origin audit	Significant in both mappings	1	Non-metazoan-only protein hits without nucleotide corroboration	No informative external hit					Non-metazoan candidate	infected_diet33_vs50; infection_diet33	Control diet 33; Infected diet 50	6.6109519000401935	0.006445144560101722
LOC126322532	NW_026062185.1	multidrug resistance-associated protein 1-like	protein_coding	Diet in infected	Infected 33 vs 50	Downregulated	Included in infected diet 33 vs 50 origin audit	Significant in both mappings	1	Non-metazoan-only protein hits without nucleotide corroboration	No informative external hit					Non-metazoan candidate	infected_diet33_vs50; infection_diet33	Control diet 33; Infected diet 50	6.762564743502242	0.006445144560101722
LOC126324052	NW_026062244.1	uncharacterized LOC126324052	protein_coding	Diet in infected	Infected 33 vs 50	Downregulated	Included in infected diet 33 vs 50 origin audit	Significant in both mappings	1	No informative external evidence	No informative external hit					No informative hit	infected_diet33_vs50; infection_diet33	Control diet 33; Infected diet 50	6.326887498690393	0.006445144560101722
LOC126324747	NW_026062253.1	uncharacterized LOC126324747	protein_coding	Diet in infected	Infected 33 vs 50	Downregulated	Included in infected diet 33 vs 50 origin audit	Significant in both mappings	1	Non-metazoan-only protein hits without nucleotide corroboration	No informative external hit					Non-metazoan candidate	infected_diet33_vs50; infection_diet33	Control diet 33; Infected diet 50	6.600239463746225	0.006445144560101722
LOC126326063	NW_026062315.1	glutamate dehydrogenase 2-like	protein_coding	Diet in infected	Infected 33 vs 50	Downregulated	Included in infected diet 33 vs 50 origin audit	Significant in both mappings	1	Concordant non-metazoan nucleotide and protein hits	Non-metazoan only	Fungi	Polychytrium aggregatum	70.353	28	Non-metazoan candidate	infected_diet33_vs50; infection_diet33	Control diet 33; Infected diet 50	6.794157563481431	0.006445144560101722
LOC126329584	NW_026062521.1	uncharacterized LOC126329584	protein_coding	Diet in infected	Infected 33 vs 50	Downregulated	Included in infected diet 33 vs 50 origin audit	Significant in both mappings	1	No informative external evidence	No informative external hit					No informative hit	infected_diet33_vs50; infection_diet33	Control diet 33; Infected diet 50	6.195196365690753	0.006445144560101722
LOC126319952	NW_026062071.1	H(+)/Cl(-) exchange transporter 7-like	protein_coding	Diet in infected	Infected 33 vs 50	Downregulated	Included in infected diet 33 vs 50 origin audit	Significant in both mappings	1	Arthropod/orthopteran protein support only	No informative external hit					Locust/orthopteran support	infected_diet33_vs50	Infected diet 50	6.757661213978652	0.006454123253244186
LOC126315283	NW_026061960.1	transitional endoplasmic reticulum ATPase-like	protein_coding	Diet in infected	Infected 33 vs 50	Downregulated	Included in infected diet 33 vs 50 origin audit	Significant in both mappings	1	Mixed external nucleotide evidence	Mixed metazoan/non-metazoan	Fungi;Other Arthropoda	Calcarisporiella thermophila;Toxorhynchites rutilus septentrionalis	72.134	62	Mixed/ambiguous	infected_diet33_vs50; infection_diet33	Control diet 33; Infected diet 50	6.346731455531769	0.006486818393388363
LOC126318325	NW_026062048.1	uncharacterized LOC126318325	protein_coding	Diet in infected	Infected 33 vs 50	Downregulated	Included in infected diet 33 vs 50 origin audit	Significant in both mappings	1	Non-metazoan-only protein hits without nucleotide corroboration	No informative external hit					Non-metazoan candidate	infected_diet33_vs50; infection_diet33	Control diet 33; Infected diet 50	7.015826511248191	0.0065004218152184485
LOC126324552	NW_026062249.1	transcription elongation regulator 1-like	protein_coding	Diet in infected	Infected 33 vs 50	Downregulated	Included in infected diet 33 vs 50 origin audit	Significant in both mappings	1	Other-metazoan protein support only	No informative external hit					Other metazoan support	infected_diet33_vs50; infection_diet33	Control diet 33; Infected diet 50	6.662202841503038	0.0065004218152184485
LOC126326220	NW_026062331.1	poly(A) polymerase type 3-like	protein_coding	Diet in infected	Infected 33 vs 50	Downregulated	Included in infected diet 33 vs 50 origin audit	Significant in both mappings	1	Non-metazoan-only protein hits without nucleotide corroboration	No informative external hit					Non-metazoan candidate	infected_diet33_vs50; infection_diet33	Control diet 33; Infected diet 50	7.162543283445708	0.0065004218152184485
LOC126329919	NW_026062549.1	succinate--CoA ligase [ADP-forming] subunit beta, mitochondrial-like	protein_coding	Infection + diet	Diet 33: infected vs control; Infected 33 vs 50	Downregulated	Included in infected diet 33 vs 50 origin audit	Significant in both mappings	1	Conflicting nucleotide and protein evidence	Non-metazoan only	Other Eukaryota;Plants	Naegleria gruberi;Prunus dulcis;Prunus mongolica;Prunus mume;Prunus persica	69.974	25	Mixed/ambiguous	infected_diet33_vs50; infection_diet33	Control diet 33; Infected diet 50	6.210332877932037	0.0065004218152184485
LOC126304702	NW_026061732.1	60S ribosomal protein L34-like	protein_coding	Diet in infected	Infected 33 vs 50	Downregulated	Included in infected diet 33 vs 50 origin audit	Significant in both mappings	1	Non-metazoan-only protein hits without nucleotide corroboration	No informative external hit					Non-metazoan candidate	infected_diet33_vs50; infection_diet33	Control diet 33; Infected diet 50	6.3904669337087325	0.006543291886975811
LOC126304746	NW_026061732.1	protein aubergine-like	protein_coding	Infection + diet	Diet 33: infected vs control; Infected 33 vs 50	Downregulated	Included in infected diet 33 vs 50 origin audit	Significant in both mappings	1	Arthropod/orthopteran protein support only	No informative external hit					Broader arthropod support	infected_diet33_vs50; infection_diet33	Control diet 33; Infected diet 50	6.571779091911857	0.006543291886975811
LOC126304986	NW_026061743.1	myotubularin-related protein 2-like	protein_coding	Diet in infected	Infected 33 vs 50	Downregulated	Included in infected diet 33 vs 50 origin audit	Significant in both mappings	1	Mixed protein evidence	No informative external hit					Mixed/ambiguous	infected_diet33_vs50	Infected diet 50	6.386943167619738	0.006543291886975811
LOC126315280	NW_026061960.1	uncharacterized LOC126315280	protein_coding	Diet in infected	Infected 33 vs 50	Downregulated	Included in infected diet 33 vs 50 origin audit	Significant in both mappings	0.9998159057437408	Non-metazoan-only protein hits without nucleotide corroboration	No informative external hit					Non-metazoan candidate	infected_diet33_vs50; infection_diet33	Control diet 33; Infected diet 50	6.692550212220587	0.006543291886975811
LOC126315409	NW_026061960.1	ATPase family protein 2 homolog	protein_coding	Diet in infected	Infected 33 vs 50	Downregulated	Included in infected diet 33 vs 50 origin audit	Significant in both mappings	1	External nucleotide support from other Metazoa	Other metazoan	Other Metazoa	Limanda limanda;Myripristis murdjan	69.368	20	Non-metazoan candidate	infected_diet33_vs50	Infected diet 50	7.0646419720622635	0.006543291886975811
LOC126315412	NW_026061960.1	protein FAM50A-like	protein_coding	Diet in infected	Infected 33 vs 50	Downregulated	Included in infected diet 33 vs 50 origin audit	Significant in both mappings	1	Mixed protein evidence	No informative external hit					Mixed/ambiguous	infected_diet33_vs50; infection_diet33	Control diet 33; Infected diet 50	6.455577577903614	0.006543291886975811
LOC126319891	NW_026062071.1	uncharacterized LOC126319891	lncRNA	Diet in infected	Infected 33 vs 50	Downregulated	Included in infected diet 33 vs 50 origin audit	Significant in both mappings	1	No informative external evidence	No informative external hit						infected_diet33_vs50; infection_average_all_diets; infection_diet33	Average control; Control diet 33; Infected diet 50	7.5692486868650555	0.006543291886975811
LOC126319950	NW_026062071.1	alcohol dehydrogenase class-3-like	protein_coding	Diet in infected	Infected 33 vs 50	Downregulated	Included in infected diet 33 vs 50 origin audit	Significant in both mappings	1	Non-metazoan-only protein hits without nucleotide corroboration	No informative external hit					Non-metazoan candidate	infected_diet33_vs50; infection_diet33	Control diet 33; Infected diet 50	6.91180600830052	0.006543291886975811
LOC126320362	NW_026062094.1	uncharacterized LOC126320362	protein_coding	Infection + diet	Diet 33: infected vs control; Infected 33 vs 50	Downregulated	Included in infected diet 33 vs 50 origin audit	Significant in both mappings	1	Arthropod/orthopteran protein support only	No informative external hit					Broader arthropod support	infected_diet33_vs50; infection_diet33	Control diet 33; Infected diet 50	6.496693852624908	0.006543291886975811
LOC126320454	NW_026062097.1	uncharacterized LOC126320454	protein_coding	Diet in infected	Infected 33 vs 50	Downregulated	Included in infected diet 33 vs 50 origin audit	Significant in both mappings	1	Mixed external nucleotide evidence	Mixed metazoan/non-metazoan	Fungi;Other Arthropoda;Other Eukaryota;Other Metazoa	Albugo laibachii Alem1;Albugo laibachii Nc14;Anopheles bellator;Anopheles cruzii;Aphidius gifuensis;Bombus bifarius;Cephus cinctus;Coenobita brevimanus;Cotesia typhae;Gekko japonicus;Heteronotia binoei;Myxocyprinus asiaticus;Pomacea canaliculata;Rhincodon typus;Rhizopus delemar RA 99-880;Scyliorhinus torazame;Stegostoma tigrinum;Tetranychus urticae;Vespula pensylvanica;Wyeomyia smithii	74.194	70	Non-metazoan candidate	infected_diet33_vs50; infection_diet33	Control diet 33; Infected diet 50	6.430661687773648	0.006543291886975811
LOC126323763	NW_026062229.1	uncharacterized LOC126323763	protein_coding	Diet in infected	Infected 33 vs 50	Downregulated	Included in infected diet 33 vs 50 origin audit	Significant in both mappings	1	Non-metazoan-only protein hits without nucleotide corroboration	No informative external hit					Non-metazoan candidate	infected_diet33_vs50	Infected diet 50	6.0988820866522095	0.006543291886975811
LOC126323930	NW_026062236.1	uncharacterized LOC126323930	lncRNA	Diet in infected	Infected 33 vs 50	Downregulated	Included in infected diet 33 vs 50 origin audit	Significant in both mappings	1	No informative external evidence	No informative external hit						infected_diet33_vs50	Infected diet 50	6.6531809777840545	0.006543291886975811
LOC126324494	NW_026062249.1	uncharacterized LOC126324494	protein_coding	Diet in infected	Infected 33 vs 50	Downregulated	Included in infected diet 33 vs 50 origin audit	Significant in both mappings	1	Non-metazoan-only protein hits without nucleotide corroboration	No informative external hit					Non-metazoan candidate	infected_diet33_vs50; infection_diet33	Control diet 33; Infected diet 50	6.983945806174432	0.006543291886975811
LOC126325534	NW_026062282.1	vacuolar protein sorting-associated protein 54-like	protein_coding	Diet in infected	Infected 33 vs 50	Downregulated	Included in infected diet 33 vs 50 origin audit	Significant in both mappings	1	Mixed protein evidence	No informative external hit					Mixed/ambiguous;Non-metazoan candidate	infected_diet33_vs50; infection_diet33	Control diet 33; Infected diet 50	6.740773374919526	0.006543291886975811
LOC126326050	NW_026062315.1	uncharacterized LOC126326050	protein_coding	Diet in infected	Infected 33 vs 50	Downregulated	Included in infected diet 33 vs 50 origin audit	Significant in both mappings	1	Arthropod/orthopteran protein support only	No informative external hit					Broader arthropod support	infected_diet33_vs50; infection_diet33	Control diet 33; Infected diet 50	6.548620584462284	0.006543291886975811
LOC126326546	NW_026062344.1	ribosome quality control complex subunit NEMF-like	protein_coding	Diet in infected	Infected 33 vs 50	Downregulated	Included in infected diet 33 vs 50 origin audit	Significant in both mappings	1	Mixed protein evidence	No informative external hit					Mixed/ambiguous;No informative hit	infected_diet33_vs50; infection_diet33	Control diet 33; Infected diet 50	6.6572599302738436	0.006543291886975811
LOC126326571	NW_026062344.1	FK506-binding protein 5-like	protein_coding	Diet in infected	Infected 33 vs 50	Downregulated	Included in infected diet 33 vs 50 origin audit	Significant in both mappings	1	No informative external evidence	No informative external hit					No informative hit	infected_diet33_vs50; infection_diet33	Control diet 33; Infected diet 50	7.234673741166006	0.006543291886975811
LOC126329976	NW_026062553.1	uncharacterized LOC126329976	protein_coding	Diet in infected	Infected 33 vs 50	Downregulated	Included in infected diet 33 vs 50 origin audit	Significant in both mappings	1	No informative external evidence	No informative external hit					No informative hit	infected_diet33_vs50; infection_diet33	Control diet 33; Infected diet 50	6.891890438958959	0.006543291886975811
LOC126330073	NW_026062566.1	tRNA (guanine-N(7)-)-methyltransferase non-catalytic subunit wdr4-like	protein_coding	Diet in infected	Infected 33 vs 50	Downregulated	Included in infected diet 33 vs 50 origin audit	Significant in both mappings	1	Mixed protein evidence	No informative external hit					Mixed/ambiguous;Non-metazoan candidate	infected_diet33_vs50; infection_diet33	Control diet 33; Infected diet 50	6.600309797020769	0.006543291886975811
LOC126328045	NW_026062425.1	MORN repeat-containing protein 1-like	protein_coding	Diet in infected	Infected 33 vs 50	Downregulated	Included in infected diet 33 vs 50 origin audit	Significant in both mappings	1	No informative external evidence	No informative external hit					No informative hit	infected_diet33_vs50	Infected diet 50	6.346161757970074	0.0065990342223822985
LOC126314440	NW_026061953.1	uncharacterized LOC126314440	protein_coding	Diet in infected	Infected 33 vs 50	Downregulated	Included in infected diet 33 vs 50 origin audit	Significant in both mappings	1	Non-metazoan-only protein hits without nucleotide corroboration	No informative external hit					Non-metazoan candidate	infected_diet33_vs50	Infected diet 50	6.792142391675944	0.006669437681945386
LOC126320457	NW_026062097.1	uncharacterized LOC126320457	protein_coding	Diet in infected	Infected 33 vs 50	Downregulated	Included in infected diet 33 vs 50 origin audit	Significant in both mappings	1	Arthropod/orthopteran protein support only	No informative external hit					Broader arthropod support	infected_diet33_vs50	Infected diet 50	7.04844880983488	0.0066876263622753064
LOC126323900	NW_026062236.1	chaperone protein DnaJ-like	protein_coding	Diet in infected	Infected 33 vs 50	Downregulated	Included in infected diet 33 vs 50 origin audit	Significant in both mappings	1	Non-metazoan-only protein hits without nucleotide corroboration	No informative external hit					Non-metazoan candidate	infected_diet33_vs50; infection_diet33	Control diet 33; Infected diet 50	6.395672317581719	0.0066876263622753064
LOC126326570	NW_026062344.1	TBC1 domain family member 8B-like	protein_coding	Diet in infected	Infected 33 vs 50	Downregulated	Included in infected diet 33 vs 50 origin audit	Significant in both mappings	1	Non-metazoan-only protein hits without nucleotide corroboration	No informative external hit					Non-metazoan candidate	infected_diet33_vs50; infection_diet33	Control diet 33; Infected diet 50	6.8471007862199516	0.0066876263622753064
LOC126330806	NW_026062667.1	uncharacterized LOC126330806	lncRNA	Diet in infected	Infected 33 vs 50	Downregulated	Included in infected diet 33 vs 50 origin audit	Significant in both mappings	1	No informative external evidence	No informative external hit						infected_diet33_vs50; infection_diet33	Control diet 33; Infected diet 50	6.830402807311662	0.0066876263622753064
LOC126320474	NW_026062097.1	uncharacterized LOC126320474	protein_coding	Diet in infected	Infected 33 vs 50	Downregulated	Included in infected diet 33 vs 50 origin audit	Significant in both mappings	1	No informative external evidence	No informative external hit					No informative hit	infected_diet33_vs50	Infected diet 50	7.106355402080183	0.006696118059901548
LOC126320434	NW_026062097.1	uncharacterized LOC126320434	protein_coding	Diet in infected	Infected 33 vs 50	Downregulated	Included in infected diet 33 vs 50 origin audit	Significant in both mappings	1	Non-metazoan-only protein hits without nucleotide corroboration	No informative external hit					Non-metazoan candidate	infected_diet33_vs50	Infected diet 50	6.0408269352520305	0.006763107801419077
LOC126324749	NW_026062253.1	protein transport protein Sec61 subunit alpha-like	protein_coding	Diet in infected	Infected 33 vs 50	Downregulated	Included in infected diet 33 vs 50 origin audit	Significant in both mappings	1	Conflicting nucleotide and protein evidence	Non-metazoan only	Plants	Cucumis sativus;Elaeis guineensis;Phoenix dactylifera;Sesamum indicum	69.163	46	Mixed/ambiguous	infected_diet33_vs50; infection_diet33	Control diet 33; Infected diet 50	6.741556595519996	0.006763107801419077
LOC126304713	NW_026061732.1	general transcription and DNA repair factor IIH helicase subunit XPB-like	protein_coding	Diet in infected	Infected 33 vs 50	Downregulated	Included in infected diet 33 vs 50 origin audit	Significant in both mappings	1	Mixed external nucleotide evidence	Mixed metazoan/non-metazoan	Fungi;Other Metazoa	Amblyraja radiata;Diadema antillarum;Dichotomopilus funicola;Fimicolochytrium jonesii;Neurospora crassa OR74A;Thermothelomyces heterothallicus CBS 202.75;Thermothelomyces thermophilus ATCC 42464	68.823	47	Mixed/ambiguous	infected_diet33_vs50	Infected diet 50	6.968949755258664	0.006781727994606748
LOC126316939	NW_026062003.1	ATP-binding cassette sub-family F member 2-like	protein_coding	Diet in infected	Infected 33 vs 50	Downregulated	Included in infected diet 33 vs 50 origin audit	Significant in both mappings	1	External nucleotide support from other Metazoa	Other metazoan	Other Metazoa	Conger conger;Synchiropus splendidus	67.69	31	Mixed/ambiguous	infected_diet33_vs50; infection_diet33	Control diet 33; Infected diet 50	6.496409314691079	0.006781727994606748
LOC126323267	NW_026062217.1	uncharacterized LOC126323267	protein_coding	Diet in infected	Infected 33 vs 50	Downregulated	Included in infected diet 33 vs 50 origin audit	Significant in both mappings	1	Concordant non-metazoan nucleotide and protein hits	Non-metazoan only	Fungi;Plants	Micromonas pusilla CCMP1545;Neoaidaea tothii	69.267	29	Non-metazoan candidate	infected_diet33_vs50; infection_diet33	Control diet 33; Infected diet 50	6.737565249456605	0.006781727994606748
LOC126323905	NW_026062236.1	uncharacterized LOC126323905	protein_coding	Diet in infected	Infected 33 vs 50	Downregulated	Included in infected diet 33 vs 50 origin audit	Significant in both mappings	1	Mixed protein evidence	No informative external hit					Mixed/ambiguous	infected_diet33_vs50	Infected diet 50	6.128293980420607	0.006781727994606748
LOC126326508	NW_026062344.1	uncharacterized LOC126326508	protein_coding	Diet in infected	Infected 33 vs 50	Downregulated	Included in infected diet 33 vs 50 origin audit	Significant in both mappings	1	No informative external evidence	No informative external hit					No informative hit	infected_diet33_vs50	Infected diet 50	6.374882608088886	0.006781727994606748
LOC126332797	NW_026062803.1	J domain-containing protein DDB_G0295729-like	protein_coding	Diet in infected	Infected 33 vs 50	Downregulated	Included in infected diet 33 vs 50 origin audit	Significant in both mappings	1	No informative external evidence	No informative external hit					No informative hit	infected_diet33_vs50; infection_diet33	Control diet 33; Infected diet 50	6.644912818429617	0.006781727994606748
LOC126318239	NW_026062043.1	probable myosin light chain kinase DDB_G0279831	protein_coding	Diet in infected	Infected 33 vs 50	Downregulated	Included in infected diet 33 vs 50 origin audit	Significant in both mappings	1	Non-metazoan-only protein hits without nucleotide corroboration	No informative external hit					Non-metazoan candidate	infected_diet33_vs50; infection_diet33	Control diet 33; Infected diet 50	6.763563641202758	0.006807653652487383
LOC126318360	NW_026062048.1	uncharacterized LOC126318360	protein_coding	Diet in infected	Infected 33 vs 50	Downregulated	Included in infected diet 33 vs 50 origin audit	Significant in both mappings	1	Concordant non-metazoan nucleotide and protein hits	Non-metazoan only	Fungi	Rhodotorula graminis WP1	68.031	28	Non-metazoan candidate	infected_diet33_vs50; infection_diet33	Control diet 33; Infected diet 50	6.883812807748602	0.0068580797970532225
LOC126322422	NW_026062176.1	trafficking protein particle complex subunit 10-like	protein_coding	Infection + diet	Diet 33: infected vs control; Infected 33 vs 50	Downregulated	Included in infected diet 33 vs 50 origin audit	Significant in both mappings	1	Non-metazoan-only protein hits without nucleotide corroboration	No informative external hit					Non-metazoan candidate	infected_diet33_vs50; infection_diet33	Control diet 33; Infected diet 50	6.622623075912159	0.0068580797970532225
LOC126323908	NW_026062236.1	7-methyl-GTP pyrophosphatase-like	protein_coding	Diet in infected	Infected 33 vs 50	Downregulated	Included in infected diet 33 vs 50 origin audit	Significant in both mappings	1	Non-metazoan-only protein hits without nucleotide corroboration	No informative external hit					Non-metazoan candidate	infected_diet33_vs50; infection_diet33	Control diet 33; Infected diet 50	6.61776541569321	0.0068580797970532225
LOC126326116	NW_026062325.1	translation initiation factor eIF-2B subunit delta-like	protein_coding	Diet in infected	Infected 33 vs 50	Downregulated	Included in infected diet 33 vs 50 origin audit	Significant in both mappings	1	Concordant non-metazoan nucleotide and protein hits	Non-metazoan only	Other Eukaryota	Saprolegnia diclina VS20	65.394	27	Non-metazoan candidate	infected_diet33_vs50; infection_diet33	Control diet 33; Infected diet 50	6.5722138597180075	0.0068580797970532225
LOC126304701	NW_026061732.1	uncharacterized LOC126304701	protein_coding	Diet in infected	Infected 33 vs 50	Downregulated	Included in infected diet 33 vs 50 origin audit	Significant in both mappings	1	Mixed protein evidence	No informative external hit					Mixed/ambiguous	infected_diet33_vs50; infection_diet33	Control diet 33; Infected diet 50	6.527264330632386	0.00688726575283499
LOC126304976	NW_026061743.1	puromycin-sensitive aminopeptidase-like	protein_coding	Infection + diet	Diet 33: infected vs control; Infected 33 vs 50	Downregulated	Included in infected diet 33 vs 50 origin audit	Significant in both mappings	1	Mixed external nucleotide evidence	Mixed metazoan/non-metazoan	Bacteria;Other Arthropoda	Anopheles stephensi;uncultured Candidatus Binatia bacterium	68.259	29	Non-metazoan candidate	infected_diet33_vs50; infection_diet33	Control diet 33; Infected diet 50	6.287744222390013	0.00688726575283499
LOC126311243	NW_026061838.1	uncharacterized LOC126311243	lncRNA	Diet in infected	Infected 33 vs 50	Downregulated	Included in infected diet 33 vs 50 origin audit	Significant in both mappings	1	No informative external evidence	No informative external hit						infected_diet33_vs50	Infected diet 50	6.93291338425339	0.00688726575283499
LOC126313366	NW_026061886.1	3-hydroxybutyryl-CoA dehydrogenase-like	protein_coding	Diet in infected	Infected 33 vs 50	Downregulated	Included in infected diet 33 vs 50 origin audit	Significant in both mappings	1	Concordant non-metazoan nucleotide and protein hits	Non-metazoan only	Fungi	Linderina pennispora	72.495	43	Non-metazoan candidate	infected_diet33_vs50	Infected diet 50	6.238440021622275	0.00688726575283499
LOC126314452	NW_026061953.1	proteasome subunit beta type-7-like	protein_coding	Diet in infected	Infected 33 vs 50	Downregulated	Included in infected diet 33 vs 50 origin audit	Significant in both mappings	1	External nucleotide support from Orthoptera/Arthropoda	Other arthropod	Other Arthropoda;Other Metazoa	Epargyreus clarus;Lingula anatina	68.379	43	Mixed/ambiguous	infected_diet33_vs50; infection_diet33	Control diet 33; Infected diet 50	6.390134398181391	0.00688726575283499
LOC126315238	NW_026061960.1	uncharacterized LOC126315238	protein_coding	Diet in infected	Infected 33 vs 50	Downregulated	Included in infected diet 33 vs 50 origin audit	Significant in both mappings	1	Non-metazoan-only protein hits without nucleotide corroboration	No informative external hit					Non-metazoan candidate	infected_diet33_vs50	Infected diet 50	5.945427622385602	0.00688726575283499
LOC126315349	NW_026061960.1	citrate synthase, mitochondrial-like	protein_coding	Diet in infected	Infected 33 vs 50	Downregulated	Included in infected diet 33 vs 50 origin audit	Significant in both mappings	1	External nucleotide support from Orthoptera/Arthropoda	Other arthropod	Other Arthropoda	Prenolepis imparis	68.369	30	Non-metazoan candidate	infected_diet33_vs50	Infected diet 50	6.132769242902798	0.00688726575283499
LOC126317103	NW_026062009.1	uncharacterized LOC126317103	protein_coding	Diet in infected	Infected 33 vs 50	Downregulated	Included in infected diet 33 vs 50 origin audit	Significant in both mappings	1	Non-metazoan-only protein hits without nucleotide corroboration	No informative external hit					Non-metazoan candidate	infected_diet33_vs50	Infected diet 50	6.5261196161971355	0.00688726575283499
LOC126317123	NW_026062009.1	serine/threonine-protein kinase svkA-like	protein_coding	Diet in infected	Infected 33 vs 50	Downregulated	Included in infected diet 33 vs 50 origin audit	Significant in both mappings	1	Non-metazoan-only protein hits without nucleotide corroboration	No informative external hit					Non-metazoan candidate	infected_diet33_vs50	Infected diet 50	6.679289491243533	0.00688726575283499
LOC126317518	NW_026062018.1	non-structural maintenance of chromosomes element 1 homolog	protein_coding	Diet in infected	Infected 33 vs 50	Downregulated	Included in infected diet 33 vs 50 origin audit	Significant in both mappings	1	Mixed protein evidence	No informative external hit					Mixed/ambiguous	infected_diet33_vs50	Infected diet 50	6.699764216618261	0.00688726575283499
LOC126318198	NW_026062043.1	uncharacterized LOC126318198	protein_coding	Diet in infected	Infected 33 vs 50	Downregulated	Included in infected diet 33 vs 50 origin audit	Significant in both mappings	1	Concordant non-metazoan nucleotide and protein hits	Non-metazoan only	Other Eukaryota	Phytophthora cinnamomi	71.429	30	Non-metazoan candidate	infected_diet33_vs50; infection_diet33	Control diet 33; Infected diet 50	6.42466207273215	0.00688726575283499
LOC126318621	NW_026062056.1	uncharacterized LOC126318621	protein_coding	Diet in infected	Infected 33 vs 50	Downregulated	Included in infected diet 33 vs 50 origin audit	Significant in both mappings	1	Mixed protein evidence	No informative external hit					Mixed/ambiguous	infected_diet33_vs50; infection_diet33	Control diet 33; Infected diet 50	6.529168697349632	0.00688726575283499
LOC126319860	NW_026062071.1	nuclear pore membrane glycoprotein 210-like	protein_coding	Diet in infected	Infected 33 vs 50	Downregulated	Included in infected diet 33 vs 50 origin audit	Significant in both mappings	1	Non-metazoan-only protein hits without nucleotide corroboration	No informative external hit					Non-metazoan candidate	infected_diet33_vs50; infection_diet33	Control diet 33; Infected diet 50	6.591236259760113	0.00688726575283499
LOC126319937	NW_026062071.1	uncharacterized LOC126319937	lncRNA	Diet in infected	Infected 33 vs 50	Downregulated	Included in infected diet 33 vs 50 origin audit	Significant in both mappings	1	No informative external evidence	No informative external hit						infected_diet33_vs50	Infected diet 50	6.951833450154006	0.00688726575283499
LOC126320360	NW_026062094.1	guanine exchange factor for Rac 30-like	protein_coding	Diet in infected	Infected 33 vs 50	Downregulated	Included in infected diet 33 vs 50 origin audit	Significant in both mappings	1	Non-metazoan-only protein hits without nucleotide corroboration	No informative external hit					Non-metazoan candidate	infected_diet33_vs50	Infected diet 50	5.9227993198140325	0.00688726575283499
LOC126322588	NW_026062185.1	uncharacterized LOC126322588	protein_coding	Diet in infected	Infected 33 vs 50	Downregulated	Included in infected diet 33 vs 50 origin audit	Significant in both mappings	1	No informative external evidence	No informative external hit					No informative hit	infected_diet33_vs50; infection_diet33	Control diet 33; Infected diet 50	6.242634488451428	0.00688726575283499
LOC126322693	NW_026062196.1	peroxisomal membrane protein PEX14-like	protein_coding	Diet in infected	Infected 33 vs 50	Downregulated	Included in infected diet 33 vs 50 origin audit	Significant in both mappings	1	Other-metazoan protein support only	No informative external hit					Other metazoan support	infected_diet33_vs50	Infected diet 50	6.121532826560606	0.00688726575283499
LOC126323929	NW_026062236.1	uncharacterized LOC126323929	protein_coding	Diet in infected	Infected 33 vs 50	Downregulated	Included in infected diet 33 vs 50 origin audit	Significant in both mappings	1	Conflicting nucleotide and protein evidence	Non-metazoan only	Fungi	Gilbertella persicaria	68.8	29	Mixed/ambiguous	infected_diet33_vs50; infection_diet33	Control diet 33; Infected diet 50	6.854192408689852	0.00688726575283499
LOC126326207	NW_026062331.1	adenylate kinase-like	protein_coding	Diet in infected	Infected 33 vs 50	Downregulated	Included in infected diet 33 vs 50 origin audit	Significant in both mappings	1	Mixed protein evidence	No informative external hit					Mixed/ambiguous	infected_diet33_vs50; infection_diet33	Control diet 33; Infected diet 50	6.458672324350388	0.00688726575283499
LOC126326519	NW_026062344.1	uncharacterized LOC126326519	protein_coding	Diet in infected	Infected 33 vs 50	Downregulated	Included in infected diet 33 vs 50 origin audit	Significant in both mappings	1	Non-metazoan-only protein hits without nucleotide corroboration	No informative external hit					Non-metazoan candidate	infected_diet33_vs50	Infected diet 50	6.2882656260486725	0.00688726575283499
LOC126329082	NW_026062491.1	ras-related protein rab-11.1-like	protein_coding	Diet in infected	Infected 33 vs 50	Downregulated	Included in infected diet 33 vs 50 origin audit	Significant in both mappings	1	Mixed protein evidence	No informative external hit					Mixed/ambiguous	infected_diet33_vs50; infection_diet33	Control diet 33; Infected diet 50	6.718349761186011	0.00688726575283499
LOC126330060	NW_026062566.1	protein DENND6B-like	protein_coding	Diet in infected	Infected 33 vs 50	Downregulated	Included in infected diet 33 vs 50 origin audit	Significant in both mappings	1	Non-metazoan-only protein hits without nucleotide corroboration	No informative external hit					Non-metazoan candidate	infected_diet33_vs50; infection_diet33	Control diet 33; Infected diet 50	6.610094123861316	0.00688726575283499
LOC126304689	NW_026061732.1	actin, plasmodial isoform-like	protein_coding	Diet in infected	Infected 33 vs 50	Downregulated	Included in infected diet 33 vs 50 origin audit	Significant in both mappings	0.9995782738311642	Mixed external nucleotide evidence	Mixed metazoan/non-metazoan	Other Arthropoda;Other Eukaryota;Other Metazoa	Acipenser ruthenus;Aedes aegypti;Amoebozoa sp. SZA37;Badhamia polycephala;Bufo bufo;Bursaphelenchus cocophilus;Cavenderia fasciculata;Ctenopharyngodon idella;Drosophila tropicalis;Drosophila willistoni;Engystomops pustulosus;Heterostelium album PN500;Hyla sarda;Leuciscus leuciscus;Uranotaenia lowii	84.258	90	Mixed/ambiguous	infected_diet33_vs50	Infected diet 50	5.354133520315128	0.006900919595374345
LOC126311241	NW_026061838.1	26S proteasome non-ATPase regulatory subunit 6-like	protein_coding	Diet in infected	Infected 33 vs 50	Downregulated	Included in infected diet 33 vs 50 origin audit	Significant in both mappings	1	Mixed protein evidence	No informative external hit					Mixed/ambiguous	infected_diet33_vs50; infection_diet33	Control diet 33; Infected diet 50	6.743192047784251	0.006900919595374345
LOC126313363	NW_026061886.1	AP-1 complex subunit beta-like	protein_coding	Diet in infected	Infected 33 vs 50	Downregulated	Included in infected diet 33 vs 50 origin audit	Significant in both mappings	1	Non-metazoan-only protein hits without nucleotide corroboration	No informative external hit					Non-metazoan candidate	infected_diet33_vs50; infection_diet33	Control diet 33; Infected diet 50	6.180127754954131	0.006900919595374345
LOC126314430	NW_026061953.1	uncharacterized LOC126314430	protein_coding	Diet in infected	Infected 33 vs 50	Downregulated	Included in infected diet 33 vs 50 origin audit	Significant in both mappings	1	Non-metazoan-only protein hits without nucleotide corroboration	No informative external hit					Non-metazoan candidate	infected_diet33_vs50	Infected diet 50	6.243426270882228	0.006900919595374345
LOC126315227	NW_026061960.1	60S ribosomal protein L11-like	protein_coding	Diet in infected	Infected 33 vs 50	Downregulated	Included in infected diet 33 vs 50 origin audit	Significant in both mappings	1	External nucleotide support from other Metazoa	Other metazoan	Other Metazoa	Paramacrobiotus metropolitanus	74.83	25	Mixed/ambiguous	infected_diet33_vs50; infection_average_all_diets; infection_diet33	Average control; Control diet 33; Infected diet 50	7.173973186788188	0.006900919595374345
LOC126316437	NW_026061974.1	probable phosphoglucomutase-2	protein_coding	Diet in infected	Infected 33 vs 50	Downregulated	Included in infected diet 33 vs 50 origin audit	Significant in both mappings	0.999657416923604	Non-metazoan-only protein hits without nucleotide corroboration	No informative external hit					Non-metazoan candidate	infected_diet33_vs50; infection_diet33	Control diet 33; Infected diet 50	6.559816073283683	0.006900919595374345
LOC126316744	NW_026061988.1	uncharacterized LOC126316744	protein_coding	Diet in infected	Infected 33 vs 50	Downregulated	Included in infected diet 33 vs 50 origin audit	Significant in both mappings	1	Non-metazoan-only protein hits without nucleotide corroboration	No informative external hit					Non-metazoan candidate	infected_diet33_vs50; infection_diet33	Control diet 33; Infected diet 50	6.725780935224783	0.006900919595374345
LOC126316773	NW_026061988.1	uncharacterized LOC126316773	protein_coding	Diet in infected	Infected 33 vs 50	Downregulated	Included in infected diet 33 vs 50 origin audit	Significant in both mappings	1	No informative external evidence	No informative external hit					No informative hit	infected_diet33_vs50; infection_diet33	Control diet 33; Infected diet 50	6.86565880239405	0.006900919595374345
LOC126316796	NW_026061988.1	uncharacterized LOC126316796	protein_coding	Diet in infected	Infected 33 vs 50	Downregulated	Included in infected diet 33 vs 50 origin audit	Significant in both mappings	1	No informative external evidence	No informative external hit					No informative hit	infected_diet33_vs50	Infected diet 50	6.522895712267258	0.006900919595374345
LOC126316806	NW_026061988.1	serine/threonine-protein kinase pakC-like	protein_coding	Diet in infected	Infected 33 vs 50	Downregulated	Included in infected diet 33 vs 50 origin audit	Significant in both mappings	1	Non-metazoan-only protein hits without nucleotide corroboration	No informative external hit					Non-metazoan candidate	infected_diet33_vs50	Infected diet 50	6.210457352503832	0.006900919595374345
LOC126318601	NW_026062056.1	uncharacterized LOC126318601	protein_coding	Diet in infected	Infected 33 vs 50	Downregulated	Included in infected diet 33 vs 50 origin audit	Significant in both mappings	1	Non-metazoan-only protein hits without nucleotide corroboration	No informative external hit					Non-metazoan candidate	infected_diet33_vs50; infection_diet33	Control diet 33; Infected diet 50	6.897571077166829	0.006900919595374345
LOC126319866	NW_026062071.1	uncharacterized LOC126319866	protein_coding	Diet in infected	Infected 33 vs 50	Downregulated	Included in infected diet 33 vs 50 origin audit	Significant in both mappings	1	Non-metazoan-only protein hits without nucleotide corroboration	No informative external hit					Non-metazoan candidate	infected_diet33_vs50	Infected diet 50	6.645295774590756	0.006900919595374345
LOC126319878	NW_026062071.1	uncharacterized LOC126319878	protein_coding	Diet in infected	Infected 33 vs 50	Downregulated	Included in infected diet 33 vs 50 origin audit	Significant in both mappings	1	Mixed protein evidence	No informative external hit					Mixed/ambiguous	infected_diet33_vs50; infection_diet33	Control diet 33; Infected diet 50	6.6661256976956045	0.006900919595374345
LOC126320441	NW_026062097.1	dynamin-like protein C	protein_coding	Diet in infected	Infected 33 vs 50	Downregulated	Included in infected diet 33 vs 50 origin audit	Significant in both mappings	1	Non-metazoan-only protein hits without nucleotide corroboration	No informative external hit					Non-metazoan candidate	infected_diet33_vs50	Infected diet 50	6.442512421152018	0.006900919595374345
LOC126322557	NW_026062185.1	uncharacterized LOC126322557	lncRNA	Diet in infected	Infected 33 vs 50	Downregulated	Included in infected diet 33 vs 50 origin audit	Significant in both mappings	1	No informative external evidence	No informative external hit						infected_diet33_vs50; infection_diet33	Control diet 33; Infected diet 50	6.583003608011099	0.006900919595374345
LOC126322619	NW_026062185.1	uncharacterized LOC126322619	protein_coding	Diet in infected	Infected 33 vs 50	Downregulated	Included in infected diet 33 vs 50 origin audit	Significant in both mappings	1	Mixed protein evidence	No informative external hit					Mixed/ambiguous	infected_diet33_vs50; infection_diet33	Control diet 33; Infected diet 50	6.737700707691058	0.006900919595374345
LOC126323764	NW_026062229.1	glycerol-3-phosphate dehydrogenase, mitochondrial-like	protein_coding	Diet in infected	Infected 33 vs 50	Downregulated	Included in infected diet 33 vs 50 origin audit	Significant in both mappings	1	Mixed protein evidence	No informative external hit					Mixed/ambiguous	infected_diet33_vs50; infection_diet33	Control diet 33; Infected diet 50	6.927575187771663	0.006900919595374345
LOC126323913	NW_026062236.1	uncharacterized LOC126323913	protein_coding	Diet in infected	Infected 33 vs 50	Downregulated	Included in infected diet 33 vs 50 origin audit	Significant in both mappings	1	Concordant non-metazoan nucleotide and protein hits	Non-metazoan only	Bacteria	Acidobacterium capsulatum ATCC 51196;bacterium;uncultured Acidobacteriaceae bacterium	72.284	25	Non-metazoan candidate	infected_diet33_vs50; infection_diet33	Control diet 33; Infected diet 50	6.328341998173601	0.006900919595374345
LOC126324029	NW_026062244.1	glycogen phosphorylase 1-like	protein_coding	Infection + diet	Diet 33: infected vs control; Infected 33 vs 50	Downregulated	Included in infected diet 33 vs 50 origin audit	Significant in both mappings	0.99954240390482	Concordant non-metazoan nucleotide and protein hits	Non-metazoan only	Fungi	Neoaidaea tothii	65.994	53	Non-metazoan candidate	infected_diet33_vs50; infection_diet33	Control diet 33; Infected diet 50	6.232334460556535	0.006900919595374345
LOC126325526	NW_026062282.1	nucleolar protein 14-like	protein_coding	Diet in infected	Infected 33 vs 50	Downregulated	Included in infected diet 33 vs 50 origin audit	Significant in both mappings	1	Mixed protein evidence	No informative external hit					Mixed/ambiguous	infected_diet33_vs50	Infected diet 50	6.115634127727702	0.006900919595374345
LOC126325800	NW_026062299.1	uncharacterized LOC126325800	protein_coding	Diet in infected	Infected 33 vs 50	Downregulated	Included in infected diet 33 vs 50 origin audit	Significant in both mappings	1	Non-metazoan-only protein hits without nucleotide corroboration	No informative external hit					Non-metazoan candidate	infected_diet33_vs50	Infected diet 50	6.022929607193931	0.006900919595374345
LOC126326118	NW_026062325.1	nicotinate phosphoribosyltransferase-like	protein_coding	Diet in infected	Infected 33 vs 50	Downregulated	Included in infected diet 33 vs 50 origin audit	Significant in both mappings	1	Conflicting nucleotide and protein evidence	Non-metazoan only	Other Eukaryota	Aureococcus anophagefferens;Phytophthora cinnamomi;Phytophthora sojae	66.667	26	Mixed/ambiguous	infected_diet33_vs50; infection_diet33	Control diet 33; Infected diet 50	6.595044951441919	0.006900919595374345
LOC126326244	NW_026062332.1	GTP-binding nuclear protein Ran-like	protein_coding	Diet in infected	Infected 33 vs 50	Downregulated	Included in infected diet 33 vs 50 origin audit	Significant in both mappings	1	Mixed protein evidence	No informative external hit					Mixed/ambiguous	infected_diet33_vs50; infection_diet33	Control diet 33; Infected diet 50	7.130821977098205	0.006900919595374345
LOC126326551	NW_026062344.1	uncharacterized LOC126326551	lncRNA	Diet in infected	Infected 33 vs 50	Downregulated	Included in infected diet 33 vs 50 origin audit	Significant in both mappings	1	No informative external evidence	No informative external hit						infected_diet33_vs50; infection_diet33	Control diet 33; Infected diet 50	7.092263364779588	0.006900919595374345
LOC126327202	NW_026062374.1	serine/threonine-protein kinase 4 homolog A-like	protein_coding	Diet in infected	Infected 33 vs 50	Downregulated	Included in infected diet 33 vs 50 origin audit	Significant in both mappings	1.0008496176720476	Mixed protein evidence	No informative external hit					Mixed/ambiguous	infected_diet33_vs50	Infected diet 50	6.175450510438024	0.006900919595374345
LOC126328072	NW_026062425.1	uncharacterized LOC126328072	protein_coding	Diet in infected	Infected 33 vs 50	Downregulated	Included in infected diet 33 vs 50 origin audit	Significant in both mappings	1	Non-metazoan-only protein hits without nucleotide corroboration	No informative external hit					Non-metazoan candidate	infected_diet33_vs50; infection_diet33	Control diet 33; Infected diet 50	6.298205503206357	0.006900919595374345
LOC126330068	NW_026062566.1	uncharacterized LOC126330068	protein_coding	Diet in infected	Infected 33 vs 50	Downregulated	Included in infected diet 33 vs 50 origin audit	Significant in both mappings	1	Non-metazoan-only protein hits without nucleotide corroboration	No informative external hit					Non-metazoan candidate	infected_diet33_vs50; infection_diet33	Control diet 33; Infected diet 50	6.357045864003241	0.006900919595374345
LOC126322411	NW_026062176.1	GTPase HRas-like	protein_coding	Diet in infected	Infected 33 vs 50	Downregulated	Included in infected diet 33 vs 50 origin audit	Significant in both mappings	1	Mixed protein evidence	No informative external hit					Mixed/ambiguous	infected_diet33_vs50; infection_diet33	Control diet 33; Infected diet 50	6.829701666477803	0.0069011868990916745
LOC126327201	NW_026062374.1	DENN domain-containing protein 2A-like	protein_coding	Diet in infected	Infected 33 vs 50	Downregulated	Included in infected diet 33 vs 50 origin audit	Significant in both mappings	1	Non-metazoan-only protein hits without nucleotide corroboration	No informative external hit					Non-metazoan candidate	infected_diet33_vs50; infection_diet33	Control diet 33; Infected diet 50	6.734256499254774	0.0069011868990916745
LOC126326218	NW_026062331.1	calcium-binding protein 39-like	protein_coding	Diet in infected	Infected 33 vs 50	Downregulated	Included in infected diet 33 vs 50 origin audit	Significant in both mappings	1	External nucleotide support from other Metazoa	Other metazoan	Other Metazoa	Calypte anna;Heliangelus exortis;Myiozetetes cayanensis	68.412	38	Mixed/ambiguous	infected_diet33_vs50; infection_diet33	Control diet 33; Infected diet 50	6.578422878126563	0.006903740229236463
LOC126328044	NW_026062425.1	ras guanine nucleotide exchange factor F-like	protein_coding	Diet in infected	Infected 33 vs 50	Downregulated	Included in infected diet 33 vs 50 origin audit	Significant in both mappings	1	Non-metazoan-only protein hits without nucleotide corroboration	No informative external hit					Non-metazoan candidate	infected_diet33_vs50; infection_diet33	Control diet 33; Infected diet 50	6.252768895972497	0.00693704669880928
LOC126304685	NW_026061732.1	F-actin-capping protein subunit alpha-like	protein_coding	Diet in infected	Infected 33 vs 50	Downregulated	Included in infected diet 33 vs 50 origin audit	Significant in both mappings	1	Non-metazoan-only protein hits without nucleotide corroboration	No informative external hit					Non-metazoan candidate	infected_diet33_vs50	Infected diet 50	5.964609754159168	0.0069492036946185365
LOC126318290	NW_026062048.1	uncharacterized LOC126318290	protein_coding	Diet in infected	Infected 33 vs 50	Downregulated	Included in infected diet 33 vs 50 origin audit	Significant in both mappings	1	No informative external evidence	No informative external hit					No informative hit	infected_diet33_vs50	Infected diet 50	6.512788851759022	0.0069492036946185365
LOC126322603	NW_026062185.1	uncharacterized LOC126322603	protein_coding	Diet in infected	Infected 33 vs 50	Downregulated	Included in infected diet 33 vs 50 origin audit	Significant in both mappings	1	Non-metazoan-only protein hits without nucleotide corroboration	No informative external hit					Non-metazoan candidate	infected_diet33_vs50	Infected diet 50	6.477703622883565	0.0069492036946185365
LOC126325953	NW_026062302.1	sphingolipid delta(4)-desaturase DES1-like	protein_coding	Diet in infected	Infected 33 vs 50	Downregulated	Included in infected diet 33 vs 50 origin audit	Significant in both mappings	1	Mixed protein evidence	No informative external hit					Non-metazoan candidate;Other metazoan support	infected_diet33_vs50	Infected diet 50	6.516728252532907	0.0069492036946185365
LOC126304682	NW_026061732.1	uncharacterized LOC126304682	protein_coding	Diet in infected	Infected 33 vs 50	Downregulated	Included in infected diet 33 vs 50 origin audit	Significant in both mappings	1	No informative external evidence	No informative external hit					No informative hit	infected_diet33_vs50; infection_diet33	Control diet 33; Infected diet 50	6.246152122251318	0.006980344869621393
LOC126320365	NW_026062094.1	40S ribosomal protein SA-like	protein_coding	Diet in infected	Infected 33 vs 50	Downregulated	Included in infected diet 33 vs 50 origin audit	Significant in both mappings	1	Conflicting nucleotide and protein evidence	Non-metazoan only	Fungi	Colletotrichum aenigma;Colletotrichum chrysophilum;Colletotrichum fructicola Nara gc5;Colletotrichum karsti;Colletotrichum siamense;Diaporthe citri	74.233	53	Mixed/ambiguous	infected_diet33_vs50; infection_diet33	Control diet 33; Infected diet 50	6.661701531804028	0.006983998684964658
LOC126329935	NW_026062549.1	heterogeneous nuclear ribonucleoprotein A0-like	protein_coding	Diet in infected	Infected 33 vs 50	Downregulated	Included in infected diet 33 vs 50 origin audit	Significant in both mappings	1	Non-metazoan-only protein hits without nucleotide corroboration	No informative external hit					Non-metazoan candidate	infected_diet33_vs50	Infected diet 50	6.047955390985367	0.006983998684964658
LOC126322390	NW_026062176.1	AMP deaminase-like	protein_coding	Diet in infected	Infected 33 vs 50	Downregulated	Included in infected diet 33 vs 50 origin audit	Significant in both mappings	0.9989200863930886	External nucleotide support from Orthoptera/Arthropoda	Other arthropod	Other Arthropoda	Anopheles arabiensis;Anopheles coustani;Anopheles gambiae;Anopheles moucheti;Anopheles ziemanni	66.355	31	Non-metazoan candidate	infected_diet33_vs50	Infected diet 50	6.33462775696732	0.0070013963843099086
LOC126315353	NW_026061960.1	26S proteasome regulatory subunit 6A-B-like	protein_coding	Diet in infected	Infected 33 vs 50	Downregulated	Included in infected diet 33 vs 50 origin audit	Significant in both mappings	1	External nucleotide support from Orthoptera/Arthropoda	Other arthropod	Other Arthropoda	Apis cerana;Apis dorsata;Bombus affinis;Bombus fervidus;Bombus flavifrons;Bombus huntii;Bombus pascuorum;Bombus terrestris;Bombus vancouverensis nearcticus;Eufriesea mexicana;Frieseomelitta varia;Nicrophorus vespilloides	71.242	41	Mixed/ambiguous	infected_diet33_vs50; infection_diet33	Control diet 33; Infected diet 50	6.344378166323201	0.007047841333402201
LOC126316747	NW_026061988.1	T-cell activation inhibitor, mitochondrial-like	protein_coding	Diet in infected	Infected 33 vs 50	Downregulated	Included in infected diet 33 vs 50 origin audit	Significant in both mappings	1	Non-metazoan-only protein hits without nucleotide corroboration	No informative external hit					Non-metazoan candidate	infected_diet33_vs50; infection_diet33	Control diet 33; Infected diet 50	6.316973030527225	0.007047841333402201
LOC126318626	NW_026062056.1	protein timeless homolog	protein_coding	Diet in infected	Infected 33 vs 50	Downregulated	Included in infected diet 33 vs 50 origin audit	Significant in both mappings	1	Non-metazoan-only protein hits without nucleotide corroboration	No informative external hit					Non-metazoan candidate	infected_diet33_vs50; infection_diet33	Control diet 33; Infected diet 50	6.648649865025595	0.007047841333402201
LOC126320409	NW_026062097.1	myosin heavy chain, cardiac muscle isoform-like	protein_coding	Diet in infected	Infected 33 vs 50	Downregulated	Included in infected diet 33 vs 50 origin audit	Significant in both mappings	1	No informative external evidence	No informative external hit					No informative hit	infected_diet33_vs50	Infected diet 50	6.298974585829194	0.007047841333402201
LOC126332789	NW_026062803.1	uncharacterized LOC126332789	protein_coding	Diet in infected	Infected 33 vs 50	Downregulated	Included in infected diet 33 vs 50 origin audit	Significant in both mappings	1	Mixed protein evidence	No informative external hit					Mixed/ambiguous	infected_diet33_vs50; infection_diet33	Control diet 33; Infected diet 50	6.6183966126813045	0.007047841333402201
LOC126320352	NW_026062094.1	ankyrin repeat, bromo and BTB domain-containing protein DDB_G0293800-like	protein_coding	Diet in infected	Infected 33 vs 50	Downregulated	Included in infected diet 33 vs 50 origin audit	Significant in both mappings	1	Non-metazoan-only protein hits without nucleotide corroboration	No informative external hit					Non-metazoan candidate	infected_diet33_vs50; infection_diet33	Control diet 33; Infected diet 50	6.542652440753009	0.007048968036036343
LOC126322718	NW_026062196.1	nuclear pore complex protein Nup160-like	protein_coding	Diet in infected	Infected 33 vs 50	Downregulated	Included in infected diet 33 vs 50 origin audit	Significant in both mappings	1	Non-metazoan-only protein hits without nucleotide corroboration	No informative external hit					Non-metazoan candidate	infected_diet33_vs50; infection_diet33	Control diet 33; Infected diet 50	6.512828286501384	0.007048968036036343
LOC126324742	NW_026062253.1	U3 small nucleolar ribonucleoprotein protein MPP10-like	protein_coding	Diet in infected	Infected 33 vs 50	Downregulated	Included in infected diet 33 vs 50 origin audit	Significant in both mappings	1	Non-metazoan-only protein hits without nucleotide corroboration	No informative external hit					Non-metazoan candidate	infected_diet33_vs50	Infected diet 50	6.683588666783774	0.007048968036036343
LOC126316737	NW_026061988.1	uncharacterized LOC126316737	protein_coding	Diet in infected	Infected 33 vs 50	Downregulated	Included in infected diet 33 vs 50 origin audit	Significant in both mappings	1	Mixed protein evidence	No informative external hit					Mixed/ambiguous	infected_diet33_vs50; infection_diet33	Control diet 33; Infected diet 50	6.223074728519288	0.007050823096851219
LOC126316916	NW_026062003.1	uncharacterized LOC126316916	protein_coding	Diet in infected	Infected 33 vs 50	Downregulated	Included in infected diet 33 vs 50 origin audit	Significant in both mappings	1	External nucleotide support from other Metazoa	Other metazoan	Other Metazoa	Caenorhabditis remanei	70.396	44	Mixed/ambiguous	infected_diet33_vs50; infection_diet33	Control diet 33; Infected diet 50	6.514236782727279	0.007056312379928337
LOC126318594	NW_026062056.1	protein SCAR-like	protein_coding	Diet in infected	Infected 33 vs 50	Downregulated	Included in infected diet 33 vs 50 origin audit	Significant in both mappings	1	Non-metazoan-only protein hits without nucleotide corroboration	No informative external hit					Non-metazoan candidate	infected_diet33_vs50	Infected diet 50	6.456825375560451	0.007056312379928337
LOC126316754	NW_026061988.1	uncharacterized LOC126316754	protein_coding	Diet in infected	Infected 33 vs 50	Downregulated	Included in infected diet 33 vs 50 origin audit	Significant in both mappings	1	Mixed protein evidence	No informative external hit					Mixed/ambiguous	infected_diet33_vs50; infection_diet33	Control diet 33; Infected diet 50	6.465914056842658	0.00710115939041293
LOC126317497	NW_026062018.1	proteasome subunit alpha type-6-like	protein_coding	Diet in infected	Infected 33 vs 50	Downregulated	Included in infected diet 33 vs 50 origin audit	Significant in both mappings	1	Non-metazoan-only protein hits without nucleotide corroboration	No informative external hit					Non-metazoan candidate	infected_diet33_vs50; infection_diet33	Control diet 33; Infected diet 50	6.347718059207164	0.00710115939041293
LOC126322374	NW_026062176.1	helicase domino-like	protein_coding	Diet in infected	Infected 33 vs 50	Downregulated	Included in infected diet 33 vs 50 origin audit	Significant in both mappings	1	Mixed protein evidence	No informative external hit					Mixed/ambiguous	infected_diet33_vs50; infection_diet33	Control diet 33; Infected diet 50	6.441685748847055	0.00710115939041293
LOC126325525	NW_026062282.1	vacuolar protein sorting-associated protein 51 homolog	protein_coding	Diet in infected	Infected 33 vs 50	Downregulated	Included in infected diet 33 vs 50 origin audit	Significant in both mappings	1	Other-metazoan protein support only	No informative external hit					Other metazoan support	infected_diet33_vs50; infection_diet33	Control diet 33; Infected diet 50	5.963153612885999	0.00710115939041293
LOC126328047	NW_026062425.1	uncharacterized LOC126328047	protein_coding	Diet in infected	Infected 33 vs 50	Downregulated	Included in infected diet 33 vs 50 origin audit	Significant in both mappings	1	Concordant non-metazoan nucleotide and protein hits	Non-metazoan only	Other Eukaryota	Salpingoeca rosetta	65.885	31	Non-metazoan candidate	infected_diet33_vs50; infection_diet33	Control diet 33; Infected diet 50	6.334397200665797	0.00710115939041293
LOC126328215	NW_026062445.1	crustapain-like	protein_coding	Diet in infected	Infected 33 vs 50	Downregulated	Included in infected diet 33 vs 50 origin audit	Significant in both mappings	1	Arthropod/orthopteran protein support only	No informative external hit					Broader arthropod support	infected_diet33_vs50; infection_diet33	Control diet 33; Infected diet 50	6.756688831028426	0.007108956283583619
LOC126316945	NW_026062003.1	uncharacterized LOC126316945	protein_coding	Diet in infected	Infected 33 vs 50	Downregulated	Included in infected diet 33 vs 50 origin audit	Significant in both mappings	1	Non-metazoan-only protein hits without nucleotide corroboration	No informative external hit					Non-metazoan candidate	infected_diet33_vs50; infection_diet33	Control diet 33; Infected diet 50	6.366905482315663	0.007112555599310228
LOC126319874	NW_026062071.1	uncharacterized LOC126319874	protein_coding	Diet in infected	Infected 33 vs 50	Downregulated	Included in infected diet 33 vs 50 origin audit	Significant in both mappings	1	Non-metazoan-only protein hits without nucleotide corroboration	No informative external hit					Non-metazoan candidate	infected_diet33_vs50; infection_diet33	Control diet 33; Infected diet 50	6.177628127929006	0.007204664507389197
LOC126323236	NW_026062217.1	titin-like	protein_coding	Diet in infected	Infected 33 vs 50	Downregulated	Included in infected diet 33 vs 50 origin audit	Significant in both mappings	1	No informative external evidence	No informative external hit					No informative hit	infected_diet33_vs50; infection_diet33	Control diet 33; Infected diet 50	6.275186015506262	0.007227944552602558
LOC126311234	NW_026061838.1	kinase and exchange factor for Rac B-like	protein_coding	Diet in infected	Infected 33 vs 50	Downregulated	Included in infected diet 33 vs 50 origin audit	Significant in both mappings	1	Non-metazoan-only protein hits without nucleotide corroboration	No informative external hit					Non-metazoan candidate	infected_diet33_vs50	Infected diet 50	6.49904670254944	0.007228920115552012
LOC126319965	NW_026062071.1	uncharacterized LOC126319965	protein_coding	Diet in infected	Infected 33 vs 50	Downregulated	Included in infected diet 33 vs 50 origin audit	Significant in both mappings	1	Non-metazoan-only protein hits without nucleotide corroboration	No informative external hit					Non-metazoan candidate	infected_diet33_vs50	Infected diet 50	6.444504835566532	0.007228920115552012
LOC126319915	NW_026062071.1	cullin-4A-like	protein_coding	Diet in infected	Infected 33 vs 50	Downregulated	Included in infected diet 33 vs 50 origin audit	Significant in both mappings	1	Mixed protein evidence	No informative external hit					Mixed/ambiguous	infected_diet33_vs50	Infected diet 50	5.934804498618502	0.007247432668926934
LOC126324752	NW_026062253.1	uncharacterized LOC126324752	protein_coding	Diet in infected	Infected 33 vs 50	Downregulated	Included in infected diet 33 vs 50 origin audit	Significant in both mappings	1	Non-metazoan-only protein hits without nucleotide corroboration	No informative external hit					Non-metazoan candidate	infected_diet33_vs50	Infected diet 50	5.806281492751464	0.007247432668926934
LOC126323895	NW_026062236.1	uncharacterized LOC126323895	protein_coding	Infection + diet	Diet 33: infected vs control; Infected 33 vs 50	Downregulated	Included in infected diet 33 vs 50 origin audit	Significant in both mappings	1	Non-metazoan-only protein hits without nucleotide corroboration	No informative external hit					Non-metazoan candidate	infected_diet33_vs50; infection_diet33	Control diet 33; Infected diet 50	6.3173132545669475	0.0072588709900904625
LOC126319956	NW_026062071.1	uncharacterized LOC126319956	protein_coding	Diet in infected	Infected 33 vs 50	Downregulated	Included in infected diet 33 vs 50 origin audit	Significant in both mappings	1	Mixed protein evidence	No informative external hit					Mixed/ambiguous	infected_diet33_vs50	Infected diet 50	6.53926764033159	0.007307975556423074
LOC126319998	NW_026062071.1	uncharacterized LOC126319998	protein_coding	Diet in infected	Infected 33 vs 50	Downregulated	Included in infected diet 33 vs 50 origin audit	Significant in both mappings	1	Non-metazoan-only protein hits without nucleotide corroboration	No informative external hit					Non-metazoan candidate	infected_diet33_vs50; infection_diet33	Control diet 33; Infected diet 50	6.603726598303151	0.007307975556423074
LOC126313356	NW_026061886.1	hydroxysteroid dehydrogenase-like protein 2	protein_coding	Diet in infected	Infected 33 vs 50	Downregulated	Included in infected diet 33 vs 50 origin audit	Significant in both mappings	1	Conflicting nucleotide and protein evidence	Non-metazoan only	Bacteria	Archangium violaceum	67.327	20	Mixed/ambiguous	infected_diet33_vs50	Infected diet 50	6.074236495778632	0.007324601082655142
LOC126322397	NW_026062176.1	60S ribosomal protein L19-like	protein_coding	Diet in infected	Infected 33 vs 50	Downregulated	Included in infected diet 33 vs 50 origin audit	Significant in both mappings	1	External nucleotide support from Orthoptera/Arthropoda	Other arthropod	Other Arthropoda	Musca vetustissima	71.756	23	Mixed/ambiguous	infected_diet33_vs50; infection_diet33	Control diet 33; Infected diet 50	6.434481376210127	0.007324601082655142
LOC126325520	NW_026062282.1	serine/arginine repetitive matrix protein 1-like	protein_coding	Diet in infected	Infected 33 vs 50	Downregulated	Included in infected diet 33 vs 50 origin audit	Significant in both mappings	1	Non-metazoan-only protein hits without nucleotide corroboration	No informative external hit					No informative hit;Non-metazoan candidate	infected_diet33_vs50; infection_diet33	Control diet 33; Infected diet 50	6.598691230586768	0.007324601082655142
LOC126325522	NW_026062282.1	uncharacterized LOC126325522	protein_coding	Diet in infected	Infected 33 vs 50	Downregulated	Included in infected diet 33 vs 50 origin audit	Significant in both mappings	1	Non-metazoan-only protein hits without nucleotide corroboration	No informative external hit					Non-metazoan candidate	infected_diet33_vs50; infection_diet33	Control diet 33; Infected diet 50	6.166492083236163	0.007324601082655142
LOC126329585	NW_026062521.1	uncharacterized LOC126329585	protein_coding	Diet in infected	Infected 33 vs 50	Downregulated	Included in infected diet 33 vs 50 origin audit	Significant in both mappings	1	Non-metazoan-only protein hits without nucleotide corroboration	No informative external hit					Non-metazoan candidate	infected_diet33_vs50; infection_diet33	Control diet 33; Infected diet 50	6.381165720254739	0.007324601082655142
LOC126330058	NW_026062566.1	uncharacterized LOC126330058	protein_coding	Diet in infected	Infected 33 vs 50	Downregulated	Included in infected diet 33 vs 50 origin audit	Significant in both mappings	1	Non-metazoan-only protein hits without nucleotide corroboration	No informative external hit					Non-metazoan candidate	infected_diet33_vs50; infection_diet33	Control diet 33; Infected diet 50	6.1192409742363765	0.007324601082655142
LOC126311216	NW_026061838.1	uncharacterized LOC126311216	protein_coding	Diet in infected	Infected 33 vs 50	Downregulated	Included in infected diet 33 vs 50 origin audit	Significant in both mappings	1	No informative external evidence	No informative external hit					No informative hit	infected_diet33_vs50	Infected diet 50	6.063595129582647	0.007326530822588288
LOC126319896	NW_026062071.1	uncharacterized LOC126319896	protein_coding	Diet in infected	Infected 33 vs 50	Downregulated	Included in infected diet 33 vs 50 origin audit	Significant in both mappings	1	Mixed protein evidence	No informative external hit					Mixed/ambiguous	infected_diet33_vs50; infection_diet33	Control diet 33; Infected diet 50	6.649080755505054	0.007326530822588288
LOC126322418	NW_026062176.1	uncharacterized LOC126322418	protein_coding	Diet in infected	Infected 33 vs 50	Downregulated	Included in infected diet 33 vs 50 origin audit	Significant in both mappings	1	Mixed protein evidence	No informative external hit					Mixed/ambiguous	infected_diet33_vs50	Infected diet 50	6.388757093507657	0.007326530822588288
LOC126313304	NW_026061886.1	uncharacterized LOC126313304	protein_coding	Diet in infected	Infected 33 vs 50	Downregulated	Included in infected diet 33 vs 50 origin audit	Significant in both mappings	1	Non-metazoan-only protein hits without nucleotide corroboration	No informative external hit					Non-metazoan candidate	infected_diet33_vs50; infection_diet33	Control diet 33; Infected diet 50	6.460895455062158	0.007327166381367203
LOC126317105	NW_026062009.1	uncharacterized LOC126317105	protein_coding	Diet in infected	Infected 33 vs 50	Downregulated	Included in infected diet 33 vs 50 origin audit	Significant in both mappings	1	Non-metazoan-only protein hits without nucleotide corroboration	No informative external hit					Non-metazoan candidate	infected_diet33_vs50	Infected diet 50	6.078858691613311	0.007327166381367203
LOC126318439	NW_026062051.1	valine--tRNA ligase-like	protein_coding	Diet in infected	Infected 33 vs 50	Downregulated	Included in infected diet 33 vs 50 origin audit	Significant in both mappings	1	Concordant non-metazoan nucleotide and protein hits	Non-metazoan only	Bacteria	Sorangium sp. So ce513;uncultured Acidobacteriota bacterium	68.385	23	Non-metazoan candidate	infected_diet33_vs50; infection_diet33	Control diet 33; Infected diet 50	6.261367689046721	0.007327166381367203
LOC126319918	NW_026062071.1	nuclear pore complex protein Nup93-like	protein_coding	Diet in infected	Infected 33 vs 50	Downregulated	Included in infected diet 33 vs 50 origin audit	Significant in both mappings	1	Non-metazoan-only protein hits without nucleotide corroboration	No informative external hit					Non-metazoan candidate	infected_diet33_vs50; infection_diet33	Control diet 33; Infected diet 50	6.672241429365369	0.007327166381367203
LOC126322726	NW_026062196.1	uncharacterized LOC126322726	protein_coding	Diet in infected	Infected 33 vs 50	Downregulated	Included in infected diet 33 vs 50 origin audit	Significant in both mappings	1	No informative external evidence	No informative external hit					No informative hit	infected_diet33_vs50	Infected diet 50	6.23594845375033	0.007327166381367203
LOC126325947	NW_026062302.1	uncharacterized LOC126325947	protein_coding	Diet in infected	Infected 33 vs 50	Downregulated	Included in infected diet 33 vs 50 origin audit	Significant in both mappings	1	No informative external evidence	No informative external hit					No informative hit	infected_diet33_vs50; infection_diet33	Control diet 33; Infected diet 50	6.495164364336767	0.007327166381367203
LOC126332784	NW_026062803.1	uncharacterized LOC126332784	lncRNA	Diet in infected	Infected 33 vs 50	Downregulated	Included in infected diet 33 vs 50 origin audit	Significant in both mappings	1	No informative external evidence	No informative external hit						infected_diet33_vs50; infection_diet33	Control diet 33; Infected diet 50	6.273088121634017	0.007327166381367203
LOC126318332	NW_026062048.1	pre-mRNA-processing factor 40 homolog A-like	protein_coding	Diet in infected	Infected 33 vs 50	Downregulated	Included in infected diet 33 vs 50 origin audit	Significant in both mappings	1	Non-metazoan-only protein hits without nucleotide corroboration	No informative external hit					Non-metazoan candidate	infected_diet33_vs50	Infected diet 50	6.234119753590335	0.007328757722781495
LOC126325515	NW_026062282.1	uncharacterized LOC126325515	protein_coding	Diet in infected	Infected 33 vs 50	Downregulated	Included in infected diet 33 vs 50 origin audit	Significant in both mappings	1	Non-metazoan-only protein hits without nucleotide corroboration	No informative external hit					No informative hit;Non-metazoan candidate	infected_diet33_vs50	Infected diet 50	6.603889142856664	0.007329810502253414
LOC126304973	NW_026061743.1	uncharacterized LOC126304973	protein_coding	Diet in infected	Infected 33 vs 50	Downregulated	Included in infected diet 33 vs 50 origin audit	Significant in both mappings	1	Non-metazoan-only protein hits without nucleotide corroboration	No informative external hit					Non-metazoan candidate	infected_diet33_vs50	Infected diet 50	5.890179287663062	0.007340321673707928
LOC126315226	NW_026061960.1	tRNA-specific 2-thiouridylase MnmA-like	protein_coding	Diet in infected	Infected 33 vs 50	Downregulated	Included in infected diet 33 vs 50 origin audit	Significant in both mappings	1	Non-metazoan-only protein hits without nucleotide corroboration	No informative external hit					Non-metazoan candidate	infected_diet33_vs50	Infected diet 50	6.604237779607601	0.007340321673707928
LOC126320459	NW_026062097.1	uncharacterized LOC126320459	protein_coding	Diet in infected	Infected 33 vs 50	Downregulated	Included in infected diet 33 vs 50 origin audit	Significant in both mappings	1	Non-metazoan-only protein hits without nucleotide corroboration	No informative external hit					Non-metazoan candidate	infected_diet33_vs50	Infected diet 50	6.69505351181718	0.007340321673707928
LOC126320575	NW_026062105.1	uncharacterized LOC126320575	protein_coding	Diet in infected	Infected 33 vs 50	Downregulated	Included in infected diet 33 vs 50 origin audit	Significant in both mappings	1	Non-metazoan-only protein hits without nucleotide corroboration	No informative external hit					Non-metazoan candidate	infected_diet33_vs50; infection_diet33	Control diet 33; Infected diet 50	6.374154431522211	0.007340321673707928
LOC126323244	NW_026062217.1	START domain-containing protein 10-like	protein_coding	Diet in infected	Infected 33 vs 50	Downregulated	Included in infected diet 33 vs 50 origin audit	Significant in both mappings	1	Non-metazoan-only protein hits without nucleotide corroboration	No informative external hit					Non-metazoan candidate	infected_diet33_vs50	Infected diet 50	6.2373359460387015	0.007340321673707928
LOC126324477	NW_026062249.1	uncharacterized LOC126324477	protein_coding	Diet in infected	Infected 33 vs 50	Downregulated	Included in infected diet 33 vs 50 origin audit	Significant in both mappings	1	No informative external evidence	No informative external hit					No informative hit	infected_diet33_vs50; infection_diet33	Control diet 33; Infected diet 50	6.080755902631818	0.007340321673707928
LOC126325476	NW_026062282.1	origin recognition complex subunit 1-like	protein_coding	Diet in infected	Infected 33 vs 50	Downregulated	Included in infected diet 33 vs 50 origin audit	Significant in both mappings	1	Mixed protein evidence	No informative external hit					Mixed/ambiguous	infected_diet33_vs50; infection_diet33	Control diet 33; Infected diet 50	6.551770527158283	0.007340321673707928
LOC126325846	NW_026062299.1	protein Red-like	protein_coding	Diet in infected	Infected 33 vs 50	Downregulated	Included in infected diet 33 vs 50 origin audit	Significant in both mappings	1	Other-metazoan protein support only	No informative external hit					Other metazoan support	infected_diet33_vs50	Infected diet 50	6.679116422372504	0.007340321673707928
LOC126329972	NW_026062553.1	riboflavin biosynthesis protein RibD-like	protein_coding	Diet in infected	Infected 33 vs 50	Downregulated	Included in infected diet 33 vs 50 origin audit	Significant in both mappings	1	Non-metazoan-only protein hits without nucleotide corroboration	No informative external hit					Non-metazoan candidate	infected_diet33_vs50; infection_diet33	Control diet 33; Infected diet 50	6.2904443732163315	0.007340321673707928
LOC126304750	NW_026061732.1	ATP-dependent zinc metalloprotease FtsH-like	protein_coding	Diet in infected	Infected 33 vs 50	Downregulated	Included in infected diet 33 vs 50 origin audit	Significant in both mappings	1	Concordant non-metazoan nucleotide and protein hits	Non-metazoan only	Bacteria	Prevotella intermedia;Spirosoma sp. KUDC1026	66.704	38	Non-metazoan candidate	infected_diet33_vs50; infection_diet33	Control diet 33; Infected diet 50	6.513017337511529	0.0073641289976196945
LOC126320486	NW_026062097.1	uncharacterized LOC126320486	protein_coding	Diet in infected	Infected 33 vs 50	Downregulated	Included in infected diet 33 vs 50 origin audit	Significant in both mappings	1	No informative external evidence	No informative external hit					No informative hit	infected_diet33_vs50	Infected diet 50	6.221350412322207	0.0074116976856548195
LOC126322531	NW_026062185.1	ras GTPase-activating-like protein rgaA	protein_coding	Diet in infected	Infected 33 vs 50	Downregulated	Included in infected diet 33 vs 50 origin audit	Significant in both mappings	1	Mixed protein evidence	No informative external hit					Mixed/ambiguous	infected_diet33_vs50; infection_diet33	Control diet 33; Infected diet 50	5.927243542462785	0.007434349974393145
LOC126322386	NW_026062176.1	glyceraldehyde-3-phosphate dehydrogenase-like	protein_coding	Diet in infected	Infected 33 vs 50	Downregulated	Included in infected diet 33 vs 50 origin audit	Significant in both mappings	1	Conflicting nucleotide and protein evidence	Non-metazoan only	Other Eukaryota	Phytophthora cinnamomi	71.132	39	Mixed/ambiguous	infected_diet33_vs50; infection_diet33	Control diet 33; Infected diet 50	6.147230421476221	0.007440453463019068
LOC126311233	NW_026061838.1	uncharacterized LOC126311233	protein_coding	Diet in infected	Infected 33 vs 50	Downregulated	Included in infected diet 33 vs 50 origin audit	Significant in both mappings	1	Mixed protein evidence	No informative external hit					Mixed/ambiguous	infected_diet33_vs50	Infected diet 50	6.152107087278184	0.007453987047109931
LOC126318310	NW_026062048.1	chaperone protein DnaK-like	protein_coding	Diet in infected	Infected 33 vs 50	Downregulated	Included in infected diet 33 vs 50 origin audit	Significant in both mappings	1.0004739336492892	Mixed external nucleotide evidence	Mixed metazoan/non-metazoan	Bacteria;Other Arthropoda	Aurantimonas sp. HBX-1;bacterium;Glyphodes pyloalis;Marinivivus vitaminiproducens;Mesorhizobium sp. 131-2-1;Mesorhizobium sp. M1E.F.Ca.ET.045.02.1.1;Rhodoligotrophos ferricapiens;Sphingomonas parapaucimobilis;uncultured Alphaproteobacteria bacterium	71.092	52	Mixed/ambiguous	infected_diet33_vs50; infection_diet33	Control diet 33; Infected diet 50	6.3143790065538	0.007453987047109931
LOC126322236	NW_026062171.1	elongation factor Tu-like	protein_coding	Diet in infected	Infected 33 vs 50	Downregulated	Included in infected diet 33 vs 50 origin audit	Significant in both mappings	1	Concordant non-metazoan nucleotide and protein hits	Non-metazoan only	Other Eukaryota	Vermamoeba vermiformis	69.531	45	Non-metazoan candidate	infected_diet33_vs50; infection_diet33	Control diet 33; Infected diet 50	6.045595221548922	0.007453987047109931
LOC126325829	NW_026062299.1	uncharacterized LOC126325829	protein_coding	Diet in infected	Infected 33 vs 50	Downregulated	Included in infected diet 33 vs 50 origin audit	Significant in both mappings	1	External nucleotide support from Orthoptera/Arthropoda	Other arthropod	Other Arthropoda	Anopheles arabiensis;Anopheles coluzzii;Anopheles gambiae;Anopheles merus	66.593	24	Non-metazoan candidate	infected_diet33_vs50	Infected diet 50	5.875410687762891	0.007528614408975061
LOC126313364	NW_026061886.1	counting factor 60-like	protein_coding	Diet in infected	Infected 33 vs 50	Downregulated	Included in infected diet 33 vs 50 origin audit	Significant in both mappings	1	Non-metazoan-only protein hits without nucleotide corroboration	No informative external hit					Non-metazoan candidate	infected_diet33_vs50; infection_diet33	Control diet 33; Infected diet 50	6.2601666741576825	0.007543775126650675
LOC126315278	NW_026061960.1	leucine-rich repeat-containing protein 40-like	protein_coding	Diet in infected	Infected 33 vs 50	Downregulated	Included in infected diet 33 vs 50 origin audit	Significant in both mappings	1	No informative external evidence	No informative external hit					No informative hit	infected_diet33_vs50	Infected diet 50	6.63704974138425	0.007543775126650675
LOC126324550	NW_026062249.1	uncharacterized LOC126324550	protein_coding	Diet in infected	Infected 33 vs 50	Downregulated	Included in infected diet 33 vs 50 origin audit	Significant in both mappings	1	Non-metazoan-only protein hits without nucleotide corroboration	No informative external hit					Non-metazoan candidate	infected_diet33_vs50	Infected diet 50	6.003274122605246	0.007543775126650675
LOC126329970	NW_026062553.1	uncharacterized LOC126329970	protein_coding	Diet in infected	Infected 33 vs 50	Downregulated	Included in infected diet 33 vs 50 origin audit	Significant in both mappings	1.001508295625943	Non-metazoan-only protein hits without nucleotide corroboration	No informative external hit					Non-metazoan candidate	infected_diet33_vs50; infection_diet33	Control diet 33; Infected diet 50	6.2112057882540395	0.007543775126650675
LOC126323721	NW_026062229.1	uncharacterized LOC126323721	protein_coding	Diet in infected	Infected 33 vs 50	Downregulated	Included in infected diet 33 vs 50 origin audit	Significant in both mappings	1	Non-metazoan-only protein hits without nucleotide corroboration	No informative external hit					Non-metazoan candidate	infected_diet33_vs50; infection_diet33	Control diet 33; Infected diet 50	6.015341904677298	0.007560558434721086
LOC126316781	NW_026061988.1	protein pirA-like	protein_coding	Diet in infected	Infected 33 vs 50	Downregulated	Included in infected diet 33 vs 50 origin audit	Significant in both mappings	1	Non-metazoan-only protein hits without nucleotide corroboration	No informative external hit					Non-metazoan candidate	infected_diet33_vs50	Infected diet 50	6.140230109681322	0.007581263018889526
LOC126316975	NW_026062003.1	transcription factor mef2A-like	protein_coding	Diet in infected	Infected 33 vs 50	Downregulated	Included in infected diet 33 vs 50 origin audit	Significant in both mappings	1	Non-metazoan-only protein hits without nucleotide corroboration	No informative external hit					Non-metazoan candidate	infected_diet33_vs50; infection_diet33	Control diet 33; Infected diet 50	6.239137415559257	0.007581263018889526
LOC126322623	NW_026062185.1	DNA-directed RNA polymerase III subunit RPC1-like	protein_coding	Diet in infected	Infected 33 vs 50	Downregulated	Included in infected diet 33 vs 50 origin audit	Significant in both mappings	1	Conflicting nucleotide and protein evidence	Non-metazoan only	Other Eukaryota	Rostrostelium ellipticum	68.728	38	Mixed/ambiguous	infected_diet33_vs50; infection_diet33	Control diet 33; Infected diet 50	6.23331150582741	0.007581263018889526
LOC126328063	NW_026062425.1	succinate dehydrogenase [ubiquinone] iron-sulfur subunit-like	protein_coding	Diet in infected	Infected 33 vs 50	Downregulated	Included in infected diet 33 vs 50 origin audit	Significant in both mappings	1	Concordant non-metazoan nucleotide and protein hits	Non-metazoan only	Other Eukaryota	Mantamonas sphyraenae	72	21	Non-metazoan candidate	infected_diet33_vs50; infection_diet33	Control diet 33; Infected diet 50	6.238688679604857	0.007581263018889526
LOC126326123	NW_026062325.1	uncharacterized LOC126326123	protein_coding	Diet in infected	Infected 33 vs 50	Downregulated	Included in infected diet 33 vs 50 origin audit	Significant in both mappings	1	Non-metazoan-only protein hits without nucleotide corroboration	No informative external hit					Non-metazoan candidate	infected_diet33_vs50; infection_diet33	Control diet 33; Infected diet 50	6.388279556455058	0.007583308732196496
LOC126317502	NW_026062018.1	5'-AMP-activated protein kinase subunit gamma-1-like	protein_coding	Diet in infected	Infected 33 vs 50	Downregulated	Included in infected diet 33 vs 50 origin audit	Significant in both mappings	1	Non-metazoan-only protein hits without nucleotide corroboration	No informative external hit					Non-metazoan candidate	infected_diet33_vs50	Infected diet 50	6.474855053564683	0.007589969437391947
LOC126318279	NW_026062048.1	uncharacterized LOC126318279	protein_coding	Diet in infected	Infected 33 vs 50	Downregulated	Included in infected diet 33 vs 50 origin audit	Significant in both mappings	1	No informative external evidence	No informative external hit					No informative hit	infected_diet33_vs50	Infected diet 50	6.29815902204145	0.007589969437391947
LOC126332410	NW_026062750.1	endonuclease III-like protein 1	protein_coding	Diet in infected	Infected 33 vs 50	Downregulated	Included in infected diet 33 vs 50 origin audit	Significant in both mappings	1	Mixed protein evidence	No informative external hit					Mixed/ambiguous	infected_diet33_vs50	Infected diet 50	6.645155104961946	0.007589969437391947
LOC126332763	NW_026062795.1	WD repeat-containing protein DDB_G0349043-like	protein_coding	Infection + diet	Diet 33: infected vs control; Infected 33 vs 50	Downregulated	Included in infected diet 33 vs 50 origin audit	Significant in both mappings	1	Non-metazoan-only protein hits without nucleotide corroboration	No informative external hit					Non-metazoan candidate	infected_diet33_vs50; infection_diet33	Control diet 33; Infected diet 50	6.108872644179245	0.007589969437391947
LOC126304997	NW_026061743.1	ras guanine nucleotide exchange factor S-like	protein_coding	Diet in infected	Infected 33 vs 50	Downregulated	Included in infected diet 33 vs 50 origin audit	Significant in both mappings	1	Non-metazoan-only protein hits without nucleotide corroboration	No informative external hit					Non-metazoan candidate	infected_diet33_vs50	Infected diet 50	5.981562380366975	0.007638041268590609
LOC126313371	NW_026061886.1	RNA cytidine acetyltransferase-like	protein_coding	Diet in infected	Infected 33 vs 50	Downregulated	Included in infected diet 33 vs 50 origin audit	Significant in both mappings	1	Conflicting nucleotide and protein evidence	Non-metazoan only	Fungi	Linderina pennispora	68.108	31	Mixed/ambiguous	infected_diet33_vs50; infection_diet33	Control diet 33; Infected diet 50	6.919206940700048	0.007638041268590609
LOC126314420	NW_026061953.1	protein HID1-like	protein_coding	Diet in infected	Infected 33 vs 50	Downregulated	Included in infected diet 33 vs 50 origin audit	Significant in both mappings	1	Non-metazoan-only protein hits without nucleotide corroboration	No informative external hit					Non-metazoan candidate	infected_diet33_vs50; infection_diet33	Control diet 33; Infected diet 50	6.470835460723129	0.007638041268590609
LOC126318345	NW_026062048.1	monoacylglycerol lipase ABHD2	protein_coding	Diet in infected	Infected 33 vs 50	Downregulated	Included in infected diet 33 vs 50 origin audit	Significant in both mappings	1	Mixed protein evidence	No informative external hit					Mixed/ambiguous	infected_diet33_vs50	Infected diet 50	5.95661402320918	0.007638041268590609
LOC126320001	NW_026062071.1	uncharacterized LOC126320001	protein_coding	Diet in infected	Infected 33 vs 50	Downregulated	Included in infected diet 33 vs 50 origin audit	Significant in both mappings	1	Non-metazoan-only protein hits without nucleotide corroboration	No informative external hit					Non-metazoan candidate	infected_diet33_vs50; infection_diet33	Control diet 33; Infected diet 50	5.883650854826954	0.007638041268590609
LOC126322417	NW_026062176.1	proteoglycan 4-like	protein_coding	Diet in infected	Infected 33 vs 50	Downregulated	Included in infected diet 33 vs 50 origin audit	Significant in both mappings	1	No informative external evidence	No informative external hit					No informative hit	infected_diet33_vs50; infection_diet33	Control diet 33; Infected diet 50	6.094549328776314	0.007638041268590609
LOC126324490	NW_026062249.1	uncharacterized LOC126324490	protein_coding	Diet in infected	Infected 33 vs 50	Downregulated	Included in infected diet 33 vs 50 origin audit	Significant in both mappings	1	No informative external evidence	No informative external hit					No informative hit	infected_diet33_vs50; infection_diet33	Control diet 33; Infected diet 50	6.316133282718342	0.007638041268590609
LOC126332406	NW_026062750.1	uncharacterized LOC126332406	protein_coding	Diet in infected	Infected 33 vs 50	Downregulated	Included in infected diet 33 vs 50 origin audit	Significant in both mappings	1	Mixed external nucleotide evidence	Mixed metazoan/non-metazoan	Fungi;Other Metazoa	Blastobotrys vanleenenianus;Brettanomyces nanus;Candidozyma auris;Candidozyma auris B8441;Gamsiella multidivaricata;Lipomyces chichibuensis;Lipomyces doorenjongii;Oncorhynchus clarkii lewisi;Oncorhynchus gorbuscha;Oncorhynchus keta;Oncorhynchus kisutch;Oncorhynchus masou masou;Oncorhynchus nerka;Oncorhynchus tshawytscha;Salvelinus alpinus;Salvelinus sp. IW2-2015	74.972	39	Mixed/ambiguous	infected_diet33_vs50; infection_diet33	Control diet 33; Infected diet 50	6.074479390962398	0.007638041268590609
LOC126322590	NW_026062185.1	leucine-rich repeat protein SHOC-2-like	protein_coding	Diet in infected	Infected 33 vs 50	Downregulated	Included in infected diet 33 vs 50 origin audit	Significant in both mappings	1	Non-metazoan-only protein hits without nucleotide corroboration	No informative external hit					Non-metazoan candidate	infected_diet33_vs50	Infected diet 50	6.92149107364206	0.007641858960210443
LOC126315314	NW_026061960.1	probable N-acetyl-LL-diaminopimelate aminotransferase	protein_coding	Diet in infected	Infected 33 vs 50	Downregulated	Included in infected diet 33 vs 50 origin audit	Significant in both mappings	1	Non-metazoan-only protein hits without nucleotide corroboration	No informative external hit					Non-metazoan candidate	infected_diet33_vs50; infection_diet33	Control diet 33; Infected diet 50	6.174472437729867	0.00764702758162467
LOC126317455	NW_026062018.1	antizyme inhibitor 2-like	protein_coding	Diet in infected	Infected 33 vs 50	Downregulated	Included in infected diet 33 vs 50 origin audit	Significant in both mappings	1	Mixed protein evidence	No informative external hit					Mixed/ambiguous	infected_diet33_vs50	Infected diet 50	6.204131328845324	0.00764702758162467
LOC126322685	NW_026062196.1	NAD kinase-like	protein_coding	Diet in infected	Infected 33 vs 50	Downregulated	Included in infected diet 33 vs 50 origin audit	Significant in both mappings	1	Concordant non-metazoan nucleotide and protein hits	Non-metazoan only	Fungi	Linderina pennispora	71.681	21	Non-metazoan candidate	infected_diet33_vs50; infection_diet33	Control diet 33; Infected diet 50	6.135656192472238	0.00764702758162467
LOC126315440	NW_026061960.1	probable methionine--tRNA ligase, cytoplasmic	protein_coding	Diet in infected	Infected 33 vs 50	Downregulated	Included in infected diet 33 vs 50 origin audit	Significant in both mappings	1	Concordant non-metazoan nucleotide and protein hits	Non-metazoan only	Other Eukaryota	Blastocystis hominis	67.095	25	Non-metazoan candidate	infected_diet33_vs50; infection_diet33	Control diet 33; Infected diet 50	6.066712269762047	0.0076477633440903674
LOC126326032	NW_026062315.1	sister chromatid cohesion protein PDS5 homolog A-like	protein_coding	Diet in infected	Infected 33 vs 50	Downregulated	Included in infected diet 33 vs 50 origin audit	Significant in both mappings	1	Non-metazoan-only protein hits without nucleotide corroboration	No informative external hit					Non-metazoan candidate	infected_diet33_vs50; infection_diet33	Control diet 33; Infected diet 50	6.049216096171974	0.0076477633440903674
LOC126313340	NW_026061886.1	26S proteasome regulatory subunit 10B-like	protein_coding	Diet in infected	Infected 33 vs 50	Downregulated	Included in infected diet 33 vs 50 origin audit	Significant in both mappings	1	Mixed protein evidence	No informative external hit					Mixed/ambiguous	infected_diet33_vs50; infection_diet33	Control diet 33; Infected diet 50	6.247823471179698	0.007666819506240181
LOC126316772	NW_026061988.1	brefeldin A-inhibited guanine nucleotide-exchange protein 2-like	protein_coding	Diet in infected	Infected 33 vs 50	Downregulated	Included in infected diet 33 vs 50 origin audit	Significant in both mappings	1	Non-metazoan-only protein hits without nucleotide corroboration	No informative external hit					Non-metazoan candidate	infected_diet33_vs50; infection_diet33	Control diet 33; Infected diet 50	6.0874613682423355	0.007675799013439478
LOC126315223	NW_026061960.1	ras-related C3 botulinum toxin substrate 1-like	protein_coding	Diet in infected	Infected 33 vs 50	Downregulated	Included in infected diet 33 vs 50 origin audit	Significant in both mappings	1	Mixed protein evidence	No informative external hit					Mixed/ambiguous	infected_diet33_vs50	Infected diet 50	6.258842918836581	0.007684638305371979
LOC126319885	NW_026062071.1	crustapain-like	protein_coding	Infection + diet	Diet 33: infected vs control; Infected 33 vs 50	Downregulated	Included in infected diet 33 vs 50 origin audit	Significant in both mappings	1	Non-metazoan-only protein hits without nucleotide corroboration	No informative external hit					Non-metazoan candidate	infected_diet33_vs50; infection_diet33	Control diet 33; Infected diet 50	5.872232313087395	0.007684638305371979
LOC126319849	NW_026062071.1	uncharacterized LOC126319849	protein_coding	Diet in infected	Infected 33 vs 50	Downregulated	Included in infected diet 33 vs 50 origin audit	Significant in both mappings	1	External nucleotide support from Orthoptera/Arthropoda	Other arthropod	Other Arthropoda	Microcrambon paphiellus;Stegosatyrus periphas;Tegosa claudina;Telenassa jana	71.661	23	Non-metazoan candidate	infected_diet33_vs50; infection_diet33	Control diet 33; Infected diet 50	6.67049283520368	0.00770409608011513
LOC126320384	NW_026062097.1	uncharacterized LOC126320384	lncRNA	Diet in infected	Infected 33 vs 50	Downregulated	Included in infected diet 33 vs 50 origin audit	Significant in both mappings	1	No informative external evidence	No informative external hit						infected_diet33_vs50; infection_diet33	Control diet 33; Infected diet 50	6.176737551855635	0.00770409608011513
LOC126320416	NW_026062097.1	FACT complex subunit SPT16-like	protein_coding	Diet in infected	Infected 33 vs 50	Downregulated	Included in infected diet 33 vs 50 origin audit	Significant in both mappings	1	Non-metazoan-only protein hits without nucleotide corroboration	No informative external hit					Non-metazoan candidate	infected_diet33_vs50; infection_diet33	Control diet 33; Infected diet 50	6.5141170837605795	0.00770409608011513
LOC126320456	NW_026062097.1	uncharacterized LOC126320456	protein_coding	Diet in infected	Infected 33 vs 50	Downregulated	Included in infected diet 33 vs 50 origin audit	Significant in both mappings	1	Non-metazoan-only protein hits without nucleotide corroboration	No informative external hit					Non-metazoan candidate	infected_diet33_vs50	Infected diet 50	6.346474412290358	0.00770409608011513
LOC126323716	NW_026062229.1	uncharacterized LOC126323716	protein_coding	Diet in infected	Infected 33 vs 50	Downregulated	Included in infected diet 33 vs 50 origin audit	Significant in both mappings	1	Concordant non-metazoan nucleotide and protein hits	Non-metazoan only	Plants	Mantoniella tinhauana	67.919	29	Non-metazoan candidate	infected_diet33_vs50; infection_diet33	Control diet 33; Infected diet 50	5.984340066842513	0.00770409608011513
LOC126323910	NW_026062236.1	uncharacterized LOC126323910	protein_coding	Diet in infected	Infected 33 vs 50	Downregulated	Included in infected diet 33 vs 50 origin audit	Significant in both mappings	1	No informative external evidence	No informative external hit					No informative hit	infected_diet33_vs50; infection_diet33	Control diet 33; Infected diet 50	6.610454485201176	0.00770409608011513
LOC126323897	NW_026062236.1	3-mercaptopyruvate sulfurtransferase-like	protein_coding	Diet in infected	Infected 33 vs 50	Downregulated	Included in infected diet 33 vs 50 origin audit	Significant in both mappings	1	Mixed protein evidence	No informative external hit					Mixed/ambiguous	infected_diet33_vs50	Infected diet 50	6.109383947959644	0.007718602345698244
LOC126313349	NW_026061886.1	uncharacterized LOC126313349	protein_coding	Diet in infected	Infected 33 vs 50	Downregulated	Included in infected diet 33 vs 50 origin audit	Significant in both mappings	1	Conflicting nucleotide and protein evidence	Non-metazoan only	Fungi	Gloeophyllum trabeum ATCC 11539	72.085	30	Mixed/ambiguous	infected_diet33_vs50; infection_diet33	Control diet 33; Infected diet 50	6.457007420444763	0.007799936986406263
LOC126317001	NW_026062003.1	uncharacterized LOC126317001	protein_coding	Diet in infected	Infected 33 vs 50	Downregulated	Included in infected diet 33 vs 50 origin audit	Significant in both mappings	1	Mixed protein evidence	No informative external hit					Mixed/ambiguous	infected_diet33_vs50; infection_diet33	Control diet 33; Infected diet 50	6.195854812761537	0.007800480941423563
LOC126314450	NW_026061953.1	E3 ubiquitin-protein transferase MAEA-like	protein_coding	Diet in infected	Infected 33 vs 50	Downregulated	Included in infected diet 33 vs 50 origin audit	Significant in both mappings	1	Non-metazoan-only protein hits without nucleotide corroboration	No informative external hit					Non-metazoan candidate	infected_diet33_vs50	Infected diet 50	6.294827921506038	0.00783011852717511
LOC126317486	NW_026062018.1	ribosome maturation protein SBDS-like	protein_coding	Diet in infected	Infected 33 vs 50	Downregulated	Included in infected diet 33 vs 50 origin audit	Significant in both mappings	1	Mixed protein evidence	No informative external hit					Mixed/ambiguous;No informative hit	infected_diet33_vs50	Infected diet 50	5.478747796111001	0.00783011852717511
LOC126319951	NW_026062071.1	phosphatidylinositol 4-kinase-like	protein_coding	Diet in infected	Infected 33 vs 50	Downregulated	Included in infected diet 33 vs 50 origin audit	Significant in both mappings	1	Non-metazoan-only protein hits without nucleotide corroboration	No informative external hit					Non-metazoan candidate	infected_diet33_vs50	Infected diet 50	6.356931776032287	0.00783011852717511
LOC126324489	NW_026062249.1	dynein heavy chain, cytoplasmic-like	protein_coding	Diet in infected	Infected 33 vs 50	Downregulated	Included in infected diet 33 vs 50 origin audit	Significant in both mappings	1	Non-metazoan-only protein hits without nucleotide corroboration	No informative external hit					Non-metazoan candidate	infected_diet33_vs50	Infected diet 50	5.8529800082230645	0.00783011852717511
LOC126326119	NW_026062325.1	uncharacterized LOC126326119	protein_coding	Diet in infected	Infected 33 vs 50	Downregulated	Included in infected diet 33 vs 50 origin audit	Significant in both mappings	1	Non-metazoan-only protein hits without nucleotide corroboration	No informative external hit					Non-metazoan candidate	infected_diet33_vs50; infection_diet33	Control diet 33; Infected diet 50	5.981939836371135	0.00783011852717511
LOC126332393	NW_026062747.1	DNA-directed RNA polymerase I subunit rpa1-like	protein_coding	Diet in infected	Infected 33 vs 50	Downregulated	Included in infected diet 33 vs 50 origin audit	Significant in both mappings	1	Non-metazoan-only protein hits without nucleotide corroboration	No informative external hit					Non-metazoan candidate	infected_diet33_vs50; infection_diet33	Control diet 33; Infected diet 50	6.125553099815345	0.00783011852717511
LOC126316762	NW_026061988.1	uncharacterized LOC126316762	protein_coding	Diet in infected	Infected 33 vs 50	Downregulated	Included in infected diet 33 vs 50 origin audit	Significant in both mappings	1	No informative external evidence	No informative external hit					No informative hit	infected_diet33_vs50; infection_diet33	Control diet 33; Infected diet 50	6.305158667575461	0.0078422441500904
LOC126322575	NW_026062185.1	uncharacterized LOC126322575	protein_coding	Diet in infected	Infected 33 vs 50	Downregulated	Included in infected diet 33 vs 50 origin audit	Significant in both mappings	1	Non-metazoan-only protein hits without nucleotide corroboration	No informative external hit					Non-metazoan candidate	infected_diet33_vs50	Infected diet 50	6.509468249204859	0.0078422441500904
LOC126329978	NW_026062553.1	uncharacterized LOC126329978	protein_coding	Diet in infected	Infected 33 vs 50	Downregulated	Included in infected diet 33 vs 50 origin audit	Significant in both mappings	1	Mixed protein evidence	No informative external hit					Mixed/ambiguous	infected_diet33_vs50	Infected diet 50	6.566733348139198	0.007923421841426605
LOC126316825	NW_026061988.1	DNA replication licensing factor MCM2-like	protein_coding	Diet in infected	Infected 33 vs 50	Downregulated	Included in infected diet 33 vs 50 origin audit	Significant in both mappings	1	Conflicting nucleotide and protein evidence	Non-metazoan only	Fungi	Fomitopsis serialis	73.094	23	Mixed/ambiguous	infected_diet33_vs50	Infected diet 50	6.549241111210221	0.007949403523533497
LOC126320424	NW_026062097.1	uncharacterized LOC126320424	protein_coding	Diet in infected	Infected 33 vs 50	Downregulated	Included in infected diet 33 vs 50 origin audit	Significant in both mappings	1	No informative external evidence	No informative external hit					No informative hit	infected_diet33_vs50; infection_diet33	Control diet 33; Infected diet 50	6.216783954878397	0.007953336930302018
LOC126326530	NW_026062344.1	ras-related C3 botulinum toxin substrate 1-like	protein_coding	Diet in infected	Infected 33 vs 50	Downregulated	Included in infected diet 33 vs 50 origin audit	Significant in both mappings	1	Non-metazoan-only protein hits without nucleotide corroboration	No informative external hit					Non-metazoan candidate	infected_diet33_vs50	Infected diet 50	6.453726428213411	0.007953336930302018
LOC126331442	NW_026062676.1	uncharacterized LOC126331442	protein_coding	Diet in infected	Infected 33 vs 50	Downregulated	Included in infected diet 33 vs 50 origin audit	Significant in both mappings	1	Non-metazoan-only protein hits without nucleotide corroboration	No informative external hit					Non-metazoan candidate	infected_diet33_vs50	Infected diet 50	6.054901968334004	0.007966782772932664
LOC126318272	NW_026062048.1	uncharacterized LOC126318272	protein_coding	Diet in infected	Infected 33 vs 50	Downregulated	Included in infected diet 33 vs 50 origin audit	Significant in both mappings	1	Mixed protein evidence	No informative external hit					Mixed/ambiguous	infected_diet33_vs50; infection_diet33	Control diet 33; Infected diet 50	6.079418784934994	0.00796966948736726
LOC126313387	NW_026061886.1	ER membrane protein complex subunit 1-like	protein_coding	Diet in infected	Infected 33 vs 50	Downregulated	Included in infected diet 33 vs 50 origin audit	Significant in both mappings	1	Other-metazoan protein support only	No informative external hit					Other metazoan support	infected_diet33_vs50; infection_diet33	Control diet 33; Infected diet 50	6.342725600700509	0.007973330202216767
LOC126311239	NW_026061838.1	uncharacterized LOC126311239	protein_coding	Diet in infected	Infected 33 vs 50	Downregulated	Included in infected diet 33 vs 50 origin audit	Significant in both mappings	1	No informative external evidence	No informative external hit					No informative hit	infected_diet33_vs50; infection_diet33	Control diet 33; Infected diet 50	5.944672840423418	0.007993083544623856
LOC126326053	NW_026062315.1	uncharacterized LOC126326053	protein_coding	Diet in infected	Infected 33 vs 50	Downregulated	Included in infected diet 33 vs 50 origin audit	Significant in both mappings	1	Non-metazoan-only protein hits without nucleotide corroboration	No informative external hit					Non-metazoan candidate	infected_diet33_vs50	Infected diet 50	6.188985551192499	0.007993083544623856
LOC126315347	NW_026061960.1	metaxin-3-like	protein_coding	Diet in infected	Infected 33 vs 50	Downregulated	Included in infected diet 33 vs 50 origin audit	Significant in both mappings	1	Non-metazoan-only protein hits without nucleotide corroboration	No informative external hit					Non-metazoan candidate	infected_diet33_vs50; infection_diet33	Control diet 33; Infected diet 50	6.307928062648403	0.008008936674082485
LOC126315451	NW_026061960.1	uncharacterized LOC126315451	protein_coding	Diet in infected	Infected 33 vs 50	Downregulated	Included in infected diet 33 vs 50 origin audit	Significant in both mappings	1	No informative external evidence	No informative external hit					No informative hit	infected_diet33_vs50; infection_diet33	Control diet 33; Infected diet 50	6.1986233667981505	0.008011058100154553
LOC126325882	NW_026062299.1	uncharacterized LOC126325882	protein_coding	Diet in infected	Infected 33 vs 50	Downregulated	Included in infected diet 33 vs 50 origin audit	Significant in both mappings	1	No informative external evidence	No informative external hit					No informative hit	infected_diet33_vs50; infection_diet33	Control diet 33; Infected diet 50	6.638840239017521	0.008011058100154553
LOC126316808	NW_026061988.1	importin-5-like	protein_coding	Diet in infected	Infected 33 vs 50	Downregulated	Included in infected diet 33 vs 50 origin audit	Significant in both mappings	1	Non-metazoan-only protein hits without nucleotide corroboration	No informative external hit					Non-metazoan candidate	infected_diet33_vs50	Infected diet 50	5.9526488551502474	0.008013743825322628
LOC126329995	NW_026062553.1	nuclear pore complex protein DDB_G0274915-like	protein_coding	Diet in infected	Infected 33 vs 50	Downregulated	Included in infected diet 33 vs 50 origin audit	Significant in both mappings	1	Non-metazoan-only protein hits without nucleotide corroboration	No informative external hit					Non-metazoan candidate	infected_diet33_vs50; infection_diet33	Control diet 33; Infected diet 50	5.87728374836649	0.008013743825322628
LOC126320583	NW_026062105.1	uncharacterized LOC126320583	protein_coding	Diet in infected	Infected 33 vs 50	Downregulated	Included in infected diet 33 vs 50 origin audit	Significant in both mappings	1	No informative external evidence	No informative external hit					No informative hit	infected_diet33_vs50	Infected diet 50	5.978456543373649	0.00809019354554868
LOC126320771	NW_026062120.1	mucin-1-like	protein_coding	Diet in infected	Infected 33 vs 50	Downregulated	Included in infected diet 33 vs 50 origin audit	Significant in both mappings	0.999644760213144	No informative external evidence	No informative external hit					No informative hit	infected_diet33_vs50	Infected diet 50	5.910556633165997	0.00809019354554868
LOC126304742	NW_026061732.1	filamin-C-like	protein_coding	Diet in infected	Infected 33 vs 50	Downregulated	Included in infected diet 33 vs 50 origin audit	Significant in both mappings	1	Mixed protein evidence	No informative external hit					Mixed/ambiguous	infected_diet33_vs50; infection_diet33	Control diet 33; Infected diet 50	6.126133220563533	0.008101845358155694
LOC126324522	NW_026062249.1	uncharacterized LOC126324522	protein_coding	Diet in infected	Infected 33 vs 50	Downregulated	Included in infected diet 33 vs 50 origin audit	Significant in both mappings	1	No informative external evidence	No informative external hit					No informative hit	infected_diet33_vs50; infection_diet33	Control diet 33; Infected diet 50	5.857964958170168	0.008101845358155694
LOC126313301	NW_026061886.1	uncharacterized LOC126313301	lncRNA	Diet in infected	Infected 33 vs 50	Downregulated	Included in infected diet 33 vs 50 origin audit	Significant in both mappings	1	No informative external evidence	No informative external hit						infected_diet33_vs50; infection_diet33	Control diet 33; Infected diet 50	6.025853531336618	0.00810545567159705
LOC126316678	NW_026061985.1	uncharacterized LOC126316678	protein_coding	Diet in infected	Infected 33 vs 50	Downregulated	Included in infected diet 33 vs 50 origin audit	Significant in both mappings	1	External nucleotide support from Orthoptera/Arthropoda	Other arthropod	Other Arthropoda	Polistes fuscatus;Thermobia domestica	73.6	25	Non-metazoan candidate	infected_diet33_vs50; infection_diet33	Control diet 33; Infected diet 50	6.2589880332544725	0.00810545567159705
LOC126316786	NW_026061988.1	nck-associated protein 1 homolog	protein_coding	Diet in infected	Infected 33 vs 50	Downregulated	Included in infected diet 33 vs 50 origin audit	Significant in both mappings	1	Non-metazoan-only protein hits without nucleotide corroboration	No informative external hit					Non-metazoan candidate	infected_diet33_vs50; infection_diet33	Control diet 33; Infected diet 50	6.407431331341761	0.00810545567159705
LOC126316935	NW_026062003.1	coatomer subunit beta'-like	protein_coding	Diet in infected	Infected 33 vs 50	Downregulated	Included in infected diet 33 vs 50 origin audit	Significant in both mappings	1	Mixed protein evidence	No informative external hit					Mixed/ambiguous	infected_diet33_vs50; infection_diet33	Control diet 33; Infected diet 50	6.155199721066092	0.00810545567159705
LOC126325492	NW_026062282.1	uncharacterized LOC126325492	protein_coding	Diet in infected	Infected 33 vs 50	Downregulated	Included in infected diet 33 vs 50 origin audit	Significant in both mappings	1	Mixed protein evidence	No informative external hit					Mixed/ambiguous	infected_diet33_vs50	Infected diet 50	5.429927207181111	0.00810545567159705
LOC126325909	NW_026062302.1	serine/arginine repetitive matrix protein 2-like	protein_coding	Infection + diet	Diet 33: infected vs control; Infected 33 vs 50	Downregulated	Included in infected diet 33 vs 50 origin audit	Significant in both mappings	1	No informative external evidence	No informative external hit					No informative hit	infected_diet33_vs50; infection_diet33	Control diet 33; Infected diet 50	5.879308934967631	0.00810545567159705
LOC126326052	NW_026062315.1	ATP-dependent (S)-NAD(P)H-hydrate dehydratase-like	protein_coding	Diet in infected	Infected 33 vs 50	Downregulated	Included in infected diet 33 vs 50 origin audit	Significant in both mappings	1	Non-metazoan-only protein hits without nucleotide corroboration	No informative external hit					Non-metazoan candidate	infected_diet33_vs50; infection_diet33	Control diet 33; Infected diet 50	6.404108988084427	0.008108817101842908
LOC126313369	NW_026061886.1	CAP-Gly domain-containing linker protein 1-like	protein_coding	Diet in infected	Infected 33 vs 50	Downregulated	Included in infected diet 33 vs 50 origin audit	Significant in both mappings	1	Non-metazoan-only protein hits without nucleotide corroboration	No informative external hit					Non-metazoan candidate	infected_diet33_vs50	Infected diet 50	5.7313827471575935	0.008127741919808553
LOC126320550	NW_026062105.1	uncharacterized LOC126320550	protein_coding	Diet in infected	Infected 33 vs 50	Downregulated	Included in infected diet 33 vs 50 origin audit	Significant in both mappings	0.9988636363636364	Non-metazoan-only protein hits without nucleotide corroboration	No informative external hit					Non-metazoan candidate	infected_diet33_vs50	Infected diet 50	6.371267081667584	0.008127741919808553
LOC126323772	NW_026062229.1	uncharacterized LOC126323772	protein_coding	Diet in infected	Infected 33 vs 50	Downregulated	Included in infected diet 33 vs 50 origin audit	Significant in both mappings	1	Non-metazoan-only protein hits without nucleotide corroboration	No informative external hit					Non-metazoan candidate	infected_diet33_vs50; infection_diet33	Control diet 33; Infected diet 50	6.104409229550986	0.008127741919808553
LOC126325929	NW_026062302.1	uncharacterized LOC126325929	protein_coding	Diet in infected	Infected 33 vs 50	Downregulated	Included in infected diet 33 vs 50 origin audit	Significant in both mappings	1	Mixed protein evidence	No informative external hit					Mixed/ambiguous	infected_diet33_vs50; infection_diet33	Control diet 33; Infected diet 50	6.299977590168179	0.008141728909604497
LOC126326523	NW_026062344.1	uncharacterized LOC126326523	protein_coding	Diet in infected	Infected 33 vs 50	Downregulated	Included in infected diet 33 vs 50 origin audit	Significant in both mappings	1	No informative external evidence	No informative external hit					No informative hit	infected_diet33_vs50; infection_diet33	Control diet 33; Infected diet 50	6.268245799757526	0.008141728909604497
LOC126318617	NW_026062056.1	transforming growth factor beta-1-induced transcript 1 protein-like	protein_coding	Diet in infected	Infected 33 vs 50	Downregulated	Included in infected diet 33 vs 50 origin audit	Significant in both mappings	0.9995073891625617	Mixed protein evidence	No informative external hit					Mixed/ambiguous;Non-metazoan candidate	infected_diet33_vs50	Infected diet 50	5.984738837808366	0.008147571886397358
LOC126316449	NW_026061974.1	uncharacterized LOC126316449	lncRNA	Diet in infected	Infected 33 vs 50	Downregulated	Included in infected diet 33 vs 50 origin audit	Significant in both mappings	1	No informative external evidence	No informative external hit						infected_diet33_vs50	Infected diet 50	6.098740738786493	0.008202939400653472
LOC126304762	NW_026061732.1	branchpoint-bridging protein-like	protein_coding	Diet in infected	Infected 33 vs 50	Downregulated	Included in infected diet 33 vs 50 origin audit	Significant in both mappings	1	Non-metazoan-only protein hits without nucleotide corroboration	No informative external hit					Non-metazoan candidate	infected_diet33_vs50	Infected diet 50	5.77854471015189	0.008211376596487125
LOC126315231	NW_026061960.1	regulator of nonsense transcripts 3B-like	protein_coding	Diet in infected	Infected 33 vs 50	Downregulated	Included in infected diet 33 vs 50 origin audit	Significant in both mappings	0.9972451790633609	Mixed protein evidence	No informative external hit					Mixed/ambiguous	infected_diet33_vs50	Infected diet 50	5.956303981354441	0.008214717395323874
LOC126322375	NW_026062176.1	uncharacterized LOC126322375	protein_coding	Diet in infected	Infected 33 vs 50	Downregulated	Included in infected diet 33 vs 50 origin audit	Significant in both mappings	1	Non-metazoan-only protein hits without nucleotide corroboration	No informative external hit					Non-metazoan candidate	infected_diet33_vs50; infection_diet33	Control diet 33; Infected diet 50	6.115570202672248	0.008214717395323874
LOC126326537	NW_026062344.1	WD repeat-containing protein 3-like	protein_coding	Diet in infected	Infected 33 vs 50	Downregulated	Included in infected diet 33 vs 50 origin audit	Significant in both mappings	1	Non-metazoan-only protein hits without nucleotide corroboration	No informative external hit					Non-metazoan candidate	infected_diet33_vs50; infection_diet33	Control diet 33; Infected diet 50	6.0840132377402645	0.008214717395323874
LOC126326595	NW_026062344.1	uncharacterized LOC126326595	protein_coding	Diet in infected	Infected 33 vs 50	Downregulated	Included in infected diet 33 vs 50 origin audit	Significant in both mappings	1	Mixed protein evidence	No informative external hit					Mixed/ambiguous	infected_diet33_vs50	Infected diet 50	5.888840808449752	0.008214717395323874
LOC126317484	NW_026062018.1	protein MEMO1 homolog	protein_coding	Diet in infected	Infected 33 vs 50	Downregulated	Included in infected diet 33 vs 50 origin audit	Significant in both mappings	1	Mixed protein evidence	No informative external hit					Mixed/ambiguous	infected_diet33_vs50	Infected diet 50	6.168511986138596	0.008232184509017883
LOC126334344	NW_026062990.1	uncharacterized LOC126334344	lncRNA	Diet in infected	Infected 33 vs 50	Downregulated	Included in infected diet 33 vs 50 origin audit	Significant in both mappings	1	No informative external evidence	No informative external hit						infected_diet33_vs50; infection_diet33	Control diet 33; Infected diet 50	5.657579479024082	0.008240702792977865
LOC126311199	NW_026061838.1	uncharacterized LOC126311199	protein_coding	Diet in infected	Infected 33 vs 50	Downregulated	Included in infected diet 33 vs 50 origin audit	Significant in both mappings	1	No informative external evidence	No informative external hit					No informative hit	infected_diet33_vs50; infection_diet33	Control diet 33; Infected diet 50	6.305643032499711	0.008243210369061133
LOC126315281	NW_026061960.1	luminal-binding protein 2-like	protein_coding	Diet in infected	Infected 33 vs 50	Downregulated	Included in infected diet 33 vs 50 origin audit	Significant in both mappings	1	Mixed external nucleotide evidence	Mixed metazoan/non-metazoan	Other Arthropoda;Other Eukaryota;Other Metazoa	Aphidius gifuensis;Cryptosporidium andersoni;Cryptosporidium muris RN66;Hydra vulgaris	70.179	68	Non-metazoan candidate	infected_diet33_vs50; infection_diet33	Control diet 33; Infected diet 50	6.204859967617226	0.008243210369061133
LOC126317111	NW_026062009.1	single-stranded DNA-binding protein-like	protein_coding	Diet in infected	Infected 33 vs 50	Downregulated	Included in infected diet 33 vs 50 origin audit	Significant in both mappings	1	Mixed protein evidence	No informative external hit					Non-metazoan candidate;Other metazoan support	infected_diet33_vs50	Infected diet 50	6.1804100130270125	0.008243210369061133
LOC126320417	NW_026062097.1	T-cell immunomodulatory protein	protein_coding	Diet in infected	Infected 33 vs 50	Downregulated	Included in infected diet 33 vs 50 origin audit	Significant in both mappings	1	Non-metazoan-only protein hits without nucleotide corroboration	No informative external hit					Non-metazoan candidate	infected_diet33_vs50	Infected diet 50	5.867440472448992	0.008243210369061133
LOC126320433	NW_026062097.1	uncharacterized LOC126320433	protein_coding	Diet in infected	Infected 33 vs 50	Downregulated	Included in infected diet 33 vs 50 origin audit	Significant in both mappings	1	Non-metazoan-only protein hits without nucleotide corroboration	No informative external hit					Non-metazoan candidate	infected_diet33_vs50	Infected diet 50	5.982020033625718	0.008243210369061133
LOC126324503	NW_026062249.1	probable protein disulfide-isomerase A4	protein_coding	Diet in infected	Infected 33 vs 50	Downregulated	Included in infected diet 33 vs 50 origin audit	Significant in both mappings	1	Mixed protein evidence	No informative external hit					Mixed/ambiguous	infected_diet33_vs50; infection_diet33	Control diet 33; Infected diet 50	6.23649947411919	0.008243210369061133
LOC126315286	NW_026061960.1	mannose-1-phosphate guanyltransferase beta-like	protein_coding	Diet in infected	Infected 33 vs 50	Downregulated	Included in infected diet 33 vs 50 origin audit	Significant in both mappings	1	External nucleotide support from Orthoptera/Arthropoda	Other arthropod	Other Arthropoda	Dufourea novaeangliae	68.636	21	Mixed/ambiguous	infected_diet33_vs50	Infected diet 50	6.706667538485186	0.008284066348369461
LOC126329932	NW_026062549.1	phosphatidylinositol 3-kinase 1-like	protein_coding	Diet in infected	Infected 33 vs 50	Downregulated	Included in infected diet 33 vs 50 origin audit	Significant in both mappings	1	Concordant non-metazoan nucleotide and protein hits	Non-metazoan only	Other Eukaryota	Acanthamoeba castellanii str. Neff	68.571	22	Non-metazoan candidate	infected_diet33_vs50	Infected diet 50	5.785815800624747	0.008284066348369461
LOC126313375	NW_026061886.1	rapA guanosine triphosphatase-activating protein 1-like	protein_coding	Diet in infected	Infected 33 vs 50	Downregulated	Included in infected diet 33 vs 50 origin audit	Significant in both mappings	1	Non-metazoan-only protein hits without nucleotide corroboration	No informative external hit					Non-metazoan candidate	infected_diet33_vs50	Infected diet 50	5.7004719910364665	0.008335243302901401
LOC126318676	NW_026062059.1	ras guanine nucleotide exchange factor A-like	protein_coding	Diet in infected	Infected 33 vs 50	Downregulated	Included in infected diet 33 vs 50 origin audit	Significant in both mappings	1	Non-metazoan-only protein hits without nucleotide corroboration	No informative external hit					Non-metazoan candidate	infected_diet33_vs50	Infected diet 50	6.117732028634544	0.008335243302901401
LOC126319972	NW_026062071.1	uncharacterized LOC126319972	protein_coding	Diet in infected	Infected 33 vs 50	Downregulated	Included in infected diet 33 vs 50 origin audit	Significant in both mappings	1	No informative external evidence	No informative external hit					No informative hit	infected_diet33_vs50	Infected diet 50	5.8243635320436455	0.008335243302901401
LOC126322707	NW_026062196.1	formin-like protein	protein_coding	Diet in infected	Infected 33 vs 50	Downregulated	Included in infected diet 33 vs 50 origin audit	Significant in both mappings	1.0005202913631634	Non-metazoan-only protein hits without nucleotide corroboration	No informative external hit					Non-metazoan candidate	infected_diet33_vs50	Infected diet 50	5.878910884068183	0.008335243302901401
LOC126326061	NW_026062315.1	uncharacterized LOC126326061	lncRNA	Diet in infected	Infected 33 vs 50	Downregulated	Included in infected diet 33 vs 50 origin audit	Significant in both mappings	1	No informative external evidence	No informative external hit						infected_diet33_vs50	Infected diet 50	6.11961992190289	0.00835458249322052
LOC126316955	NW_026062003.1	CTP synthase-like	protein_coding	Diet in infected	Infected 33 vs 50	Downregulated	Included in infected diet 33 vs 50 origin audit	Significant in both mappings	1	Non-metazoan-only protein hits without nucleotide corroboration	No informative external hit					Non-metazoan candidate	infected_diet33_vs50	Infected diet 50	6.305602664602263	0.00837558644794886
LOC126315234	NW_026061960.1	uncharacterized LOC126315234	protein_coding	Diet in infected	Infected 33 vs 50	Downregulated	Included in infected diet 33 vs 50 origin audit	Significant in both mappings	1	Non-metazoan-only protein hits without nucleotide corroboration	No informative external hit					Non-metazoan candidate	infected_diet33_vs50; infection_diet33	Control diet 33; Infected diet 50	6.148195261459427	0.008375897297552337
LOC126313397	NW_026061886.1	uncharacterized LOC126313397	protein_coding	Diet in infected	Infected 33 vs 50	Downregulated	Included in infected diet 33 vs 50 origin audit	Significant in both mappings	1	No informative external evidence	No informative external hit					No informative hit	infected_diet33_vs50	Infected diet 50	6.074548977788917	0.008387862127770674
LOC126314457	NW_026061953.1	uncharacterized LOC126314457	lncRNA	Diet in infected	Infected 33 vs 50	Downregulated	Included in infected diet 33 vs 50 origin audit	Significant in both mappings	1	No informative external evidence	No informative external hit						infected_diet33_vs50	Infected diet 50	5.72127347562474	0.008387862127770674
LOC126316689	NW_026061985.1	eukaryotic peptide chain release factor GTP-binding subunit ERF3A-like	protein_coding	Diet in infected	Infected 33 vs 50	Downregulated	Included in infected diet 33 vs 50 origin audit	Significant in both mappings	1	Non-metazoan-only protein hits without nucleotide corroboration	No informative external hit					Non-metazoan candidate	infected_diet33_vs50; infection_diet33	Control diet 33; Infected diet 50	6.195501426412303	0.008387862127770674
LOC126316800	NW_026061988.1	ER membrane protein complex subunit 2-A-like	protein_coding	Diet in infected	Infected 33 vs 50	Downregulated	Included in infected diet 33 vs 50 origin audit	Significant in both mappings	1	Non-metazoan-only protein hits without nucleotide corroboration	No informative external hit					Non-metazoan candidate	infected_diet33_vs50	Infected diet 50	5.900927203509632	0.008387862127770674
LOC126318278	NW_026062048.1	uncharacterized LOC126318278	protein_coding	Diet in infected	Infected 33 vs 50	Downregulated	Included in infected diet 33 vs 50 origin audit	Significant in both mappings	1	Non-metazoan-only protein hits without nucleotide corroboration	No informative external hit					No informative hit;Non-metazoan candidate	infected_diet33_vs50; infection_diet33	Control diet 33; Infected diet 50	6.461797505559378	0.008387862127770674
LOC126320588	NW_026062105.1	uncharacterized LOC126320588	protein_coding	Diet in infected	Infected 33 vs 50	Downregulated	Included in infected diet 33 vs 50 origin audit	Significant in both mappings	1	Concordant non-metazoan nucleotide and protein hits	Non-metazoan only	Fungi	Lasiodiplodia theobromae;Phyllosticta citriasiana	69.811	50	Non-metazoan candidate	infected_diet33_vs50; infection_diet33	Control diet 33; Infected diet 50	5.928543937670463	0.008387862127770674
LOC126323247	NW_026062217.1	ADP-ribosylation factor 1-like	protein_coding	Diet in infected	Infected 33 vs 50	Downregulated	Included in infected diet 33 vs 50 origin audit	Significant in both mappings	1	Conflicting nucleotide and protein evidence	Non-metazoan only	Other Eukaryota	Eimeria necatrix	72.446	28	Mixed/ambiguous	infected_diet33_vs50; infection_diet33	Control diet 33; Infected diet 50	6.362518338875975	0.008387862127770674
LOC126325910	NW_026062302.1	uncharacterized LOC126325910	protein_coding	Diet in infected	Infected 33 vs 50	Downregulated	Included in infected diet 33 vs 50 origin audit	Significant in both mappings	1	No informative external evidence	No informative external hit					No informative hit	infected_diet33_vs50; infection_diet33	Control diet 33; Infected diet 50	5.728036529550547	0.008387862127770674
LOC126328050	NW_026062425.1	uncharacterized LOC126328050	protein_coding	Diet in infected	Infected 33 vs 50	Downregulated	Included in infected diet 33 vs 50 origin audit	Significant in both mappings	1	Non-metazoan-only protein hits without nucleotide corroboration	No informative external hit					Non-metazoan candidate	infected_diet33_vs50	Infected diet 50	5.89824409309313	0.008387862127770674
LOC126320379	NW_026062097.1	wee1-like protein kinase 2	protein_coding	Diet in infected	Infected 33 vs 50	Downregulated	Included in infected diet 33 vs 50 origin audit	Significant in both mappings	1	Mixed protein evidence	No informative external hit					Mixed/ambiguous;Non-metazoan candidate	infected_diet33_vs50; infection_diet33	Control diet 33; Infected diet 50	5.9510756269062455	0.008394020316434185
LOC126317089	NW_026062009.1	peroxisomal multifunctional enzyme type 2-like	protein_coding	Diet in infected	Infected 33 vs 50	Downregulated	Included in infected diet 33 vs 50 origin audit	Significant in both mappings	1	Non-metazoan-only protein hits without nucleotide corroboration	No informative external hit					Non-metazoan candidate	infected_diet33_vs50; infection_diet33	Control diet 33; Infected diet 50	5.9060175090329965	0.008395713832809078
LOC126315424	NW_026061960.1	uncharacterized LOC126315424	protein_coding	Diet in infected	Infected 33 vs 50	Downregulated	Included in infected diet 33 vs 50 origin audit	Significant in both mappings	1	No informative external evidence	No informative external hit					No informative hit	infected_diet33_vs50; infection_diet33	Control diet 33; Infected diet 50	6.373882504879988	0.008419263339656494
LOC126316669	NW_026061985.1	protein Aster-A-like	protein_coding	Diet in infected	Infected 33 vs 50	Downregulated	Included in infected diet 33 vs 50 origin audit	Significant in both mappings	1	Mixed protein evidence	No informative external hit					Mixed/ambiguous	infected_diet33_vs50	Infected diet 50	6.251309800196256	0.008460685576631898
LOC126316795	NW_026061988.1	uncharacterized LOC126316795	protein_coding	Diet in infected	Infected 33 vs 50	Downregulated	Included in infected diet 33 vs 50 origin audit	Significant in both mappings	1	Non-metazoan-only protein hits without nucleotide corroboration	No informative external hit					Non-metazoan candidate	infected_diet33_vs50	Infected diet 50	6.135178765550007	0.008460685576631898
LOC126324547	NW_026062249.1	uncharacterized LOC126324547	protein_coding	Diet in infected	Infected 33 vs 50	Downregulated	Included in infected diet 33 vs 50 origin audit	Significant in both mappings	1	Non-metazoan-only protein hits without nucleotide corroboration	No informative external hit					Non-metazoan candidate	infected_diet33_vs50; infection_diet33	Control diet 33; Infected diet 50	5.941956680778868	0.008460685576631898
LOC126320569	NW_026062105.1	uncharacterized LOC126320569	protein_coding	Diet in infected	Infected 33 vs 50	Downregulated	Included in infected diet 33 vs 50 origin audit	Significant in both mappings	1	Non-metazoan-only protein hits without nucleotide corroboration	No informative external hit					Non-metazoan candidate	infected_diet33_vs50; infection_diet33	Control diet 33; Infected diet 50	5.819956978655683	0.008463375719938276
LOC126326587	NW_026062344.1	serine/threonine-protein kinase MARK2-like	protein_coding	Diet in infected	Infected 33 vs 50	Downregulated	Included in infected diet 33 vs 50 origin audit	Significant in both mappings	1	Non-metazoan-only protein hits without nucleotide corroboration	No informative external hit					Non-metazoan candidate	infected_diet33_vs50	Infected diet 50	5.957727458761895	0.008463375719938276
LOC126319954	NW_026062071.1	uncharacterized LOC126319954	protein_coding	Diet in infected	Infected 33 vs 50	Downregulated	Included in infected diet 33 vs 50 origin audit	Significant in both mappings	1	External nucleotide support from other Metazoa	Other metazoan	Other Metazoa	Aquila chrysaetos chrysaetos;Buceros rhinoceros silvestris;Cariama cristata;Grus grus;Rhea pennata	68.265	72	Mixed/ambiguous	infected_diet33_vs50; infection_diet33	Control diet 33; Infected diet 50	6.2291464578895095	0.008471300020937138
LOC126311213	NW_026061838.1	uncharacterized LOC126311213	protein_coding	Diet in infected	Infected 33 vs 50	Downregulated	Included in infected diet 33 vs 50 origin audit	Significant in both mappings	1	No informative external evidence	No informative external hit					No informative hit	infected_diet33_vs50	Infected diet 50	5.683455130145134	0.008471487985108508
LOC126314418	NW_026061953.1	DNA repair protein RAD50-like	protein_coding	Diet in infected	Infected 33 vs 50	Downregulated	Included in infected diet 33 vs 50 origin audit	Significant in both mappings	1	Non-metazoan-only protein hits without nucleotide corroboration	No informative external hit					Non-metazoan candidate	infected_diet33_vs50	Infected diet 50	5.88161392417975	0.008471487985108508
LOC126324498	NW_026062249.1	uncharacterized LOC126324498	protein_coding	Diet in infected	Infected 33 vs 50	Downregulated	Included in infected diet 33 vs 50 origin audit	Significant in both mappings	1	Non-metazoan-only protein hits without nucleotide corroboration	No informative external hit					Non-metazoan candidate	infected_diet33_vs50	Infected diet 50	5.832004037937765	0.008471487985108508
LOC126315309	NW_026061960.1	folic acid synthesis protein FOL1-like	protein_coding	Diet in infected	Infected 33 vs 50	Downregulated	Included in infected diet 33 vs 50 origin audit	Significant in both mappings	1	Non-metazoan-only protein hits without nucleotide corroboration	No informative external hit					Non-metazoan candidate	infected_diet33_vs50; infection_diet33	Control diet 33; Infected diet 50	6.2578855327314065	0.008495768050400605
LOC126317013	NW_026062003.1	putative protein TPRXL	protein_coding	Diet in infected	Infected 33 vs 50	Downregulated	Included in infected diet 33 vs 50 origin audit	Significant in both mappings	1	No informative external evidence	No informative external hit					No informative hit	infected_diet33_vs50; infection_diet33	Control diet 33; Infected diet 50	6.056341345146906	0.008495768050400605
LOC126316708	NW_026061988.1	zinc finger protein 622-like	protein_coding	Diet in infected	Infected 33 vs 50	Downregulated	Included in infected diet 33 vs 50 origin audit	Significant in both mappings	1	Non-metazoan-only protein hits without nucleotide corroboration	No informative external hit					Non-metazoan candidate	infected_diet33_vs50	Infected diet 50	5.913535105465425	0.008497831710352961
LOC126304751	NW_026061732.1	crustapain-like	protein_coding	Diet in infected	Infected 33 vs 50	Downregulated	Included in infected diet 33 vs 50 origin audit	Significant in both mappings	1	Mixed protein evidence	No informative external hit					Mixed/ambiguous	infected_diet33_vs50; infection_diet33	Control diet 33; Infected diet 50	6.127345883531916	0.008559171624953062
LOC126319841	NW_026062071.1	uncharacterized LOC126319841	protein_coding	Diet in infected	Infected 33 vs 50	Downregulated	Included in infected diet 33 vs 50 origin audit	Significant in both mappings	1	Non-metazoan-only protein hits without nucleotide corroboration	No informative external hit					Non-metazoan candidate	infected_diet33_vs50	Infected diet 50	6.263059322679913	0.008622795091020445
LOC126329997	NW_026062553.1	uncharacterized LOC126329997	protein_coding	Diet in infected	Infected 33 vs 50	Downregulated	Included in infected diet 33 vs 50 origin audit	Significant in both mappings	1	External nucleotide support from other Metazoa	Other metazoan	Other Metazoa	Lampetra fluviatilis;Lampetra planeri;Lethenteron reissneri	73.522	28	Mixed/ambiguous	infected_diet33_vs50; infection_diet33	Control diet 33; Infected diet 50	6.590584431416369	0.008622795091020445
LOC126304650	NW_026061732.1	uncharacterized LOC126304650	protein_coding	Diet in infected	Infected 33 vs 50	Downregulated	Included in infected diet 33 vs 50 origin audit	Significant in both mappings	1	Non-metazoan-only protein hits without nucleotide corroboration	No informative external hit					No informative hit;Non-metazoan candidate	infected_diet33_vs50; infection_diet33	Control diet 33; Infected diet 50	6.088498694067594	0.008651735502642357
LOC126315228	NW_026061960.1	uncharacterized LOC126315228	protein_coding	Diet in infected	Infected 33 vs 50	Downregulated	Included in infected diet 33 vs 50 origin audit	Significant in both mappings	1	Non-metazoan-only protein hits without nucleotide corroboration	No informative external hit					Non-metazoan candidate	infected_diet33_vs50	Infected diet 50	6.052362150219801	0.008651735502642357
LOC126316439	NW_026061974.1	uncharacterized LOC126316439	protein_coding	Diet in infected	Infected 33 vs 50	Downregulated	Included in infected diet 33 vs 50 origin audit	Significant in both mappings	1	Non-metazoan-only protein hits without nucleotide corroboration	No informative external hit					Non-metazoan candidate	infected_diet33_vs50; infection_diet33	Control diet 33; Infected diet 50	6.3743107970422015	0.008651735502642357
LOC126316736	NW_026061988.1	ribonucleoside-diphosphate reductase large subunit-like	protein_coding	Diet in infected	Infected 33 vs 50	Downregulated	Included in infected diet 33 vs 50 origin audit	Significant in both mappings	1	Concordant non-metazoan nucleotide and protein hits	Non-metazoan only	Fungi;Other Eukaryota	Acanthamoeba castellanii str. Neff;Myxozyma melibiosi	68.512	53	Non-metazoan candidate	infected_diet33_vs50; infection_diet33	Control diet 33; Infected diet 50	5.9866930698006575	0.008651735502642357
LOC126318217	NW_026062043.1	uncharacterized LOC126318217	protein_coding	Diet in infected	Infected 33 vs 50	Downregulated	Included in infected diet 33 vs 50 origin audit	Significant in both mappings	1	Non-metazoan-only protein hits without nucleotide corroboration	No informative external hit					Non-metazoan candidate	infected_diet33_vs50	Infected diet 50	6.263098587819408	0.008651735502642357
LOC126319984	NW_026062071.1	tyrosine-protein phosphatase 3-like	protein_coding	Diet in infected	Infected 33 vs 50	Downregulated	Included in infected diet 33 vs 50 origin audit	Significant in both mappings	1	Mixed protein evidence	No informative external hit					Mixed/ambiguous	infected_diet33_vs50	Infected diet 50	5.807994094167891	0.008651735502642357
LOC126320455	NW_026062097.1	serine/threonine-protein phosphatase 6 regulatory subunit 3-like	protein_coding	Diet in infected	Infected 33 vs 50	Downregulated	Included in infected diet 33 vs 50 origin audit	Significant in both mappings	1	Non-metazoan-only protein hits without nucleotide corroboration	No informative external hit					Non-metazoan candidate	infected_diet33_vs50	Infected diet 50	5.786062600036816	0.008651735502642357
LOC126320594	NW_026062105.1	uncharacterized LOC126320594	protein_coding	Diet in infected	Infected 33 vs 50	Downregulated	Included in infected diet 33 vs 50 origin audit	Significant in both mappings	1	Non-metazoan-only protein hits without nucleotide corroboration	No informative external hit					Non-metazoan candidate	infected_diet33_vs50; infection_diet33	Control diet 33; Infected diet 50	6.13308932491544	0.008651735502642357
LOC126323776	NW_026062229.1	uncharacterized LOC126323776	lncRNA	Diet in infected	Infected 33 vs 50	Downregulated	Included in infected diet 33 vs 50 origin audit	Significant in both mappings	1	No informative external evidence	No informative external hit						infected_diet33_vs50; infection_diet33	Control diet 33; Infected diet 50	5.95080905368484	0.008651735502642357
LOC126325510	NW_026062282.1	uncharacterized LOC126325510	protein_coding	Diet in infected	Infected 33 vs 50	Downregulated	Included in infected diet 33 vs 50 origin audit	Significant in both mappings	1	Non-metazoan-only protein hits without nucleotide corroboration	No informative external hit					Non-metazoan candidate	infected_diet33_vs50; infection_diet33	Control diet 33; Infected diet 50	6.481712463795268	0.008651735502642357
LOC126325943	NW_026062302.1	pre-mRNA-splicing factor syf1 homolog	protein_coding	Diet in infected	Infected 33 vs 50	Downregulated	Included in infected diet 33 vs 50 origin audit	Significant in both mappings	1	Mixed protein evidence	No informative external hit					Mixed/ambiguous	infected_diet33_vs50; infection_diet33	Control diet 33; Infected diet 50	6.052119183800216	0.008651735502642357
LOC126326201	NW_026062331.1	GPI ethanolamine phosphate transferase 1-like	protein_coding	Diet in infected	Infected 33 vs 50	Downregulated	Included in infected diet 33 vs 50 origin audit	Significant in both mappings	1	Non-metazoan-only protein hits without nucleotide corroboration	No informative external hit					Non-metazoan candidate	infected_diet33_vs50	Infected diet 50	6.0641967911997074	0.008651735502642357
LOC126326210	NW_026062331.1	uncharacterized LOC126326210	protein_coding	Diet in infected	Infected 33 vs 50	Downregulated	Included in infected diet 33 vs 50 origin audit	Significant in both mappings	1	Other-metazoan protein support only	No informative external hit					Other metazoan support	infected_diet33_vs50	Infected diet 50	6.536322026416555	0.008651735502642357
LOC126326509	NW_026062344.1	uncharacterized LOC126326509	protein_coding	Diet in infected	Infected 33 vs 50	Downregulated	Included in infected diet 33 vs 50 origin audit	Significant in both mappings	1	No informative external evidence	No informative external hit					No informative hit	infected_diet33_vs50; infection_diet33	Control diet 33; Infected diet 50	6.173842758215718	0.008651735502642357
LOC126327187	NW_026062374.1	leucine-zipper-like transcriptional regulator 1	protein_coding	Diet in infected	Infected 33 vs 50	Downregulated	Included in infected diet 33 vs 50 origin audit	Significant in both mappings	1	Non-metazoan-only protein hits without nucleotide corroboration	No informative external hit					Non-metazoan candidate	infected_diet33_vs50	Infected diet 50	6.126956664960843	0.008651735502642357
LOC126328213	NW_026062445.1	dual specificity protein kinase shkC-like	protein_coding	Diet in infected	Infected 33 vs 50	Downregulated	Included in infected diet 33 vs 50 origin audit	Significant in both mappings	1	Non-metazoan-only protein hits without nucleotide corroboration	No informative external hit					Non-metazoan candidate	infected_diet33_vs50	Infected diet 50	5.8334238343507305	0.008651735502642357
LOC126329582	NW_026062521.1	uncharacterized LOC126329582	protein_coding	Diet in infected	Infected 33 vs 50	Downregulated	Included in infected diet 33 vs 50 origin audit	Significant in both mappings	1	Mixed protein evidence	No informative external hit					Mixed/ambiguous;No informative hit	infected_diet33_vs50	Infected diet 50	5.79235870034822	0.008651735502642357
LOC126329938	NW_026062549.1	transportin-1-like	protein_coding	Diet in infected	Infected 33 vs 50	Downregulated	Included in infected diet 33 vs 50 origin audit	Significant in both mappings	1	Arthropod/orthopteran protein support only	No informative external hit					Broader arthropod support	infected_diet33_vs50; infection_diet33	Control diet 33; Infected diet 50	5.63402605650158	0.008651735502642357
LOC126329974	NW_026062553.1	uncharacterized LOC126329974	lncRNA	Diet in infected	Infected 33 vs 50	Downregulated	Included in infected diet 33 vs 50 origin audit	Significant in both mappings	1	No informative external evidence	No informative external hit						infected_diet33_vs50	Infected diet 50	5.850149142322246	0.008651735502642357
LOC126331443	NW_026062676.1	leucine--tRNA ligase, cytoplasmic-like	protein_coding	Diet in infected	Infected 33 vs 50	Downregulated	Included in infected diet 33 vs 50 origin audit	Significant in both mappings	1	Mixed protein evidence	No informative external hit					Mixed/ambiguous	infected_diet33_vs50; infection_diet33	Control diet 33; Infected diet 50	5.751729068485806	0.008651735502642357
LOC126332405	NW_026062750.1	uncharacterized LOC126332405	protein_coding	Diet in infected	Infected 33 vs 50	Downregulated	Included in infected diet 33 vs 50 origin audit	Significant in both mappings	1	Mixed protein evidence	No informative external hit					Mixed/ambiguous	infected_diet33_vs50; infection_diet33	Control diet 33; Infected diet 50	5.647401755790541	0.008651735502642357
LOC126318220	NW_026062043.1	uncharacterized LOC126318220	protein_coding	Diet in infected	Infected 33 vs 50	Downregulated	Included in infected diet 33 vs 50 origin audit	Significant in both mappings	1	Non-metazoan-only protein hits without nucleotide corroboration	No informative external hit					Non-metazoan candidate	infected_diet33_vs50	Infected diet 50	6.634497969524713	0.00871797917358064
LOC126316453	NW_026061974.1	actin-related protein 10-like	protein_coding	Diet in infected	Infected 33 vs 50	Downregulated	Included in infected diet 33 vs 50 origin audit	Significant in both mappings	1	Arthropod/orthopteran protein support only	No informative external hit					Broader arthropod support	infected_diet33_vs50	Infected diet 50	6.4640338154555295	0.008741148212921823
LOC126318230	NW_026062043.1	E3 SUMO-protein ligase RanBP2-like	protein_coding	Diet in infected	Infected 33 vs 50	Downregulated	Included in infected diet 33 vs 50 origin audit	Host-only significant only; Significant in both mappings	1	Arthropod/orthopteran protein support only	No informative external hit					Broader arthropod support	infected_diet33_vs50; infection_diet33	Control diet 33; Infected diet 50	6.648729090954145	0.008741148212921823
LOC126319846	NW_026062071.1	guanine nucleotide-binding protein subunit beta-like	protein_coding	Diet in infected	Infected 33 vs 50	Downregulated	Included in infected diet 33 vs 50 origin audit	Significant in both mappings	1	External nucleotide support from other Metazoa	Other metazoan	Other Metazoa	Takifugu flavidus;Takifugu rubripes	69.286	29	Non-metazoan candidate	infected_diet33_vs50	Infected diet 50	6.1985068929646525	0.008744690004597187
LOC126324499	NW_026062249.1	uncharacterized LOC126324499	protein_coding	Diet in infected	Infected 33 vs 50	Downregulated	Included in infected diet 33 vs 50 origin audit	Significant in both mappings	1	Non-metazoan-only protein hits without nucleotide corroboration	No informative external hit					Non-metazoan candidate	infected_diet33_vs50	Infected diet 50	5.764100123626273	0.008744690004597187
LOC126325817	NW_026062299.1	condensin complex subunit 3-like	protein_coding	Diet in infected	Infected 33 vs 50	Downregulated	Included in infected diet 33 vs 50 origin audit	Significant in both mappings	1	Mixed protein evidence	No informative external hit					Mixed/ambiguous	infected_diet33_vs50; infection_diet33	Control diet 33; Infected diet 50	6.156926134503597	0.00875977835735339
LOC126314458	NW_026061953.1	uncharacterized LOC126314458	lncRNA	Diet in infected	Infected 33 vs 50	Downregulated	Included in infected diet 33 vs 50 origin audit	Significant in both mappings	1	No informative external evidence	No informative external hit						infected_diet33_vs50; infection_diet33	Control diet 33; Infected diet 50	6.446726420482225	0.008760468842699572
LOC126318218	NW_026062043.1	30S ribosomal protein S9-like	protein_coding	Diet in infected	Infected 33 vs 50	Downregulated	Included in infected diet 33 vs 50 origin audit	Significant in both mappings	1	Non-metazoan-only protein hits without nucleotide corroboration	No informative external hit					Non-metazoan candidate	infected_diet33_vs50	Infected diet 50	5.884192092250226	0.008760468842699572
LOC126326200	NW_026062331.1	ataxin-2 homolog	protein_coding	Diet in infected	Infected 33 vs 50	Downregulated	Included in infected diet 33 vs 50 origin audit	Significant in both mappings	1	Non-metazoan-only protein hits without nucleotide corroboration	No informative external hit					Non-metazoan candidate	infected_diet33_vs50; infection_diet33	Control diet 33; Infected diet 50	6.231107728724307	0.008760468842699572
LOC126311202	NW_026061838.1	uncharacterized LOC126311202	protein_coding	Diet in infected	Infected 33 vs 50	Downregulated	Included in infected diet 33 vs 50 origin audit	Significant in both mappings	1	Non-metazoan-only protein hits without nucleotide corroboration	No informative external hit					Non-metazoan candidate	infected_diet33_vs50	Infected diet 50	6.22699977998891	0.008797474909467898
LOC126317078	NW_026062009.1	uncharacterized LOC126317078	protein_coding	Diet in infected	Infected 33 vs 50	Downregulated	Included in infected diet 33 vs 50 origin audit	Significant in both mappings	1	Non-metazoan-only protein hits without nucleotide corroboration	No informative external hit					Non-metazoan candidate	infected_diet33_vs50	Infected diet 50	5.841299541685508	0.008797474909467898
LOC126318199	NW_026062043.1	RING finger protein 121-like	protein_coding	Diet in infected	Infected 33 vs 50	Downregulated	Included in infected diet 33 vs 50 origin audit	Significant in both mappings	1	Mixed protein evidence	No informative external hit					Locust/orthopteran support;Non-metazoan candidate	infected_diet33_vs50	Infected diet 50	5.869105925586963	0.008797474909467898
LOC126319898	NW_026062071.1	myosin-2 heavy chain, non muscle-like	protein_coding	Diet in infected	Infected 33 vs 50	Downregulated	Included in infected diet 33 vs 50 origin audit	Significant in both mappings	1	Non-metazoan-only protein hits without nucleotide corroboration	No informative external hit					Non-metazoan candidate	infected_diet33_vs50; infection_diet33	Control diet 33; Infected diet 50	5.540460164079596	0.008797474909467898
LOC126319924	NW_026062071.1	uncharacterized LOC126319924	protein_coding	Diet in infected	Infected 33 vs 50	Downregulated	Included in infected diet 33 vs 50 origin audit	Significant in both mappings	1	Non-metazoan-only protein hits without nucleotide corroboration	No informative external hit					Non-metazoan candidate	infected_diet33_vs50; infection_diet33	Control diet 33; Infected diet 50	6.1935112526703415	0.008797474909467898
LOC126320460	NW_026062097.1	probable phospholipid-transporting ATPase IIB	protein_coding	Diet in infected	Infected 33 vs 50	Downregulated	Included in infected diet 33 vs 50 origin audit	Significant in both mappings	1	Concordant non-metazoan nucleotide and protein hits	Non-metazoan only	Other Eukaryota	Acytostelium subglobosum LB1	63.925	29	Non-metazoan candidate	infected_diet33_vs50	Infected diet 50	5.715630329301536	0.008797474909467898
LOC126323932	NW_026062236.1	uncharacterized LOC126323932	protein_coding	Diet in infected	Infected 33 vs 50	Downregulated	Included in infected diet 33 vs 50 origin audit	Significant in both mappings	1	No informative external evidence	No informative external hit					No informative hit	infected_diet33_vs50	Infected diet 50	5.8325354311074316	0.008797474909467898
LOC126325474	NW_026062282.1	structural maintenance of chromosomes protein 2-like	protein_coding	Diet in infected	Infected 33 vs 50	Downregulated	Included in infected diet 33 vs 50 origin audit	Significant in both mappings	1	Non-metazoan-only protein hits without nucleotide corroboration	No informative external hit					Non-metazoan candidate	infected_diet33_vs50; infection_diet33	Control diet 33; Infected diet 50	5.763741847768382	0.008797474909467898
LOC126329929	NW_026062549.1	uncharacterized LOC126329929	protein_coding	Diet in infected	Infected 33 vs 50	Downregulated	Included in infected diet 33 vs 50 origin audit	Significant in both mappings	1	Conflicting nucleotide and protein evidence	Non-metazoan only	Fungi	Penicillium diatomitis	72.3	31	Mixed/ambiguous	infected_diet33_vs50; infection_diet33	Control diet 33; Infected diet 50	6.123210109118573	0.008797474909467898
LOC126313334	NW_026061886.1	uncharacterized LOC126313334	protein_coding	Diet in infected	Infected 33 vs 50	Downregulated	Included in infected diet 33 vs 50 origin audit	Significant in both mappings	1	Mixed external nucleotide evidence	Mixed metazoan/non-metazoan	Other Arthropoda;Other Metazoa;Plants	Amborella trichopoda;Eubosmina coregoni;Wuchereria bancrofti	71.901	42	Mixed/ambiguous	infected_diet33_vs50; infection_diet33	Control diet 33; Infected diet 50	5.861986987174711	0.00879941725663516
LOC126323924	NW_026062236.1	alanine--tRNA ligase-like	protein_coding	Diet in infected	Infected 33 vs 50	Downregulated	Included in infected diet 33 vs 50 origin audit	Significant in both mappings	1	Non-metazoan-only protein hits without nucleotide corroboration	No informative external hit					Non-metazoan candidate	infected_diet33_vs50; infection_diet33	Control diet 33; Infected diet 50	5.910083295193092	0.00879941725663516
LOC126325822	NW_026062299.1	uncharacterized LOC126325822	protein_coding	Diet in infected	Infected 33 vs 50	Downregulated	Included in infected diet 33 vs 50 origin audit	Significant in both mappings	1	Non-metazoan-only protein hits without nucleotide corroboration	No informative external hit					Non-metazoan candidate	infected_diet33_vs50	Infected diet 50	5.967239594372889	0.008853216343985318
LOC126320762	NW_026062120.1	uncharacterized LOC126320762	protein_coding	Diet in infected	Infected 33 vs 50	Downregulated	Included in infected diet 33 vs 50 origin audit	Significant in both mappings	1	Mixed external nucleotide evidence	Mixed metazoan/non-metazoan	Bacteria;Other Arthropoda	Actinomadura sp. WMMB 499;Actinomadura welshii;Amycolatopsis methanolica 239;Bacillus rossius redtenbacheri;Herbiconiux sp. J20-18	72.564	48	Mixed/ambiguous	infected_diet33_vs50	Infected diet 50	5.609943558314411	0.008883950826062074
LOC126313393	NW_026061886.1	uncharacterized LOC126313393	lncRNA	Diet in infected	Infected 33 vs 50	Downregulated	Included in infected diet 33 vs 50 origin audit	Significant in both mappings	1	No informative external evidence	No informative external hit						infected_diet33_vs50	Infected diet 50	6.32162279807554	0.008890358106525763
LOC126325907	NW_026062302.1	ras guanine nucleotide exchange factor A-like	protein_coding	Diet in infected	Infected 33 vs 50	Downregulated	Included in infected diet 33 vs 50 origin audit	Significant in both mappings	1	Non-metazoan-only protein hits without nucleotide corroboration	No informative external hit					Non-metazoan candidate	infected_diet33_vs50	Infected diet 50	5.694500103826649	0.008890358106525763
LOC126322680	NW_026062196.1	UBX domain-containing protein 1-like	protein_coding	Diet in infected	Infected 33 vs 50	Downregulated	Included in infected diet 33 vs 50 origin audit	Significant in both mappings	1	Non-metazoan-only protein hits without nucleotide corroboration	No informative external hit					Non-metazoan candidate	infected_diet33_vs50	Infected diet 50	5.876126569182859	0.008898223174683872
LOC126332764	NW_026062795.1	transmembrane protein 104 homolog	protein_coding	Diet in infected	Infected 33 vs 50	Downregulated	Included in infected diet 33 vs 50 origin audit	Significant in both mappings	1.0002743484224963	Non-metazoan-only protein hits without nucleotide corroboration	No informative external hit					Non-metazoan candidate	infected_diet33_vs50; infection_diet33	Control diet 33; Infected diet 50	5.841519292551359	0.008898223174683872
LOC126322682	NW_026062196.1	THO complex subunit 2-like	protein_coding	Diet in infected	Infected 33 vs 50	Downregulated	Included in infected diet 33 vs 50 origin audit	Significant in both mappings	1	Arthropod/orthopteran protein support only	No informative external hit					Broader arthropod support	infected_diet33_vs50; infection_diet33	Control diet 33; Infected diet 50	5.926709365006971	0.008958627837654137
LOC126323723	NW_026062229.1	uncharacterized LOC126323723	protein_coding	Diet in infected	Infected 33 vs 50	Downregulated	Included in infected diet 33 vs 50 origin audit	Significant in both mappings	1	Mixed protein evidence	No informative external hit					Mixed/ambiguous	infected_diet33_vs50	Infected diet 50	6.195133142531101	0.008958627837654137
LOC126326124	NW_026062325.1	1,4-alpha-glucan-branching enzyme-like	protein_coding	Diet in infected	Infected 33 vs 50	Downregulated	Included in infected diet 33 vs 50 origin audit	Significant in both mappings	1	External nucleotide support from Orthoptera/Arthropoda	Other arthropod	Other Arthropoda	Amphibalanus amphitrite;Anopheles coustani;Anopheles stephensi;Anopheles ziemanni;Photinus pyralis	70.511	27	Mixed/ambiguous	infected_diet33_vs50; infection_diet33	Control diet 33; Infected diet 50	5.862118615490146	0.008998638257307985
LOC126315382	NW_026061960.1	uncharacterized LOC126315382	protein_coding	Diet in infected	Infected 33 vs 50	Downregulated	Included in infected diet 33 vs 50 origin audit	Significant in both mappings	1	Non-metazoan-only protein hits without nucleotide corroboration	No informative external hit					Non-metazoan candidate	infected_diet33_vs50	Infected diet 50	5.926842882009333	0.009057857739028471
LOC126325920	NW_026062302.1	CYFIP-related Rac1 interactor homolog	protein_coding	Diet in infected	Infected 33 vs 50	Downregulated	Included in infected diet 33 vs 50 origin audit	Significant in both mappings	1	Non-metazoan-only protein hits without nucleotide corroboration	No informative external hit					Non-metazoan candidate	infected_diet33_vs50	Infected diet 50	5.442680548278231	0.009057857739028471
LOC126328320	NW_026062453.1	metacaspase-2-like	protein_coding	Diet in infected	Infected 33 vs 50	Downregulated	Included in infected diet 33 vs 50 origin audit	Significant in both mappings	1	No informative external evidence	No informative external hit					No informative hit	infected_diet33_vs50	Infected diet 50	6.35325966812374	0.009057857739028471
LOC126329580	NW_026062521.1	uncharacterized LOC126329580	protein_coding	Diet in infected	Infected 33 vs 50	Downregulated	Included in infected diet 33 vs 50 origin audit	Significant in both mappings	1	Other-metazoan protein support only	No informative external hit					Other metazoan support	infected_diet33_vs50; infection_diet33	Control diet 33; Infected diet 50	6.12116275882896	0.009057857739028471
LOC126319901	NW_026062071.1	vacuolar protein sorting-associated protein 4-like	protein_coding	Diet in infected	Infected 33 vs 50	Downregulated	Included in infected diet 33 vs 50 origin audit	Significant in both mappings	1	External nucleotide support from Orthoptera/Arthropoda	Other arthropod	Other Arthropoda	Abaeis nicippe;Acraea horta;Diabrotica undecimpunctata;Microplitis demolitor;Microplitis mediator;Photinus pyralis;Riptortus pedestris;Teriocolias zelia	70.778	31	Non-metazoan candidate	infected_diet33_vs50; infection_diet33	Control diet 33; Infected diet 50	6.131751893884594	0.009121498517543087
LOC126315266	NW_026061960.1	60 kDa heat shock protein, mitochondrial-like	protein_coding	Diet in infected	Infected 33 vs 50	Downregulated	Included in infected diet 33 vs 50 origin audit	Significant in both mappings	1	Concordant non-metazoan nucleotide and protein hits	Non-metazoan only	Other Eukaryota	Heterostelium album PN500	67.205	20	Non-metazoan candidate	infected_diet33_vs50; infection_diet33	Control diet 33; Infected diet 50	5.828567438834633	0.009124725584313265
LOC126317077	NW_026062009.1	probable phospholipid-transporting ATPase IA	protein_coding	Diet in infected	Infected 33 vs 50	Downregulated	Included in infected diet 33 vs 50 origin audit	Significant in both mappings	1	Non-metazoan-only protein hits without nucleotide corroboration	No informative external hit					Non-metazoan candidate	infected_diet33_vs50	Infected diet 50	5.733028130049089	0.009124725584313265
LOC126327209	NW_026062374.1	cyclin-dependent kinase 5 homolog	protein_coding	Diet in infected	Infected 33 vs 50	Downregulated	Included in infected diet 33 vs 50 origin audit	Significant in both mappings	1	Non-metazoan-only protein hits without nucleotide corroboration	No informative external hit					Non-metazoan candidate	infected_diet33_vs50	Infected diet 50	5.728894358165046	0.009131602077642175
LOC126304757	NW_026061732.1	uncharacterized LOC126304757	protein_coding	Diet in infected	Infected 33 vs 50	Downregulated	Included in infected diet 33 vs 50 origin audit	Significant in both mappings	1	Mixed protein evidence	No informative external hit					Mixed/ambiguous;Non-metazoan candidate	infected_diet33_vs50; infection_diet33	Control diet 33; Infected diet 50	5.8734735193265255	0.009135272393055808
LOC126313394	NW_026061886.1	uncharacterized LOC126313394	protein_coding	Diet in infected	Infected 33 vs 50	Downregulated	Included in infected diet 33 vs 50 origin audit	Significant in both mappings	1	Non-metazoan-only protein hits without nucleotide corroboration	No informative external hit					No informative hit;Non-metazoan candidate	infected_diet33_vs50	Infected diet 50	5.992285783787478	0.009135272393055808
LOC126316702	NW_026061988.1	tRNA uridine 5-carboxymethylaminomethyl modification enzyme MnmG-like	protein_coding	Diet in infected	Infected 33 vs 50	Downregulated	Included in infected diet 33 vs 50 origin audit	Significant in both mappings	1	Non-metazoan-only protein hits without nucleotide corroboration	No informative external hit					Non-metazoan candidate	infected_diet33_vs50; infection_diet33	Control diet 33; Infected diet 50	6.632175432771293	0.009135272393055808
LOC126320761	NW_026062120.1	uncharacterized LOC126320761	protein_coding	Diet in infected	Infected 33 vs 50	Downregulated	Included in infected diet 33 vs 50 origin audit	Significant in both mappings	1	No informative external evidence	No informative external hit					No informative hit	infected_diet33_vs50; infection_diet33	Control diet 33; Infected diet 50	6.111929800891175	0.009135272393055808
LOC126324541	NW_026062249.1	SH3 and F-BAR domain-containing protein DDB_G0274695-like	protein_coding	Diet in infected	Infected 33 vs 50	Downregulated	Included in infected diet 33 vs 50 origin audit	Significant in both mappings	1	Non-metazoan-only protein hits without nucleotide corroboration	No informative external hit					Non-metazoan candidate	infected_diet33_vs50	Infected diet 50	6.179644855033815	0.009135272393055808
LOC126316675	NW_026061985.1	uncharacterized LOC126316675	protein_coding	Diet in infected	Infected 33 vs 50	Downregulated	Included in infected diet 33 vs 50 origin audit	Significant in both mappings	1	Non-metazoan-only protein hits without nucleotide corroboration	No informative external hit					Non-metazoan candidate	infected_diet33_vs50	Infected diet 50	6.096818090963204	0.009195688691182657
LOC126313306	NW_026061886.1	uncharacterized LOC126313306	protein_coding	Diet in infected	Infected 33 vs 50	Downregulated	Included in infected diet 33 vs 50 origin audit	Significant in both mappings	1	Non-metazoan-only protein hits without nucleotide corroboration	No informative external hit					Non-metazoan candidate	infected_diet33_vs50; infection_diet33	Control diet 33; Infected diet 50	5.730878008075827	0.009256227909186645
LOC126304744	NW_026061732.1	ras-related protein rapA-like	protein_coding	Diet in infected	Infected 33 vs 50	Downregulated	Included in infected diet 33 vs 50 origin audit	Significant in both mappings	1	Mixed protein evidence	No informative external hit					Mixed/ambiguous;Non-metazoan candidate	infected_diet33_vs50	Infected diet 50	5.526144388910789	0.009270621414140043
LOC126315379	NW_026061960.1	ankyrin-1-like	protein_coding	Diet in infected	Infected 33 vs 50	Downregulated	Included in infected diet 33 vs 50 origin audit	Significant in both mappings	1	No informative external evidence	No informative external hit					No informative hit	infected_diet33_vs50	Infected diet 50	6.015489129827542	0.009270621414140043
LOC126316687	NW_026061985.1	proton-coupled amino acid transporter 4-like	protein_coding	Diet in infected	Infected 33 vs 50	Downregulated	Included in infected diet 33 vs 50 origin audit	Significant in both mappings	1	Non-metazoan-only protein hits without nucleotide corroboration	No informative external hit					Non-metazoan candidate	infected_diet33_vs50	Infected diet 50	6.037089501830353	0.009270621414140043
LOC126317121	NW_026062009.1	uncharacterized LOC126317121	protein_coding	Diet in infected	Infected 33 vs 50	Downregulated	Included in infected diet 33 vs 50 origin audit	Significant in both mappings	1	Non-metazoan-only protein hits without nucleotide corroboration	No informative external hit					Non-metazoan candidate	infected_diet33_vs50; infection_diet33	Control diet 33; Infected diet 50	5.888936374933684	0.009270621414140043
LOC126318672	NW_026062059.1	chromatin-remodeling ATPase INO80-like	protein_coding	Diet in infected	Infected 33 vs 50	Downregulated	Included in infected diet 33 vs 50 origin audit	Significant in both mappings	1	Concordant non-metazoan nucleotide and protein hits	Non-metazoan only	Fungi	Neoaidaea tothii;Pseudozyma flocculosa PF-1	77.793	29	Non-metazoan candidate	infected_diet33_vs50	Infected diet 50	5.588863062186289	0.009270621414140043
LOC126320405	NW_026062097.1	uncharacterized LOC126320405	protein_coding	Diet in infected	Infected 33 vs 50	Downregulated	Included in infected diet 33 vs 50 origin audit	Significant in both mappings	1	Concordant non-metazoan nucleotide and protein hits	Non-metazoan only	Other Eukaryota	Galdieria sulphuraria	70.497	28	Non-metazoan candidate	infected_diet33_vs50; infection_diet33	Control diet 33; Infected diet 50	5.900259692113822	0.009270621414140043
LOC126320555	NW_026062105.1	integrin beta-like protein B	protein_coding	Diet in infected	Infected 33 vs 50	Downregulated	Included in infected diet 33 vs 50 origin audit	Significant in both mappings	0.999967825485433	Non-metazoan-only protein hits without nucleotide corroboration	No informative external hit					Non-metazoan candidate	infected_diet33_vs50	Infected diet 50	5.410274135060739	0.009270621414140043
LOC126322563	NW_026062185.1	uncharacterized LOC126322563	protein_coding	Diet in infected	Infected 33 vs 50	Downregulated	Included in infected diet 33 vs 50 origin audit	Significant in both mappings	1.001912045889101	Mixed protein evidence	No informative external hit					Mixed/ambiguous	infected_diet33_vs50; infection_diet33	Control diet 33; Infected diet 50	5.799945983501842	0.009270621414140043
LOC126322593	NW_026062185.1	glutathione S-transferase D4-like	protein_coding	Diet in infected	Infected 33 vs 50	Downregulated	Included in infected diet 33 vs 50 origin audit	Significant in both mappings	1	Non-metazoan-only protein hits without nucleotide corroboration	No informative external hit					Non-metazoan candidate	infected_diet33_vs50; infection_diet33	Control diet 33; Infected diet 50	6.226033160338361	0.009270621414140043
LOC126322599	NW_026062185.1	proteasome inhibitor PI31 subunit-like	protein_coding	Diet in infected	Infected 33 vs 50	Downregulated	Included in infected diet 33 vs 50 origin audit	Significant in both mappings	1	Other-metazoan protein support only	No informative external hit					Other metazoan support	infected_diet33_vs50	Infected diet 50	6.1638872626708885	0.009270621414140043
LOC126324035	NW_026062244.1	cysteine desulfurase IscS-like	protein_coding	Diet in infected	Infected 33 vs 50	Downregulated	Included in infected diet 33 vs 50 origin audit	Significant in both mappings	1	External nucleotide support from other Metazoa	Other metazoan	Other Metazoa	Centropristis striata;Dicentrarchus labrax;Etheostoma cragini;Etheostoma spectabile;Eucyclogobius newberryi	67.517	56	Mixed/ambiguous	infected_diet33_vs50	Infected diet 50	6.55513954546311	0.009270621414140043
LOC126324493	NW_026062249.1	uncharacterized LOC126324493	protein_coding	Diet in infected	Infected 33 vs 50	Downregulated	Included in infected diet 33 vs 50 origin audit	Significant in both mappings	1	Non-metazoan-only protein hits without nucleotide corroboration	No informative external hit					Non-metazoan candidate	infected_diet33_vs50; infection_diet33	Control diet 33; Infected diet 50	6.307530074879453	0.009270621414140043
LOC126326511	NW_026062344.1	protein arginine N-methyltransferase 1-like	protein_coding	Diet in infected	Infected 33 vs 50	Downregulated	Included in infected diet 33 vs 50 origin audit	Significant in both mappings	1	Mixed protein evidence	No informative external hit					Mixed/ambiguous	infected_diet33_vs50	Infected diet 50	5.564163262232785	0.009270621414140043
LOC126329069	NW_026062491.1	uncharacterized LOC126329069	protein_coding	Diet in infected	Infected 33 vs 50	Downregulated	Included in infected diet 33 vs 50 origin audit	Significant in both mappings	1.0009532888465205	External nucleotide support from other Metazoa	Other metazoan	Other Metazoa	Cairina moschata	68.453	25	Non-metazoan candidate	infected_diet33_vs50	Infected diet 50	5.6914960827248455	0.009270621414140043
LOC126329981	NW_026062553.1	uncharacterized LOC126329981	protein_coding	Diet in infected	Infected 33 vs 50	Downregulated	Included in infected diet 33 vs 50 origin audit	Significant in both mappings	1	Mixed protein evidence	No informative external hit					Mixed/ambiguous;Non-metazoan candidate	infected_diet33_vs50; infection_diet33	Control diet 33; Infected diet 50	5.901407579789027	0.009270621414140043
LOC126332398	NW_026062747.1	glucose-6-phosphate isomerase-like	protein_coding	Diet in infected	Infected 33 vs 50	Downregulated	Included in infected diet 33 vs 50 origin audit	Significant in both mappings	1	Concordant non-metazoan nucleotide and protein hits	Non-metazoan only	Bacteria	Neisseria macacae ATCC 33926;Neisseria mucosa;Neisseria sicca;Verrucomicrobium sp. GAS474	68.101	65	Non-metazoan candidate	infected_diet33_vs50; infection_diet33	Control diet 33; Infected diet 50	5.784914607028988	0.009270621414140043
LOC126318424	NW_026062051.1	protein PYR1-3-like	protein_coding	Diet in infected	Infected 33 vs 50	Downregulated	Included in infected diet 33 vs 50 origin audit	Significant in both mappings	1	Concordant non-metazoan nucleotide and protein hits	Non-metazoan only	Other Eukaryota	Rostrostelium ellipticum	68.957	44	Non-metazoan candidate	infected_diet33_vs50; infection_diet33	Control diet 33; Infected diet 50	5.954396793263251	0.009273279407701339
LOC126318629	NW_026062056.1	uncharacterized LOC126318629	protein_coding	Diet in infected	Infected 33 vs 50	Downregulated	Included in infected diet 33 vs 50 origin audit	Significant in both mappings	1	Non-metazoan-only protein hits without nucleotide corroboration	No informative external hit					Non-metazoan candidate	infected_diet33_vs50	Infected diet 50	6.395529754674005	0.009273279407701339
LOC126319973	NW_026062071.1	probable valine--tRNA ligase, cytoplasmic	protein_coding	Diet in infected	Infected 33 vs 50	Downregulated	Included in infected diet 33 vs 50 origin audit	Significant in both mappings	1	External nucleotide support from Orthoptera/Arthropoda	Other arthropod	Other Arthropoda	Amphibalanus amphitrite;Pollicipes pollicipes	65.096	34	Mixed/ambiguous	infected_diet33_vs50; infection_diet33	Control diet 33; Infected diet 50	5.972461476357345	0.009273279407701339
LOC126304722	NW_026061732.1	putative protein TPRXL	protein_coding	Diet in infected	Infected 33 vs 50	Downregulated	Included in infected diet 33 vs 50 origin audit	Significant in both mappings	1	No informative external evidence	No informative external hit					No informative hit	infected_diet33_vs50	Infected diet 50	5.846864046096344	0.009291483115536419
LOC126318434	NW_026062051.1	terminal nucleotidyltransferase 4B-like	protein_coding	Diet in infected	Infected 33 vs 50	Downregulated	Included in infected diet 33 vs 50 origin audit	Significant in both mappings	1	Mixed protein evidence	No informative external hit					Mixed/ambiguous	infected_diet33_vs50	Infected diet 50	5.380651681640584	0.009298608857622816
LOC126319939	NW_026062071.1	uncharacterized LOC126319939	lncRNA	Diet in infected	Infected 33 vs 50	Downregulated	Included in infected diet 33 vs 50 origin audit	Significant in both mappings	1	No informative external evidence	No informative external hit						infected_diet33_vs50; infection_diet33	Control diet 33; Infected diet 50	5.806529961777158	0.009298608857622816
LOC126320364	NW_026062094.1	uncharacterized LOC126320364	protein_coding	Diet in infected	Infected 33 vs 50	Downregulated	Included in infected diet 33 vs 50 origin audit	Significant in both mappings	1	No informative external evidence	No informative external hit					No informative hit	infected_diet33_vs50; infection_diet33	Control diet 33; Infected diet 50	5.560342900374303	0.009298608857622816
LOC126315289	NW_026061960.1	LIM domain kinase 2-like	protein_coding	Diet in infected	Infected 33 vs 50	Downregulated	Included in infected diet 33 vs 50 origin audit	Significant in both mappings	1	Non-metazoan-only protein hits without nucleotide corroboration	No informative external hit					Non-metazoan candidate	infected_diet33_vs50	Infected diet 50	6.0398927378626714	0.009299679728635792
LOC126315433	NW_026061960.1	uncharacterized CDP-alcohol phosphatidyltransferase class-I family protein 1-like	protein_coding	Diet in infected	Infected 33 vs 50	Downregulated	Included in infected diet 33 vs 50 origin audit	Significant in both mappings	1	Non-metazoan-only protein hits without nucleotide corroboration	No informative external hit					Non-metazoan candidate	infected_diet33_vs50; infection_diet33	Control diet 33; Infected diet 50	6.350116645718999	0.009299679728635792
LOC126325870	NW_026062299.1	3-hydroxyisobutyryl-CoA hydrolase, mitochondrial-like	protein_coding	Diet in infected	Infected 33 vs 50	Downregulated	Included in infected diet 33 vs 50 origin audit	Significant in both mappings	1	Arthropod/orthopteran protein support only	No informative external hit					Broader arthropod support	infected_diet33_vs50; infection_diet33	Control diet 33; Infected diet 50	6.7388456420219915	0.009299679728635792
LOC126326060	NW_026062315.1	uncharacterized LOC126326060	protein_coding	Diet in infected	Infected 33 vs 50	Downregulated	Included in infected diet 33 vs 50 origin audit	Significant in both mappings	1	No informative external evidence	No informative external hit					No informative hit	infected_diet33_vs50	Infected diet 50	5.3765795254255835	0.009299679728635792
LOC126329915	NW_026062549.1	uncharacterized LOC126329915	protein_coding	Diet in infected	Infected 33 vs 50	Downregulated	Included in infected diet 33 vs 50 origin audit	Significant in both mappings	1	Mixed protein evidence	No informative external hit					Mixed/ambiguous	infected_diet33_vs50	Infected diet 50	5.903519508813949	0.009299679728635792
LOC126318459	NW_026062051.1	uncharacterized LOC126318459	protein_coding	Diet in infected	Infected 33 vs 50	Downregulated	Included in infected diet 33 vs 50 origin audit	Significant in both mappings	1	No informative external evidence	No informative external hit					No informative hit	infected_diet33_vs50	Infected diet 50	5.926435522438955	0.009301151703243079
LOC126317096	NW_026062009.1	uncharacterized LOC126317096	protein_coding	Diet in infected	Infected 33 vs 50	Downregulated	Included in infected diet 33 vs 50 origin audit	Significant in both mappings	1	Non-metazoan-only protein hits without nucleotide corroboration	No informative external hit					Non-metazoan candidate	infected_diet33_vs50; infection_diet33	Control diet 33; Infected diet 50	5.785617399674056	0.00935206458449958
LOC126322712	NW_026062196.1	carboxy-terminal kinesin 2	protein_coding	Diet in infected	Infected 33 vs 50	Downregulated	Included in infected diet 33 vs 50 origin audit	Significant in both mappings	1	Concordant non-metazoan nucleotide and protein hits	Non-metazoan only	Fungi	Polychytrium aggregatum	64.813	31	Non-metazoan candidate	infected_diet33_vs50; infection_diet33	Control diet 33; Infected diet 50	6.101042529120332	0.00935206458449958
LOC126332387	NW_026062747.1	uncharacterized LOC126332387	protein_coding	Diet in infected	Infected 33 vs 50	Downregulated	Included in infected diet 33 vs 50 origin audit	Significant in both mappings	1	Non-metazoan-only protein hits without nucleotide corroboration	No informative external hit					Non-metazoan candidate	infected_diet33_vs50; infection_diet33	Control diet 33; Infected diet 50	5.8993673699709905	0.00935206458449958
LOC126327195	NW_026062374.1	FAS-associated factor 2-B-like	protein_coding	Diet in infected	Infected 33 vs 50	Downregulated	Included in infected diet 33 vs 50 origin audit	Significant in both mappings	1	Mixed protein evidence	No informative external hit					Mixed/ambiguous	infected_diet33_vs50	Infected diet 50	5.880169049189375	0.009386295397572582
LOC126324508	NW_026062249.1	vacuolar protein sorting-associated protein 53 homolog	protein_coding	Diet in infected	Infected 33 vs 50	Downregulated	Included in infected diet 33 vs 50 origin audit	Significant in both mappings	1	Mixed protein evidence	No informative external hit					Mixed/ambiguous;Non-metazoan candidate	infected_diet33_vs50; infection_diet33	Control diet 33; Infected diet 50	5.995970545161678	0.00940227970205934
LOC126319871	NW_026062071.1	uncharacterized LOC126319871	protein_coding	Diet in infected	Infected 33 vs 50	Downregulated	Included in infected diet 33 vs 50 origin audit	Significant in both mappings	1	No informative external evidence	No informative external hit					No informative hit	infected_diet33_vs50; infection_diet33	Control diet 33; Infected diet 50	6.057301592645016	0.009441171740060286
LOC126324743	NW_026062253.1	DNA topoisomerase I, mitochondrial-like	protein_coding	Diet in infected	Infected 33 vs 50	Downregulated	Included in infected diet 33 vs 50 origin audit	Significant in both mappings	1	Non-metazoan-only protein hits without nucleotide corroboration	No informative external hit					Non-metazoan candidate	infected_diet33_vs50	Infected diet 50	6.1569724933728756	0.00944640209689692
LOC126319868	NW_026062071.1	ras-related protein Rab-1B-like	protein_coding	Diet in infected	Infected 33 vs 50	Downregulated	Included in infected diet 33 vs 50 origin audit	Significant in both mappings	1	Mixed protein evidence	No informative external hit					Mixed/ambiguous	infected_diet33_vs50	Infected diet 50	5.900677581834723	0.009446975966217002
LOC126319978	NW_026062071.1	V-type proton ATPase subunit d-like	protein_coding	Diet in infected	Infected 33 vs 50	Downregulated	Included in infected diet 33 vs 50 origin audit	Significant in both mappings	1	External nucleotide support from Orthoptera/Arthropoda	Other arthropod	Other Arthropoda;Other Metazoa	Condylura cristata;Drosophila erecta	66.926	32	Non-metazoan candidate	infected_diet33_vs50	Infected diet 50	6.066562508294032	0.009446975966217002
LOC126324537	NW_026062249.1	actobindin-like	protein_coding	Diet in infected	Infected 33 vs 50	Downregulated	Included in infected diet 33 vs 50 origin audit	Significant in both mappings	1	No informative external evidence	No informative external hit					No informative hit	infected_diet33_vs50	Infected diet 50	5.760340128589082	0.009454027749291877
LOC126316982	NW_026062003.1	serine/threonine-protein kinase 4 homolog B-like	protein_coding	Diet in infected	Infected 33 vs 50	Downregulated	Included in infected diet 33 vs 50 origin audit	Significant in both mappings	1	Non-metazoan-only protein hits without nucleotide corroboration	No informative external hit					Non-metazoan candidate	infected_diet33_vs50	Infected diet 50	5.518233767834007	0.009487444257440747
LOC126319957	NW_026062071.1	probable replication factor C subunit 4	protein_coding	Diet in infected	Infected 33 vs 50	Downregulated	Included in infected diet 33 vs 50 origin audit	Significant in both mappings	1	Mixed protein evidence	No informative external hit					Mixed/ambiguous;Non-metazoan candidate	infected_diet33_vs50; infection_diet33	Control diet 33; Infected diet 50	6.023049322784527	0.009487444257440747
LOC126326591	NW_026062344.1	uncharacterized LOC126326591	protein_coding	Diet in infected	Infected 33 vs 50	Downregulated	Included in infected diet 33 vs 50 origin audit	Significant in both mappings	1	No informative external evidence	No informative external hit					No informative hit	infected_diet33_vs50; infection_diet33	Control diet 33; Infected diet 50	5.96016720056181	0.009494310424118997
LOC126322395	NW_026062176.1	uncharacterized LOC126322395	protein_coding	Diet in infected	Infected 33 vs 50	Downregulated	Included in infected diet 33 vs 50 origin audit	Significant in both mappings	1	Mixed protein evidence	No informative external hit					Mixed/ambiguous	infected_diet33_vs50	Infected diet 50	5.617195444562967	0.009494589456860464
LOC126316821	NW_026061988.1	dedicator of cytokinesis protein 11-like	protein_coding	Diet in infected	Infected 33 vs 50	Downregulated	Included in infected diet 33 vs 50 origin audit	Significant in both mappings	1	Non-metazoan-only protein hits without nucleotide corroboration	No informative external hit					Non-metazoan candidate	infected_diet33_vs50	Infected diet 50	5.467302926181041	0.009543233920896723
LOC126317099	NW_026062009.1	uncharacterized LOC126317099	protein_coding	Diet in infected	Infected 33 vs 50	Downregulated	Included in infected diet 33 vs 50 origin audit	Significant in both mappings	1	Non-metazoan-only protein hits without nucleotide corroboration	No informative external hit					Non-metazoan candidate	infected_diet33_vs50	Infected diet 50	6.083605258199303	0.009543233920896723
LOC126326034	NW_026062315.1	uncharacterized LOC126326034	protein_coding	Diet in infected	Infected 33 vs 50	Downregulated	Included in infected diet 33 vs 50 origin audit	Significant in both mappings	1	Non-metazoan-only protein hits without nucleotide corroboration	No informative external hit					Non-metazoan candidate	infected_diet33_vs50; infection_diet33	Control diet 33; Infected diet 50	5.539632655732883	0.009543233920896723
LOC126313315	NW_026061886.1	histone H1.1-like	protein_coding	Diet in infected	Infected 33 vs 50	Downregulated	Included in infected diet 33 vs 50 origin audit	Significant in both mappings	1	No informative external evidence	No informative external hit					No informative hit	infected_diet33_vs50; infection_diet33	Control diet 33; Infected diet 50	6.199718309965607	0.00955914082671583
LOC126320590	NW_026062105.1	kinase and exchange factor for Rac B-like	protein_coding	Diet in infected	Infected 33 vs 50	Downregulated	Included in infected diet 33 vs 50 origin audit	Significant in both mappings	1	Non-metazoan-only protein hits without nucleotide corroboration	No informative external hit					Non-metazoan candidate	infected_diet33_vs50	Infected diet 50	6.378737925397542	0.00957846949049173
LOC126330800	NW_026062667.1	uncharacterized LOC126330800	protein_coding	Diet in infected	Infected 33 vs 50	Downregulated	Included in infected diet 33 vs 50 origin audit	Significant in both mappings	1	Other-metazoan protein support only	No informative external hit					Other metazoan support	infected_diet33_vs50	Infected diet 50	5.656099376871294	0.00957846949049173
LOC126325828	NW_026062299.1	epsin-like	protein_coding	Diet in infected	Infected 33 vs 50	Downregulated	Included in infected diet 33 vs 50 origin audit	Significant in both mappings	1	Mixed protein evidence	No informative external hit					Mixed/ambiguous	infected_diet33_vs50; infection_diet33	Control diet 33; Infected diet 50	5.56405022073511	0.0095808567189291
LOC126315207	NW_026061958.1	protein FAN-like	protein_coding	Diet in infected	Infected 33 vs 50	Downregulated	Included in infected diet 33 vs 50 origin audit	Significant in both mappings	1	Mixed protein evidence	No informative external hit					Mixed/ambiguous	infected_diet33_vs50; infection_diet33	Control diet 33; Infected diet 50	5.668911882823545	0.009657156830088748
LOC126330066	NW_026062566.1	uncharacterized LOC126330066	protein_coding	Diet in infected	Infected 33 vs 50	Downregulated	Included in infected diet 33 vs 50 origin audit	Significant in both mappings	1	External nucleotide support from other Metazoa	Other metazoan	Other Metazoa	Helobdella robusta	70.85	20	Mixed/ambiguous	infected_diet33_vs50	Infected diet 50	5.631404797678379	0.009679231966338159
LOC126318298	NW_026062048.1	uncharacterized LOC126318298	lncRNA	Diet in infected	Infected 33 vs 50	Downregulated	Included in infected diet 33 vs 50 origin audit	Significant in both mappings	1	No informative external evidence	No informative external hit						infected_diet33_vs50	Infected diet 50	5.945331880031909	0.009742652356897927
LOC126319845	NW_026062071.1	AP-3 complex subunit beta-2-like	protein_coding	Diet in infected	Infected 33 vs 50	Downregulated	Included in infected diet 33 vs 50 origin audit	Significant in both mappings	1	Mixed protein evidence	No informative external hit					Mixed/ambiguous	infected_diet33_vs50; infection_diet33	Control diet 33; Infected diet 50	5.991815058908242	0.009742652356897927
LOC126315390	NW_026061960.1	chitinase domain-containing protein 1-like	protein_coding	Diet in infected	Infected 33 vs 50	Downregulated	Included in infected diet 33 vs 50 origin audit	Significant in both mappings	1	Mixed protein evidence	No informative external hit					Mixed/ambiguous	infected_diet33_vs50	Infected diet 50	5.6707969836418926	0.009770410917928962
LOC126316454	NW_026061974.1	uncharacterized protein DDB_G0288133-like	protein_coding	Diet in infected	Infected 33 vs 50	Downregulated	Included in infected diet 33 vs 50 origin audit	Significant in both mappings	1	No informative external evidence	No informative external hit					No informative hit	infected_diet33_vs50	Infected diet 50	5.865758869742231	0.009770410917928962
LOC126316907	NW_026062003.1	uncharacterized LOC126316907	protein_coding	Diet in infected	Infected 33 vs 50	Downregulated	Included in infected diet 33 vs 50 origin audit	Significant in both mappings	1	No informative external evidence	No informative external hit					No informative hit	infected_diet33_vs50; infection_diet33	Control diet 33; Infected diet 50	5.762885561886676	0.009770410917928962
LOC126318440	NW_026062051.1	myosin heavy chain IB-like	protein_coding	Diet in infected	Infected 33 vs 50	Downregulated	Included in infected diet 33 vs 50 origin audit	Significant in both mappings	1	Non-metazoan-only protein hits without nucleotide corroboration	No informative external hit					Non-metazoan candidate	infected_diet33_vs50	Infected diet 50	5.818961965580959	0.009770410917928962
LOC126319883	NW_026062071.1	extracellular serine proteinase-like	protein_coding	Diet in infected	Infected 33 vs 50	Downregulated	Included in infected diet 33 vs 50 origin audit	Significant in both mappings	1	Non-metazoan-only protein hits without nucleotide corroboration	No informative external hit					Non-metazoan candidate	infected_diet33_vs50	Infected diet 50	5.96488026862985	0.009770410917928962
LOC126319886	NW_026062071.1	rap1 GTPase-GDP dissociation stimulator 1-A-like	protein_coding	Diet in infected	Infected 33 vs 50	Downregulated	Included in infected diet 33 vs 50 origin audit	Significant in both mappings	1	Mixed protein evidence	No informative external hit					Mixed/ambiguous;Other metazoan support	infected_diet33_vs50	Infected diet 50	5.704069926982874	0.009770410917928962
LOC126328218	NW_026062445.1	glutamine-dependent NAD(+) synthetase-like	protein_coding	Diet in infected	Infected 33 vs 50	Downregulated	Included in infected diet 33 vs 50 origin audit	Significant in both mappings	1	Concordant non-metazoan nucleotide and protein hits	Non-metazoan only	Other Eukaryota	Chondrus crispus	66.421	23	Non-metazoan candidate	infected_diet33_vs50	Infected diet 50	5.80286562334514	0.009770410917928962
LOC126322579	NW_026062185.1	CTD small phosphatase-like protein 2	protein_coding	Diet in infected	Infected 33 vs 50	Downregulated	Included in infected diet 33 vs 50 origin audit	Significant in both mappings	1	Non-metazoan-only protein hits without nucleotide corroboration	No informative external hit					Non-metazoan candidate	infected_diet33_vs50	Infected diet 50	5.446065970934483	0.009791349545575173
LOC126304721	NW_026061732.1	S-adenosylmethionine synthase-like	protein_coding	Diet in infected	Infected 33 vs 50	Downregulated	Included in infected diet 33 vs 50 origin audit	Significant in both mappings	1	Concordant non-metazoan nucleotide and protein hits	Non-metazoan only	Other Eukaryota	Phytophthora cinnamomi;Phytophthora ramorum;Saprolegnia parasitica CBS 223.65	70.709	37	Non-metazoan candidate	infected_diet33_vs50; infection_diet33	Control diet 33; Infected diet 50	6.417424463636673	0.00984947327813362
LOC126316674	NW_026061985.1	dipeptidyl aminopeptidase BI-like	protein_coding	Diet in infected	Infected 33 vs 50	Downregulated	Included in infected diet 33 vs 50 origin audit	Significant in both mappings	1	Non-metazoan-only protein hits without nucleotide corroboration	No informative external hit					Non-metazoan candidate	infected_diet33_vs50	Infected diet 50	5.805231396866642	0.009851645298979582
LOC126325827	NW_026062299.1	uncharacterized LOC126325827	protein_coding	Diet in infected	Infected 33 vs 50	Downregulated	Included in infected diet 33 vs 50 origin audit	Significant in both mappings	1	Arthropod/orthopteran protein support only	No informative external hit					Broader arthropod support;No informative hit	infected_diet33_vs50	Infected diet 50	5.9651282779597565	0.009851645298979582
LOC126323238	NW_026062217.1	autophagy-related protein 9-like	protein_coding	Diet in infected	Infected 33 vs 50	Downregulated	Included in infected diet 33 vs 50 origin audit	Significant in both mappings	1	Non-metazoan-only protein hits without nucleotide corroboration	No informative external hit					Non-metazoan candidate	infected_diet33_vs50	Infected diet 50	5.737597719226207	0.009860131883988954
LOC126326590	NW_026062344.1	uncharacterized LOC126326590	protein_coding	Diet in infected	Infected 33 vs 50	Downregulated	Included in infected diet 33 vs 50 origin audit	Significant in both mappings	1	Mixed external nucleotide evidence	Mixed metazoan/non-metazoan	Fungi;Other Arthropoda	Culicoides brevitarsis;Lodderomyces theae	68.369	23	Non-metazoan candidate	infected_diet33_vs50; infection_diet33	Control diet 33; Infected diet 50	6.192051747539265	0.009860131883988954
LOC126304673	NW_026061732.1	SCF ubiquitin ligase complex protein SKP1b-like	protein_coding	Diet in infected	Infected 33 vs 50	Downregulated	Included in infected diet 33 vs 50 origin audit	Significant in both mappings	1	Non-metazoan-only protein hits without nucleotide corroboration	No informative external hit					Non-metazoan candidate	infected_diet33_vs50; infection_diet33	Control diet 33; Infected diet 50	6.469215138407669	0.009891894223146642
LOC126322522	NW_026062185.1	uncharacterized LOC126322522	protein_coding	Diet in infected	Infected 33 vs 50	Downregulated	Included in infected diet 33 vs 50 origin audit	Significant in both mappings	1	Non-metazoan-only protein hits without nucleotide corroboration	No informative external hit					Non-metazoan candidate	infected_diet33_vs50; infection_diet33	Control diet 33; Infected diet 50	6.152989014722049	0.009891894223146642
LOC126324069	NW_026062244.1	uncharacterized LOC126324069	protein_coding	Diet in infected	Infected 33 vs 50	Downregulated	Included in infected diet 33 vs 50 origin audit	Significant in both mappings	1	No informative external evidence	No informative external hit					No informative hit	infected_diet33_vs50	Infected diet 50	5.880625940029749	0.009924051521261693
LOC126304653	NW_026061732.1	cyclic GMP-binding protein C-like	protein_coding	Diet in infected	Infected 33 vs 50	Downregulated	Included in infected diet 33 vs 50 origin audit	Significant in both mappings	1	Non-metazoan-only protein hits without nucleotide corroboration	No informative external hit					Non-metazoan candidate	infected_diet33_vs50	Infected diet 50	5.925975144904995	0.009938906522232522
LOC126305015	NW_026061743.1	uncharacterized LOC126305015	protein_coding	Diet in infected	Infected 33 vs 50	Downregulated	Included in infected diet 33 vs 50 origin audit	Significant in both mappings	1	Non-metazoan-only protein hits without nucleotide corroboration	No informative external hit					Non-metazoan candidate	infected_diet33_vs50; infection_diet33	Control diet 33; Infected diet 50	5.902947463084361	0.009938906522232522
LOC126315245	NW_026061960.1	uncharacterized LOC126315245	protein_coding	Diet in infected	Infected 33 vs 50	Downregulated	Included in infected diet 33 vs 50 origin audit	Significant in both mappings	1	No informative external evidence	No informative external hit					No informative hit	infected_diet33_vs50; infection_diet33	Control diet 33; Infected diet 50	5.64798277068908	0.009938906522232522
LOC126318638	NW_026062056.1	4-hydroxybutyrate coenzyme A transferase-like	protein_coding	Diet in infected	Infected 33 vs 50	Downregulated	Included in infected diet 33 vs 50 origin audit	Significant in both mappings	1	Concordant non-metazoan nucleotide and protein hits	Non-metazoan only	Bacteria	Leptospira borgpetersenii;Leptospira borgpetersenii serovar Ballum;Leptospira borgpetersenii serovar Ceylonica;Leptospira borgpetersenii str. 4E;Leptospira mayottensis	68.687	41	Non-metazoan candidate	infected_diet33_vs50; infection_diet33	Control diet 33; Infected diet 50	5.988165451906512	0.009938906522232522
LOC126320439	NW_026062097.1	putative folylpolyglutamate synthase	protein_coding	Diet in infected	Infected 33 vs 50	Downregulated	Included in infected diet 33 vs 50 origin audit	Significant in both mappings	1	Mixed protein evidence	No informative external hit					Mixed/ambiguous	infected_diet33_vs50; infection_diet33	Control diet 33; Infected diet 50	5.958473176887569	0.009938906522232522
LOC126325475	NW_026062282.1	uncharacterized LOC126325475	protein_coding	Diet in infected	Infected 33 vs 50	Downregulated	Included in infected diet 33 vs 50 origin audit	Significant in both mappings	1	Non-metazoan-only protein hits without nucleotide corroboration	No informative external hit					Non-metazoan candidate	infected_diet33_vs50	Infected diet 50	5.392402586665155	0.009938906522232522
LOC126318670	NW_026062059.1	pre-mRNA-processing-splicing factor 8-like	protein_coding	Diet in infected	Infected 33 vs 50	Downregulated	Included in infected diet 33 vs 50 origin audit	Significant in both mappings	1	Mixed external nucleotide evidence	Mixed metazoan/non-metazoan	Other Arthropoda;Other Metazoa;Plants	Bacillus rossius redtenbacheri;Chlamydomonas reinhardtii;Micromonas pusilla CCMP1545;Pollicipes pollicipes;Varanus komodoensis	73.553	77	Mixed/ambiguous	infected_diet33_vs50; infection_diet33	Control diet 33; Infected diet 50	5.88299438156867	0.009949122093316538
LOC126316726	NW_026061988.1	transcription elongation factor SPT5-like	protein_coding	Diet in infected	Infected 33 vs 50	Downregulated	Included in infected diet 33 vs 50 origin audit	Significant in both mappings	1	Non-metazoan-only protein hits without nucleotide corroboration	No informative external hit					Non-metazoan candidate	infected_diet33_vs50; infection_diet33	Control diet 33; Infected diet 50	5.918013518166824	0.00995143882150362
LOC126317516	NW_026062018.1	uncharacterized protein DDB_G0271670-like	protein_coding	Diet in infected	Infected 33 vs 50	Downregulated	Included in infected diet 33 vs 50 origin audit	Significant in both mappings	1	External nucleotide support from other Metazoa	Other metazoan	Other Metazoa	Cairina moschata	68.516	30	No informative hit	infected_diet33_vs50	Infected diet 50	5.714610199853381	0.009967240433972914
LOC126328048	NW_026062425.1	uncharacterized LOC126328048	protein_coding	Diet in infected	Infected 33 vs 50	Downregulated	Included in infected diet 33 vs 50 origin audit	Significant in both mappings	1	Non-metazoan-only protein hits without nucleotide corroboration	No informative external hit					Non-metazoan candidate	infected_diet33_vs50	Infected diet 50	5.745225971852716	0.009968103150224183
LOC126313318	NW_026061886.1	nucleoside diphosphate kinase-like	protein_coding	Diet in infected	Infected 33 vs 50	Downregulated	Included in infected diet 33 vs 50 origin audit	Significant in both mappings	1	Non-metazoan-only protein hits without nucleotide corroboration	No informative external hit					Non-metazoan candidate	infected_diet33_vs50; infection_diet33	Control diet 33; Infected diet 50	6.05327499573665	0.009994229498433368
LOC126316679	NW_026061985.1	anaphase-promoting complex subunit 1-like	protein_coding	Diet in infected	Infected 33 vs 50	Downregulated	Included in infected diet 33 vs 50 origin audit	Significant in both mappings	1	Non-metazoan-only protein hits without nucleotide corroboration	No informative external hit					Non-metazoan candidate	infected_diet33_vs50	Infected diet 50	5.636497812931263	0.009994229498433368
LOC126320449	NW_026062097.1	kinesin light chain-like	protein_coding	Diet in infected	Infected 33 vs 50	Downregulated	Included in infected diet 33 vs 50 origin audit	Significant in both mappings	1	No informative external evidence	No informative external hit					No informative hit	infected_diet33_vs50; infection_diet33	Control diet 33; Infected diet 50	5.927396109144801	0.009994229498433368
LOC126322534	NW_026062185.1	uncharacterized LOC126322534	protein_coding	Diet in infected	Infected 33 vs 50	Downregulated	Included in infected diet 33 vs 50 origin audit	Significant in both mappings	1	Non-metazoan-only protein hits without nucleotide corroboration	No informative external hit					Non-metazoan candidate	infected_diet33_vs50	Infected diet 50	5.834416321983206	0.009994229498433368
LOC126323258	NW_026062217.1	uncharacterized LOC126323258	protein_coding	Diet in infected	Infected 33 vs 50	Downregulated	Included in infected diet 33 vs 50 origin audit	Significant in both mappings	1	Non-metazoan-only protein hits without nucleotide corroboration	No informative external hit					Non-metazoan candidate	infected_diet33_vs50	Infected diet 50	6.226413102725927	0.009994229498433368
LOC126324534	NW_026062249.1	uncharacterized LOC126324534	protein_coding	Diet in infected	Infected 33 vs 50	Downregulated	Included in infected diet 33 vs 50 origin audit	Significant in both mappings	1	Non-metazoan-only protein hits without nucleotide corroboration	No informative external hit					No informative hit;Non-metazoan candidate	infected_diet33_vs50	Infected diet 50	6.213069334522477	0.009994229498433368
LOC126328065	NW_026062425.1	uncharacterized LOC126328065	protein_coding	Diet in infected	Infected 33 vs 50	Downregulated	Included in infected diet 33 vs 50 origin audit	Significant in both mappings	1	Non-metazoan-only protein hits without nucleotide corroboration	No informative external hit					Non-metazoan candidate	infected_diet33_vs50; infection_diet33	Control diet 33; Infected diet 50	5.546321865053275	0.009994229498433368
LOC126329991	NW_026062553.1	probable protein phosphatase DDB_G0279461	protein_coding	Diet in infected	Infected 33 vs 50	Downregulated	Included in infected diet 33 vs 50 origin audit	Significant in both mappings	1	Non-metazoan-only protein hits without nucleotide corroboration	No informative external hit					Non-metazoan candidate	infected_diet33_vs50	Infected diet 50	5.739451236087324	0.009994229498433368
LOC126332788	NW_026062803.1	uncharacterized LOC126332788	lncRNA	Diet in infected	Infected 33 vs 50	Downregulated	Included in infected diet 33 vs 50 origin audit	Significant in both mappings	1	No informative external evidence	No informative external hit						infected_diet33_vs50	Infected diet 50	5.833696566597609	0.009994229498433368
LOC126304758	NW_026061732.1	adenosylhomocysteinase-like	protein_coding	Diet in infected	Infected 33 vs 50	Downregulated	Included in infected diet 33 vs 50 origin audit	Significant in both mappings	1.000667556742323	External nucleotide support from Orthoptera/Arthropoda	Other arthropod	Other Arthropoda	Bacillus rossius redtenbacheri;Culex pipiens pallens;Culex quinquefasciatus	71.827	54	Mixed/ambiguous	infected_diet33_vs50; infection_diet33	Control diet 33; Infected diet 50	6.254062082753231	0.009995117653741021
LOC126315242	NW_026061960.1	uncharacterized LOC126315242	protein_coding	Diet in infected	Infected 33 vs 50	Downregulated	Included in infected diet 33 vs 50 origin audit	Significant in both mappings	1.0001527883880823	Non-metazoan-only protein hits without nucleotide corroboration	No informative external hit					Non-metazoan candidate	infected_diet33_vs50	Infected diet 50	5.837829126171264	0.009995117653741021
LOC126315373	NW_026061960.1	uncharacterized LOC126315373	protein_coding	Diet in infected	Infected 33 vs 50	Downregulated	Included in infected diet 33 vs 50 origin audit	Significant in both mappings	1	Arthropod/orthopteran protein support only	No informative external hit					Broader arthropod support	infected_diet33_vs50	Infected diet 50	5.816392039600063	0.009995117653741021
LOC126317445	NW_026062018.1	serine/threonine-protein phosphatase 6 catalytic subunit-like	protein_coding	Diet in infected	Infected 33 vs 50	Downregulated	Included in infected diet 33 vs 50 origin audit	Significant in both mappings	1	Mixed protein evidence	No informative external hit					Mixed/ambiguous;Non-metazoan candidate	infected_diet33_vs50	Infected diet 50	5.579384585823006	0.009995117653741021
LOC126323260	NW_026062217.1	rho GTPase-activating protein gacW-like	protein_coding	Diet in infected	Infected 33 vs 50	Downregulated	Included in infected diet 33 vs 50 origin audit	Significant in both mappings	1	Non-metazoan-only protein hits without nucleotide corroboration	No informative external hit					Non-metazoan candidate	infected_diet33_vs50	Infected diet 50	5.860733979396409	0.009995117653741021
LOC126326547	NW_026062344.1	dual specificity protein kinase shkC-like	protein_coding	Diet in infected	Infected 33 vs 50	Downregulated	Included in infected diet 33 vs 50 origin audit	Significant in both mappings	1	Non-metazoan-only protein hits without nucleotide corroboration	No informative external hit					Non-metazoan candidate	infected_diet33_vs50	Infected diet 50	6.285384161729169	0.009995117653741021
LOC126329917	NW_026062549.1	uncharacterized LOC126329917	protein_coding	Diet in infected	Infected 33 vs 50	Downregulated	Included in infected diet 33 vs 50 origin audit	Significant in both mappings	1	No informative external evidence	No informative external hit					No informative hit	infected_diet33_vs50; infection_diet33	Control diet 33; Infected diet 50	6.0738954236371185	0.009995117653741021
LOC126318444	NW_026062051.1	sarcoplasmic reticulum histidine-rich calcium-binding protein-like	protein_coding	Diet in infected	Infected 33 vs 50	Downregulated	Included in infected diet 33 vs 50 origin audit	Significant in both mappings	1	Non-metazoan-only protein hits without nucleotide corroboration	No informative external hit					No informative hit;Non-metazoan candidate	infected_diet33_vs50	Infected diet 50	5.625271809160997	0.009996309143867094
LOC126320754	NW_026062120.1	GTPase-activating Rap/Ran-GAP domain-like protein 3	protein_coding	Diet in infected	Infected 33 vs 50	Downregulated	Included in infected diet 33 vs 50 origin audit	Significant in both mappings	1	Other-metazoan protein support only	No informative external hit					Other metazoan support	infected_diet33_vs50	Infected diet 50	5.0862798004152	0.009996309143867094
LOC126304749	NW_026061732.1	uncharacterized LOC126304749	protein_coding	Diet in infected	Infected 33 vs 50	Downregulated	Included in infected diet 33 vs 50 origin audit	Significant in both mappings	1	Concordant non-metazoan nucleotide and protein hits	Non-metazoan only	Bacteria	Pelagibius sp.	66.09	50	Non-metazoan candidate	infected_diet33_vs50	Infected diet 50	5.382635765825148	0.010060170194679018
LOC126304760	NW_026061732.1	uncharacterized LOC126304760	protein_coding	Diet in infected	Infected 33 vs 50	Downregulated	Included in infected diet 33 vs 50 origin audit	Significant in both mappings	1	Non-metazoan-only protein hits without nucleotide corroboration	No informative external hit					Non-metazoan candidate	infected_diet33_vs50; infection_diet33	Control diet 33; Infected diet 50	5.7719424486634825	0.010060170194679018
LOC126305007	NW_026061743.1	arpin-like	protein_coding	Diet in infected	Infected 33 vs 50	Downregulated	Included in infected diet 33 vs 50 origin audit	Significant in both mappings	1	Non-metazoan-only protein hits without nucleotide corroboration	No informative external hit					Non-metazoan candidate	infected_diet33_vs50	Infected diet 50	5.519775398465832	0.010060170194679018
LOC126313372	NW_026061886.1	uncharacterized LOC126313372	protein_coding	Diet in infected	Infected 33 vs 50	Downregulated	Included in infected diet 33 vs 50 origin audit	Significant in both mappings	1	Non-metazoan-only protein hits without nucleotide corroboration	No informative external hit					Non-metazoan candidate	infected_diet33_vs50	Infected diet 50	5.3183832943616896	0.010060170194679018
LOC126315270	NW_026061960.1	elongin-C-like	protein_coding	Diet in infected	Infected 33 vs 50	Downregulated	Included in infected diet 33 vs 50 origin audit	Significant in both mappings	1	Non-metazoan-only protein hits without nucleotide corroboration	No informative external hit					Non-metazoan candidate	infected_diet33_vs50	Infected diet 50	5.951682477468381	0.010060170194679018
LOC126315271	NW_026061960.1	2-oxoglutarate dehydrogenase, mitochondrial-like	protein_coding	Diet in infected	Infected 33 vs 50	Downregulated	Included in infected diet 33 vs 50 origin audit	Significant in both mappings	1	Non-metazoan-only protein hits without nucleotide corroboration	No informative external hit					Non-metazoan candidate	infected_diet33_vs50; infection_diet33	Control diet 33; Infected diet 50	6.128205331383758	0.010060170194679018
LOC126315356	NW_026061960.1	uncharacterized LOC126315356	protein_coding	Diet in infected	Infected 33 vs 50	Downregulated	Included in infected diet 33 vs 50 origin audit	Significant in both mappings	1	No informative external evidence	No informative external hit					No informative hit	infected_diet33_vs50	Infected diet 50	6.408572590134999	0.010060170194679018
LOC126316738	NW_026061988.1	glucose-6-phosphate 1-dehydrogenase-like	protein_coding	Diet in infected	Infected 33 vs 50	Downregulated	Included in infected diet 33 vs 50 origin audit	Significant in both mappings	1	Concordant non-metazoan nucleotide and protein hits	Non-metazoan only	Other Eukaryota	Acytostelium subglobosum LB1	65.793	31	Non-metazoan candidate	infected_diet33_vs50	Infected diet 50	5.698249987613773	0.010060170194679018
LOC126317474	NW_026062018.1	tRNA (guanine(26)-N(2))-dimethyltransferase-like	protein_coding	Diet in infected	Infected 33 vs 50	Downregulated	Included in infected diet 33 vs 50 origin audit	Significant in both mappings	1	Mixed protein evidence	No informative external hit					Mixed/ambiguous;Non-metazoan candidate	infected_diet33_vs50	Infected diet 50	5.708180574808894	0.010060170194679018
LOC126318294	NW_026062048.1	F-actin-capping protein subunit beta-like	protein_coding	Diet in infected	Infected 33 vs 50	Downregulated	Included in infected diet 33 vs 50 origin audit	Significant in both mappings	1	Non-metazoan-only protein hits without nucleotide corroboration	No informative external hit					Non-metazoan candidate	infected_diet33_vs50	Infected diet 50	5.668374389578641	0.010060170194679018
LOC126318433	NW_026062051.1	SEC14-like protein 2	protein_coding	Diet in infected	Infected 33 vs 50	Downregulated	Included in infected diet 33 vs 50 origin audit	Significant in both mappings	1	Other-metazoan protein support only	No informative external hit					Other metazoan support	infected_diet33_vs50	Infected diet 50	5.81041104201726	0.010060170194679018
LOC126318636	NW_026062056.1	uncharacterized LOC126318636	protein_coding	Diet in infected	Infected 33 vs 50	Downregulated	Included in infected diet 33 vs 50 origin audit	Significant in both mappings	1	Concordant non-metazoan nucleotide and protein hits	Non-metazoan only	Fungi	Cryptococcus wingfieldii CBS 7118	70.119	22	Non-metazoan candidate	infected_diet33_vs50	Infected diet 50	5.704217172120984	0.010060170194679018
LOC126319850	NW_026062071.1	uncharacterized LOC126319850	protein_coding	Diet in infected	Infected 33 vs 50	Downregulated	Included in infected diet 33 vs 50 origin audit	Significant in both mappings	1	Non-metazoan-only protein hits without nucleotide corroboration	No informative external hit					Non-metazoan candidate	infected_diet33_vs50	Infected diet 50	6.111824642239505	0.010060170194679018
LOC126319975	NW_026062071.1	uncharacterized LOC126319975	protein_coding	Diet in infected	Infected 33 vs 50	Downregulated	Included in infected diet 33 vs 50 origin audit	Significant in both mappings	1	No informative external evidence	No informative external hit					No informative hit	infected_diet33_vs50	Infected diet 50	5.817436280836618	0.010060170194679018
LOC126320447	NW_026062097.1	uncharacterized LOC126320447	protein_coding	Diet in infected	Infected 33 vs 50	Downregulated	Included in infected diet 33 vs 50 origin audit	Significant in both mappings	1	Non-metazoan-only protein hits without nucleotide corroboration	No informative external hit					Non-metazoan candidate	infected_diet33_vs50; infection_diet33	Control diet 33; Infected diet 50	5.65870322022409	0.010060170194679018
LOC126320487	NW_026062097.1	probable ATP-dependent RNA helicase ddx10	protein_coding	Diet in infected	Infected 33 vs 50	Downregulated	Included in infected diet 33 vs 50 origin audit	Significant in both mappings	1	Mixed protein evidence	No informative external hit					Mixed/ambiguous	infected_diet33_vs50; infection_diet33	Control diet 33; Infected diet 50	5.892299834645599	0.010060170194679018
LOC126320766	NW_026062120.1	uncharacterized LOC126320766	protein_coding	Diet in infected	Infected 33 vs 50	Downregulated	Included in infected diet 33 vs 50 origin audit	Significant in both mappings	1	Non-metazoan-only protein hits without nucleotide corroboration	No informative external hit					Non-metazoan candidate	infected_diet33_vs50	Infected diet 50	5.8960296762970135	0.010060170194679018
LOC126322416	NW_026062176.1	uncharacterized LOC126322416	protein_coding	Diet in infected	Infected 33 vs 50	Downregulated	Included in infected diet 33 vs 50 origin audit	Significant in both mappings	1	Non-metazoan-only protein hits without nucleotide corroboration	No informative external hit					Non-metazoan candidate	infected_diet33_vs50; infection_diet33	Control diet 33; Infected diet 50	5.692908930079348	0.010060170194679018
LOC126322547	NW_026062185.1	uncharacterized LOC126322547	protein_coding	Diet in infected	Infected 33 vs 50	Downregulated	Included in infected diet 33 vs 50 origin audit	Significant in both mappings	1	Mixed protein evidence	No informative external hit					Mixed/ambiguous	infected_diet33_vs50; infection_diet33	Control diet 33; Infected diet 50	6.026450533249813	0.010060170194679018
LOC126322573	NW_026062185.1	uncharacterized LOC126322573	protein_coding	Diet in infected	Infected 33 vs 50	Downregulated	Included in infected diet 33 vs 50 origin audit	Significant in both mappings	1	No informative external evidence	No informative external hit					No informative hit	infected_diet33_vs50; infection_diet33	Control diet 33; Infected diet 50	5.688203052396443	0.010060170194679018
LOC126322694	NW_026062196.1	uncharacterized LOC126322694	protein_coding	Diet in infected	Infected 33 vs 50	Downregulated	Included in infected diet 33 vs 50 origin audit	Significant in both mappings	1	Non-metazoan-only protein hits without nucleotide corroboration	No informative external hit					Non-metazoan candidate	infected_diet33_vs50	Infected diet 50	5.674394572449996	0.010060170194679018
LOC126323246	NW_026062217.1	splicing factor 3B subunit 4-like	protein_coding	Diet in infected	Infected 33 vs 50	Downregulated	Included in infected diet 33 vs 50 origin audit	Significant in both mappings	1	Conflicting nucleotide and protein evidence	Non-metazoan only	Other Eukaryota	Salpingoeca rosetta	68.687	23	Mixed/ambiguous	infected_diet33_vs50; infection_diet33	Control diet 33; Infected diet 50	5.421856615981328	0.010060170194679018
LOC126323255	NW_026062217.1	splicing factor 3B subunit 1-like	protein_coding	Diet in infected	Infected 33 vs 50	Downregulated	Included in infected diet 33 vs 50 origin audit	Significant in both mappings	1	External nucleotide support from Orthoptera/Arthropoda	Other arthropod	Other Arthropoda	Anopheles arabiensis;Anopheles coluzzii;Anopheles gambiae;Anopheles merus	76.483	59	Mixed/ambiguous	infected_diet33_vs50	Infected diet 50	5.467887594625381	0.010060170194679018
LOC126323740	NW_026062229.1	rho GTPase-activating protein gacJJ-like	protein_coding	Diet in infected	Infected 33 vs 50	Downregulated	Included in infected diet 33 vs 50 origin audit	Significant in both mappings	1	Non-metazoan-only protein hits without nucleotide corroboration	No informative external hit					Non-metazoan candidate	infected_diet33_vs50	Infected diet 50	5.627779280726489	0.010060170194679018
LOC126323759	NW_026062229.1	ABC transporter C family member 8-like	protein_coding	Diet in infected	Infected 33 vs 50	Downregulated	Included in infected diet 33 vs 50 origin audit	Significant in both mappings	1	Mixed protein evidence	No informative external hit					Mixed/ambiguous	infected_diet33_vs50	Infected diet 50	5.326663473623899	0.010060170194679018
LOC126323914	NW_026062236.1	uncharacterized LOC126323914	protein_coding	Diet in infected	Infected 33 vs 50	Downregulated	Included in infected diet 33 vs 50 origin audit	Significant in both mappings	1	Non-metazoan-only protein hits without nucleotide corroboration	No informative external hit					Non-metazoan candidate	infected_diet33_vs50	Infected diet 50	5.729059481902789	0.010060170194679018
LOC126324036	NW_026062244.1	mini-chromosome maintenance complex-binding protein-like	protein_coding	Diet in infected	Infected 33 vs 50	Downregulated	Included in infected diet 33 vs 50 origin audit	Significant in both mappings	1	Mixed protein evidence	No informative external hit					Mixed/ambiguous	infected_diet33_vs50; infection_diet33	Control diet 33; Infected diet 50	5.818308366914252	0.010060170194679018
LOC126324070	NW_026062244.1	ras-like protein rasG	protein_coding	Diet in infected	Infected 33 vs 50	Downregulated	Included in infected diet 33 vs 50 origin audit	Significant in both mappings	1	Concordant non-metazoan nucleotide and protein hits	Non-metazoan only	Fungi;Other Eukaryota	Dictyostelium discoideum;Dictyostelium discoideum AX4;Dictyostelium purpureum;Radiomyces spectabilis	69.62	21	Non-metazoan candidate	infected_diet33_vs50; infection_diet33	Control diet 33; Infected diet 50	6.387690913306228	0.010060170194679018
LOC126324482	NW_026062249.1	elongator complex protein 1-like	protein_coding	Diet in infected	Infected 33 vs 50	Downregulated	Included in infected diet 33 vs 50 origin audit	Significant in both mappings	1	Non-metazoan-only protein hits without nucleotide corroboration	No informative external hit					Non-metazoan candidate	infected_diet33_vs50	Infected diet 50	5.803540583201055	0.010060170194679018
LOC126325477	NW_026062282.1	double-strand-break repair protein rad21 homolog	protein_coding	Diet in infected	Infected 33 vs 50	Downregulated	Included in infected diet 33 vs 50 origin audit	Significant in both mappings	1	Non-metazoan-only protein hits without nucleotide corroboration	No informative external hit					Non-metazoan candidate	infected_diet33_vs50; infection_diet33	Control diet 33; Infected diet 50	5.642314869609971	0.010060170194679018
LOC126325491	NW_026062282.1	uncharacterized LOC126325491	protein_coding	Diet in infected	Infected 33 vs 50	Downregulated	Included in infected diet 33 vs 50 origin audit	Significant in both mappings	1	Non-metazoan-only protein hits without nucleotide corroboration	No informative external hit					Non-metazoan candidate	infected_diet33_vs50; infection_diet33	Control diet 33; Infected diet 50	5.406001735190621	0.010060170194679018
LOC126326077	NW_026062315.1	large subunit GTPase 1 homolog	protein_coding	Diet in infected	Infected 33 vs 50	Downregulated	Included in infected diet 33 vs 50 origin audit	Significant in both mappings	1	Mixed protein evidence	No informative external hit					Mixed/ambiguous	infected_diet33_vs50	Infected diet 50	5.911955840420079	0.010060170194679018
LOC126326568	NW_026062344.1	uncharacterized LOC126326568	protein_coding	Diet in infected	Infected 33 vs 50	Downregulated	Included in infected diet 33 vs 50 origin audit	Significant in both mappings	1	No informative external evidence	No informative external hit					No informative hit	infected_diet33_vs50	Infected diet 50	6.152073032995384	0.010060170194679018
LOC126326584	NW_026062344.1	uncharacterized LOC126326584	protein_coding	Diet in infected	Infected 33 vs 50	Downregulated	Included in infected diet 33 vs 50 origin audit	Significant in both mappings	1	Non-metazoan-only protein hits without nucleotide corroboration	No informative external hit					Non-metazoan candidate	infected_diet33_vs50; infection_diet33	Control diet 33; Infected diet 50	6.173225020695786	0.010060170194679018
LOC126328054	NW_026062425.1	glutamate--cysteine ligase catalytic subunit-like	protein_coding	Diet in infected	Infected 33 vs 50	Downregulated	Included in infected diet 33 vs 50 origin audit	Significant in both mappings	1	Mixed protein evidence	No informative external hit					Mixed/ambiguous;Non-metazoan candidate	infected_diet33_vs50	Infected diet 50	5.4784751104675955	0.010060170194679018
LOC126329590	NW_026062521.1	TELO2-interacting protein 1 homolog	protein_coding	Diet in infected	Infected 33 vs 50	Downregulated	Included in infected diet 33 vs 50 origin audit	Significant in both mappings	1	Other-metazoan protein support only	No informative external hit					Other metazoan support	infected_diet33_vs50	Infected diet 50	5.942414503045453	0.010060170194679018
LOC126315407	NW_026061960.1	uncharacterized LOC126315407	protein_coding	Diet in infected	Infected 33 vs 50	Downregulated	Included in infected diet 33 vs 50 origin audit	Significant in both mappings	1	Non-metazoan-only protein hits without nucleotide corroboration	No informative external hit					Non-metazoan candidate	infected_diet33_vs50	Infected diet 50	6.136133150254228	0.0100657951401931
LOC126317081	NW_026062009.1	uncharacterized LOC126317081	protein_coding	Diet in infected	Infected 33 vs 50	Downregulated	Included in infected diet 33 vs 50 origin audit	Significant in both mappings	1	No informative external evidence	No informative external hit					No informative hit	infected_diet33_vs50; infection_diet33	Control diet 33; Infected diet 50	6.015916688294444	0.0100657951401931
LOC126319864	NW_026062071.1	uncharacterized LOC126319864	protein_coding	Diet in infected	Infected 33 vs 50	Downregulated	Included in infected diet 33 vs 50 origin audit	Significant in both mappings	1	Conflicting nucleotide and protein evidence	Non-metazoan only	Plants	Triticum aestivum;Zea mays	69.714	35	Mixed/ambiguous	infected_diet33_vs50	Infected diet 50	5.649608244415675	0.0100657951401931
LOC126323719	NW_026062229.1	uncharacterized LOC126323719	protein_coding	Diet in infected	Infected 33 vs 50	Downregulated	Included in infected diet 33 vs 50 origin audit	Significant in both mappings	1	Non-metazoan-only protein hits without nucleotide corroboration	No informative external hit					Non-metazoan candidate	infected_diet33_vs50	Infected diet 50	5.411700396458317	0.0100657951401931
LOC126324033	NW_026062244.1	probable sphingosine-1-phosphate phosphatase	protein_coding	Diet in infected	Infected 33 vs 50	Downregulated	Included in infected diet 33 vs 50 origin audit	Significant in both mappings	1	Mixed protein evidence	No informative external hit					Mixed/ambiguous	infected_diet33_vs50; infection_diet33	Control diet 33; Infected diet 50	5.705063184844267	0.0100657951401931
LOC126322419	NW_026062176.1	uncharacterized LOC126322419	protein_coding	Diet in infected	Infected 33 vs 50	Downregulated	Included in infected diet 33 vs 50 origin audit	Significant in both mappings	1	Non-metazoan-only protein hits without nucleotide corroboration	No informative external hit					Non-metazoan candidate	infected_diet33_vs50; infection_diet33	Control diet 33; Infected diet 50	6.064082255419358	0.010069755818934203
LOC126325836	NW_026062299.1	uncharacterized LOC126325836	protein_coding	Diet in infected	Infected 33 vs 50	Downregulated	Included in infected diet 33 vs 50 origin audit	Significant in both mappings	1	No informative external evidence	No informative external hit					No informative hit	infected_diet33_vs50	Infected diet 50	5.945735157103115	0.010077990359626554
LOC126323279	NW_026062217.1	uncharacterized LOC126323279	protein_coding	Diet in infected	Infected 33 vs 50	Downregulated	Included in infected diet 33 vs 50 origin audit	Significant in both mappings	1	External nucleotide support from Orthoptera/Arthropoda	Other arthropod	Other Arthropoda	Anopheles arabiensis;Anopheles coluzzii;Anopheles gambiae;Anopheles merus	70.986	35	Non-metazoan candidate	infected_diet33_vs50	Infected diet 50	5.427508968813838	0.010087167567822098
LOC126313328	NW_026061886.1	uncharacterized LOC126313328	protein_coding	Diet in infected	Infected 33 vs 50	Downregulated	Included in infected diet 33 vs 50 origin audit	Significant in both mappings	1	Non-metazoan-only protein hits without nucleotide corroboration	No informative external hit					Non-metazoan candidate	infected_diet33_vs50	Infected diet 50	5.814683278617837	0.01009824151013192
LOC126318274	NW_026062048.1	uncharacterized LOC126318274	protein_coding	Diet in infected	Infected 33 vs 50	Downregulated	Included in infected diet 33 vs 50 origin audit	Significant in both mappings	1	Mixed protein evidence	No informative external hit					Mixed/ambiguous	infected_diet33_vs50; infection_diet33	Control diet 33; Infected diet 50	6.044629471488962	0.01009824151013192
LOC126325825	NW_026062299.1	uncharacterized LOC126325825	protein_coding	Diet in infected	Infected 33 vs 50	Downregulated	Included in infected diet 33 vs 50 origin audit	Significant in both mappings	1	Non-metazoan-only protein hits without nucleotide corroboration	No informative external hit					Non-metazoan candidate	infected_diet33_vs50	Infected diet 50	5.776764211669507	0.01009824151013192
LOC126315336	NW_026061960.1	uncharacterized LOC126315336	protein_coding	Diet in infected	Infected 33 vs 50	Downregulated	Included in infected diet 33 vs 50 origin audit	Significant in both mappings	1	Mixed protein evidence	No informative external hit					Mixed/ambiguous	infected_diet33_vs50	Infected diet 50	5.663549151298744	0.010099734256252187
LOC126316931	NW_026062003.1	ankyrin repeat, PH and SEC7 domain containing protein secG-like	protein_coding	Diet in infected	Infected 33 vs 50	Downregulated	Included in infected diet 33 vs 50 origin audit	Significant in both mappings	1	Mixed protein evidence	No informative external hit					Mixed/ambiguous;Non-metazoan candidate	infected_diet33_vs50	Infected diet 50	5.953039906569886	0.010099734256252187
LOC126317501	NW_026062018.1	uncharacterized LOC126317501	protein_coding	Diet in infected	Infected 33 vs 50	Downregulated	Included in infected diet 33 vs 50 origin audit	Significant in both mappings	1	No informative external evidence	No informative external hit					No informative hit	infected_diet33_vs50	Infected diet 50	5.751404454351906	0.010099734256252187
LOC126320422	NW_026062097.1	charged multivesicular body protein 1-like	protein_coding	Diet in infected	Infected 33 vs 50	Downregulated	Included in infected diet 33 vs 50 origin audit	Significant in both mappings	1	Concordant non-metazoan nucleotide and protein hits	Non-metazoan only	Other Eukaryota	Cavenderia fasciculata	69.835	20	Non-metazoan candidate	infected_diet33_vs50	Infected diet 50	5.811117644320021	0.010099734256252187
LOC126304977	NW_026061743.1	dnaJ homolog subfamily C member 21-like	protein_coding	Diet in infected	Infected 33 vs 50	Downregulated	Included in infected diet 33 vs 50 origin audit	Significant in both mappings	1	Arthropod/orthopteran protein support only	No informative external hit					Broader arthropod support	infected_diet33_vs50; infection_diet33	Control diet 33; Infected diet 50	6.074594859613278	0.010126079359688291
LOC126319876	NW_026062071.1	inositol 2-dehydrogenase-like	protein_coding	Diet in infected	Infected 33 vs 50	Downregulated	Included in infected diet 33 vs 50 origin audit	Significant in both mappings	1	Arthropod/orthopteran protein support only	No informative external hit					Broader arthropod support	infected_diet33_vs50	Infected diet 50	6.348506923168618	0.010139253155670833
LOC126320593	NW_026062105.1	uncharacterized LOC126320593	lncRNA	Diet in infected	Infected 33 vs 50	Downregulated	Included in infected diet 33 vs 50 origin audit	Significant in both mappings	1	No informative external evidence	No informative external hit						infected_diet33_vs50	Infected diet 50	5.698632858537172	0.010139253155670833
LOC126315214	NW_026061960.1	uncharacterized LOC126315214	protein_coding	Diet in infected	Infected 33 vs 50	Downregulated	Included in infected diet 33 vs 50 origin audit	Significant in both mappings	1	Non-metazoan-only protein hits without nucleotide corroboration	No informative external hit					Non-metazoan candidate	infected_diet33_vs50	Infected diet 50	6.097039795319799	0.010153210197761556
LOC126315295	NW_026061960.1	protein AATF-like	protein_coding	Diet in infected	Infected 33 vs 50	Downregulated	Included in infected diet 33 vs 50 origin audit	Significant in both mappings	1	Non-metazoan-only protein hits without nucleotide corroboration	No informative external hit					Non-metazoan candidate	infected_diet33_vs50	Infected diet 50	6.065390590286866	0.010153210197761556
LOC126316698	NW_026061985.1	uncharacterized LOC126316698	protein_coding	Diet in infected	Infected 33 vs 50	Downregulated	Included in infected diet 33 vs 50 origin audit	Significant in both mappings	1	Non-metazoan-only protein hits without nucleotide corroboration	No informative external hit					Non-metazoan candidate	infected_diet33_vs50	Infected diet 50	5.537044432386281	0.010153210197761556
LOC126317091	NW_026062009.1	uncharacterized LOC126317091	protein_coding	Diet in infected	Infected 33 vs 50	Downregulated	Included in infected diet 33 vs 50 origin audit	Significant in both mappings	1	Non-metazoan-only protein hits without nucleotide corroboration	No informative external hit					Non-metazoan candidate	infected_diet33_vs50	Infected diet 50	5.80000199677771	0.010153210197761556
LOC126320386	NW_026062097.1	serine/threonine-protein kinase/endoribonuclease IRE1-like	protein_coding	Diet in infected	Infected 33 vs 50	Downregulated	Included in infected diet 33 vs 50 origin audit	Significant in both mappings	1	Mixed protein evidence	No informative external hit					Mixed/ambiguous	infected_diet33_vs50	Infected diet 50	5.8594129721216275	0.010153210197761556
LOC126323249	NW_026062217.1	uncharacterized LOC126323249	lncRNA	Diet in infected	Infected 33 vs 50	Downregulated	Included in infected diet 33 vs 50 origin audit	Significant in both mappings	1	No informative external evidence	No informative external hit						infected_diet33_vs50	Infected diet 50	5.635547766874956	0.010153210197761556
LOC126323773	NW_026062229.1	uncharacterized LOC126323773	lncRNA	Diet in infected	Infected 33 vs 50	Downregulated	Included in infected diet 33 vs 50 origin audit	Significant in both mappings	1	No informative external evidence	No informative external hit						infected_diet33_vs50	Infected diet 50	5.739406679512427	0.010153210197761556
LOC126325493	NW_026062282.1	ATP-dependent RNA helicase ddx24-like	protein_coding	Diet in infected	Infected 33 vs 50	Downregulated	Included in infected diet 33 vs 50 origin audit	Significant in both mappings	1	Mixed protein evidence	No informative external hit					Mixed/ambiguous	infected_diet33_vs50; infection_diet33	Control diet 33; Infected diet 50	5.331394107133811	0.010153210197761556
LOC126322730	NW_026062196.1	uncharacterized LOC126322730	protein_coding	Diet in infected	Infected 33 vs 50	Downregulated	Included in infected diet 33 vs 50 origin audit	Significant in both mappings	1	Non-metazoan-only protein hits without nucleotide corroboration	No informative external hit					Non-metazoan candidate	infected_diet33_vs50	Infected diet 50	5.566259788188937	0.010171231743989229
LOC126322523	NW_026062185.1	mitochondrial-processing peptidase subunit alpha-2-like	protein_coding	Diet in infected	Infected 33 vs 50	Downregulated	Included in infected diet 33 vs 50 origin audit	Significant in both mappings	1	Non-metazoan-only protein hits without nucleotide corroboration	No informative external hit					Non-metazoan candidate	infected_diet33_vs50; infection_diet33	Control diet 33; Infected diet 50	5.945576620248497	0.010195783937274504
LOC126323888	NW_026062236.1	transducin beta-like protein 3	protein_coding	Diet in infected	Infected 33 vs 50	Downregulated	Included in infected diet 33 vs 50 origin audit	Significant in both mappings	1	Mixed protein evidence	No informative external hit					Mixed/ambiguous	infected_diet33_vs50	Infected diet 50	5.757930885192385	0.010195783937274504
LOC126316446	NW_026061974.1	uncharacterized LOC126316446	protein_coding	Diet in infected	Infected 33 vs 50	Downregulated	Included in infected diet 33 vs 50 origin audit	Significant in both mappings	1	No informative external evidence	No informative external hit					No informative hit	infected_diet33_vs50	Infected diet 50	5.558834455461386	0.010212249632795834
LOC126322378	NW_026062176.1	uncharacterized LOC126322378	protein_coding	Diet in infected	Infected 33 vs 50	Downregulated	Included in infected diet 33 vs 50 origin audit	Significant in both mappings	1	Non-metazoan-only protein hits without nucleotide corroboration	No informative external hit					Non-metazoan candidate	infected_diet33_vs50	Infected diet 50	5.516416882258692	0.010212253561782219
LOC126315288	NW_026061960.1	stress-activated protein kinase alpha-like	protein_coding	Diet in infected	Infected 33 vs 50	Downregulated	Included in infected diet 33 vs 50 origin audit	Significant in both mappings	1	Non-metazoan-only protein hits without nucleotide corroboration	No informative external hit					Non-metazoan candidate	infected_diet33_vs50	Infected diet 50	5.816574905798064	0.010216106538702842
LOC126316911	NW_026062003.1	uncharacterized LOC126316911	protein_coding	Diet in infected	Infected 33 vs 50	Downregulated	Included in infected diet 33 vs 50 origin audit	Significant in both mappings	1	No informative external evidence	No informative external hit					No informative hit	infected_diet33_vs50	Infected diet 50	5.627078557110594	0.010216106538702842
LOC126322554	NW_026062185.1	uncharacterized LOC126322554	protein_coding	Diet in infected	Infected 33 vs 50	Downregulated	Included in infected diet 33 vs 50 origin audit	Significant in both mappings	1	Non-metazoan-only protein hits without nucleotide corroboration	No informative external hit					Non-metazoan candidate	infected_diet33_vs50	Infected diet 50	7.084582665700692	0.010216106538702842
LOC126318193	NW_026062043.1	uncharacterized LOC126318193	protein_coding	Diet in infected	Infected 33 vs 50	Downregulated	Included in infected diet 33 vs 50 origin audit	Significant in both mappings	1	No informative external evidence	No informative external hit					No informative hit	infected_diet33_vs50; infection_diet33	Control diet 33; Infected diet 50	5.551720117314785	0.01022011497849184
LOC126318706	NW_026062059.1	ras-related GTP-binding protein A-like	protein_coding	Diet in infected	Infected 33 vs 50	Downregulated	Included in infected diet 33 vs 50 origin audit	Significant in both mappings	1	Mixed protein evidence	No informative external hit					Mixed/ambiguous;Non-metazoan candidate	infected_diet33_vs50; infection_diet33	Control diet 33; Infected diet 50	5.646256779983612	0.01022011497849184
LOC126323765	NW_026062229.1	uncharacterized LOC126323765	protein_coding	Diet in infected	Infected 33 vs 50	Downregulated	Included in infected diet 33 vs 50 origin audit	Significant in both mappings	1	External nucleotide support from Orthoptera/Arthropoda	Other arthropod	Other Arthropoda	Daphnia lumholtzi	67.655	28	Non-metazoan candidate	infected_diet33_vs50; infection_diet33	Control diet 33; Infected diet 50	5.390425081300825	0.01022011497849184
LOC126319861	NW_026062071.1	transmembrane emp24 domain-containing protein A-like	protein_coding	Diet in infected	Infected 33 vs 50	Downregulated	Included in infected diet 33 vs 50 origin audit	Significant in both mappings	1	Non-metazoan-only protein hits without nucleotide corroboration	No informative external hit					Non-metazoan candidate	infected_diet33_vs50	Infected diet 50	5.651623523376959	0.010229381622512657
LOC126316993	NW_026062003.1	probable clathrin heavy chain 1	protein_coding	Diet in infected	Infected 33 vs 50	Downregulated	Included in infected diet 33 vs 50 origin audit	Significant in both mappings	1.0002766251728907	Mixed protein evidence	No informative external hit					Mixed/ambiguous	infected_diet33_vs50	Infected diet 50	5.423744942744092	0.010290962696471995
LOC126323788	NW_026062229.1	uncharacterized LOC126323788	protein_coding	Diet in infected	Infected 33 vs 50	Downregulated	Included in infected diet 33 vs 50 origin audit	Significant in both mappings	1	Mixed protein evidence	No informative external hit					Mixed/ambiguous	infected_diet33_vs50	Infected diet 50	5.792561128189243	0.010290962696471995
LOC126324053	NW_026062244.1	profilin-2-like	protein_coding	Diet in infected	Infected 33 vs 50	Downregulated	Included in infected diet 33 vs 50 origin audit	Significant in both mappings	1	Mixed protein evidence	No informative external hit					Mixed/ambiguous	infected_diet33_vs50	Infected diet 50	5.71477845296947	0.010290962696471995
LOC126315236	NW_026061960.1	F-box-like/WD repeat-containing protein TBL1X	protein_coding	Diet in infected	Infected 33 vs 50	Downregulated	Included in infected diet 33 vs 50 origin audit	Significant in both mappings	1	Mixed protein evidence	No informative external hit					Mixed/ambiguous;Non-metazoan candidate	infected_diet33_vs50	Infected diet 50	5.901229943341105	0.010329228194365402
LOC126320356	NW_026062094.1	myosin light chain kinase A-like	protein_coding	Diet in infected	Infected 33 vs 50	Downregulated	Included in infected diet 33 vs 50 origin audit	Significant in both mappings	1	Mixed protein evidence	No informative external hit					Mixed/ambiguous	infected_diet33_vs50	Infected diet 50	6.04147569074412	0.010329228194365402
LOC126320396	NW_026062097.1	uncharacterized LOC126320396	protein_coding	Diet in infected	Infected 33 vs 50	Downregulated	Included in infected diet 33 vs 50 origin audit	Significant in both mappings	0.9979879275653925	Non-metazoan-only protein hits without nucleotide corroboration	No informative external hit					Non-metazoan candidate	infected_diet33_vs50	Infected diet 50	5.34602278300708	0.010329228194365402
LOC126320584	NW_026062105.1	probable threonine--tRNA ligase 1, cytoplasmic	protein_coding	Diet in infected	Infected 33 vs 50	Downregulated	Included in infected diet 33 vs 50 origin audit	Significant in both mappings	1	Mixed protein evidence	No informative external hit					Broader arthropod support;Mixed/ambiguous	infected_diet33_vs50; infection_diet33	Control diet 33; Infected diet 50	5.745991251684666	0.010329228194365402
LOC126325810	NW_026062299.1	uncharacterized LOC126325810	protein_coding	Diet in infected	Infected 33 vs 50	Downregulated	Included in infected diet 33 vs 50 origin audit	Significant in both mappings	1	No informative external evidence	No informative external hit					No informative hit	infected_diet33_vs50	Infected diet 50	5.601246076101232	0.010341292748988186
LOC126317453	NW_026062018.1	exportin-2-like	protein_coding	Diet in infected	Infected 33 vs 50	Downregulated	Included in infected diet 33 vs 50 origin audit	Significant in both mappings	1	Mixed protein evidence	No informative external hit					Mixed/ambiguous	infected_diet33_vs50; infection_diet33	Control diet 33; Infected diet 50	5.809929406367991	0.01035043506467761
LOC126316445	NW_026061974.1	exocyst complex component 7-like	protein_coding	Diet in infected	Infected 33 vs 50	Downregulated	Included in infected diet 33 vs 50 origin audit	Significant in both mappings	1	Mixed protein evidence	No informative external hit					Mixed/ambiguous	infected_diet33_vs50	Infected diet 50	5.807835256113064	0.010359790344807789
LOC126317450	NW_026062018.1	heat shock 70 kDa protein-like	protein_coding	Diet in infected	Infected 33 vs 50	Downregulated	Included in infected diet 33 vs 50 origin audit	Significant in both mappings	1	Mixed external nucleotide evidence	Mixed metazoan/non-metazoan	Other Arthropoda;Other Eukaryota;Other Metazoa;Plants	Acytostelium subglobosum LB1;Amaranthus tricolor;Callospermophilus lateralis;Castanea sativa;Cavia porcellus;Dendroctonus ponderosae;Eriobotrya japonica;Impatiens glandulifera;Medicago sativa;Spermophilus citellus;Vicia villosa	70.216	61	Mixed/ambiguous	infected_diet33_vs50; infection_diet33	Control diet 33; Infected diet 50	5.901865507975098	0.010359790344807789
LOC126324744	NW_026062253.1	UTP--glucose-1-phosphate uridylyltransferase 2-like	protein_coding	Diet in infected	Infected 33 vs 50	Downregulated	Included in infected diet 33 vs 50 origin audit	Significant in both mappings	1	Concordant non-metazoan nucleotide and protein hits	Non-metazoan only	Fungi	Cokeromyces recurvatus	65.371	50	Non-metazoan candidate	infected_diet33_vs50	Infected diet 50	5.73592707604748	0.010359790344807789
LOC126332799	NW_026062803.1	mucin-12-like	protein_coding	Diet in infected	Infected 33 vs 50	Downregulated	Included in infected diet 33 vs 50 origin audit	Significant in both mappings	1	No informative external evidence	No informative external hit					No informative hit	infected_diet33_vs50; infection_diet33	Control diet 33; Infected diet 50	5.863100141809941	0.010359790344807789
LOC126318692	NW_026062059.1	V-type proton ATPase subunit D-like	protein_coding	Diet in infected	Infected 33 vs 50	Downregulated	Included in infected diet 33 vs 50 origin audit	Significant in both mappings	1	External nucleotide support from Orthoptera/Arthropoda	Other arthropod	Other Arthropoda;Other Metazoa	Branchiostoma lanceolatum;Drosophila kikkawai;Drosophila serrata	71.782	23	Mixed/ambiguous	infected_diet33_vs50	Infected diet 50	5.984539120515264	0.010369368155534785
LOC126304766	NW_026061732.1	actin-related protein 2/3 complex subunit 5-like	protein_coding	Diet in infected	Infected 33 vs 50	Downregulated	Included in infected diet 33 vs 50 origin audit	Significant in both mappings	1	Non-metazoan-only protein hits without nucleotide corroboration	No informative external hit					Non-metazoan candidate	infected_diet33_vs50	Infected diet 50	5.706463565970649	0.01037000356359133
LOC126316823	NW_026061988.1	dedicator of cytokinesis protein 9-like	protein_coding	Diet in infected	Infected 33 vs 50	Downregulated	Included in infected diet 33 vs 50 origin audit	Significant in both mappings	1	Non-metazoan-only protein hits without nucleotide corroboration	No informative external hit					Non-metazoan candidate	infected_diet33_vs50	Infected diet 50	5.438464991600003	0.010371493473592838
LOC126319879	NW_026062071.1	protein raptor homolog	protein_coding	Diet in infected	Infected 33 vs 50	Downregulated	Included in infected diet 33 vs 50 origin audit	Significant in both mappings	1	External nucleotide support from other Metazoa	Other metazoan	Other Metazoa	Streptopelia decaocto	64.658	23	Mixed/ambiguous;Non-metazoan candidate	infected_diet33_vs50	Infected diet 50	5.508048932163959	0.01039423677823122
LOC126316920	NW_026062003.1	6-phosphogluconate dehydrogenase, decarboxylating-like	protein_coding	Diet in infected	Infected 33 vs 50	Downregulated	Included in infected diet 33 vs 50 origin audit	Significant in both mappings	1	Concordant non-metazoan nucleotide and protein hits	Non-metazoan only	Bacteria	uncultured Acidobacteriaceae bacterium	68.567	40	Non-metazoan candidate	infected_diet33_vs50; infection_diet33	Control diet 33; Infected diet 50	5.694045202552282	0.010399669168913129
LOC126315285	NW_026061960.1	actin-related protein 2/3 complex subunit 1-like	protein_coding	Diet in infected	Infected 33 vs 50	Downregulated	Included in infected diet 33 vs 50 origin audit	Significant in both mappings	1	External nucleotide support from Orthoptera/Arthropoda	Other arthropod	Other Arthropoda	Triops cancriformis	70.13	20	Non-metazoan candidate	infected_diet33_vs50	Infected diet 50	5.748781739998933	0.010405720188230147
LOC126320462	NW_026062097.1	uncharacterized LOC126320462	protein_coding	Diet in infected	Infected 33 vs 50	Downregulated	Included in infected diet 33 vs 50 origin audit	Significant in both mappings	1	Mixed protein evidence	No informative external hit					Mixed/ambiguous;Non-metazoan candidate	infected_diet33_vs50	Infected diet 50	5.880837705808218	0.010472701613409591
LOC126318428	NW_026062051.1	citrate synthase-like	protein_coding	Diet in infected	Infected 33 vs 50	Downregulated	Included in infected diet 33 vs 50 origin audit	Significant in both mappings	1	Concordant non-metazoan nucleotide and protein hits	Non-metazoan only	Other Eukaryota	Dictyostelium discoideum AX4;Dictyostelium purpureum	68.006	27	Non-metazoan candidate	infected_diet33_vs50	Infected diet 50	6.059189263925676	0.010507363489266983
LOC126325914	NW_026062302.1	phenylalanine--tRNA ligase beta subunit-like	protein_coding	Diet in infected	Infected 33 vs 50	Downregulated	Included in infected diet 33 vs 50 origin audit	Significant in both mappings	1	Mixed protein evidence	No informative external hit					Mixed/ambiguous	infected_diet33_vs50	Infected diet 50	5.717387730807263	0.010507363489266983
LOC126326243	NW_026062332.1	66 kDa stress protein-like	protein_coding	Diet in infected	Infected 33 vs 50	Downregulated	Included in infected diet 33 vs 50 origin audit	Significant in both mappings	1	Non-metazoan-only protein hits without nucleotide corroboration	No informative external hit					Non-metazoan candidate	infected_diet33_vs50	Infected diet 50	5.655231930750901	0.01050746242048056
LOC126318441	NW_026062051.1	elongation factor 1-gamma-A-like	protein_coding	Diet in infected	Infected 33 vs 50	Downregulated	Included in infected diet 33 vs 50 origin audit	Significant in both mappings	1	Non-metazoan-only protein hits without nucleotide corroboration	No informative external hit					No informative hit;Non-metazoan candidate	infected_diet33_vs50; infection_diet33	Control diet 33; Infected diet 50	6.074954234136931	0.010514683135892568
LOC126329068	NW_026062491.1	uncharacterized LOC126329068	protein_coding	Diet in infected	Infected 33 vs 50	Downregulated	Included in infected diet 33 vs 50 origin audit	Significant in both mappings	1	Non-metazoan-only protein hits without nucleotide corroboration	No informative external hit					Non-metazoan candidate	infected_diet33_vs50	Infected diet 50	5.577122994807895	0.010514683135892568
LOC126316833	NW_026061988.1	uncharacterized LOC126316833	protein_coding	Diet in infected	Infected 33 vs 50	Downregulated	Included in infected diet 33 vs 50 origin audit	Significant in both mappings	1	Non-metazoan-only protein hits without nucleotide corroboration	No informative external hit					Non-metazoan candidate	infected_diet33_vs50	Infected diet 50	5.516058484676517	0.010527257749235167
LOC126318442	NW_026062051.1	uncharacterized LOC126318442	protein_coding	Diet in infected	Infected 33 vs 50	Downregulated	Included in infected diet 33 vs 50 origin audit	Significant in both mappings	1	Non-metazoan-only protein hits without nucleotide corroboration	No informative external hit					Non-metazoan candidate	infected_diet33_vs50	Infected diet 50	5.666597187065646	0.010529735379326874
LOC126323239	NW_026062217.1	vacuolar protein sorting-associated protein 45-like	protein_coding	Diet in infected	Infected 33 vs 50	Downregulated	Included in infected diet 33 vs 50 origin audit	Significant in both mappings	1	External nucleotide support from other Metazoa	Other metazoan	Other Metazoa	Lampetra fluviatilis;Lampetra planeri	64.019	27	Mixed/ambiguous	infected_diet33_vs50; infection_diet33	Control diet 33; Infected diet 50	5.79206496313805	0.010556930021194282
LOC126323757	NW_026062229.1	uncharacterized LOC126323757	protein_coding	Diet in infected	Infected 33 vs 50	Downregulated	Included in infected diet 33 vs 50 origin audit	Significant in both mappings	1	Non-metazoan-only protein hits without nucleotide corroboration	No informative external hit					No informative hit;Non-metazoan candidate	infected_diet33_vs50	Infected diet 50	5.783642923276822	0.01063089682500844
LOC126311215	NW_026061838.1	uncharacterized LOC126311215	protein_coding	Diet in infected	Infected 33 vs 50	Downregulated	Included in infected diet 33 vs 50 origin audit	Significant in both mappings	1	Non-metazoan-only protein hits without nucleotide corroboration	No informative external hit					Non-metazoan candidate	infected_diet33_vs50	Infected diet 50	5.395359426650828	0.01065124817689136
LOC126313357	NW_026061886.1	uncharacterized LOC126313357	protein_coding	Diet in infected	Infected 33 vs 50	Downregulated	Included in infected diet 33 vs 50 origin audit	Significant in both mappings	1	Non-metazoan-only protein hits without nucleotide corroboration	No informative external hit					Non-metazoan candidate	infected_diet33_vs50	Infected diet 50	5.6335070334558965	0.01065124817689136
LOC126314439	NW_026061953.1	uncharacterized LOC126314439	protein_coding	Diet in infected	Infected 33 vs 50	Downregulated	Included in infected diet 33 vs 50 origin audit	Significant in both mappings	1	Non-metazoan-only protein hits without nucleotide corroboration	No informative external hit					Non-metazoan candidate	infected_diet33_vs50; infection_diet33	Control diet 33; Infected diet 50	5.566696725193213	0.01065124817689136
LOC126315212	NW_026061958.1	40S ribosomal protein S6-like	protein_coding	Infection + diet	Diet 33: infected vs control; Infected 33 vs 50	Downregulated	Included in infected diet 33 vs 50 origin audit	Significant in both mappings	1	Conflicting nucleotide and protein evidence	Non-metazoan only	Fungi	Linderina pennispora	69.266	44	Mixed/ambiguous	infected_diet33_vs50; infection_diet33	Control diet 33; Infected diet 50	5.8975897025793556	0.01065124817689136
LOC126315335	NW_026061960.1	talin-B-like	protein_coding	Diet in infected	Infected 33 vs 50	Downregulated	Included in infected diet 33 vs 50 origin audit	Significant in both mappings	1.0001140380887217	Non-metazoan-only protein hits without nucleotide corroboration	No informative external hit					Non-metazoan candidate	infected_diet33_vs50	Infected diet 50	5.398398408651766	0.01065124817689136
LOC126318247	NW_026062043.1	uncharacterized LOC126318247	protein_coding	Diet in infected	Infected 33 vs 50	Downregulated	Included in infected diet 33 vs 50 origin audit	Significant in both mappings	1	External nucleotide support from Orthoptera/Arthropoda	Other arthropod	Other Arthropoda	Chrysoperla carnea	70.101	20	Non-metazoan candidate	infected_diet33_vs50	Infected diet 50	5.876215045498199	0.01065124817689136
LOC126320463	NW_026062097.1	glycogen debranching enzyme-like	protein_coding	Diet in infected	Infected 33 vs 50	Downregulated	Included in infected diet 33 vs 50 origin audit	Significant in both mappings	1	Non-metazoan-only protein hits without nucleotide corroboration	No informative external hit					Non-metazoan candidate	infected_diet33_vs50	Infected diet 50	5.729614564323321	0.01065124817689136
LOC126325484	NW_026062282.1	uncharacterized LOC126325484	protein_coding	Diet in infected	Infected 33 vs 50	Downregulated	Included in infected diet 33 vs 50 origin audit	Significant in both mappings	1	Non-metazoan-only protein hits without nucleotide corroboration	No informative external hit					Non-metazoan candidate	infected_diet33_vs50	Infected diet 50	5.548401035762711	0.01065124817689136
LOC126325517	NW_026062282.1	DDB1- and CUL4-associated factor 13-like	protein_coding	Diet in infected	Infected 33 vs 50	Downregulated	Included in infected diet 33 vs 50 origin audit	Significant in both mappings	1	Mixed protein evidence	No informative external hit					Mixed/ambiguous	infected_diet33_vs50	Infected diet 50	5.748216890667724	0.01065124817689136
LOC126325860	NW_026062299.1	uncharacterized LOC126325860	protein_coding	Diet in infected	Infected 33 vs 50	Downregulated	Included in infected diet 33 vs 50 origin audit	Significant in both mappings	1	No informative external evidence	No informative external hit					No informative hit	infected_diet33_vs50	Infected diet 50	5.67669584298553	0.01065124817689136
LOC126325880	NW_026062299.1	GPALPP motifs-containing protein 1-like	protein_coding	Diet in infected	Infected 33 vs 50	Downregulated	Included in infected diet 33 vs 50 origin audit	Significant in both mappings	1	No informative external evidence	No informative external hit					No informative hit	infected_diet33_vs50	Infected diet 50	5.67918643074122	0.01065124817689136
LOC126326505	NW_026062344.1	kinesin-related protein 12-like	protein_coding	Diet in infected	Infected 33 vs 50	Downregulated	Included in infected diet 33 vs 50 origin audit	Significant in both mappings	1	Non-metazoan-only protein hits without nucleotide corroboration	No informative external hit					Non-metazoan candidate	infected_diet33_vs50; infection_diet33	Control diet 33; Infected diet 50	5.566754533013836	0.01065124817689136
LOC126326522	NW_026062344.1	uncharacterized LOC126326522	protein_coding	Diet in infected	Infected 33 vs 50	Downregulated	Included in infected diet 33 vs 50 origin audit	Significant in both mappings	1	Non-metazoan-only protein hits without nucleotide corroboration	No informative external hit					Non-metazoan candidate	infected_diet33_vs50	Infected diet 50	5.479557728623925	0.01065124817689136
LOC126328325	NW_026062453.1	uncharacterized LOC126328325	protein_coding	Diet in infected	Infected 33 vs 50	Downregulated	Included in infected diet 33 vs 50 origin audit	Significant in both mappings	1	No informative external evidence	No informative external hit					No informative hit	infected_diet33_vs50; infection_diet33	Control diet 33; Infected diet 50	6.202358516025944	0.01065124817689136
LOC126331455	NW_026062676.1	uncharacterized LOC126331455	lncRNA	Diet in infected	Infected 33 vs 50	Downregulated	Included in infected diet 33 vs 50 origin audit	Significant in both mappings	1	No informative external evidence	No informative external hit						infected_diet33_vs50; infection_diet33	Control diet 33; Infected diet 50	5.843544513104174	0.01065124817689136
LOC126318457	NW_026062051.1	uncharacterized LOC126318457	lncRNA	Diet in infected	Infected 33 vs 50	Downregulated	Included in infected diet 33 vs 50 origin audit	Significant in both mappings	1	No informative external evidence	No informative external hit						infected_diet33_vs50	Infected diet 50	5.818611524092099	0.010664090832619901
LOC126323732	NW_026062229.1	fimbrin-like	protein_coding	Diet in infected	Infected 33 vs 50	Downregulated	Included in infected diet 33 vs 50 origin audit	Significant in both mappings	1	Conflicting nucleotide and protein evidence	Non-metazoan only	Other Eukaryota	Acanthamoeba castellanii str. Neff	69.219	28	Mixed/ambiguous	infected_diet33_vs50	Infected diet 50	5.400310897652054	0.010664090832619901
LOC126315375	NW_026061960.1	uncharacterized LOC126315375	protein_coding	Diet in infected	Infected 33 vs 50	Downregulated	Included in infected diet 33 vs 50 origin audit	Significant in both mappings	1	No informative external evidence	No informative external hit					No informative hit	infected_diet33_vs50	Infected diet 50	5.513812292969694	0.010701865172435137
LOC126311203	NW_026061838.1	elongation of fatty acids protein sre1-like	protein_coding	Diet in infected	Infected 33 vs 50	Downregulated	Included in infected diet 33 vs 50 origin audit	Significant in both mappings	1	Non-metazoan-only protein hits without nucleotide corroboration	No informative external hit					Non-metazoan candidate	infected_diet33_vs50; infection_diet33	Control diet 33; Infected diet 50	5.9344339827877235	0.010803937361534559
LOC126319894	NW_026062071.1	uncharacterized LOC126319894	protein_coding	Diet in infected	Infected 33 vs 50	Downregulated	Included in infected diet 33 vs 50 origin audit	Significant in both mappings	1	Non-metazoan-only protein hits without nucleotide corroboration	No informative external hit					Non-metazoan candidate	infected_diet33_vs50	Infected diet 50	5.906469728755151	0.01082570585629042
LOC126323241	NW_026062217.1	adenylyl cyclase-associated protein-like	protein_coding	Diet in infected	Infected 33 vs 50	Downregulated	Included in infected diet 33 vs 50 origin audit	Significant in both mappings	1	Mixed protein evidence	No informative external hit					Mixed/ambiguous	infected_diet33_vs50	Infected diet 50	5.22255599413206	0.01085419348883331
LOC126331441	NW_026062676.1	dynamin-like protein A	protein_coding	Diet in infected	Infected 33 vs 50	Downregulated	Included in infected diet 33 vs 50 origin audit	Significant in both mappings	1	Non-metazoan-only protein hits without nucleotide corroboration	No informative external hit					Non-metazoan candidate	infected_diet33_vs50	Infected diet 50	5.92483907020302	0.010875279160985664
LOC126304692	NW_026061732.1	uncharacterized LOC126304692	lncRNA	Diet in infected	Infected 33 vs 50	Downregulated	Included in infected diet 33 vs 50 origin audit	Significant in both mappings	1	No informative external evidence	No informative external hit						infected_diet33_vs50; infection_diet33	Control diet 33; Infected diet 50	6.184680054608912	0.01090745882554438
LOC126316741	NW_026061988.1	uncharacterized LOC126316741	protein_coding	Diet in infected	Infected 33 vs 50	Downregulated	Included in infected diet 33 vs 50 origin audit	Significant in both mappings	1	Non-metazoan-only protein hits without nucleotide corroboration	No informative external hit					Non-metazoan candidate	infected_diet33_vs50	Infected diet 50	5.503837911538603	0.01090745882554438
LOC126322729	NW_026062196.1	uncharacterized LOC126322729	protein_coding	Diet in infected	Infected 33 vs 50	Downregulated	Included in infected diet 33 vs 50 origin audit	Significant in both mappings	1	Non-metazoan-only protein hits without nucleotide corroboration	No informative external hit					Non-metazoan candidate	infected_diet33_vs50	Infected diet 50	5.335002120019104	0.01090745882554438
LOC126326044	NW_026062315.1	uncharacterized LOC126326044	protein_coding	Diet in infected	Infected 33 vs 50	Downregulated	Included in infected diet 33 vs 50 origin audit	Significant in both mappings	1	Mixed protein evidence	No informative external hit					Mixed/ambiguous	infected_diet33_vs50	Infected diet 50	5.763205606417291	0.01090745882554438
LOC126332762	NW_026062795.1	tyrosine-protein phosphatase 2-like	protein_coding	Diet in infected	Infected 33 vs 50	Downregulated	Included in infected diet 33 vs 50 origin audit	Significant in both mappings	1	Non-metazoan-only protein hits without nucleotide corroboration	No informative external hit					Non-metazoan candidate	infected_diet33_vs50	Infected diet 50	5.711236613167513	0.01090745882554438
LOC126326555	NW_026062344.1	uncharacterized LOC126326555	protein_coding	Diet in infected	Infected 33 vs 50	Downregulated	Included in infected diet 33 vs 50 origin audit	Significant in both mappings	1	No informative external evidence	No informative external hit					No informative hit	infected_diet33_vs50	Infected diet 50	5.669093856554092	0.010932662805865847
LOC126317083	NW_026062009.1	uncharacterized LOC126317083	protein_coding	Diet in infected	Infected 33 vs 50	Downregulated	Included in infected diet 33 vs 50 origin audit	Significant in both mappings	1	Non-metazoan-only protein hits without nucleotide corroboration	No informative external hit					Non-metazoan candidate	infected_diet33_vs50; infection_diet33	Control diet 33; Infected diet 50	6.047633763987007	0.010972013034197328
LOC126315321	NW_026061960.1	copine-9-like	protein_coding	Diet in infected	Infected 33 vs 50	Downregulated	Included in infected diet 33 vs 50 origin audit	Significant in both mappings	1	Other-metazoan protein support only	No informative external hit					Other metazoan support	infected_diet33_vs50	Infected diet 50	5.4930642145134225	0.010974815568714654
LOC126318674	NW_026062059.1	rho-associated protein kinase let-502-like	protein_coding	Diet in infected	Infected 33 vs 50	Downregulated	Included in infected diet 33 vs 50 origin audit	Significant in both mappings	1	Non-metazoan-only protein hits without nucleotide corroboration	No informative external hit					Non-metazoan candidate	infected_diet33_vs50; infection_diet33	Control diet 33; Infected diet 50	5.850985630961003	0.010974815568714654
LOC126318622	NW_026062056.1	serine/threonine-protein phosphatase 4 regulatory subunit 1-like	protein_coding	Diet in infected	Infected 33 vs 50	Downregulated	Included in infected diet 33 vs 50 origin audit	Significant in both mappings	1	Non-metazoan-only protein hits without nucleotide corroboration	No informative external hit					Non-metazoan candidate	infected_diet33_vs50; infection_diet33	Control diet 33; Infected diet 50	5.620085989468857	0.011013041795399808
LOC126315249	NW_026061960.1	uncharacterized LOC126315249	protein_coding	Diet in infected	Infected 33 vs 50	Downregulated	Included in infected diet 33 vs 50 origin audit	Significant in both mappings	1	Non-metazoan-only protein hits without nucleotide corroboration	No informative external hit					Non-metazoan candidate	infected_diet33_vs50	Infected diet 50	5.7954717551100865	0.011026194089732766
LOC126326585	NW_026062344.1	uncharacterized LOC126326585	protein_coding	Diet in infected	Infected 33 vs 50	Downregulated	Included in infected diet 33 vs 50 origin audit	Significant in both mappings	1	No informative external evidence	No informative external hit					No informative hit	infected_diet33_vs50	Infected diet 50	5.182580902494595	0.011037179114259218
LOC126318232	NW_026062043.1	uncharacterized LOC126318232	protein_coding	Diet in infected	Infected 33 vs 50	Downregulated	Included in infected diet 33 vs 50 origin audit	Significant in both mappings	1	Mixed protein evidence	No informative external hit					Mixed/ambiguous	infected_diet33_vs50	Infected diet 50	5.8401232162713415	0.011038125059002217
LOC126329092	NW_026062491.1	telomerase-binding protein EST1A-like	protein_coding	Diet in infected	Infected 33 vs 50	Downregulated	Included in infected diet 33 vs 50 origin audit	Significant in both mappings	1	Non-metazoan-only protein hits without nucleotide corroboration	No informative external hit					Non-metazoan candidate	infected_diet33_vs50	Infected diet 50	5.448926028154089	0.011038125059002217
LOC126323761	NW_026062229.1	60S ribosomal protein L14-like	protein_coding	Diet in infected	Infected 33 vs 50	Downregulated	Included in infected diet 33 vs 50 origin audit	Significant in both mappings	1	Non-metazoan-only protein hits without nucleotide corroboration	No informative external hit					Non-metazoan candidate	infected_diet33_vs50; infection_diet33	Control diet 33; Infected diet 50	5.802347077076292	0.011047013636101216
LOC126326198	NW_026062331.1	titin homolog	protein_coding	Diet in infected	Infected 33 vs 50	Downregulated	Included in infected diet 33 vs 50 origin audit	Significant in both mappings	1	No informative external evidence	No informative external hit					No informative hit	infected_diet33_vs50	Infected diet 50	5.500303087519389	0.011047013636101216
LOC126334343	NW_026062990.1	uncharacterized LOC126334343	protein_coding	Diet in infected	Infected 33 vs 50	Downregulated	Included in infected diet 33 vs 50 origin audit	Significant in both mappings	1	Concordant non-metazoan nucleotide and protein hits	Non-metazoan only	Bacteria	Gemmatimonadota bacterium	69.349	51	Non-metazoan candidate	infected_diet33_vs50	Infected diet 50	5.644113171002022	0.011194012412125663
LOC126317076	NW_026062009.1	uncharacterized LOC126317076	protein_coding	Diet in infected	Infected 33 vs 50	Downregulated	Included in infected diet 33 vs 50 origin audit	Significant in both mappings	1	Non-metazoan-only protein hits without nucleotide corroboration	No informative external hit					Non-metazoan candidate	infected_diet33_vs50	Infected diet 50	5.0982838791933345	0.01119725925743334
LOC126322382	NW_026062176.1	polyadenylate-binding protein 4-like	protein_coding	Diet in infected	Infected 33 vs 50	Downregulated	Included in infected diet 33 vs 50 origin audit	Significant in both mappings	1	Mixed protein evidence	No informative external hit					Mixed/ambiguous	infected_diet33_vs50	Infected diet 50	5.195756790207415	0.011236933627857097
LOC126319913	NW_026062071.1	uncharacterized LOC126319913	protein_coding	Diet in infected	Infected 33 vs 50	Downregulated	Included in infected diet 33 vs 50 origin audit	Significant in both mappings	1	Mixed protein evidence	No informative external hit					Mixed/ambiguous	infected_diet33_vs50; infection_diet33	Control diet 33; Infected diet 50	5.479427105034165	0.011247911573712
LOC126320602	NW_026062105.1	serine/threonine-protein kinase 3-like	protein_coding	Diet in infected	Infected 33 vs 50	Downregulated	Included in infected diet 33 vs 50 origin audit	Significant in both mappings	1	Mixed protein evidence	No informative external hit					Mixed/ambiguous	infected_diet33_vs50; infection_diet33	Control diet 33; Infected diet 50	5.605257224794527	0.0112590280169182
LOC126315425	NW_026061960.1	uncharacterized LOC126315425	protein_coding	Diet in infected	Infected 33 vs 50	Downregulated	Included in infected diet 33 vs 50 origin audit	Significant in both mappings	1	No informative external evidence	No informative external hit					No informative hit	infected_diet33_vs50	Infected diet 50	5.87452849604574	0.011300991828212047
LOC126318640	NW_026062056.1	probable dimethyladenosine transferase	protein_coding	Diet in infected	Infected 33 vs 50	Downregulated	Included in infected diet 33 vs 50 origin audit	Significant in both mappings	1	External nucleotide support from Orthoptera/Arthropoda	Other arthropod	Other Arthropoda	Eulimnadia texana	68.132	42	Mixed/ambiguous	infected_diet33_vs50	Infected diet 50	5.5838848029480594	0.011308843375747526
LOC126326212	NW_026062331.1	uncharacterized LOC126326212	protein_coding	Diet in infected	Infected 33 vs 50	Downregulated	Included in infected diet 33 vs 50 origin audit	Significant in both mappings	1	Other-metazoan protein support only	No informative external hit					Other metazoan support	infected_diet33_vs50	Infected diet 50	5.622053594047346	0.01132269381443263
LOC126326596	NW_026062344.1	uncharacterized LOC126326596	protein_coding	Diet in infected	Infected 33 vs 50	Downregulated	Included in infected diet 33 vs 50 origin audit	Significant in both mappings	1	No informative external evidence	No informative external hit					No informative hit	infected_diet33_vs50	Infected diet 50	6.00133046032077	0.01132269381443263
LOC126318238	NW_026062043.1	probable splicing factor YJU2B	protein_coding	Diet in infected	Infected 33 vs 50	Downregulated	Included in infected diet 33 vs 50 origin audit	Significant in both mappings	1	Non-metazoan-only protein hits without nucleotide corroboration	No informative external hit					Non-metazoan candidate	infected_diet33_vs50	Infected diet 50	5.5109993335378205	0.011352132656966352
LOC126320436	NW_026062097.1	intron Large complex component GCFC2-like	protein_coding	Diet in infected	Infected 33 vs 50	Downregulated	Included in infected diet 33 vs 50 origin audit	Significant in both mappings	1	Arthropod/orthopteran protein support only	No informative external hit					Broader arthropod support	infected_diet33_vs50	Infected diet 50	5.261090250324612	0.011352132656966352
LOC126315248	NW_026061960.1	uncharacterized LOC126315248	protein_coding	Diet in infected	Infected 33 vs 50	Downregulated	Included in infected diet 33 vs 50 origin audit	Significant in both mappings	1	Mixed protein evidence	No informative external hit					Mixed/ambiguous	infected_diet33_vs50; infection_diet33	Control diet 33; Infected diet 50	5.742047444727864	0.01135270809106819
LOC126329065	NW_026062491.1	elongation factor 1-alpha-like	protein_coding	Diet in infected	Infected 33 vs 50	Downregulated	Included in infected diet 33 vs 50 origin audit	Significant in both mappings	1	Concordant non-metazoan nucleotide and protein hits	Non-metazoan only	Other Eukaryota	Aphanomyces invadans;Pygsuia biforma;Tetrahymena pyriformis;Tetrahymena thermophila;Tetrahymena thermophila SB210	71.294	74	Non-metazoan candidate	infected_diet33_vs50; infection_diet33	Control diet 33; Infected diet 50	6.379947900391966	0.01135270809106819
LOC126329994	NW_026062553.1	uncharacterized LOC126329994	protein_coding	Diet in infected	Infected 33 vs 50	Downregulated	Included in infected diet 33 vs 50 origin audit	Significant in both mappings	1	Non-metazoan-only protein hits without nucleotide corroboration	No informative external hit					Non-metazoan candidate	infected_diet33_vs50	Infected diet 50	5.365446403655984	0.01135270809106819
LOC126326120	NW_026062325.1	uncharacterized LOC126326120	protein_coding	Diet in infected	Infected 33 vs 50	Downregulated	Included in infected diet 33 vs 50 origin audit	Significant in both mappings	1	Non-metazoan-only protein hits without nucleotide corroboration	No informative external hit					Non-metazoan candidate	infected_diet33_vs50; infection_diet33	Control diet 33; Infected diet 50	5.685834872263672	0.01136768598911559
LOC126316978	NW_026062003.1	U1 small nuclear ribonucleoprotein C-like	protein_coding	Diet in infected	Infected 33 vs 50	Downregulated	Included in infected diet 33 vs 50 origin audit	Significant in both mappings	1	Mixed protein evidence	No informative external hit					Mixed/ambiguous	infected_diet33_vs50	Infected diet 50	5.545676432512111	0.011368084114260596
LOC126316685	NW_026061985.1	uncharacterized LOC126316685	protein_coding	Diet in infected	Infected 33 vs 50	Downregulated	Included in infected diet 33 vs 50 origin audit	Significant in both mappings	1	Non-metazoan-only protein hits without nucleotide corroboration	No informative external hit					Non-metazoan candidate	infected_diet33_vs50; infection_diet33	Control diet 33; Infected diet 50	5.580078572581767	0.011368286395755985
LOC126315322	NW_026061960.1	5'-3' exonuclease PLD3-like	protein_coding	Diet in infected	Infected 33 vs 50	Downregulated	Included in infected diet 33 vs 50 origin audit	Significant in both mappings	1	Mixed protein evidence	No informative external hit					Mixed/ambiguous	infected_diet33_vs50; infection_diet33	Control diet 33; Infected diet 50	5.364074666465939	0.01145271255120092
LOC126319994	NW_026062071.1	uncharacterized LOC126319994	protein_coding	Diet in infected	Infected 33 vs 50	Downregulated	Included in infected diet 33 vs 50 origin audit	Significant in both mappings	1	External nucleotide support from other Metazoa	Other metazoan	Other Metazoa	Acanthaster planci	67.521	27	Non-metazoan candidate	infected_diet33_vs50; infection_diet33	Control diet 33; Infected diet 50	5.395484524102951	0.011454051714480405
LOC126320589	NW_026062105.1	uncharacterized LOC126320589	protein_coding	Diet in infected	Infected 33 vs 50	Downregulated	Included in infected diet 33 vs 50 origin audit	Significant in both mappings	1	Non-metazoan-only protein hits without nucleotide corroboration	No informative external hit					Non-metazoan candidate	infected_diet33_vs50	Infected diet 50	5.76682083660236	0.01151411838995359
LOC126316460	NW_026061974.1	GPI transamidase component PIG-T-like	protein_coding	Diet in infected	Infected 33 vs 50	Downregulated	Included in infected diet 33 vs 50 origin audit	Significant in both mappings	1	Non-metazoan-only protein hits without nucleotide corroboration	No informative external hit					Non-metazoan candidate	infected_diet33_vs50	Infected diet 50	5.477258667622353	0.011530196909761703
LOC126318610	NW_026062056.1	uncharacterized LOC126318610	protein_coding	Diet in infected	Infected 33 vs 50	Downregulated	Included in infected diet 33 vs 50 origin audit	Significant in both mappings	1	Mixed protein evidence	No informative external hit					Mixed/ambiguous	infected_diet33_vs50; infection_diet33	Control diet 33; Infected diet 50	5.548448116463952	0.011530196909761703
LOC126325922	NW_026062302.1	proteasome subunit alpha type-5-like	protein_coding	Diet in infected	Infected 33 vs 50	Downregulated	Included in infected diet 33 vs 50 origin audit	Significant in both mappings	1	Non-metazoan-only protein hits without nucleotide corroboration	No informative external hit					Non-metazoan candidate	infected_diet33_vs50; infection_diet33	Control diet 33; Infected diet 50	5.881292813924589	0.011530196909761703
LOC126316992	NW_026062003.1	trichohyalin-like	protein_coding	Diet in infected	Infected 33 vs 50	Downregulated	Included in infected diet 33 vs 50 origin audit	Significant in both mappings	1	No informative external evidence	No informative external hit					No informative hit	infected_diet33_vs50	Infected diet 50	5.36138758568324	0.011533210340390562
LOC126313313	NW_026061886.1	uncharacterized LOC126313313	protein_coding	Diet in infected	Infected 33 vs 50	Downregulated	Included in infected diet 33 vs 50 origin audit	Significant in both mappings	1	Non-metazoan-only protein hits without nucleotide corroboration	No informative external hit					Non-metazoan candidate	infected_diet33_vs50	Infected diet 50	5.217156533970362	0.011538898380472814
LOC126326594	NW_026062344.1	exportin-T-like	protein_coding	Diet in infected	Infected 33 vs 50	Downregulated	Included in infected diet 33 vs 50 origin audit	Significant in both mappings	1	Non-metazoan-only protein hits without nucleotide corroboration	No informative external hit					Non-metazoan candidate	infected_diet33_vs50	Infected diet 50	5.464681040590947	0.011561066025924521
LOC126326524	NW_026062344.1	U4/U6 small nuclear ribonucleoprotein Prp4-like	protein_coding	Diet in infected	Infected 33 vs 50	Downregulated	Included in infected diet 33 vs 50 origin audit	Significant in both mappings	1	Non-metazoan-only protein hits without nucleotide corroboration	No informative external hit					Non-metazoan candidate	infected_diet33_vs50	Infected diet 50	5.658041744661547	0.011600328795237203
LOC126325946	NW_026062302.1	serine/threonine-protein kinase STK11-like	protein_coding	Diet in infected	Infected 33 vs 50	Downregulated	Included in infected diet 33 vs 50 origin audit	Significant in both mappings	1	Mixed protein evidence	No informative external hit					Mixed/ambiguous;Non-metazoan candidate	infected_diet33_vs50	Infected diet 50	5.457927235244413	0.011656194160675988
LOC126320427	NW_026062097.1	eukaryotic initiation factor 4A-III-like	protein_coding	Diet in infected	Infected 33 vs 50	Downregulated	Included in infected diet 33 vs 50 origin audit	Significant in both mappings	1	Mixed external nucleotide evidence	Mixed metazoan/non-metazoan	Fungi;Other Metazoa	Trichoplax adhaerens;Umbelopsis ramanniana AG	70.152	28	Mixed/ambiguous	infected_diet33_vs50	Infected diet 50	5.275696442071283	0.011656782754311713
LOC126323276	NW_026062217.1	cardiolipin synthase-like	protein_coding	Diet in infected	Infected 33 vs 50	Downregulated	Included in infected diet 33 vs 50 origin audit	Significant in both mappings	1	Non-metazoan-only protein hits without nucleotide corroboration	No informative external hit					Non-metazoan candidate	infected_diet33_vs50; infection_diet33	Control diet 33; Infected diet 50	5.646036653876526	0.011656782754311713
LOC126318208	NW_026062043.1	phosphatidylinositol glycan anchor biosynthesis class U protein-like	protein_coding	Diet in infected	Infected 33 vs 50	Downregulated	Included in infected diet 33 vs 50 origin audit	Significant in both mappings	1	Arthropod/orthopteran protein support only	No informative external hit					Broader arthropod support	infected_diet33_vs50	Infected diet 50	5.507084503766164	0.011742930572477737
LOC126323893	NW_026062236.1	uncharacterized LOC126323893	protein_coding	Diet in infected	Infected 33 vs 50	Downregulated	Included in infected diet 33 vs 50 origin audit	Significant in both mappings	1	No informative external evidence	No informative external hit					No informative hit	infected_diet33_vs50; infection_diet33	Control diet 33; Infected diet 50	5.143686934317105	0.011785701311020951
LOC126314447	NW_026061953.1	uncharacterized LOC126314447	protein_coding	Diet in infected	Infected 33 vs 50	Downregulated	Included in infected diet 33 vs 50 origin audit	Significant in both mappings	1	No informative external evidence	No informative external hit					No informative hit	infected_diet33_vs50	Infected diet 50	5.060183199665731	0.011797136932060918
LOC126324062	NW_026062244.1	kinesin-like protein KIF18B	protein_coding	Diet in infected	Infected 33 vs 50	Downregulated	Included in infected diet 33 vs 50 origin audit	Significant in both mappings	1	Mixed protein evidence	No informative external hit					Mixed/ambiguous	infected_diet33_vs50; infection_diet33	Control diet 33; Infected diet 50	5.847980445824557	0.011797136932060918
LOC126325948	NW_026062302.1	60S ribosomal export protein NMD3-like	protein_coding	Diet in infected	Infected 33 vs 50	Downregulated	Included in infected diet 33 vs 50 origin audit	Significant in both mappings	1	Non-metazoan-only protein hits without nucleotide corroboration	No informative external hit					Non-metazoan candidate	infected_diet33_vs50	Infected diet 50	5.568716898138895	0.011797136932060918
LOC126334342	NW_026062990.1	phosphoribosylamine--glycine ligase-like	protein_coding	Diet in infected	Infected 33 vs 50	Downregulated	Included in infected diet 33 vs 50 origin audit	Significant in both mappings	1	Concordant non-metazoan nucleotide and protein hits	Non-metazoan only	Fungi	Aspergillus campestris IBT 28561	67.478	62	Non-metazoan candidate	infected_diet33_vs50	Infected diet 50	5.851821190199683	0.011835612889212681
LOC126326598	NW_026062344.1	elongation factor G-like	protein_coding	Diet in infected	Infected 33 vs 50	Downregulated	Included in infected diet 33 vs 50 origin audit	Significant in both mappings	1	Non-metazoan-only protein hits without nucleotide corroboration	No informative external hit					Non-metazoan candidate	infected_diet33_vs50	Infected diet 50	5.318336382586043	0.011905692510112854
LOC126320545	NW_026062105.1	uncharacterized LOC126320545	protein_coding	Diet in infected	Infected 33 vs 50	Downregulated	Included in infected diet 33 vs 50 origin audit	Significant in both mappings	1	Non-metazoan-only protein hits without nucleotide corroboration	No informative external hit					Non-metazoan candidate	infected_diet33_vs50; infection_diet33	Control diet 33; Infected diet 50	5.557353865987436	0.01192233116939396
LOC126314424	NW_026061953.1	trafficking protein particle complex subunit 3-like	protein_coding	Diet in infected	Infected 33 vs 50	Downregulated	Included in infected diet 33 vs 50 origin audit	Significant in both mappings	1	Non-metazoan-only protein hits without nucleotide corroboration	No informative external hit					Non-metazoan candidate	infected_diet33_vs50; infection_diet33	Control diet 33; Infected diet 50	5.476200501547095	0.011939143922095113
LOC126316928	NW_026062003.1	uncharacterized LOC126316928	lncRNA	Diet in infected	Infected 33 vs 50	Downregulated	Included in infected diet 33 vs 50 origin audit	Significant in both mappings	1	Mixed external nucleotide evidence	Mixed metazoan/non-metazoan	Fungi;Other Arthropoda;Other Eukaryota;Other Metazoa	Dermacentor silvarum;Emiliania huxleyi CCMP1516;Ganoderma boninense;Oikopleura dioica;Puccinia triticina;Rhipicephalus microplus	73.063	21		infected_diet33_vs50	Infected diet 50	5.410657291341626	0.011939143922095113
LOC126324038	NW_026062244.1	ubiquitin carboxyl-terminal hydrolase MINDY-1-like	protein_coding	Diet in infected	Infected 33 vs 50	Downregulated	Included in infected diet 33 vs 50 origin audit	Significant in both mappings	1	Mixed protein evidence	No informative external hit					Mixed/ambiguous	infected_diet33_vs50	Infected diet 50	5.283529701885878	0.0120006556297076
LOC126316998	NW_026062003.1	nuclear pore complex protein Nup155-like	protein_coding	Diet in infected	Infected 33 vs 50	Downregulated	Included in infected diet 33 vs 50 origin audit	Significant in both mappings	1	Non-metazoan-only protein hits without nucleotide corroboration	No informative external hit					Non-metazoan candidate	infected_diet33_vs50; infection_diet33	Control diet 33; Infected diet 50	5.943490095271146	0.01201185351379425
LOC126319963	NW_026062071.1	anaphase-promoting complex subunit cdc20-like	protein_coding	Diet in infected	Infected 33 vs 50	Downregulated	Included in infected diet 33 vs 50 origin audit	Significant in both mappings	1	Concordant non-metazoan nucleotide and protein hits	Non-metazoan only	Other Eukaryota	Naegleria lovaniensis	65.191	30	Non-metazoan candidate	infected_diet33_vs50	Infected diet 50	5.737483415332663	0.012012119627323938
LOC126326029	NW_026062315.1	uncharacterized LOC126326029	protein_coding	Diet in infected	Infected 33 vs 50	Downregulated	Included in infected diet 33 vs 50 origin audit	Significant in both mappings	1	External nucleotide support from other Metazoa	Other metazoan	Other Metazoa	Brienomyrus brachyistius	65.984	38	Non-metazoan candidate	infected_diet33_vs50	Infected diet 50	5.352810997964935	0.012029296663175796
LOC126332758	NW_026062795.1	uncharacterized LOC126332758	lncRNA	Diet in infected	Infected 33 vs 50	Downregulated	Included in infected diet 33 vs 50 origin audit	Significant in both mappings	1	No informative external evidence	No informative external hit						infected_diet33_vs50	Infected diet 50	5.548813687322628	0.012038271105660268
LOC126315453	NW_026061960.1	uncharacterized LOC126315453	protein_coding	Diet in infected	Infected 33 vs 50	Downregulated	Included in infected diet 33 vs 50 origin audit	Significant in both mappings	1	Non-metazoan-only protein hits without nucleotide corroboration	No informative external hit					Non-metazoan candidate	infected_diet33_vs50; infection_diet33	Control diet 33; Infected diet 50	5.489032129258905	0.012196600630485353
LOC126332412	NW_026062750.1	uncharacterized LOC126332412	lncRNA	Diet in infected	Infected 33 vs 50	Downregulated	Included in infected diet 33 vs 50 origin audit	Significant in both mappings	1	No informative external evidence	No informative external hit						infected_diet33_vs50	Infected diet 50	5.46557567657993	0.012196600630485353
LOC126318338	NW_026062048.1	uncharacterized LOC126318338	protein_coding	Diet in infected	Infected 33 vs 50	Downregulated	Included in infected diet 33 vs 50 origin audit	Significant in both mappings	1	Non-metazoan-only protein hits without nucleotide corroboration	No informative external hit					Non-metazoan candidate	infected_diet33_vs50	Infected diet 50	5.291288609932694	0.012422759542664372
LOC126317476	NW_026062018.1	uncharacterized LOC126317476	protein_coding	Diet in infected	Infected 33 vs 50	Downregulated	Included in infected diet 33 vs 50 origin audit	Significant in both mappings	1	No informative external evidence	No informative external hit					No informative hit	infected_diet33_vs50	Infected diet 50	4.8955008724102225	0.012467425402500232
LOC126320609	NW_026062108.1	uncharacterized LOC126320609	protein_coding	Diet in infected	Infected 33 vs 50	Downregulated	Included in infected diet 33 vs 50 origin audit	Significant in both mappings	1	No informative external evidence	No informative external hit					No informative hit	infected_diet33_vs50; infection_diet33	Control diet 33; Infected diet 50	5.420495550555312	0.012488032981087475
LOC126328059	NW_026062425.1	26S proteasome non-ATPase regulatory subunit 12-like	protein_coding	Diet in infected	Infected 33 vs 50	Downregulated	Included in infected diet 33 vs 50 origin audit	Significant in both mappings	1	Mixed protein evidence	No informative external hit					Mixed/ambiguous	infected_diet33_vs50; infection_diet33	Control diet 33; Infected diet 50	5.659504202570952	0.012505473086981238
LOC126315233	NW_026061960.1	ATP-dependent zinc metalloprotease FtsH-like	protein_coding	Diet in infected	Infected 33 vs 50	Downregulated	Included in infected diet 33 vs 50 origin audit	Significant in both mappings	1	External nucleotide support from other Metazoa	Other metazoan	Other Metazoa	Notolabrus celidotus;Trachurus trachurus	68.432	40	Mixed/ambiguous	infected_diet33_vs50; infection_diet33	Control diet 33; Infected diet 50	5.613246671422285	0.012515664467967912
LOC126324481	NW_026062249.1	transcription initiation factor TFIID subunit 11-like	protein_coding	Diet in infected	Infected 33 vs 50	Downregulated	Included in infected diet 33 vs 50 origin audit	Significant in both mappings	1	Non-metazoan-only protein hits without nucleotide corroboration	No informative external hit					Non-metazoan candidate	infected_diet33_vs50	Infected diet 50	5.5737181211658875	0.012515664467967912
LOC126323753	NW_026062229.1	eukaryotic translation initiation factor 5-like	protein_coding	Diet in infected	Infected 33 vs 50	Downregulated	Included in infected diet 33 vs 50 origin audit	Significant in both mappings	1	Non-metazoan-only protein hits without nucleotide corroboration	No informative external hit					Non-metazoan candidate	infected_diet33_vs50	Infected diet 50	5.847008177447798	0.01255673422218918
LOC126326507	NW_026062344.1	uncharacterized LOC126326507	protein_coding	Diet in infected	Infected 33 vs 50	Downregulated	Included in infected diet 33 vs 50 origin audit	Significant in both mappings	1	Non-metazoan-only protein hits without nucleotide corroboration	No informative external hit					Non-metazoan candidate	infected_diet33_vs50	Infected diet 50	5.178688324227001	0.012659233969175267
LOC126317124	NW_026062009.1	CCR4-NOT transcription complex subunit 7-like	protein_coding	Diet in infected	Infected 33 vs 50	Downregulated	Included in infected diet 33 vs 50 origin audit	Significant in both mappings	1	Non-metazoan-only protein hits without nucleotide corroboration	No informative external hit					Non-metazoan candidate	infected_diet33_vs50	Infected diet 50	5.785646379037148	0.012807257263045792
LOC126317483	NW_026062018.1	cytosolic purine 5'-nucleotidase-like	protein_coding	Diet in infected	Infected 33 vs 50	Downregulated	Included in infected diet 33 vs 50 origin audit	Significant in both mappings	1	Non-metazoan-only protein hits without nucleotide corroboration	No informative external hit					Non-metazoan candidate	infected_diet33_vs50; infection_diet33	Control diet 33; Infected diet 50	5.1460302308007115	0.013007492831945083
LOC126326581	NW_026062344.1	uncharacterized LOC126326581	protein_coding	Diet in infected	Infected 33 vs 50	Downregulated	Included in infected diet 33 vs 50 origin audit	Significant in both mappings	1	Mixed protein evidence	No informative external hit					Mixed/ambiguous	infected_diet33_vs50	Infected diet 50	5.014828012317487	0.013225588731924833
LOC126318194	NW_026062043.1	uncharacterized LOC126318194	protein_coding	Diet in infected	Infected 33 vs 50	Downregulated	Included in infected diet 33 vs 50 origin audit	Significant in both mappings	1	Non-metazoan-only protein hits without nucleotide corroboration	No informative external hit					Non-metazoan candidate	infected_diet33_vs50	Infected diet 50	5.491209936576932	0.013248367643136671
LOC126318639	NW_026062056.1	uncharacterized LOC126318639	protein_coding	Diet in infected	Infected 33 vs 50	Downregulated	Included in infected diet 33 vs 50 origin audit	Significant in both mappings	1	Mixed protein evidence	No informative external hit					Mixed/ambiguous	infected_diet33_vs50	Infected diet 50	5.469640708305383	0.013399565171496541
LOC126313321	NW_026061886.1	60S ribosomal protein L8-like	protein_coding	Diet in infected	Infected 33 vs 50	Downregulated	Included in infected diet 33 vs 50 origin audit	Significant in both mappings	1	External nucleotide support from Orthoptera/Arthropoda	Other arthropod	Other Arthropoda	Eulimnadia texana	68.393	58	Mixed/ambiguous	infected_diet33_vs50; infection_diet33	Control diet 33; Infected diet 50	5.822467596093744	0.01573825071756827
LOC126304974	NW_026061743.1	rasGAP-activating-like protein 1	protein_coding	Diet in infected	Infected 33 vs 50	Downregulated	Included in infected diet 33 vs 50 origin audit	Significant in both mappings	1	Non-metazoan-only protein hits without nucleotide corroboration	No informative external hit					Non-metazoan candidate	Not significant in the fresh unplaced-gene analysis			
LOC126304991	NW_026061743.1	protein BTG2-like	protein_coding	Diet in infected	Infected 33 vs 50	Downregulated	Included in infected diet 33 vs 50 origin audit	Significant in both mappings	1	Mixed protein evidence	No informative external hit					Mixed/ambiguous	Not significant in the fresh unplaced-gene analysis			
LOC126304995	NW_026061743.1	uncharacterized LOC126304995	protein_coding	Diet in infected	Infected 33 vs 50	Downregulated	Included in infected diet 33 vs 50 origin audit	Significant in both mappings	1	External nucleotide support from Orthoptera/Arthropoda	Other arthropod	Other Arthropoda	Anopheles arabiensis;Anopheles gambiae;Anopheles merus;Bacillus rossius redtenbacheri	70.311	71	Mixed/ambiguous	Not significant in the fresh unplaced-gene analysis			
LOC126311187	NW_026061838.1	uncharacterized LOC126311187	protein_coding	Diet in infected	Infected 33 vs 50	Downregulated	Included in infected diet 33 vs 50 origin audit	Significant in both mappings	1	Non-metazoan-only protein hits without nucleotide corroboration	No informative external hit					Non-metazoan candidate	Not significant in the fresh unplaced-gene analysis			
LOC126311194	NW_026061838.1	uncharacterized LOC126311194	protein_coding	Diet in infected	Infected 33 vs 50	Downregulated	Included in infected diet 33 vs 50 origin audit	Significant in both mappings	1	Non-metazoan-only protein hits without nucleotide corroboration	No informative external hit					Non-metazoan candidate	Not significant in the fresh unplaced-gene analysis			
LOC126311195	NW_026061838.1	malonate-semialdehyde dehydrogenase 1-like	protein_coding	Diet in infected	Infected 33 vs 50	Downregulated	Included in infected diet 33 vs 50 origin audit	Significant in both mappings	1	Non-metazoan-only protein hits without nucleotide corroboration	No informative external hit					Non-metazoan candidate	Not significant in the fresh unplaced-gene analysis			
LOC126311198	NW_026061838.1	tubulin beta chain-like	protein_coding	Diet in infected	Infected 33 vs 50	Downregulated	Included in infected diet 33 vs 50 origin audit	Significant in both mappings	1	Mixed external nucleotide evidence	Mixed metazoan/non-metazoan	Other Arthropoda;Other Eukaryota;Other Metazoa	Battus philenor;Dreissena polymorpha;Entosiphon sulcatum;Maniola jurtina;Mya arenaria;Pararge aegeria	70.88	51	Mixed/ambiguous	Not significant in the fresh unplaced-gene analysis			
LOC126311224	NW_026061838.1	phosphate carrier protein, mitochondrial-like	protein_coding	Diet in infected	Infected 33 vs 50	Downregulated	Included in infected diet 33 vs 50 origin audit	Significant in both mappings	1	Mixed external nucleotide evidence	Mixed metazoan/non-metazoan	Other Arthropoda;Plants	Adoxophyes honmai;Chlamydomonas incerta;Chlamydomonas reinhardtii;Chlorella variabilis;Leguminivora glycinivorella	75.41	34	Mixed/ambiguous	Not significant in the fresh unplaced-gene analysis			
LOC126314427	NW_026061953.1	gem-associated protein 5-like	protein_coding	Diet in infected	Infected 33 vs 50	Downregulated	Included in infected diet 33 vs 50 origin audit	Significant in both mappings	1	Mixed protein evidence	No informative external hit					Mixed/ambiguous	Not significant in the fresh unplaced-gene analysis			
LOC126314433	NW_026061953.1	vam6/Vps39-like protein	protein_coding	Diet in infected	Infected 33 vs 50	Downregulated	Included in infected diet 33 vs 50 origin audit	Significant in both mappings	1	Mixed protein evidence	No informative external hit					Mixed/ambiguous	Not significant in the fresh unplaced-gene analysis			
LOC126318250	NW_026062043.1	uncharacterized LOC126318250	protein_coding	Diet in infected	Infected 33 vs 50	Downregulated	Included in infected diet 33 vs 50 origin audit	Significant in both mappings	1	Non-metazoan-only protein hits without nucleotide corroboration	No informative external hit					Non-metazoan candidate	Not significant in the fresh unplaced-gene analysis			
LOC126318673	NW_026062059.1	pre-mRNA-processing factor 6-like	protein_coding	Diet in infected	Infected 33 vs 50	Downregulated	Included in infected diet 33 vs 50 origin audit	Significant in both mappings	1	Mixed protein evidence	No informative external hit					Mixed/ambiguous	Not significant in the fresh unplaced-gene analysis			
LOC126318685	NW_026062059.1	uncharacterized LOC126318685	protein_coding	Diet in infected	Infected 33 vs 50	Downregulated	Included in infected diet 33 vs 50 origin audit	Significant in both mappings	1	Non-metazoan-only protein hits without nucleotide corroboration	No informative external hit					Non-metazoan candidate	Not significant in the fresh unplaced-gene analysis			
LOC126322701	NW_026062196.1	uncharacterized LOC126322701	lncRNA	Diet in infected	Infected 33 vs 50	Downregulated	Included in infected diet 33 vs 50 origin audit	Significant in both mappings	1	No informative external evidence	No informative external hit						Not significant in the fresh unplaced-gene analysis			
LOC126326531	NW_026062344.1	ras-like protein rasD	protein_coding	Diet in infected	Infected 33 vs 50	Downregulated	Included in infected diet 33 vs 50 origin audit	Significant in both mappings	1	Concordant non-metazoan nucleotide and protein hits	Non-metazoan only	Fungi;Other Eukaryota	Neohortaea acidophila;Salpingoeca rosetta	70.95	25	Non-metazoan candidate	Not significant in the fresh unplaced-gene analysis			
LOC126329983	NW_026062553.1	uncharacterized LOC126329983	protein_coding	Diet in infected	Infected 33 vs 50	Downregulated	Included in infected diet 33 vs 50 origin audit	Significant in both mappings	1	External nucleotide support from Orthoptera/Arthropoda	Other arthropod	Other Arthropoda;Other Metazoa	Amphibalanus amphitrite;Anser anser;Anser brachyrhynchus;Anser cygnoides;Apteryx mantelli;Apteryx rowi;Aythya ferina;Aythya fuligula;Bucephala clangula;Cygnus atratus;Cygnus columbianus;Danaus plexippus;Dromaius novaehollandiae;Netta rufina;Plodia interpunctella;Pollicipes pollicipes;Rhea americana;Rhea pennata;Zonotrichia albicollis;Zonotrichia leucophrys gambelii	74.642	42	Mixed/ambiguous	Not significant in the fresh unplaced-gene analysis			
LOC126304720	NW_026061732.1	uncharacterized LOC126304720	lncRNA	Diet in infected	Infected 33 vs 50	Downregulated	Not in the frozen focused origin-audit subset			No focused BLASTn/DIAMOND result for this gene							infected_diet33_vs50; infected_diet83_vs33; infection_average_all_diets; infection_diet33; interaction_diet33_vs50; interaction_diet83_vs33	Average control; Control diet 33; Infected diet 50; Infected diet 83; Infection response diet 50; Infection response diet 83	21.301994558991854	1.4987487725562582e-24
LOC126324045	NW_026062244.1	uncharacterized LOC126324045	protein_coding	Diet in infected	Infected 33 vs 50	Downregulated	Not in the frozen focused origin-audit subset			No focused BLASTn/DIAMOND result for this gene							infected_diet33_vs50; infected_diet83_vs33; infection_average_all_diets; infection_diet33; interaction_diet33_vs50; interaction_diet83_vs33	Average control; Control diet 33; Infected diet 50; Infected diet 83; Infection response diet 50; Infection response diet 83	21.755968962680065	3.052411889539064e-24
LOC126326216	NW_026062331.1	uncharacterized LOC126326216	lncRNA	Diet in infected	Infected 33 vs 50	Downregulated	Not in the frozen focused origin-audit subset			No focused BLASTn/DIAMOND result for this gene							infected_diet33_vs50; infected_diet83_vs33; infection_average_all_diets; infection_diet33; interaction_diet33_vs50; interaction_diet83_vs33	Average control; Control diet 33; Infected diet 50; Infected diet 83; Infection response diet 50; Infection response diet 83	21.580247910206616	3.676218865935456e-24
LOC126322618	NW_026062185.1	guanylate-binding protein 1-like	protein_coding	Diet in infected	Infected 33 vs 50	Downregulated	Not in the frozen focused origin-audit subset			No focused BLASTn/DIAMOND result for this gene							infected_diet33_vs50; infected_diet83_vs33; infection_average_all_diets; infection_diet33; interaction_diet33_vs50; interaction_diet83_vs33	Average control; Control diet 33; Infected diet 50; Infected diet 83; Infection response diet 50; Infection response diet 83	21.63273713472844	7.50414977330228e-24
LOC126331448	NW_026062676.1	protein arv1 homolog	protein_coding	Diet in infected	Infected 33 vs 50	Downregulated	Not in the frozen focused origin-audit subset			No focused BLASTn/DIAMOND result for this gene							infected_diet33_vs50; infected_diet83_vs33; infection_average_all_diets; infection_diet33; interaction_diet33_vs50; interaction_diet83_vs33	Average control; Control diet 33; Infected diet 50; Infected diet 83; Infection response diet 50; Infection response diet 83	22.680092717274036	8.443628867095217e-24
LOC126326223	NW_026062331.1	aspartate--tRNA ligase, cytoplasmic-like	protein_coding	Diet in infected	Infected 33 vs 50	Downregulated	Not in the frozen focused origin-audit subset			No focused BLASTn/DIAMOND result for this gene							infected_diet33_vs50; infected_diet83_vs33; infection_average_all_diets; infection_diet33; interaction_diet33_vs50; interaction_diet83_vs33	Average control; Control diet 33; Infected diet 50; Infected diet 83; Infection response diet 50; Infection response diet 83	21.982002474080208	1.2391599902125741e-23
LOC126318355	NW_026062048.1	pre-mRNA-splicing factor ATP-dependent RNA helicase PRP16-like	protein_coding	Diet in infected	Infected 33 vs 50	Downregulated	Not in the frozen focused origin-audit subset			No focused BLASTn/DIAMOND result for this gene							infected_diet33_vs50; infected_diet83_vs33; infection_average_all_diets; infection_diet33; interaction_diet33_vs50; interaction_diet83_vs33	Average control; Control diet 33; Infected diet 50; Infected diet 83; Infection response diet 50; Infection response diet 83	21.71670946922969	2.4007242238745887e-23
LOC126320402	NW_026062097.1	uncharacterized LOC126320402	protein_coding	Diet in infected	Infected 33 vs 50	Downregulated	Not in the frozen focused origin-audit subset			No focused BLASTn/DIAMOND result for this gene							infected_diet33_vs50; infected_diet83_vs33; infection_average_all_diets; infection_diet33; interaction_diet33_vs50; interaction_diet83_vs33	Average control; Control diet 33; Infected diet 50; Infected diet 83; Infection response diet 50; Infection response diet 83	21.53876023194994	2.4007242238745887e-23
LOC126313350	NW_026061886.1	WD repeat-containing protein 75-like	protein_coding	Diet in infected	Infected 33 vs 50	Downregulated	Not in the frozen focused origin-audit subset			No focused BLASTn/DIAMOND result for this gene							infected_diet33_vs50; infected_diet83_vs33; infection_average_all_diets; infection_diet33; interaction_diet33_vs50; interaction_diet83_vs33	Average control; Control diet 33; Infected diet 50; Infected diet 83; Infection response diet 50; Infection response diet 83	22.501708956099645	3.0832281421902216e-23
LOC126326130	NW_026062325.1	uncharacterized LOC126326130	protein_coding	Diet in infected	Infected 33 vs 50	Downregulated	Not in the frozen focused origin-audit subset			No focused BLASTn/DIAMOND result for this gene							infected_diet33_vs50; infected_diet83_vs33; infection_average_all_diets; infection_diet33; interaction_diet33_vs50; interaction_diet83_vs33	Average control; Control diet 33; Infected diet 50; Infected diet 83; Infection response diet 50; Infection response diet 83	21.997799500867448	4.711304967290983e-23
LOC126316456	NW_026061974.1	uncharacterized LOC126316456	lncRNA	Diet in infected	Infected 33 vs 50	Downregulated	Not in the frozen focused origin-audit subset			No focused BLASTn/DIAMOND result for this gene							infected_diet33_vs50; infected_diet83_vs33; infection_average_all_diets; infection_diet33; interaction_diet33_vs50; interaction_diet83_vs33	Average control; Control diet 33; Infected diet 50; Infected diet 83; Infection response diet 50; Infection response diet 83	23.19022072155055	6.211848141698722e-23
LOC126325933	NW_026062302.1	elongation factor 4-like	protein_coding	Diet in infected	Infected 33 vs 50	Downregulated	Not in the frozen focused origin-audit subset			No focused BLASTn/DIAMOND result for this gene							infected_diet33_vs50; infected_diet83_vs33; infection_average_all_diets; infection_diet33; interaction_diet33_vs50; interaction_diet83_vs33	Average control; Control diet 33; Infected diet 50; Infected diet 83; Infection response diet 50; Infection response diet 83	21.580645756536235	9.242184779051324e-23
LOC126324496	NW_026062249.1	uncharacterized LOC126324496	lncRNA	Diet in infected	Infected 33 vs 50	Downregulated	Not in the frozen focused origin-audit subset			No focused BLASTn/DIAMOND result for this gene							infected_diet33_vs50; infected_diet83_vs33; infection_average_all_diets; infection_diet33; interaction_diet33_vs50; interaction_diet83_vs33	Average control; Control diet 33; Infected diet 50; Infected diet 83; Infection response diet 50; Infection response diet 83	21.547255815507658	1.6909058398015578e-22
LOC126322396	NW_026062176.1	AP-1 complex subunit mu-like	protein_coding	Diet in infected	Infected 33 vs 50	Downregulated	Not in the frozen focused origin-audit subset			No focused BLASTn/DIAMOND result for this gene							infected_diet33_vs50; infected_diet83_vs33; infection_average_all_diets; infection_diet33; interaction_diet33_vs50; interaction_diet83_vs33	Average control; Control diet 33; Infected diet 50; Infected diet 83; Infection response diet 50; Infection response diet 83	21.76355054183237	3.085822922165755e-22
LOC126326203	NW_026062331.1	phosphatidylinositol 3,4,5-trisphosphate 3-phosphatase and dual-specificity protein phosphatase PTEN-like	protein_coding	Diet in infected	Infected 33 vs 50	Downregulated	Not in the frozen focused origin-audit subset			No focused BLASTn/DIAMOND result for this gene							infected_diet33_vs50; infected_diet83_vs33; infection_average_all_diets; infection_diet33; interaction_diet33_vs50; interaction_diet83_vs33	Average control; Control diet 33; Infected diet 50; Infected diet 83; Infection response diet 50; Infection response diet 83	22.61571049179419	6.428408778895193e-22
LOC126313305	NW_026061886.1	peptide methionine sulfoxide reductase-like	protein_coding	Diet in infected	Infected 33 vs 50	Downregulated	Not in the frozen focused origin-audit subset			No focused BLASTn/DIAMOND result for this gene							infected_diet33_vs50; infected_diet83_vs33; infection_average_all_diets; infection_diet33; interaction_diet33_vs50; interaction_diet83_vs33	Average control; Control diet 33; Infected diet 50; Infected diet 83; Infection response diet 50; Infection response diet 83	21.5706235342879	1.7967811915569405e-21
LOC126304734	NW_026061732.1	uncharacterized LOC126304734	protein_coding	Diet in infected	Infected 33 vs 50	Downregulated	Not in the frozen focused origin-audit subset			No focused BLASTn/DIAMOND result for this gene							infected_diet33_vs50; infected_diet83_vs33; infection_average_all_diets; infection_diet33; interaction_diet33_vs50; interaction_diet83_vs33	Average control; Control diet 33; Infected diet 50; Infected diet 83; Infection response diet 50; Infection response diet 83	21.619886583476905	2.1500990096838565e-21
LOC126320438	NW_026062097.1	general transcription and DNA repair factor IIH helicase subunit XPD-like	protein_coding	Diet in infected	Infected 33 vs 50	Downregulated	Not in the frozen focused origin-audit subset			No focused BLASTn/DIAMOND result for this gene							infected_diet33_vs50; infected_diet83_vs33; infection_average_all_diets; infection_diet33; interaction_diet33_vs50; interaction_diet83_vs33	Average control; Control diet 33; Infected diet 50; Infected diet 83; Infection response diet 50; Infection response diet 83	21.97238386636235	2.3874276976546195e-21
LOC126319854	NW_026062071.1	queuine tRNA-ribosyltransferase accessory subunit 2-like	protein_coding	Diet in infected	Infected 33 vs 50	Downregulated	Not in the frozen focused origin-audit subset			No focused BLASTn/DIAMOND result for this gene							infected_diet33_vs50; infected_diet83_vs33; infection_average_all_diets; infection_diet33; interaction_diet33_vs50; interaction_diet83_vs33	Average control; Control diet 33; Infected diet 50; Infected diet 83; Infection response diet 50; Infection response diet 83	22.062512113580734	4.401797927173449e-21
LOC126305006	NW_026061743.1	uncharacterized LOC126305006	protein_coding	Diet in infected	Infected 33 vs 50	Downregulated	Not in the frozen focused origin-audit subset			No focused BLASTn/DIAMOND result for this gene							infected_diet33_vs50; infected_diet83_vs33; infection_average_all_diets; infection_diet33; interaction_diet33_vs50; interaction_diet83_vs33	Average control; Control diet 33; Infected diet 50; Infected diet 83; Infection response diet 50; Infection response diet 83	21.538388343716097	6.199062045228027e-21
LOC126326586	NW_026062344.1	uncharacterized LOC126326586	lncRNA	Diet in infected	Infected 33 vs 50	Downregulated	Not in the frozen focused origin-audit subset			No focused BLASTn/DIAMOND result for this gene							infected_diet33_vs50; infected_diet83_vs33; infection_average_all_diets; infection_diet33; interaction_diet33_vs50; interaction_diet83_vs33	Average control; Control diet 33; Infected diet 50; Infected diet 83; Infection response diet 50; Infection response diet 83	20.842402685647954	1.3883310172151198e-20
LOC126304736	NW_026061732.1	CCAAT/enhancer-binding protein zeta-like	protein_coding	Diet in infected	Infected 33 vs 50	Downregulated	Not in the frozen focused origin-audit subset			No focused BLASTn/DIAMOND result for this gene							infected_diet33_vs50; infected_diet83_vs33; infection_average_all_diets; infection_diet33; interaction_diet33_vs50; interaction_diet83_vs33	Average control; Control diet 33; Infected diet 50; Infected diet 83; Infection response diet 50; Infection response diet 83	21.445164611032865	2.777880125856996e-20
LOC126318335	NW_026062048.1	probable tubulin polyglutamylase TTLL2	protein_coding	Diet in infected	Infected 33 vs 50	Downregulated	Not in the frozen focused origin-audit subset			No focused BLASTn/DIAMOND result for this gene							infected_diet33_vs50; infected_diet83_vs33; infection_average_all_diets; infection_diet33; interaction_diet33_vs50; interaction_diet83_vs33	Average control; Control diet 33; Infected diet 50; Infected diet 83; Infection response diet 50; Infection response diet 83	21.520053558190394	4.079523954675924e-20
LOC126325506	NW_026062282.1	uncharacterized LOC126325506	protein_coding	Diet in infected	Infected 33 vs 50	Downregulated	Not in the frozen focused origin-audit subset			No focused BLASTn/DIAMOND result for this gene							infected_diet33_vs50; infected_diet83_vs33; infection_average_all_diets; infection_diet33; interaction_diet33_vs50; interaction_diet83_vs33	Average control; Control diet 33; Infected diet 50; Infected diet 83; Infection response diet 50; Infection response diet 83	21.622694917359304	2.6025479906418153e-15
LOC126301643	NW_026061710.1	uncharacterized LOC126301643	lncRNA	Infection within diet	Diet 50: infected vs control; Diet 83: infected vs control	Upregulated	Not in the frozen focused origin-audit subset			No focused BLASTn/DIAMOND result for this gene							infection_average_all_diets	Average infected	1.6109738344788693	0.0013991641533643959
LOC126309705	NW_026061824.1	uncharacterized LOC126309705	lncRNA	Infection within diet	Diet 50: infected vs control	Upregulated	Not in the frozen focused origin-audit subset			No focused BLASTn/DIAMOND result for this gene							infection_average_all_diets	Average infected	1.3019728847414849	0.0034798136519378796
LOC126305058	NW_026061752.1	uncharacterized LOC126305058	lncRNA	Infection within diet	Diet 50: infected vs control	Upregulated	Not in the frozen focused origin-audit subset			No focused BLASTn/DIAMOND result for this gene							infection_average_all_diets	Average infected	1.2762652846421674	0.003969535544412974
LOC126305117	NW_026061762.1	uncharacterized LOC126305117	lncRNA	Infection within diet	Diet 33: infected vs control; Diet 50: infected vs control; Diet 83: infected vs control	Upregulated	Not in the frozen focused origin-audit subset			No focused BLASTn/DIAMOND result for this gene							infection_average_all_diets	Average infected	1.3400650847005604	0.005086059814123783
LOC126305118	NW_026061762.1	uncharacterized LOC126305118	lncRNA	Infection within diet	Diet 50: infected vs control	Upregulated	Not in the frozen focused origin-audit subset			No focused BLASTn/DIAMOND result for this gene							infected_diet33_vs50; infection_average_all_diets	Average infected; Infected diet 50	1.3796898428532505	0.0065027435946095604
LOC126313320	NW_026061886.1	sestrin homolog	protein_coding	Diet in infected	Infected 33 vs 50	Downregulated	Not in the frozen focused origin-audit subset			No focused BLASTn/DIAMOND result for this gene							infected_diet33_vs50; infection_diet33	Control diet 33; Infected diet 50	6.845906107591308	0.0065700713419016375
LOC126326592	NW_026062344.1	vacuolar protein sorting-associated protein 18 homolog	protein_coding	Diet in infected	Infected 33 vs 50	Downregulated	Not in the frozen focused origin-audit subset			No focused BLASTn/DIAMOND result for this gene							infected_diet33_vs50; infection_diet33	Control diet 33; Infected diet 50	6.396878195686881	0.006670804000237681
LOC126311183	NW_026061838.1	uncharacterized LOC126311183	protein_coding	Diet in infected	Infected 33 vs 50	Downregulated	Not in the frozen focused origin-audit subset			No focused BLASTn/DIAMOND result for this gene							infected_diet33_vs50; infection_diet33	Control diet 33; Infected diet 50	6.907972621811027	0.006900919595374345
LOC126320585	NW_026062105.1	probable dual specificity protein phosphatase DDB_G0281963	protein_coding	Diet in infected	Infected 33 vs 50	Downregulated	Not in the frozen focused origin-audit subset			No focused BLASTn/DIAMOND result for this gene							infected_diet33_vs50; infection_diet33	Control diet 33; Infected diet 50	6.653223887956442	0.006900919595374345
LOC126324031	NW_026062244.1	glutamate-rich WD repeat-containing protein 1-like	protein_coding	Diet in infected	Infected 33 vs 50	Downregulated	Not in the frozen focused origin-audit subset			No focused BLASTn/DIAMOND result for this gene							infected_diet33_vs50; infection_diet33	Control diet 33; Infected diet 50	6.839385907610142	0.006900919595374345
LOC126324539	NW_026062249.1	atypical kinase COQ8A, mitochondrial-like	protein_coding	Diet in infected	Infected 33 vs 50	Downregulated	Not in the frozen focused origin-audit subset			No focused BLASTn/DIAMOND result for this gene							infected_diet33_vs50; infection_diet33	Control diet 33; Infected diet 50	6.50502974515967	0.007066787495749373
LOC126318291	NW_026062048.1	uncharacterized LOC126318291	protein_coding	Diet in infected	Infected 33 vs 50	Downregulated	Not in the frozen focused origin-audit subset			No focused BLASTn/DIAMOND result for this gene							infected_diet33_vs50; infection_diet33	Control diet 33; Infected diet 50	6.304420512267344	0.00710115939041293
LOC126325818	NW_026062299.1	uncharacterized LOC126325818	protein_coding	Diet in infected	Infected 33 vs 50	Downregulated	Not in the frozen focused origin-audit subset			No focused BLASTn/DIAMOND result for this gene							infected_diet33_vs50; infection_diet33	Control diet 33; Infected diet 50	6.565272587777232	0.00710115939041293
LOC126326055	NW_026062315.1	ceramide synthase 4-like	protein_coding	Diet in infected	Infected 33 vs 50	Downregulated	Not in the frozen focused origin-audit subset			No focused BLASTn/DIAMOND result for this gene							infected_diet33_vs50; infection_diet33	Control diet 33; Infected diet 50	6.64342988013474	0.00710115939041293
LOC126314445	NW_026061953.1	probable serine/threonine-protein kinase DDB_G0292354	protein_coding	Diet in infected	Infected 33 vs 50	Downregulated	Not in the frozen focused origin-audit subset			No focused BLASTn/DIAMOND result for this gene							infected_diet33_vs50; infection_diet33	Control diet 33; Infected diet 50	6.629873628051034	0.007340321673707928
LOC126323736	NW_026062229.1	vacuolar protein sorting-associated protein 11 homolog	protein_coding	Diet in infected	Infected 33 vs 50	Downregulated	Not in the frozen focused origin-audit subset			No focused BLASTn/DIAMOND result for this gene							infected_diet33_vs50; infection_diet33	Control diet 33; Infected diet 50	6.4668966766004825	0.007589969437391947
LOC126318694	NW_026062059.1	repressor of RNA polymerase III transcription-like	protein_coding	Diet in infected	Infected 33 vs 50	Downregulated	Not in the frozen focused origin-audit subset			No focused BLASTn/DIAMOND result for this gene							infected_diet33_vs50; infection_diet33	Control diet 33; Infected diet 50	6.366821006765387	0.00770409608011513
LOC126322708	NW_026062196.1	uncharacterized LOC126322708	protein_coding	Diet in infected	Infected 33 vs 50	Downregulated	Not in the frozen focused origin-audit subset			No focused BLASTn/DIAMOND result for this gene							infected_diet33_vs50; infection_diet33	Control diet 33; Infected diet 50	6.5710976305238145	0.00783011852717511
LOC126320592	NW_026062105.1	negative elongation factor D-like	protein_coding	Diet in infected	Infected 33 vs 50	Downregulated	Not in the frozen focused origin-audit subset			No focused BLASTn/DIAMOND result for this gene							infected_diet33_vs50; infection_diet33	Control diet 33; Infected diet 50	6.726195060204975	0.007900120757856467
LOC126316766	NW_026061988.1	uncharacterized LOC126316766	protein_coding	Diet in infected	Infected 33 vs 50	Downregulated	Not in the frozen focused origin-audit subset			No focused BLASTn/DIAMOND result for this gene							infected_diet33_vs50; infection_diet33	Control diet 33; Infected diet 50	6.717393075593466	0.008020395312528619
LOC126320445	NW_026062097.1	uncharacterized LOC126320445	lncRNA	Diet in infected	Infected 33 vs 50	Downregulated	Not in the frozen focused origin-audit subset			No focused BLASTn/DIAMOND result for this gene							infected_diet33_vs50; infection_diet33	Control diet 33; Infected diet 50	6.440042306131026	0.008387862127770674
LOC126316942	NW_026062003.1	succinate--CoA ligase [ADP/GDP-forming] subunit alpha, mitochondrial-like	protein_coding	Diet in infected	Infected 33 vs 50	Downregulated	Not in the frozen focused origin-audit subset			No focused BLASTn/DIAMOND result for this gene							infected_diet33_vs50	Infected diet 50	5.984334330599501	0.008495768050400605
LOC126317493	NW_026062018.1	uncharacterized LOC126317493	protein_coding	Diet in infected	Infected 33 vs 50	Downregulated	Not in the frozen focused origin-audit subset			No focused BLASTn/DIAMOND result for this gene							infected_diet33_vs50; infection_diet33	Control diet 33; Infected diet 50	6.125184698609588	0.009657156830088748
LOC126306493	NW_026061799.1	uncharacterized LOC126306493	lncRNA	Infection within diet	Diet 50: infected vs control	Upregulated	Not in the frozen focused origin-audit subset			No focused BLASTn/DIAMOND result for this gene							infection_average_all_diets	Average infected	1.4460583516517367	0.009735933982084919
LOC126325521	NW_026062282.1	uncharacterized LOC126325521	lncRNA	Diet in infected	Infected 33 vs 50	Downregulated	Not in the frozen focused origin-audit subset			No focused BLASTn/DIAMOND result for this gene							infected_diet33_vs50; infection_diet33	Control diet 33; Infected diet 50	5.945780535576781	0.009770410917928962
LOC126325482	NW_026062282.1	fatty acyl-CoA reductase 1-like	protein_coding	Diet in infected	Infected 33 vs 50	Downregulated	Not in the frozen focused origin-audit subset			No focused BLASTn/DIAMOND result for this gene							infected_diet33_vs50; infection_diet33	Control diet 33; Infected diet 50	6.2798694700499285	0.009785872046634858
LOC126325485	NW_026062282.1	mitochondrial substrate carrier family protein X-like	protein_coding	Diet in infected	Infected 33 vs 50	Downregulated	Not in the frozen focused origin-audit subset			No focused BLASTn/DIAMOND result for this gene							infected_diet33_vs50	Infected diet 50	6.113682123301911	0.009891894223146642
LOC126317115	NW_026062009.1	mitochondrial substrate carrier family protein H-like	protein_coding	Diet in infected	Infected 33 vs 50	Downregulated	Not in the frozen focused origin-audit subset			No focused BLASTn/DIAMOND result for this gene							infected_diet33_vs50	Infected diet 50	6.331444647021549	0.009938906522232522
LOC126316447	NW_026061974.1	glucose-induced degradation protein 8 homolog	protein_coding	Diet in infected	Infected 33 vs 50	Downregulated	Not in the frozen focused origin-audit subset			No focused BLASTn/DIAMOND result for this gene							infected_diet33_vs50; infection_diet33	Control diet 33; Infected diet 50	6.068731567743633	0.010028455964838324
LOC126320578	NW_026062105.1	uncharacterized LOC126320578	protein_coding	Diet in infected	Infected 33 vs 50	Downregulated	Not in the frozen focused origin-audit subset			No focused BLASTn/DIAMOND result for this gene							infected_diet33_vs50	Infected diet 50	6.750744018280618	0.010060170194679018
LOC126318364	NW_026062048.1	uncharacterized LOC126318364	protein_coding	Diet in infected	Infected 33 vs 50	Downregulated	Not in the frozen focused origin-audit subset			No focused BLASTn/DIAMOND result for this gene							infected_diet33_vs50	Infected diet 50	5.498092111810803	0.010359790344807789
LOC126326075	NW_026062315.1	uncharacterized LOC126326075	protein_coding	Diet in infected	Infected 33 vs 50	Downregulated	Not in the frozen focused origin-audit subset			No focused BLASTn/DIAMOND result for this gene							infected_diet33_vs50	Infected diet 50	5.745917551992727	0.010369368155534785
LOC126304686	NW_026061732.1	isocitrate dehydrogenase [NAD] regulatory subunit A, mitochondrial-like	protein_coding	Diet in infected	Infected 33 vs 50	Downregulated	Not in the frozen focused origin-audit subset			No focused BLASTn/DIAMOND result for this gene							infected_diet33_vs50	Infected diet 50	6.099312748148725	0.010625771870358965
LOC126313326	NW_026061886.1	uncharacterized LOC126313326	lncRNA	Diet in infected	Infected 33 vs 50	Downregulated	Not in the frozen focused origin-audit subset			No focused BLASTn/DIAMOND result for this gene							infected_diet33_vs50; infection_diet33	Control diet 33; Infected diet 50	6.309174461841358	0.010642002570470925
LOC126304683	NW_026061732.1	charged multivesicular body protein 3-like	protein_coding	Diet in infected	Infected 33 vs 50	Downregulated	Not in the frozen focused origin-audit subset			No focused BLASTn/DIAMOND result for this gene							infected_diet33_vs50	Infected diet 50	6.2425872656688774	0.01065124817689136
LOC126317110	NW_026062009.1	uncharacterized LOC126317110	protein_coding	Diet in infected	Infected 33 vs 50	Downregulated	Not in the frozen focused origin-audit subset			No focused BLASTn/DIAMOND result for this gene							infected_diet33_vs50	Infected diet 50	5.5301673687584065	0.01065124817689136
LOC126320368	NW_026062094.1	high affinity cGMP-specific 3',5'-cyclic phosphodiesterase 9A-like	protein_coding	Diet in infected	Infected 33 vs 50	Downregulated	Not in the frozen focused origin-audit subset			No focused BLASTn/DIAMOND result for this gene							infected_diet33_vs50	Infected diet 50	5.728814594449314	0.01065124817689136
LOC126324527	NW_026062249.1	uncharacterized LOC126324527	protein_coding	Diet in infected	Infected 33 vs 50	Downregulated	Not in the frozen focused origin-audit subset			No focused BLASTn/DIAMOND result for this gene							infected_diet33_vs50; infection_diet33	Control diet 33; Infected diet 50	5.900289310156509	0.01065124817689136
LOC126331450	NW_026062676.1	uncharacterized LOC126331450	protein_coding	Diet in infected	Infected 33 vs 50	Downregulated	Not in the frozen focused origin-audit subset			No focused BLASTn/DIAMOND result for this gene							infected_diet33_vs50	Infected diet 50	6.271240355508239	0.01065124817689136
LOC126313379	NW_026061886.1	uncharacterized LOC126313379	protein_coding	Diet in infected	Infected 33 vs 50	Downregulated	Not in the frozen focused origin-audit subset			No focused BLASTn/DIAMOND result for this gene							infected_diet33_vs50; infection_diet33	Control diet 33; Infected diet 50	5.7405589370750345	0.010709677476498574
LOC126325537	NW_026062282.1	uncharacterized LOC126325537	protein_coding	Diet in infected	Infected 33 vs 50	Downregulated	Not in the frozen focused origin-audit subset			No focused BLASTn/DIAMOND result for this gene							infected_diet33_vs50	Infected diet 50	5.861264426915306	0.010709677476498574
LOC126326048	NW_026062315.1	RNA polymerase-associated protein RTF1 homolog	protein_coding	Diet in infected	Infected 33 vs 50	Downregulated	Not in the frozen focused origin-audit subset			No focused BLASTn/DIAMOND result for this gene							infected_diet33_vs50	Infected diet 50	5.540419980120331	0.010745293598980469
LOC126325912	NW_026062302.1	RING finger protein 10-like	protein_coding	Diet in infected	Infected 33 vs 50	Downregulated	Not in the frozen focused origin-audit subset			No focused BLASTn/DIAMOND result for this gene							infected_diet33_vs50	Infected diet 50	5.802654021171079	0.010878346938926005
LOC126316906	NW_026062003.1	uncharacterized LOC126316906	protein_coding	Diet in infected	Infected 33 vs 50	Downregulated	Not in the frozen focused origin-audit subset			No focused BLASTn/DIAMOND result for this gene							infected_diet33_vs50	Infected diet 50	5.8830958316262905	0.010898633480024162
LOC126315216	NW_026061960.1	probable peroxisomal membrane protein PEX13	protein_coding	Diet in infected	Infected 33 vs 50	Downregulated	Not in the frozen focused origin-audit subset			No focused BLASTn/DIAMOND result for this gene							infected_diet33_vs50	Infected diet 50	5.942869411220221	0.011026194089732766
LOC126318431	NW_026062051.1	structural maintenance of chromosomes protein 5-like	protein_coding	Diet in infected	Infected 33 vs 50	Downregulated	Not in the frozen focused origin-audit subset			No focused BLASTn/DIAMOND result for this gene							infected_diet33_vs50	Infected diet 50	5.597948549543026	0.011047013636101216
LOC126320586	NW_026062105.1	uncharacterized LOC126320586	protein_coding	Diet in infected	Infected 33 vs 50	Downregulated	Not in the frozen focused origin-audit subset			No focused BLASTn/DIAMOND result for this gene							infected_diet33_vs50; infection_diet33	Control diet 33; Infected diet 50	5.876293064240128	0.011047013636101216
LOC126318679	NW_026062059.1	uncharacterized LOC126318679	protein_coding	Diet in infected	Infected 33 vs 50	Downregulated	Not in the frozen focused origin-audit subset			No focused BLASTn/DIAMOND result for this gene							infected_diet33_vs50	Infected diet 50	5.502324131145013	0.011102550646065135
LOC126322576	NW_026062185.1	uncharacterized LOC126322576	protein_coding	Diet in infected	Infected 33 vs 50	Downregulated	Not in the frozen focused origin-audit subset			No focused BLASTn/DIAMOND result for this gene							infected_diet33_vs50; infection_diet33	Control diet 33; Infected diet 50	6.316170876225627	0.011117790378001296
LOC126318445	NW_026062051.1	MKI67 FHA domain-interacting nucleolar phosphoprotein-like	protein_coding	Diet in infected	Infected 33 vs 50	Downregulated	Not in the frozen focused origin-audit subset			No focused BLASTn/DIAMOND result for this gene							infected_diet33_vs50	Infected diet 50	5.861155022322134	0.011119446749174502
LOC126326133	NW_026062325.1	queuine tRNA-ribosyltransferase-like	protein_coding	Diet in infected	Infected 33 vs 50	Downregulated	Not in the frozen focused origin-audit subset			No focused BLASTn/DIAMOND result for this gene							infected_diet33_vs50	Infected diet 50	5.499661475091203	0.011160193593096914
LOC126311231	NW_026061838.1	cytochrome b-c1 complex subunit 7-like	protein_coding	Diet in infected	Infected 33 vs 50	Downregulated	Not in the frozen focused origin-audit subset			No focused BLASTn/DIAMOND result for this gene							infected_diet33_vs50	Infected diet 50	6.442407942825614	0.011194012412125663
LOC126320380	NW_026062097.1	calphotin-like	protein_coding	Diet in infected	Infected 33 vs 50	Downregulated	Not in the frozen focused origin-audit subset			No focused BLASTn/DIAMOND result for this gene							infected_diet33_vs50	Infected diet 50	5.338698264499151	0.011194012412125663
LOC126324538	NW_026062249.1	uncharacterized LOC126324538	protein_coding	Diet in infected	Infected 33 vs 50	Downregulated	Not in the frozen focused origin-audit subset			No focused BLASTn/DIAMOND result for this gene							infected_diet33_vs50	Infected diet 50	5.517363070852595	0.011194012412125663
LOC126322578	NW_026062185.1	phosphatidylinositol 3,4,5-trisphosphate 5-phosphatase 2B-like	protein_coding	Diet in infected	Infected 33 vs 50	Downregulated	Not in the frozen focused origin-audit subset			No focused BLASTn/DIAMOND result for this gene							infected_diet33_vs50	Infected diet 50	5.6006875058698435	0.011236933627857097
LOC126315377	NW_026061960.1	centriolin-like	protein_coding	Diet in infected	Infected 33 vs 50	Downregulated	Not in the frozen focused origin-audit subset			No focused BLASTn/DIAMOND result for this gene							infected_diet33_vs50	Infected diet 50	5.788310269131473	0.011272595577550433
LOC126316962	NW_026062003.1	cell cycle checkpoint control protein RAD9A-like	protein_coding	Diet in infected	Infected 33 vs 50	Downregulated	Not in the frozen focused origin-audit subset			No focused BLASTn/DIAMOND result for this gene							infected_diet33_vs50	Infected diet 50	5.846304855522806	0.011308843375747526
LOC126315301	NW_026061960.1	uncharacterized LOC126315301	protein_coding	Diet in infected	Infected 33 vs 50	Downregulated	Not in the frozen focused origin-audit subset			No focused BLASTn/DIAMOND result for this gene							infected_diet33_vs50	Infected diet 50	5.862764872027818	0.01132269381443263
LOC126316462	NW_026061974.1	SWI/SNF complex subunit SMARCC1-like	protein_coding	Diet in infected	Infected 33 vs 50	Downregulated	Not in the frozen focused origin-audit subset			No focused BLASTn/DIAMOND result for this gene							infected_diet33_vs50	Infected diet 50	5.369366272785124	0.011334655425503316
LOC126316757	NW_026061988.1	uncharacterized LOC126316757	protein_coding	Diet in infected	Infected 33 vs 50	Downregulated	Not in the frozen focused origin-audit subset			No focused BLASTn/DIAMOND result for this gene							infected_diet33_vs50	Infected diet 50	5.776058295739902	0.011352132656966352
LOC126322527	NW_026062185.1	uncharacterized LOC126322527	protein_coding	Diet in infected	Infected 33 vs 50	Downregulated	Not in the frozen focused origin-audit subset			No focused BLASTn/DIAMOND result for this gene							infected_diet33_vs50	Infected diet 50	5.827628264662343	0.011352132656966352
LOC126315263	NW_026061960.1	integrator complex subunit 3-like	protein_coding	Diet in infected	Infected 33 vs 50	Downregulated	Not in the frozen focused origin-audit subset			No focused BLASTn/DIAMOND result for this gene							infected_diet33_vs50	Infected diet 50	5.684112018381776	0.01135270809106819
LOC126322606	NW_026062185.1	uncharacterized LOC126322606	protein_coding	Diet in infected	Infected 33 vs 50	Downregulated	Not in the frozen focused origin-audit subset			No focused BLASTn/DIAMOND result for this gene							infected_diet33_vs50; infection_diet33	Control diet 33; Infected diet 50	5.872116401359982	0.01135270809106819
LOC126323782	NW_026062229.1	AP-1 complex subunit gamma-like	protein_coding	Diet in infected	Infected 33 vs 50	Downregulated	Not in the frozen focused origin-audit subset			No focused BLASTn/DIAMOND result for this gene							infected_diet33_vs50	Infected diet 50	5.3178355549253205	0.01135270809106819
LOC126326515	NW_026062344.1	uncharacterized LOC126326515	protein_coding	Diet in infected	Infected 33 vs 50	Downregulated	Not in the frozen focused origin-audit subset			No focused BLASTn/DIAMOND result for this gene							infected_diet33_vs50	Infected diet 50	5.695211087989568	0.01135270809106819
LOC126332390	NW_026062747.1	uncharacterized LOC126332390	protein_coding	Diet in infected	Infected 33 vs 50	Downregulated	Not in the frozen focused origin-audit subset			No focused BLASTn/DIAMOND result for this gene							infected_diet33_vs50; infection_diet33	Control diet 33; Infected diet 50	6.254537257013731	0.011368286395755985
LOC126322602	NW_026062185.1	rac guanine nucleotide exchange factor JJ-like	protein_coding	Diet in infected	Infected 33 vs 50	Downregulated	Not in the frozen focused origin-audit subset			No focused BLASTn/DIAMOND result for this gene							infected_diet33_vs50	Infected diet 50	5.502174817626491	0.01145271255120092
LOC126320763	NW_026062120.1	uncharacterized LOC126320763	protein_coding	Diet in infected	Infected 33 vs 50	Downregulated	Not in the frozen focused origin-audit subset			No focused BLASTn/DIAMOND result for this gene							infected_diet33_vs50	Infected diet 50	5.5452797911517155	0.011454051714480405
LOC126318682	NW_026062059.1	uncharacterized LOC126318682	protein_coding	Diet in infected	Infected 33 vs 50	Downregulated	Not in the frozen focused origin-audit subset			No focused BLASTn/DIAMOND result for this gene							infected_diet33_vs50	Infected diet 50	5.956306505542134	0.011454375283330036
LOC126317499	NW_026062018.1	uncharacterized LOC126317499	protein_coding	Diet in infected	Infected 33 vs 50	Downregulated	Not in the frozen focused origin-audit subset			No focused BLASTn/DIAMOND result for this gene							infected_diet33_vs50	Infected diet 50	5.654760242298697	0.01151411838995359
LOC126325490	NW_026062282.1	serine/threonine-protein kinase tor-like	protein_coding	Diet in infected	Infected 33 vs 50	Downregulated	Not in the frozen focused origin-audit subset			No focused BLASTn/DIAMOND result for this gene							infected_diet33_vs50	Infected diet 50	5.612712672787657	0.01151411838995359
LOC126320558	NW_026062105.1	uncharacterized LOC126320558	protein_coding	Diet in infected	Infected 33 vs 50	Downregulated	Not in the frozen focused origin-audit subset			No focused BLASTn/DIAMOND result for this gene							infected_diet33_vs50; infection_diet33	Control diet 33; Infected diet 50	5.596507234248164	0.011530196909761703
LOC126324067	NW_026062244.1	uncharacterized LOC126324067	protein_coding	Diet in infected	Infected 33 vs 50	Downregulated	Not in the frozen focused origin-audit subset			No focused BLASTn/DIAMOND result for this gene							infected_diet33_vs50; infection_diet33	Control diet 33; Infected diet 50	5.800351661829453	0.011530196909761703
LOC126332760	NW_026062795.1	presequence protease, mitochondrial-like	protein_coding	Diet in infected	Infected 33 vs 50	Downregulated	Not in the frozen focused origin-audit subset			No focused BLASTn/DIAMOND result for this gene							infected_diet33_vs50; infection_diet33	Control diet 33; Infected diet 50	5.52269895762623	0.011530196909761703
LOC126322387	NW_026062176.1	actin-related protein 3-like	protein_coding	Diet in infected	Infected 33 vs 50	Downregulated	Not in the frozen focused origin-audit subset			No focused BLASTn/DIAMOND result for this gene							infected_diet33_vs50	Infected diet 50	5.503377198064164	0.011533210340390562
LOC126322410	NW_026062176.1	uncharacterized LOC126322410	protein_coding	Diet in infected	Infected 33 vs 50	Downregulated	Not in the frozen focused origin-audit subset			No focused BLASTn/DIAMOND result for this gene							infected_diet33_vs50; infection_diet33	Control diet 33; Infected diet 50	5.923449864844514	0.011533210340390562
LOC126311245	NW_026061838.1	proteasome subunit beta type-3-like	protein_coding	Diet in infected	Infected 33 vs 50	Downregulated	Not in the frozen focused origin-audit subset			No focused BLASTn/DIAMOND result for this gene							infected_diet33_vs50; infection_diet33	Control diet 33; Infected diet 50	6.1333134140963175	0.011538898380472814
LOC126326235	NW_026062332.1	phosphatidylinositol transfer protein 1-like	protein_coding	Diet in infected	Infected 33 vs 50	Downregulated	Not in the frozen focused origin-audit subset			No focused BLASTn/DIAMOND result for this gene							infected_diet33_vs50; infection_diet33	Control diet 33; Infected diet 50	5.63754867359605	0.011555546317172212
LOC126332183	NW_026062732.1	acidic mammalian chitinase-like	protein_coding	Diet in infected	Infected 33 vs 50	Downregulated	Not in the frozen focused origin-audit subset			No focused BLASTn/DIAMOND result for this gene							infected_diet33_vs50	Infected diet 50	5.85981044914217	0.011555981829862682
LOC126322696	NW_026062196.1	coatomer subunit epsilon-like	protein_coding	Diet in infected	Infected 33 vs 50	Downregulated	Not in the frozen focused origin-audit subset			No focused BLASTn/DIAMOND result for this gene							infected_diet33_vs50	Infected diet 50	5.841696648088068	0.011565938528833461
LOC126305010	NW_026061743.1	RNA-binding protein 5-like	protein_coding	Diet in infected	Infected 33 vs 50	Downregulated	Not in the frozen focused origin-audit subset			No focused BLASTn/DIAMOND result for this gene							infected_diet33_vs50	Infected diet 50	5.698194674915927	0.011656782754311713
LOC126326229	NW_026062331.1	CCR4-NOT transcription complex subunit 1-like	protein_coding	Diet in infected	Infected 33 vs 50	Downregulated	Not in the frozen focused origin-audit subset			No focused BLASTn/DIAMOND result for this gene							infected_diet33_vs50	Infected diet 50	5.4250357198969725	0.011705621714337594
LOC126315370	NW_026061960.1	uncharacterized LOC126315370	protein_coding	Diet in infected	Infected 33 vs 50	Downregulated	Not in the frozen focused origin-audit subset			No focused BLASTn/DIAMOND result for this gene							infected_diet33_vs50; infection_diet33	Control diet 33; Infected diet 50	5.761575222570672	0.011717062240110331
LOC126311208	NW_026061838.1	uncharacterized LOC126311208	protein_coding	Diet in infected	Infected 33 vs 50	Downregulated	Not in the frozen focused origin-audit subset			No focused BLASTn/DIAMOND result for this gene							infected_diet33_vs50; infection_diet33	Control diet 33; Infected diet 50	6.323918866361974	0.011762262889544527
LOC126319867	NW_026062071.1	uncharacterized LOC126319867	protein_coding	Diet in infected	Infected 33 vs 50	Downregulated	Not in the frozen focused origin-audit subset			No focused BLASTn/DIAMOND result for this gene							infected_diet33_vs50	Infected diet 50	5.316463474498923	0.011762262889544527
LOC126319889	NW_026062071.1	uncharacterized LOC126319889	protein_coding	Diet in infected	Infected 33 vs 50	Downregulated	Not in the frozen focused origin-audit subset			No focused BLASTn/DIAMOND result for this gene							infected_diet33_vs50	Infected diet 50	5.767137079478538	0.01176766597062577
LOC126322689	NW_026062196.1	uncharacterized LOC126322689	protein_coding	Diet in infected	Infected 33 vs 50	Downregulated	Not in the frozen focused origin-audit subset			No focused BLASTn/DIAMOND result for this gene							infected_diet33_vs50	Infected diet 50	5.709808936674723	0.01176766597062577
LOC126322421	NW_026062176.1	transport and Golgi organization 2 homolog	protein_coding	Diet in infected	Infected 33 vs 50	Downregulated	Not in the frozen focused origin-audit subset			No focused BLASTn/DIAMOND result for this gene							infected_diet33_vs50	Infected diet 50	5.737993244071883	0.011775130442679414
LOC126322713	NW_026062196.1	uncharacterized LOC126322713	protein_coding	Diet in infected	Infected 33 vs 50	Downregulated	Not in the frozen focused origin-audit subset			No focused BLASTn/DIAMOND result for this gene							infected_diet33_vs50; infection_diet33	Control diet 33; Infected diet 50	6.443699768796384	0.011785701311020951
LOC126324487	NW_026062249.1	N-alpha-acetyltransferase 35, NatC auxiliary subunit-like	protein_coding	Diet in infected	Infected 33 vs 50	Downregulated	Not in the frozen focused origin-audit subset			No focused BLASTn/DIAMOND result for this gene							infected_diet33_vs50	Infected diet 50	6.020911878010021	0.011785701311020951
LOC126316768	NW_026061988.1	pyruvate kinase I-like	protein_coding	Diet in infected	Infected 33 vs 50	Downregulated	Not in the frozen focused origin-audit subset			No focused BLASTn/DIAMOND result for this gene							infected_diet33_vs50	Infected diet 50	5.465529900371891	0.01179393186686314
LOC126317459	NW_026062018.1	uncharacterized LOC126317459	protein_coding	Diet in infected	Infected 33 vs 50	Downregulated	Not in the frozen focused origin-audit subset			No focused BLASTn/DIAMOND result for this gene							infected_diet33_vs50	Infected diet 50	5.316992039160071	0.01179393186686314
LOC126311192	NW_026061838.1	2-hydroxyacid dehydrogenase homolog	protein_coding	Diet in infected	Infected 33 vs 50	Downregulated	Not in the frozen focused origin-audit subset			No focused BLASTn/DIAMOND result for this gene							infected_diet33_vs50	Infected diet 50	5.2590813080228616	0.011797136932060918
LOC126315452	NW_026061960.1	protein KRI1 homolog	protein_coding	Diet in infected	Infected 33 vs 50	Downregulated	Not in the frozen focused origin-audit subset			No focused BLASTn/DIAMOND result for this gene							infected_diet33_vs50	Infected diet 50	5.646583148935642	0.011797136932060918
LOC126322589	NW_026062185.1	glutamine--fructose-6-phosphate aminotransferase [isomerizing] 2-like	protein_coding	Diet in infected	Infected 33 vs 50	Downregulated	Not in the frozen focused origin-audit subset			No focused BLASTn/DIAMOND result for this gene							infected_diet33_vs50	Infected diet 50	5.544487566718739	0.011797136932060918
LOC126328223	NW_026062445.1	peroxiredoxin-1-like	protein_coding	Diet in infected	Infected 33 vs 50	Downregulated	Not in the frozen focused origin-audit subset			No focused BLASTn/DIAMOND result for this gene							infected_diet33_vs50; infection_diet33	Control diet 33; Infected diet 50	5.704711946335809	0.011797136932060918
LOC126304660	NW_026061732.1	tetratricopeptide repeat protein 1-like	protein_coding	Diet in infected	Infected 33 vs 50	Downregulated	Not in the frozen focused origin-audit subset			No focused BLASTn/DIAMOND result for this gene							infected_diet33_vs50; infection_diet33	Control diet 33; Infected diet 50	5.575069524730754	0.011835612889212681
LOC126317109	NW_026062009.1	uncharacterized LOC126317109	protein_coding	Diet in infected	Infected 33 vs 50	Downregulated	Not in the frozen focused origin-audit subset			No focused BLASTn/DIAMOND result for this gene							infected_diet33_vs50	Infected diet 50	5.665057993997093	0.011862164914872008
LOC126316752	NW_026061988.1	serine hydroxymethyltransferase 2-like	protein_coding	Diet in infected	Infected 33 vs 50	Downregulated	Not in the frozen focused origin-audit subset			No focused BLASTn/DIAMOND result for this gene							infected_diet33_vs50; infection_diet33	Control diet 33; Infected diet 50	5.727350382079153	0.01186755636080512
LOC126316941	NW_026062003.1	26S proteasome non-ATPase regulatory subunit 11-like	protein_coding	Diet in infected	Infected 33 vs 50	Downregulated	Not in the frozen focused origin-audit subset			No focused BLASTn/DIAMOND result for this gene							infected_diet33_vs50; infection_diet33	Control diet 33; Infected diet 50	5.506517600775979	0.01186755636080512
LOC126325919	NW_026062302.1	twinfilin-like	protein_coding	Diet in infected	Infected 33 vs 50	Downregulated	Not in the frozen focused origin-audit subset			No focused BLASTn/DIAMOND result for this gene							infected_diet33_vs50	Infected diet 50	5.416076896880519	0.011903215719464936
LOC126304710	NW_026061732.1	uncharacterized LOC126304710	protein_coding	Diet in infected	Infected 33 vs 50	Downregulated	Not in the frozen focused origin-audit subset			No focused BLASTn/DIAMOND result for this gene							infected_diet33_vs50	Infected diet 50	5.524666221967292	0.011905692510112854
LOC126330057	NW_026062566.1	probable isoleucine--tRNA ligase, cytoplasmic	protein_coding	Diet in infected	Infected 33 vs 50	Downregulated	Not in the frozen focused origin-audit subset			No focused BLASTn/DIAMOND result for this gene							infected_diet33_vs50	Infected diet 50	5.17021223779202	0.011905692510112854
LOC126316759	NW_026061988.1	nuclear protein localization protein 4 homolog	protein_coding	Diet in infected	Infected 33 vs 50	Downregulated	Not in the frozen focused origin-audit subset			No focused BLASTn/DIAMOND result for this gene							infected_diet33_vs50	Infected diet 50	5.369405518463871	0.01192233116939396
LOC126325495	NW_026062282.1	uncharacterized LOC126325495	protein_coding	Diet in infected	Infected 33 vs 50	Downregulated	Not in the frozen focused origin-audit subset			No focused BLASTn/DIAMOND result for this gene							infected_diet33_vs50	Infected diet 50	5.759350475024403	0.01192233116939396
LOC126325839	NW_026062299.1	uncharacterized LOC126325839	protein_coding	Diet in infected	Infected 33 vs 50	Downregulated	Not in the frozen focused origin-audit subset			No focused BLASTn/DIAMOND result for this gene							infected_diet33_vs50; infection_diet33	Control diet 33; Infected diet 50	5.492957959532598	0.01192233116939396
LOC126304674	NW_026061732.1	serine/arginine repetitive matrix protein 1-like	protein_coding	Diet in infected	Infected 33 vs 50	Downregulated	Not in the frozen focused origin-audit subset			No focused BLASTn/DIAMOND result for this gene							infected_diet33_vs50; infection_diet33	Control diet 33; Infected diet 50	5.515053580002669	0.011939143922095113
LOC126330072	NW_026062566.1	uncharacterized LOC126330072	protein_coding	Diet in infected	Infected 33 vs 50	Downregulated	Not in the frozen focused origin-audit subset			No focused BLASTn/DIAMOND result for this gene							infected_diet33_vs50	Infected diet 50	5.488600488504575	0.011939143922095113
LOC126304669	NW_026061732.1	rho GTPase-activating protein gacQ-like	protein_coding	Diet in infected	Infected 33 vs 50	Downregulated	Not in the frozen focused origin-audit subset			No focused BLASTn/DIAMOND result for this gene							infected_diet33_vs50	Infected diet 50	5.39993086621773	0.011969963209292223
LOC126313307	NW_026061886.1	uncharacterized LOC126313307	protein_coding	Diet in infected	Infected 33 vs 50	Downregulated	Not in the frozen focused origin-audit subset			No focused BLASTn/DIAMOND result for this gene							infected_diet33_vs50; infection_diet33	Control diet 33; Infected diet 50	5.63640695018868	0.011969963209292223
LOC126320406	NW_026062097.1	uncharacterized LOC126320406	protein_coding	Diet in infected	Infected 33 vs 50	Downregulated	Not in the frozen focused origin-audit subset			No focused BLASTn/DIAMOND result for this gene							infected_diet33_vs50; infection_diet33	Control diet 33; Infected diet 50	6.4365176382425355	0.011969963209292223
LOC126322380	NW_026062176.1	40S ribosomal protein S18-like	protein_coding	Diet in infected	Infected 33 vs 50	Downregulated	Not in the frozen focused origin-audit subset			No focused BLASTn/DIAMOND result for this gene							infected_diet33_vs50; infection_diet33	Control diet 33; Infected diet 50	5.5292277344799965	0.012029296663175796
LOC126329071	NW_026062491.1	probable carboxypeptidase S-like 2	protein_coding	Diet in infected	Infected 33 vs 50	Downregulated	Not in the frozen focused origin-audit subset			No focused BLASTn/DIAMOND result for this gene							infected_diet33_vs50	Infected diet 50	6.036065150632175	0.012047885267980814
LOC126330065	NW_026062566.1	putative RNA-binding protein Luc7-like 1	protein_coding	Diet in infected	Infected 33 vs 50	Downregulated	Not in the frozen focused origin-audit subset			No focused BLASTn/DIAMOND result for this gene							infected_diet33_vs50	Infected diet 50	5.861450045382245	0.012047885267980814
LOC126326028	NW_026062315.1	structural maintenance of chromosomes protein 4-like	protein_coding	Diet in infected	Infected 33 vs 50	Downregulated	Not in the frozen focused origin-audit subset			No focused BLASTn/DIAMOND result for this gene							infected_diet33_vs50	Infected diet 50	5.295414919740195	0.012048921571938119
LOC126315359	NW_026061960.1	protein CARMIL-like	protein_coding	Diet in infected	Infected 33 vs 50	Downregulated	Not in the frozen focused origin-audit subset			No focused BLASTn/DIAMOND result for this gene							infected_diet33_vs50	Infected diet 50	5.255855438901343	0.012162452798863245
LOC126325936	NW_026062302.1	uncharacterized LOC126325936	protein_coding	Diet in infected	Infected 33 vs 50	Downregulated	Not in the frozen focused origin-audit subset			No focused BLASTn/DIAMOND result for this gene							infected_diet33_vs50	Infected diet 50	5.3844692582572415	0.012162452798863245
LOC126318292	NW_026062048.1	uncharacterized LOC126318292	protein_coding	Diet in infected	Infected 33 vs 50	Downregulated	Not in the frozen focused origin-audit subset			No focused BLASTn/DIAMOND result for this gene							infected_diet33_vs50	Infected diet 50	6.110937210876814	0.012177080891025597
LOC126318452	NW_026062051.1	uncharacterized LOC126318452	protein_coding	Diet in infected	Infected 33 vs 50	Downregulated	Not in the frozen focused origin-audit subset			No focused BLASTn/DIAMOND result for this gene							infected_diet33_vs50	Infected diet 50	5.316442224148708	0.012196600630485353
LOC126311236	NW_026061838.1	asparagine--tRNA ligase-like	protein_coding	Diet in infected	Infected 33 vs 50	Downregulated	Not in the frozen focused origin-audit subset			No focused BLASTn/DIAMOND result for this gene							infected_diet33_vs50	Infected diet 50	5.20070314061352	0.012198891765070035
LOC126320005	NW_026062071.1	uncharacterized LOC126320005	protein_coding	Diet in infected	Infected 33 vs 50	Downregulated	Not in the frozen focused origin-audit subset			No focused BLASTn/DIAMOND result for this gene							infected_diet33_vs50	Infected diet 50	5.468707898502512	0.012198891765070035
LOC126320480	NW_026062097.1	kinesin-related protein 4-like	protein_coding	Diet in infected	Infected 33 vs 50	Downregulated	Not in the frozen focused origin-audit subset			No focused BLASTn/DIAMOND result for this gene							infected_diet33_vs50; infection_diet33	Control diet 33; Infected diet 50	5.3850605273709595	0.012204515369077823
LOC126304715	NW_026061732.1	chromodomain-helicase-DNA-binding protein 8-like	protein_coding	Diet in infected	Infected 33 vs 50	Downregulated	Not in the frozen focused origin-audit subset			No focused BLASTn/DIAMOND result for this gene							infected_diet33_vs50; infection_diet33	Control diet 33; Infected diet 50	5.361284863028223	0.012209353201760894
LOC126316973	NW_026062003.1	UV excision repair protein RAD23 homolog	protein_coding	Diet in infected	Infected 33 vs 50	Downregulated	Not in the frozen focused origin-audit subset			No focused BLASTn/DIAMOND result for this gene							infected_diet33_vs50	Infected diet 50	5.415004279692232	0.012234898395817423
LOC126318677	NW_026062059.1	crooked neck-like protein 1	protein_coding	Diet in infected	Infected 33 vs 50	Downregulated	Not in the frozen focused origin-audit subset			No focused BLASTn/DIAMOND result for this gene							infected_diet33_vs50	Infected diet 50	5.693463383943098	0.012234898395817423
LOC126317454	NW_026062018.1	pre-mRNA-processing factor 17-like	protein_coding	Diet in infected	Infected 33 vs 50	Downregulated	Not in the frozen focused origin-audit subset			No focused BLASTn/DIAMOND result for this gene							infected_diet33_vs50	Infected diet 50	5.746770050494955	0.012310649633814355
LOC126318281	NW_026062048.1	cullin-3-like	protein_coding	Diet in infected	Infected 33 vs 50	Downregulated	Not in the frozen focused origin-audit subset			No focused BLASTn/DIAMOND result for this gene							infected_diet33_vs50	Infected diet 50	5.414497563406551	0.012310649633814355
LOC126324533	NW_026062249.1	uncharacterized LOC126324533	protein_coding	Diet in infected	Infected 33 vs 50	Downregulated	Not in the frozen focused origin-audit subset			No focused BLASTn/DIAMOND result for this gene							infected_diet33_vs50	Infected diet 50	5.264758779874111	0.012310649633814355
LOC126316688	NW_026061985.1	uncharacterized LOC126316688	protein_coding	Diet in infected	Infected 33 vs 50	Downregulated	Not in the frozen focused origin-audit subset			No focused BLASTn/DIAMOND result for this gene							infected_diet33_vs50	Infected diet 50	5.094665153553038	0.012345075485472158
LOC126317491	NW_026062018.1	T-complex protein 1 subunit gamma-like	protein_coding	Diet in infected	Infected 33 vs 50	Downregulated	Not in the frozen focused origin-audit subset			No focused BLASTn/DIAMOND result for this gene							infected_diet33_vs50	Infected diet 50	5.476702959712408	0.012345075485472158
LOC126318643	NW_026062056.1	COP9 signalosome complex subunit 2-like	protein_coding	Diet in infected	Infected 33 vs 50	Downregulated	Not in the frozen focused origin-audit subset			No focused BLASTn/DIAMOND result for this gene							infected_diet33_vs50	Infected diet 50	5.455657426043434	0.012345075485472158
LOC126320548	NW_026062105.1	uncharacterized LOC126320548	protein_coding	Diet in infected	Infected 33 vs 50	Downregulated	Not in the frozen focused origin-audit subset			No focused BLASTn/DIAMOND result for this gene							infected_diet33_vs50	Infected diet 50	5.424795823665731	0.012345075485472158
LOC126322543	NW_026062185.1	uncharacterized LOC126322543	lncRNA	Diet in infected	Infected 33 vs 50	Downregulated	Not in the frozen focused origin-audit subset			No focused BLASTn/DIAMOND result for this gene							infected_diet33_vs50	Infected diet 50	5.975514058284448	0.012345075485472158
LOC126334341	NW_026062990.1	uncharacterized LOC126334341	lncRNA	Diet in infected	Infected 33 vs 50	Downregulated	Not in the frozen focused origin-audit subset			No focused BLASTn/DIAMOND result for this gene							infected_diet33_vs50	Infected diet 50	5.513547396994727	0.01237097259868819
LOC126315343	NW_026061960.1	mitochondrial substrate carrier family protein W-like	protein_coding	Diet in infected	Infected 33 vs 50	Downregulated	Not in the frozen focused origin-audit subset			No focused BLASTn/DIAMOND result for this gene							infected_diet33_vs50	Infected diet 50	5.275889818164226	0.012422759542664372
LOC126319917	NW_026062071.1	uncharacterized LOC126319917	protein_coding	Diet in infected	Infected 33 vs 50	Downregulated	Not in the frozen focused origin-audit subset			No focused BLASTn/DIAMOND result for this gene							infected_diet33_vs50	Infected diet 50	5.267156968049209	0.012422759542664372
LOC126320412	NW_026062097.1	uncharacterized LOC126320412	protein_coding	Diet in infected	Infected 33 vs 50	Downregulated	Not in the frozen focused origin-audit subset			No focused BLASTn/DIAMOND result for this gene							infected_diet33_vs50	Infected diet 50	5.660533141403364	0.012422759542664372
LOC126323756	NW_026062229.1	probable maleylacetoacetate isomerase 2	protein_coding	Diet in infected	Infected 33 vs 50	Downregulated	Not in the frozen focused origin-audit subset			No focused BLASTn/DIAMOND result for this gene							infected_diet33_vs50	Infected diet 50	5.702188350794143	0.012422759542664372
LOC126326202	NW_026062331.1	uncharacterized LOC126326202	protein_coding	Diet in infected	Infected 33 vs 50	Downregulated	Not in the frozen focused origin-audit subset			No focused BLASTn/DIAMOND result for this gene							infected_diet33_vs50; infection_diet33	Control diet 33; Infected diet 50	6.458868015381818	0.012422759542664372
LOC126318671	NW_026062059.1	uncharacterized LOC126318671	protein_coding	Diet in infected	Infected 33 vs 50	Downregulated	Not in the frozen focused origin-audit subset			No focused BLASTn/DIAMOND result for this gene							infected_diet33_vs50	Infected diet 50	5.6673204097675836	0.012428782508452144
LOC126323792	NW_026062229.1	probable phosphatidate cytidylyltransferase	protein_coding	Diet in infected	Infected 33 vs 50	Downregulated	Not in the frozen focused origin-audit subset			No focused BLASTn/DIAMOND result for this gene							infected_diet33_vs50	Infected diet 50	5.343311171792953	0.012451142322565308
LOC126313351	NW_026061886.1	uncharacterized LOC126313351	protein_coding	Diet in infected	Infected 33 vs 50	Downregulated	Not in the frozen focused origin-audit subset			No focused BLASTn/DIAMOND result for this gene							infected_diet33_vs50	Infected diet 50	5.453699020945004	0.012467425402500232
LOC126315399	NW_026061960.1	uncharacterized LOC126315399	protein_coding	Diet in infected	Infected 33 vs 50	Downregulated	Not in the frozen focused origin-audit subset			No focused BLASTn/DIAMOND result for this gene							infected_diet33_vs50	Infected diet 50	5.491107062444708	0.012467425402500232
LOC126318340	NW_026062048.1	uncharacterized LOC126318340	protein_coding	Diet in infected	Infected 33 vs 50	Downregulated	Not in the frozen focused origin-audit subset			No focused BLASTn/DIAMOND result for this gene							infected_diet33_vs50	Infected diet 50	5.269580071254241	0.012467425402500232
LOC126319907	NW_026062071.1	probable CDP-diacylglycerol--glycerol-3-phosphate 3-phosphatidyltransferase	protein_coding	Diet in infected	Infected 33 vs 50	Downregulated	Not in the frozen focused origin-audit subset			No focused BLASTn/DIAMOND result for this gene							infected_diet33_vs50	Infected diet 50	5.773112393911573	0.012467425402500232
LOC126319993	NW_026062071.1	uncharacterized LOC126319993	protein_coding	Diet in infected	Infected 33 vs 50	Downregulated	Not in the frozen focused origin-audit subset			No focused BLASTn/DIAMOND result for this gene							infected_diet33_vs50	Infected diet 50	5.463735791758107	0.012467425402500232
LOC126322728	NW_026062196.1	60S ribosomal protein L18-like	protein_coding	Diet in infected	Infected 33 vs 50	Downregulated	Not in the frozen focused origin-audit subset			No focused BLASTn/DIAMOND result for this gene							infected_diet33_vs50; infection_diet33	Control diet 33; Infected diet 50	5.9919860029091385	0.012467425402500232
LOC126323729	NW_026062229.1	uncharacterized LOC126323729	protein_coding	Diet in infected	Infected 33 vs 50	Downregulated	Not in the frozen focused origin-audit subset			No focused BLASTn/DIAMOND result for this gene							infected_diet33_vs50; infection_diet33	Control diet 33; Infected diet 50	5.738868511477334	0.012467425402500232
LOC126329086	NW_026062491.1	mitotic spindle assembly checkpoint protein MAD1-like	protein_coding	Diet in infected	Infected 33 vs 50	Downregulated	Not in the frozen focused origin-audit subset			No focused BLASTn/DIAMOND result for this gene							infected_diet33_vs50	Infected diet 50	5.380300443099347	0.012467425402500232
LOC126314437	NW_026061953.1	DNA ligase 1-like	protein_coding	Diet in infected	Infected 33 vs 50	Downregulated	Not in the frozen focused origin-audit subset			No focused BLASTn/DIAMOND result for this gene							infected_diet33_vs50	Infected diet 50	5.158627520334359	0.012515664467967912
LOC126315235	NW_026061960.1	uncharacterized LOC126315235	protein_coding	Diet in infected	Infected 33 vs 50	Downregulated	Not in the frozen focused origin-audit subset			No focused BLASTn/DIAMOND result for this gene							infected_diet33_vs50	Infected diet 50	5.128061099276484	0.012515664467967912
LOC126316717	NW_026061988.1	G protein alpha i subunit-like	protein_coding	Diet in infected	Infected 33 vs 50	Downregulated	Not in the frozen focused origin-audit subset			No focused BLASTn/DIAMOND result for this gene							infected_diet33_vs50	Infected diet 50	5.411405627710708	0.012515664467967912
LOC126318277	NW_026062048.1	uncharacterized LOC126318277	protein_coding	Diet in infected	Infected 33 vs 50	Downregulated	Not in the frozen focused origin-audit subset			No focused BLASTn/DIAMOND result for this gene							infected_diet33_vs50	Infected diet 50	5.803935046346422	0.012515664467967912
LOC126318363	NW_026062048.1	putative U5 small nuclear ribonucleoprotein 200 kDa helicase	protein_coding	Diet in infected	Infected 33 vs 50	Downregulated	Not in the frozen focused origin-audit subset			No focused BLASTn/DIAMOND result for this gene							infected_diet33_vs50	Infected diet 50	4.893397443111536	0.012515664467967912
LOC126318596	NW_026062056.1	uncharacterized LOC126318596	protein_coding	Diet in infected	Infected 33 vs 50	Downregulated	Not in the frozen focused origin-audit subset			No focused BLASTn/DIAMOND result for this gene							infected_diet33_vs50	Infected diet 50	5.405397199638355	0.012515664467967912
LOC126320426	NW_026062097.1	putative sodium/calcium exchanger 7	protein_coding	Diet in infected	Infected 33 vs 50	Downregulated	Not in the frozen focused origin-audit subset			No focused BLASTn/DIAMOND result for this gene							infected_diet33_vs50	Infected diet 50	6.749551198106169	0.012515664467967912
LOC126322601	NW_026062185.1	elongation factor 2-like	protein_coding	Diet in infected	Infected 33 vs 50	Downregulated	Not in the frozen focused origin-audit subset			No focused BLASTn/DIAMOND result for this gene							infected_diet33_vs50; infection_diet33	Control diet 33; Infected diet 50	5.234739169301678	0.012515664467967912
LOC126324058	NW_026062244.1	uncharacterized LOC126324058	protein_coding	Diet in infected	Infected 33 vs 50	Downregulated	Not in the frozen focused origin-audit subset			No focused BLASTn/DIAMOND result for this gene							infected_diet33_vs50; infection_diet33	Control diet 33; Infected diet 50	5.3547003131612865	0.012515664467967912
LOC126324750	NW_026062253.1	uncharacterized LOC126324750	protein_coding	Diet in infected	Infected 33 vs 50	Downregulated	Not in the frozen focused origin-audit subset			No focused BLASTn/DIAMOND result for this gene							infected_diet33_vs50	Infected diet 50	5.309745222371265	0.012515664467967912
LOC126327184	NW_026062374.1	uncharacterized LOC126327184	protein_coding	Diet in infected	Infected 33 vs 50	Downregulated	Not in the frozen focused origin-audit subset			No focused BLASTn/DIAMOND result for this gene							infected_diet33_vs50	Infected diet 50	5.504959914365088	0.012515664467967912
LOC126329074	NW_026062491.1	26S proteasome non-ATPase regulatory subunit 13-like	protein_coding	Diet in infected	Infected 33 vs 50	Downregulated	Not in the frozen focused origin-audit subset			No focused BLASTn/DIAMOND result for this gene							infected_diet33_vs50; infection_diet33	Control diet 33; Infected diet 50	6.208184065958646	0.012515664467967912
LOC126318284	NW_026062048.1	RAC family serine/threonine-protein kinase homolog	protein_coding	Diet in infected	Infected 33 vs 50	Downregulated	Not in the frozen focused origin-audit subset			No focused BLASTn/DIAMOND result for this gene							infected_diet33_vs50	Infected diet 50	5.571413593137178	0.012519150153319527
LOC126332765	NW_026062795.1	uncharacterized LOC126332765	protein_coding	Diet in infected	Infected 33 vs 50	Downregulated	Not in the frozen focused origin-audit subset			No focused BLASTn/DIAMOND result for this gene							infected_diet33_vs50	Infected diet 50	5.205915571768877	0.012524703235957856
LOC126332767	NW_026062795.1	uncharacterized LOC126332767	lncRNA	Diet in infected	Infected 33 vs 50	Downregulated	Not in the frozen focused origin-audit subset			No focused BLASTn/DIAMOND result for this gene							infected_diet33_vs50; infection_diet33	Control diet 33; Infected diet 50	5.92059022794435	0.012547290518350457
LOC126313403	NW_026061886.1	uncharacterized LOC126313403	protein_coding	Diet in infected	Infected 33 vs 50	Downregulated	Not in the frozen focused origin-audit subset			No focused BLASTn/DIAMOND result for this gene							infected_diet33_vs50	Infected diet 50	5.147549283951378	0.01255673422218918
LOC126317097	NW_026062009.1	uncharacterized LOC126317097	protein_coding	Diet in infected	Infected 33 vs 50	Downregulated	Not in the frozen focused origin-audit subset			No focused BLASTn/DIAMOND result for this gene							infected_diet33_vs50	Infected diet 50	5.462109352480504	0.01255673422218918
LOC126320560	NW_026062105.1	thioredoxin domain-containing protein-like	protein_coding	Diet in infected	Infected 33 vs 50	Downregulated	Not in the frozen focused origin-audit subset			No focused BLASTn/DIAMOND result for this gene							infected_diet33_vs50; infection_diet33	Control diet 33; Infected diet 50	5.6854568304146555	0.01261459191559242
LOC126326521	NW_026062344.1	uncharacterized LOC126326521	protein_coding	Diet in infected	Infected 33 vs 50	Downregulated	Not in the frozen focused origin-audit subset			No focused BLASTn/DIAMOND result for this gene							infected_diet33_vs50	Infected diet 50	5.332842271371444	0.012644823434333452
LOC126324021	NW_026062244.1	leucine-rich repeat protein soc-2 homolog	protein_coding	Diet in infected	Infected 33 vs 50	Downregulated	Not in the frozen focused origin-audit subset			No focused BLASTn/DIAMOND result for this gene							infected_diet33_vs50	Infected diet 50	5.302508189743478	0.012709709338022825
LOC126323933	NW_026062236.1	ruvB-like 1	protein_coding	Diet in infected	Infected 33 vs 50	Downregulated	Not in the frozen focused origin-audit subset			No focused BLASTn/DIAMOND result for this gene							infected_diet33_vs50; infection_diet33	Control diet 33; Infected diet 50	5.606559636288244	0.01271717494928438
LOC126316944	NW_026062003.1	uncharacterized LOC126316944	lncRNA	Diet in infected	Infected 33 vs 50	Downregulated	Not in the frozen focused origin-audit subset			No focused BLASTn/DIAMOND result for this gene							infected_diet33_vs50	Infected diet 50	5.543198689887888	0.012783827380282217
LOC126320432	NW_026062097.1	probable short/branched chain specific acyl-CoA dehydrogenase	protein_coding	Diet in infected	Infected 33 vs 50	Downregulated	Not in the frozen focused origin-audit subset			No focused BLASTn/DIAMOND result for this gene							infected_diet33_vs50	Infected diet 50	5.245288347046893	0.012783827380282217
LOC126326126	NW_026062325.1	uncharacterized LOC126326126	protein_coding	Diet in infected	Infected 33 vs 50	Downregulated	Not in the frozen focused origin-audit subset			No focused BLASTn/DIAMOND result for this gene							infected_diet33_vs50	Infected diet 50	5.223182421584439	0.012783827380282217
LOC126315400	NW_026061960.1	peroxisomal multifunctional enzyme A-like	protein_coding	Diet in infected	Infected 33 vs 50	Downregulated	Not in the frozen focused origin-audit subset			No focused BLASTn/DIAMOND result for this gene							infected_diet33_vs50; infection_diet33	Control diet 33; Infected diet 50	5.629739718259121	0.012789601893346639
LOC126318315	NW_026062048.1	histone demethylase UTY-like	protein_coding	Diet in infected	Infected 33 vs 50	Downregulated	Not in the frozen focused origin-audit subset			No focused BLASTn/DIAMOND result for this gene							infected_diet33_vs50	Infected diet 50	6.039878878250518	0.012789601893346639
LOC126319976	NW_026062071.1	zinc finger protein 830-like	protein_coding	Diet in infected	Infected 33 vs 50	Downregulated	Not in the frozen focused origin-audit subset			No focused BLASTn/DIAMOND result for this gene							infected_diet33_vs50	Infected diet 50	5.558071193239852	0.012789601893346639
LOC126325527	NW_026062282.1	carnosine N-methyltransferase-like	protein_coding	Diet in infected	Infected 33 vs 50	Downregulated	Not in the frozen focused origin-audit subset			No focused BLASTn/DIAMOND result for this gene							infected_diet33_vs50	Infected diet 50	5.5541617371317855	0.012789601893346639
LOC126304979	NW_026061743.1	uncharacterized LOC126304979	protein_coding	Diet in infected	Infected 33 vs 50	Downregulated	Not in the frozen focused origin-audit subset			No focused BLASTn/DIAMOND result for this gene							infected_diet33_vs50	Infected diet 50	6.164672456468483	0.012800536673745852
LOC126319882	NW_026062071.1	uncharacterized LOC126319882	protein_coding	Diet in infected	Infected 33 vs 50	Downregulated	Not in the frozen focused origin-audit subset			No focused BLASTn/DIAMOND result for this gene							infected_diet33_vs50; infection_diet33	Control diet 33; Infected diet 50	5.7722687074740255	0.012800536673745852
LOC126322722	NW_026062196.1	tyrosine--tRNA ligase, cytoplasmic-like	protein_coding	Diet in infected	Infected 33 vs 50	Downregulated	Not in the frozen focused origin-audit subset			No focused BLASTn/DIAMOND result for this gene							infected_diet33_vs50; infection_diet33	Control diet 33; Infected diet 50	5.203026087467969	0.012800536673745852
LOC126316671	NW_026061985.1	uncharacterized LOC126316671	protein_coding	Diet in infected	Infected 33 vs 50	Downregulated	Not in the frozen focused origin-audit subset			No focused BLASTn/DIAMOND result for this gene							infected_diet33_vs50	Infected diet 50	5.356339493057302	0.012815102931733451
LOC126316981	NW_026062003.1	stress-activated protein kinase alpha-like	protein_coding	Diet in infected	Infected 33 vs 50	Downregulated	Not in the frozen focused origin-audit subset			No focused BLASTn/DIAMOND result for this gene							infected_diet33_vs50	Infected diet 50	5.51222508544634	0.012815102931733451
LOC126325942	NW_026062302.1	DENN domain-containing protein 2C-like	protein_coding	Diet in infected	Infected 33 vs 50	Downregulated	Not in the frozen focused origin-audit subset			No focused BLASTn/DIAMOND result for this gene							infected_diet33_vs50	Infected diet 50	6.121471667469945	0.012815102931733451
LOC126326542	NW_026062344.1	conserved oligomeric Golgi complex subunit 8-like	protein_coding	Diet in infected	Infected 33 vs 50	Downregulated	Not in the frozen focused origin-audit subset			No focused BLASTn/DIAMOND result for this gene							infected_diet33_vs50; infection_diet33	Control diet 33; Infected diet 50	5.751427328801336	0.012815102931733451
LOC126315217	NW_026061960.1	rho-related protein racC-like	protein_coding	Diet in infected	Infected 33 vs 50	Downregulated	Not in the frozen focused origin-audit subset			No focused BLASTn/DIAMOND result for this gene							infected_diet33_vs50	Infected diet 50	5.468298930182243	0.012832663244343104
LOC126317461	NW_026062018.1	actin-related protein 2/3 complex subunit 2-like	protein_coding	Diet in infected	Infected 33 vs 50	Downregulated	Not in the frozen focused origin-audit subset			No focused BLASTn/DIAMOND result for this gene							infected_diet33_vs50	Infected diet 50	5.275392103823138	0.012836175361960305
LOC126332399	NW_026062747.1	stress-activated protein kinase alpha-like	protein_coding	Diet in infected	Infected 33 vs 50	Downregulated	Not in the frozen focused origin-audit subset			No focused BLASTn/DIAMOND result for this gene							infected_diet33_vs50	Infected diet 50	5.059833018605229	0.012836175361960305
LOC126316695	NW_026061985.1	uncharacterized LOC126316695	protein_coding	Diet in infected	Infected 33 vs 50	Downregulated	Not in the frozen focused origin-audit subset			No focused BLASTn/DIAMOND result for this gene							infected_diet33_vs50; infection_diet33	Control diet 33; Infected diet 50	5.28388928081028	0.012898198217154357
LOC126316815	NW_026061988.1	uncharacterized LOC126316815	protein_coding	Diet in infected	Infected 33 vs 50	Downregulated	Not in the frozen focused origin-audit subset			No focused BLASTn/DIAMOND result for this gene							infected_diet33_vs50; infection_diet33	Control diet 33; Infected diet 50	5.382262449905124	0.012978755054642454
LOC126315323	NW_026061960.1	uncharacterized LOC126315323	protein_coding	Diet in infected	Infected 33 vs 50	Downregulated	Not in the frozen focused origin-audit subset			No focused BLASTn/DIAMOND result for this gene							infected_diet33_vs50	Infected diet 50	5.2952757725321105	0.012980975794718552
LOC126323936	NW_026062236.1	charged multivesicular body protein 4c-like	protein_coding	Diet in infected	Infected 33 vs 50	Downregulated	Not in the frozen focused origin-audit subset			No focused BLASTn/DIAMOND result for this gene							infected_diet33_vs50	Infected diet 50	5.775681045788372	0.012995206421144986
LOC126316799	NW_026061988.1	uncharacterized LOC126316799	protein_coding	Diet in infected	Infected 33 vs 50	Downregulated	Not in the frozen focused origin-audit subset			No focused BLASTn/DIAMOND result for this gene							infected_diet33_vs50; infection_diet33	Control diet 33; Infected diet 50	5.23607828444698	0.013001209701587175
LOC126320549	NW_026062105.1	60S acidic ribosomal protein P2-like	protein_coding	Diet in infected	Infected 33 vs 50	Downregulated	Not in the frozen focused origin-audit subset			No focused BLASTn/DIAMOND result for this gene							infected_diet33_vs50; infection_diet33	Control diet 33; Infected diet 50	5.382201977616954	0.013052264819317087
LOC126322383	NW_026062176.1	uncharacterized LOC126322383	protein_coding	Diet in infected	Infected 33 vs 50	Downregulated	Not in the frozen focused origin-audit subset			No focused BLASTn/DIAMOND result for this gene							infected_diet33_vs50; infection_diet33	Control diet 33; Infected diet 50	5.27517676467978	0.013052264819317087
LOC126323750	NW_026062229.1	uncharacterized LOC126323750	lncRNA	Diet in infected	Infected 33 vs 50	Downregulated	Not in the frozen focused origin-audit subset			No focused BLASTn/DIAMOND result for this gene							infected_diet33_vs50	Infected diet 50	6.100082542536118	0.013052264819317087
LOC126332795	NW_026062803.1	ribonuclease P protein subunit p25-like protein	protein_coding	Diet in infected	Infected 33 vs 50	Downregulated	Not in the frozen focused origin-audit subset			No focused BLASTn/DIAMOND result for this gene							infected_diet33_vs50; infection_diet33	Control diet 33; Infected diet 50	5.163381361396391	0.013052264819317087
LOC126323767	NW_026062229.1	uncharacterized LOC126323767	protein_coding	Diet in infected	Infected 33 vs 50	Downregulated	Not in the frozen focused origin-audit subset			No focused BLASTn/DIAMOND result for this gene							infected_diet33_vs50	Infected diet 50	5.230594900769792	0.013112001713349414
LOC126304714	NW_026061732.1	BCAS3 microtubule associated cell migration factor-like	protein_coding	Diet in infected	Infected 33 vs 50	Downregulated	Not in the frozen focused origin-audit subset			No focused BLASTn/DIAMOND result for this gene							infected_diet33_vs50	Infected diet 50	5.579145921834937	0.013144177684239063
LOC126315240	NW_026061960.1	uncharacterized LOC126315240	protein_coding	Diet in infected	Infected 33 vs 50	Downregulated	Not in the frozen focused origin-audit subset			No focused BLASTn/DIAMOND result for this gene							infected_diet33_vs50	Infected diet 50	5.454149984797365	0.013179888624693116
LOC126317126	NW_026062009.1	uncharacterized LOC126317126	protein_coding	Diet in infected	Infected 33 vs 50	Downregulated	Not in the frozen focused origin-audit subset			No focused BLASTn/DIAMOND result for this gene							infected_diet33_vs50	Infected diet 50	5.662765520974755	0.013202212299786605
LOC126320563	NW_026062105.1	saccharopine dehydrogenase-like oxidoreductase	protein_coding	Diet in infected	Infected 33 vs 50	Downregulated	Not in the frozen focused origin-audit subset			No focused BLASTn/DIAMOND result for this gene							infected_diet33_vs50; infection_diet33	Control diet 33; Infected diet 50	5.647887192470842	0.013202212299786605
LOC126328069	NW_026062425.1	Golgi to ER traffic protein 4 homolog	protein_coding	Diet in infected	Infected 33 vs 50	Downregulated	Not in the frozen focused origin-audit subset			No focused BLASTn/DIAMOND result for this gene							infected_diet33_vs50	Infected diet 50	5.366108200969116	0.013202212299786605
LOC126317519	NW_026062018.1	uncharacterized LOC126317519	protein_coding	Diet in infected	Infected 33 vs 50	Downregulated	Not in the frozen focused origin-audit subset			No focused BLASTn/DIAMOND result for this gene							infected_diet33_vs50	Infected diet 50	5.8521304956324	0.013224103505026636
LOC126322391	NW_026062176.1	uncharacterized LOC126322391	protein_coding	Diet in infected	Infected 33 vs 50	Downregulated	Not in the frozen focused origin-audit subset			No focused BLASTn/DIAMOND result for this gene							infected_diet33_vs50	Infected diet 50	6.001728028239536	0.013226276492235824
LOC126314436	NW_026061953.1	uncharacterized LOC126314436	protein_coding	Diet in infected	Infected 33 vs 50	Downregulated	Not in the frozen focused origin-audit subset			No focused BLASTn/DIAMOND result for this gene							infected_diet33_vs50	Infected diet 50	5.442827109377665	0.01323391280035605
LOC126320004	NW_026062071.1	uncharacterized LOC126320004	protein_coding	Diet in infected	Infected 33 vs 50	Downregulated	Not in the frozen focused origin-audit subset			No focused BLASTn/DIAMOND result for this gene							infected_diet33_vs50	Infected diet 50	5.332249307921312	0.013236573451934332
LOC126316936	NW_026062003.1	uncharacterized LOC126316936	protein_coding	Diet in infected	Infected 33 vs 50	Downregulated	Not in the frozen focused origin-audit subset			No focused BLASTn/DIAMOND result for this gene							infected_diet33_vs50; infection_diet33	Control diet 33; Infected diet 50	5.389222123031959	0.013248367643136671
LOC126315269	NW_026061960.1	nurim-like	protein_coding	Diet in infected	Infected 33 vs 50	Downregulated	Not in the frozen focused origin-audit subset			No focused BLASTn/DIAMOND result for this gene							infected_diet33_vs50	Infected diet 50	5.661484690797033	0.013248417355183737
LOC126320566	NW_026062105.1	guanine nucleotide exchange factor subunit Rich-like	protein_coding	Diet in infected	Infected 33 vs 50	Downregulated	Not in the frozen focused origin-audit subset			No focused BLASTn/DIAMOND result for this gene							infected_diet33_vs50	Infected diet 50	5.188422529212191	0.0132516912518097
LOC126325500	NW_026062282.1	oxysterol-binding protein 8-like	protein_coding	Diet in infected	Infected 33 vs 50	Downregulated	Not in the frozen focused origin-audit subset			No focused BLASTn/DIAMOND result for this gene							infected_diet33_vs50	Infected diet 50	5.355361110010142	0.013257784717087785
LOC126316968	NW_026062003.1	uncharacterized LOC126316968	protein_coding	Diet in infected	Infected 33 vs 50	Downregulated	Not in the frozen focused origin-audit subset			No focused BLASTn/DIAMOND result for this gene							infected_diet33_vs50	Infected diet 50	5.333926239476429	0.01326630880287533
LOC126320403	NW_026062097.1	axoneme-associated protein mst101(2)-like	protein_coding	Diet in infected	Infected 33 vs 50	Downregulated	Not in the frozen focused origin-audit subset			No focused BLASTn/DIAMOND result for this gene							infected_diet33_vs50	Infected diet 50	5.308110575464157	0.01326630880287533
LOC126326512	NW_026062344.1	myosin light chain kinase A-like	protein_coding	Diet in infected	Infected 33 vs 50	Downregulated	Not in the frozen focused origin-audit subset			No focused BLASTn/DIAMOND result for this gene							infected_diet33_vs50	Infected diet 50	5.528942351398769	0.013274241812748618
LOC126318323	NW_026062048.1	cleavage and polyadenylation specificity factor subunit 2-like	protein_coding	Diet in infected	Infected 33 vs 50	Downregulated	Not in the frozen focused origin-audit subset			No focused BLASTn/DIAMOND result for this gene							infected_diet33_vs50	Infected diet 50	5.807176598301855	0.013288855910435042
LOC126328057	NW_026062425.1	ras-like protein rasS	protein_coding	Diet in infected	Infected 33 vs 50	Downregulated	Not in the frozen focused origin-audit subset			No focused BLASTn/DIAMOND result for this gene							infected_diet33_vs50	Infected diet 50	5.371839730408467	0.013288855910435042
LOC126319875	NW_026062071.1	pentatricopeptide repeat-containing protein 1, mitochondrial-like	protein_coding	Diet in infected	Infected 33 vs 50	Downregulated	Not in the frozen focused origin-audit subset			No focused BLASTn/DIAMOND result for this gene							infected_diet33_vs50	Infected diet 50	5.910412298816288	0.013302167189272235
LOC126325516	NW_026062282.1	programmed cell death protein 2-like	protein_coding	Diet in infected	Infected 33 vs 50	Downregulated	Not in the frozen focused origin-audit subset			No focused BLASTn/DIAMOND result for this gene							infected_diet33_vs50	Infected diet 50	5.226019538200882	0.013302167189272235
LOC126316780	NW_026061988.1	uncharacterized LOC126316780	lncRNA	Diet in infected	Infected 33 vs 50	Downregulated	Not in the frozen focused origin-audit subset			No focused BLASTn/DIAMOND result for this gene							infected_diet33_vs50	Infected diet 50	5.5062500822779965	0.01335177244173198
LOC126325844	NW_026062299.1	serine/threonine-protein kinase RIO1-like	protein_coding	Diet in infected	Infected 33 vs 50	Downregulated	Not in the frozen focused origin-audit subset			No focused BLASTn/DIAMOND result for this gene							infected_diet33_vs50	Infected diet 50	5.140853759312916	0.013368154968832913
LOC126320587	NW_026062105.1	chaperone protein ClpB-like	protein_coding	Diet in infected	Infected 33 vs 50	Downregulated	Not in the frozen focused origin-audit subset			No focused BLASTn/DIAMOND result for this gene							infected_diet33_vs50; infection_diet33	Control diet 33; Infected diet 50	5.047768186745016	0.013387193130151628
LOC126322423	NW_026062176.1	tyrosine-protein kinase Fer-like	protein_coding	Diet in infected	Infected 33 vs 50	Downregulated	Not in the frozen focused origin-audit subset			No focused BLASTn/DIAMOND result for this gene							infected_diet33_vs50	Infected diet 50	5.004966649810661	0.013387193130151628
LOC126326603	NW_026062344.1	probable serine/threonine-protein kinase roco4	protein_coding	Diet in infected	Infected 33 vs 50	Downregulated	Not in the frozen focused origin-audit subset			No focused BLASTn/DIAMOND result for this gene							infected_diet33_vs50	Infected diet 50	5.376719226944134	0.013387193130151628
LOC126315215	NW_026061960.1	uncharacterized LOC126315215	protein_coding	Diet in infected	Infected 33 vs 50	Downregulated	Not in the frozen focused origin-audit subset			No focused BLASTn/DIAMOND result for this gene							infected_diet33_vs50; infection_diet33	Control diet 33; Infected diet 50	5.336466605785775	0.013399565171496541
LOC126325802	NW_026062299.1	CCR4-NOT transcription complex subunit 9-like	protein_coding	Diet in infected	Infected 33 vs 50	Downregulated	Not in the frozen focused origin-audit subset			No focused BLASTn/DIAMOND result for this gene							infected_diet33_vs50; infection_diet33	Control diet 33; Infected diet 50	5.723094626618164	0.013423924921642544
LOC126326042	NW_026062315.1	uncharacterized LOC126326042	protein_coding	Diet in infected	Infected 33 vs 50	Downregulated	Not in the frozen focused origin-audit subset			No focused BLASTn/DIAMOND result for this gene							infected_diet33_vs50	Infected diet 50	5.345548021854291	0.013423924921642544
LOC126330070	NW_026062566.1	uncharacterized LOC126330070	lncRNA	Diet in infected	Infected 33 vs 50	Downregulated	Not in the frozen focused origin-audit subset			No focused BLASTn/DIAMOND result for this gene							infected_diet33_vs50	Infected diet 50	6.723576410470099	0.013423924921642544
LOC126320556	NW_026062105.1	eukaryotic translation initiation factor 3 subunit B-like	protein_coding	Diet in infected	Infected 33 vs 50	Downregulated	Not in the frozen focused origin-audit subset			No focused BLASTn/DIAMOND result for this gene							infected_diet33_vs50; infection_diet33	Control diet 33; Infected diet 50	5.364796920763202	0.013425198644631061
LOC126315340	NW_026061960.1	ubiquitin carboxyl-terminal hydrolase 14-like	protein_coding	Diet in infected	Infected 33 vs 50	Downregulated	Not in the frozen focused origin-audit subset			No focused BLASTn/DIAMOND result for this gene							infected_diet33_vs50	Infected diet 50	5.619397389895383	0.013454909359627667
LOC126304696	NW_026061732.1	cysteinylglycine-S-conjugate dipeptidase-like	protein_coding	Diet in infected	Infected 33 vs 50	Downregulated	Not in the frozen focused origin-audit subset			No focused BLASTn/DIAMOND result for this gene							infected_diet33_vs50	Infected diet 50	5.429525818545538	0.013472928365883709
LOC126311237	NW_026061838.1	vacuolar proton translocating ATPase 100 kDa subunit-like	protein_coding	Diet in infected	Infected 33 vs 50	Downregulated	Not in the frozen focused origin-audit subset			No focused BLASTn/DIAMOND result for this gene							infected_diet33_vs50	Infected diet 50	5.354958572959967	0.013472928365883709
LOC126313377	NW_026061886.1	protein angel homolog 2-like	protein_coding	Diet in infected	Infected 33 vs 50	Downregulated	Not in the frozen focused origin-audit subset			No focused BLASTn/DIAMOND result for this gene							infected_diet33_vs50	Infected diet 50	5.29876653370162	0.013472928365883709
LOC126316980	NW_026062003.1	uncharacterized LOC126316980	protein_coding	Diet in infected	Infected 33 vs 50	Downregulated	Not in the frozen focused origin-audit subset			No focused BLASTn/DIAMOND result for this gene							infected_diet33_vs50; infection_diet33	Control diet 33; Infected diet 50	5.409610632083542	0.013498625336722123
LOC126304704	NW_026061732.1	sepiapterin reductase-like	protein_coding	Diet in infected	Infected 33 vs 50	Downregulated	Not in the frozen focused origin-audit subset			No focused BLASTn/DIAMOND result for this gene							infected_diet33_vs50	Infected diet 50	5.329709665370501	0.013520298128812527
LOC126319899	NW_026062071.1	ATP-dependent RNA helicase ddx23-like	protein_coding	Diet in infected	Infected 33 vs 50	Downregulated	Not in the frozen focused origin-audit subset			No focused BLASTn/DIAMOND result for this gene							infected_diet33_vs50	Infected diet 50	5.442694370783233	0.013520298128812527
LOC126319989	NW_026062071.1	coronin-A-like	protein_coding	Diet in infected	Infected 33 vs 50	Downregulated	Not in the frozen focused origin-audit subset			No focused BLASTn/DIAMOND result for this gene							infected_diet33_vs50	Infected diet 50	5.1401064298589265	0.013520298128812527
LOC126320382	NW_026062097.1	uncharacterized LOC126320382	protein_coding	Diet in infected	Infected 33 vs 50	Downregulated	Not in the frozen focused origin-audit subset			No focused BLASTn/DIAMOND result for this gene							infected_diet33_vs50	Infected diet 50	5.305014643271792	0.013520298128812527
LOC126322699	NW_026062196.1	uncharacterized LOC126322699	lncRNA	Diet in infected	Infected 33 vs 50	Downregulated	Not in the frozen focused origin-audit subset			No focused BLASTn/DIAMOND result for this gene							infected_diet33_vs50	Infected diet 50	5.3692786504421175	0.013536090999831475
LOC126315445	NW_026061960.1	uncharacterized LOC126315445	lncRNA	Diet in infected	Infected 33 vs 50	Downregulated	Not in the frozen focused origin-audit subset			No focused BLASTn/DIAMOND result for this gene							infected_diet33_vs50	Infected diet 50	5.400092536669911	0.01363777795898203
LOC126314412	NW_026061953.1	signal recognition particle subunit SRP72-like	protein_coding	Diet in infected	Infected 33 vs 50	Downregulated	Not in the frozen focused origin-audit subset			No focused BLASTn/DIAMOND result for this gene							infected_diet33_vs50	Infected diet 50	5.183916356001819	0.013656041735037499
LOC126319979	NW_026062071.1	uncharacterized LOC126319979	lncRNA	Diet in infected	Infected 33 vs 50	Downregulated	Not in the frozen focused origin-audit subset			No focused BLASTn/DIAMOND result for this gene							infected_diet33_vs50; infection_diet33	Control diet 33; Infected diet 50	5.541020978374241	0.013656041735037499
LOC126322732	NW_026062196.1	phosphatidylcholine transfer protein-like	protein_coding	Diet in infected	Infected 33 vs 50	Downregulated	Not in the frozen focused origin-audit subset			No focused BLASTn/DIAMOND result for this gene							infected_diet33_vs50	Infected diet 50	5.585700188927643	0.013656041735037499
LOC126325820	NW_026062299.1	uncharacterized LOC126325820	protein_coding	Diet in infected	Infected 33 vs 50	Downregulated	Not in the frozen focused origin-audit subset			No focused BLASTn/DIAMOND result for this gene							infected_diet33_vs50	Infected diet 50	5.250699364368048	0.013656041735037499
LOC126329080	NW_026062491.1	uncharacterized LOC126329080	lncRNA	Diet in infected	Infected 33 vs 50	Downregulated	Not in the frozen focused origin-audit subset			No focused BLASTn/DIAMOND result for this gene							infected_diet33_vs50	Infected diet 50	5.94943993790422	0.013656041735037499
LOC126315348	NW_026061960.1	uncharacterized LOC126315348	protein_coding	Diet in infected	Infected 33 vs 50	Downregulated	Not in the frozen focused origin-audit subset			No focused BLASTn/DIAMOND result for this gene							infected_diet33_vs50	Infected diet 50	5.171059654591055	0.013663294682933065
LOC126318456	NW_026062051.1	eukaryotic translation initiation factor 4 gamma 3-like	protein_coding	Diet in infected	Infected 33 vs 50	Downregulated	Not in the frozen focused origin-audit subset			No focused BLASTn/DIAMOND result for this gene							infected_diet33_vs50	Infected diet 50	5.2018759934429575	0.013663294682933065
LOC126332781	NW_026062803.1	bis(5'-adenosyl)-triphosphatase-like	protein_coding	Diet in infected	Infected 33 vs 50	Downregulated	Not in the frozen focused origin-audit subset			No focused BLASTn/DIAMOND result for this gene							infected_diet33_vs50; infection_diet33	Control diet 33; Infected diet 50	5.5774756734056465	0.013665248212490443
LOC126315312	NW_026061960.1	uncharacterized LOC126315312	protein_coding	Diet in infected	Infected 33 vs 50	Downregulated	Not in the frozen focused origin-audit subset			No focused BLASTn/DIAMOND result for this gene							infected_diet33_vs50	Infected diet 50	4.761848376090892	0.013673522019732886
LOC126332791	NW_026062803.1	glycogen [starch] synthase-like	protein_coding	Diet in infected	Infected 33 vs 50	Downregulated	Not in the frozen focused origin-audit subset			No focused BLASTn/DIAMOND result for this gene							infected_diet33_vs50	Infected diet 50	5.096665692811632	0.01371067769080968
LOC126318616	NW_026062056.1	DNA-directed RNA polymerase II subunit rpb2-like	protein_coding	Diet in infected	Infected 33 vs 50	Downregulated	Not in the frozen focused origin-audit subset			No focused BLASTn/DIAMOND result for this gene							infected_diet33_vs50	Infected diet 50	5.216310122960356	0.013785884787659993
LOC126318305	NW_026062048.1	uncharacterized LOC126318305	protein_coding	Diet in infected	Infected 33 vs 50	Downregulated	Not in the frozen focused origin-audit subset			No focused BLASTn/DIAMOND result for this gene							infected_diet33_vs50	Infected diet 50	5.172108555670444	0.01379763475215524
LOC126320373	NW_026062094.1	sulfur carrier protein adenylyltransferase-like	protein_coding	Diet in infected	Infected 33 vs 50	Downregulated	Not in the frozen focused origin-audit subset			No focused BLASTn/DIAMOND result for this gene							infected_diet33_vs50	Infected diet 50	5.157860895400765	0.01381604049503387
LOC126320387	NW_026062097.1	uncharacterized LOC126320387	lncRNA	Diet in infected	Infected 33 vs 50	Downregulated	Not in the frozen focused origin-audit subset			No focused BLASTn/DIAMOND result for this gene							infected_diet33_vs50	Infected diet 50	5.414681447472806	0.01381604049503387
LOC126327185	NW_026062374.1	crossover junction endonuclease MUS81-like	protein_coding	Diet in infected	Infected 33 vs 50	Downregulated	Not in the frozen focused origin-audit subset			No focused BLASTn/DIAMOND result for this gene							infected_diet33_vs50	Infected diet 50	5.455548269144214	0.01381604049503387
LOC126304737	NW_026061732.1	nuclear pore complex protein Nup205-like	protein_coding	Diet in infected	Infected 33 vs 50	Downregulated	Not in the frozen focused origin-audit subset			No focused BLASTn/DIAMOND result for this gene							infected_diet33_vs50	Infected diet 50	5.339654151642372	0.013834936156508154
LOC126319925	NW_026062071.1	zinc finger HIT domain-containing protein 2-like	protein_coding	Diet in infected	Infected 33 vs 50	Downregulated	Not in the frozen focused origin-audit subset			No focused BLASTn/DIAMOND result for this gene							infected_diet33_vs50	Infected diet 50	5.440563551496959	0.013834936156508154
LOC126319983	NW_026062071.1	xaa-Pro dipeptidase-like	protein_coding	Diet in infected	Infected 33 vs 50	Downregulated	Not in the frozen focused origin-audit subset			No focused BLASTn/DIAMOND result for this gene							infected_diet33_vs50	Infected diet 50	4.9642288885352155	0.013834936156508154
LOC126320410	NW_026062097.1	uncharacterized LOC126320410	protein_coding	Diet in infected	Infected 33 vs 50	Downregulated	Not in the frozen focused origin-audit subset			No focused BLASTn/DIAMOND result for this gene							infected_diet33_vs50	Infected diet 50	5.872923631042442	0.013834936156508154
LOC126324027	NW_026062244.1	eukaryotic translation initiation factor 3 subunit M-like	protein_coding	Diet in infected	Infected 33 vs 50	Downregulated	Not in the frozen focused origin-audit subset			No focused BLASTn/DIAMOND result for this gene							infected_diet33_vs50	Infected diet 50	5.2121639596335	0.013834936156508154
LOC126326225	NW_026062331.1	uncharacterized LOC126326225	protein_coding	Diet in infected	Infected 33 vs 50	Downregulated	Not in the frozen focused origin-audit subset			No focused BLASTn/DIAMOND result for this gene							infected_diet33_vs50	Infected diet 50	5.771114789046662	0.013834936156508154
LOC126327208	NW_026062374.1	uncharacterized LOC126327208	protein_coding	Diet in infected	Infected 33 vs 50	Downregulated	Not in the frozen focused origin-audit subset			No focused BLASTn/DIAMOND result for this gene							infected_diet33_vs50	Infected diet 50	4.941495198869451	0.013834936156508154
LOC126322381	NW_026062176.1	transmembrane protein 94-like	protein_coding	Diet in infected	Infected 33 vs 50	Downregulated	Not in the frozen focused origin-audit subset			No focused BLASTn/DIAMOND result for this gene							infected_diet33_vs50	Infected diet 50	5.205597339857421	0.013858672924566917
LOC126317075	NW_026062009.1	GATOR complex protein MIOS-like	protein_coding	Diet in infected	Infected 33 vs 50	Downregulated	Not in the frozen focused origin-audit subset			No focused BLASTn/DIAMOND result for this gene							infected_diet33_vs50	Infected diet 50	5.627867232688196	0.013862760423643518
LOC126317448	NW_026062018.1	ubiquitin carboxyl-terminal hydrolase 5-like	protein_coding	Diet in infected	Infected 33 vs 50	Downregulated	Not in the frozen focused origin-audit subset			No focused BLASTn/DIAMOND result for this gene							infected_diet33_vs50	Infected diet 50	5.142938737858888	0.013862760423643518
LOC126322727	NW_026062196.1	30S ribosomal protein S5-like	protein_coding	Diet in infected	Infected 33 vs 50	Downregulated	Not in the frozen focused origin-audit subset			No focused BLASTn/DIAMOND result for this gene							infected_diet33_vs50	Infected diet 50	5.524400094076364	0.013862760423643518
LOC126323240	NW_026062217.1	mitochondrial-processing peptidase subunit beta-like	protein_coding	Diet in infected	Infected 33 vs 50	Downregulated	Not in the frozen focused origin-audit subset			No focused BLASTn/DIAMOND result for this gene							infected_diet33_vs50	Infected diet 50	5.130005638050524	0.013862760423643518
LOC126325941	NW_026062302.1	spermatogenesis-associated protein 13-like	protein_coding	Diet in infected	Infected 33 vs 50	Downregulated	Not in the frozen focused origin-audit subset			No focused BLASTn/DIAMOND result for this gene							infected_diet33_vs50	Infected diet 50	4.8949308238454705	0.013862760423643518
LOC126331444	NW_026062676.1	uncharacterized LOC126331444	protein_coding	Diet in infected	Infected 33 vs 50	Downregulated	Not in the frozen focused origin-audit subset			No focused BLASTn/DIAMOND result for this gene							infected_diet33_vs50; infection_diet33	Control diet 33; Infected diet 50	5.12222363668438	0.013862760423643518
LOC126316432	NW_026061974.1	dihydrolipoyl dehydrogenase, mitochondrial-like	protein_coding	Diet in infected	Infected 33 vs 50	Downregulated	Not in the frozen focused origin-audit subset			No focused BLASTn/DIAMOND result for this gene							infected_diet33_vs50	Infected diet 50	5.091449020829081	0.013881819235442761
LOC126313368	NW_026061886.1	probable ATP-dependent RNA helicase kurz	protein_coding	Diet in infected	Infected 33 vs 50	Downregulated	Not in the frozen focused origin-audit subset			No focused BLASTn/DIAMOND result for this gene							infected_diet33_vs50	Infected diet 50	4.876052626541749	0.01391212742085004
LOC126320581	NW_026062105.1	uncharacterized LOC126320581	lncRNA	Diet in infected	Infected 33 vs 50	Downregulated	Not in the frozen focused origin-audit subset			No focused BLASTn/DIAMOND result for this gene							infected_diet33_vs50	Infected diet 50	5.9940209276853995	0.01391212742085004
LOC126325833	NW_026062299.1	cyclin-dependent kinase 11-like	protein_coding	Diet in infected	Infected 33 vs 50	Downregulated	Not in the frozen focused origin-audit subset			No focused BLASTn/DIAMOND result for this gene							infected_diet33_vs50	Infected diet 50	5.8317945643628075	0.01391212742085004
LOC126325911	NW_026062302.1	uncharacterized LOC126325911	protein_coding	Diet in infected	Infected 33 vs 50	Downregulated	Not in the frozen focused origin-audit subset			No focused BLASTn/DIAMOND result for this gene							infected_diet33_vs50	Infected diet 50	5.2891654595561874	0.01391212742085004
LOC126325952	NW_026062302.1	coatomer subunit beta-like	protein_coding	Diet in infected	Infected 33 vs 50	Downregulated	Not in the frozen focused origin-audit subset			No focused BLASTn/DIAMOND result for this gene							infected_diet33_vs50; infection_diet33	Control diet 33; Infected diet 50	5.747842649718359	0.01391212742085004
LOC126317509	NW_026062018.1	uncharacterized LOC126317509	protein_coding	Diet in infected	Infected 33 vs 50	Downregulated	Not in the frozen focused origin-audit subset			No focused BLASTn/DIAMOND result for this gene							infected_diet33_vs50	Infected diet 50	5.231384168681815	0.013944086706825337
LOC126319869	NW_026062071.1	uncharacterized LOC126319869	protein_coding	Diet in infected	Infected 33 vs 50	Downregulated	Not in the frozen focused origin-audit subset			No focused BLASTn/DIAMOND result for this gene							infected_diet33_vs50	Infected diet 50	5.624810827773181	0.013944086706825337
LOC126319887	NW_026062071.1	uncharacterized LOC126319887	protein_coding	Diet in infected	Infected 33 vs 50	Downregulated	Not in the frozen focused origin-audit subset			No focused BLASTn/DIAMOND result for this gene							infected_diet33_vs50; infection_diet33	Control diet 33; Infected diet 50	5.0172267029684745	0.013944086706825337
LOC126319914	NW_026062071.1	exocyst complex component 2-like	protein_coding	Diet in infected	Infected 33 vs 50	Downregulated	Not in the frozen focused origin-audit subset			No focused BLASTn/DIAMOND result for this gene							infected_diet33_vs50	Infected diet 50	5.371224410701019	0.013944086706825337
LOC126316459	NW_026061974.1	uncharacterized LOC126316459	protein_coding	Diet in infected	Infected 33 vs 50	Downregulated	Not in the frozen focused origin-audit subset			No focused BLASTn/DIAMOND result for this gene							infected_diet33_vs50	Infected diet 50	5.451467620035167	0.013956543084224378
LOC126323791	NW_026062229.1	periodic tryptophan protein 2 homolog	protein_coding	Diet in infected	Infected 33 vs 50	Downregulated	Not in the frozen focused origin-audit subset			No focused BLASTn/DIAMOND result for this gene							infected_diet33_vs50	Infected diet 50	5.602106474187093	0.013956543084224378
LOC126330080	NW_026062566.1	uncharacterized LOC126330080	lncRNA	Diet in infected	Infected 33 vs 50	Downregulated	Not in the frozen focused origin-audit subset			No focused BLASTn/DIAMOND result for this gene							infected_diet33_vs50	Infected diet 50	5.049177512642648	0.013956543084224378
LOC126322428	NW_026062176.1	mismatch repair endonuclease PMS2-like	protein_coding	Diet in infected	Infected 33 vs 50	Downregulated	Not in the frozen focused origin-audit subset			No focused BLASTn/DIAMOND result for this gene							infected_diet33_vs50	Infected diet 50	5.342312082694912	0.013997729133408087
LOC126318329	NW_026062048.1	uncharacterized LOC126318329	protein_coding	Diet in infected	Infected 33 vs 50	Downregulated	Not in the frozen focused origin-audit subset			No focused BLASTn/DIAMOND result for this gene							infected_diet33_vs50	Infected diet 50	5.480179373802621	0.014020153309118084
LOC126319865	NW_026062071.1	huntington interacting protein related 1-like	protein_coding	Diet in infected	Infected 33 vs 50	Downregulated	Not in the frozen focused origin-audit subset			No focused BLASTn/DIAMOND result for this gene							infected_diet33_vs50	Infected diet 50	5.630681128757666	0.01402361026862185
LOC126320391	NW_026062097.1	myotubularin-like	protein_coding	Diet in infected	Infected 33 vs 50	Downregulated	Not in the frozen focused origin-audit subset			No focused BLASTn/DIAMOND result for this gene							infected_diet33_vs50	Infected diet 50	5.548490695790111	0.014041205890326319
LOC126311182	NW_026061838.1	uncharacterized LOC126311182	protein_coding	Diet in infected	Infected 33 vs 50	Downregulated	Not in the frozen focused origin-audit subset			No focused BLASTn/DIAMOND result for this gene							infected_diet33_vs50	Infected diet 50	5.232720797085234	0.01407997810437901
LOC126304718	NW_026061732.1	protein phosphatase 2A scaffold subunit-like	protein_coding	Diet in infected	Infected 33 vs 50	Downregulated	Not in the frozen focused origin-audit subset			No focused BLASTn/DIAMOND result for this gene							infected_diet33_vs50	Infected diet 50	5.529157491795186	0.014242475382238379
LOC126315374	NW_026061960.1	pre-rRNA-processing protein TSR1 homolog	protein_coding	Diet in infected	Infected 33 vs 50	Downregulated	Not in the frozen focused origin-audit subset			No focused BLASTn/DIAMOND result for this gene							infected_diet33_vs50; infection_diet33	Control diet 33; Infected diet 50	5.297066716744746	0.014242475382238379
LOC126320565	NW_026062105.1	ras-like protein rasG	protein_coding	Diet in infected	Infected 33 vs 50	Downregulated	Not in the frozen focused origin-audit subset			No focused BLASTn/DIAMOND result for this gene							infected_diet33_vs50	Infected diet 50	5.1125923502169215	0.014255910300158296
LOC126322379	NW_026062176.1	uncharacterized LOC126322379	protein_coding	Diet in infected	Infected 33 vs 50	Downregulated	Not in the frozen focused origin-audit subset			No focused BLASTn/DIAMOND result for this gene							infected_diet33_vs50	Infected diet 50	5.465497052172952	0.014255910300158296
LOC126326577	NW_026062344.1	transcription initiation factor TFIID subunit 8-like	protein_coding	Diet in infected	Infected 33 vs 50	Downregulated	Not in the frozen focused origin-audit subset			No focused BLASTn/DIAMOND result for this gene							infected_diet33_vs50	Infected diet 50	5.6802888486386856	0.014255910300158296
LOC126319944	NW_026062071.1	GATA zinc finger domain-containing protein 14-like	protein_coding	Diet in infected	Infected 33 vs 50	Downregulated	Not in the frozen focused origin-audit subset			No focused BLASTn/DIAMOND result for this gene							infected_diet33_vs50	Infected diet 50	5.095849478694203	0.014285503096510799
LOC126326580	NW_026062344.1	uncharacterized LOC126326580	protein_coding	Diet in infected	Infected 33 vs 50	Downregulated	Not in the frozen focused origin-audit subset			No focused BLASTn/DIAMOND result for this gene							infected_diet33_vs50; infection_diet33	Control diet 33; Infected diet 50	5.043811768395224	0.014285503096510799
LOC126320603	NW_026062105.1	uncharacterized LOC126320603	protein_coding	Diet in infected	Infected 33 vs 50	Downregulated	Not in the frozen focused origin-audit subset			No focused BLASTn/DIAMOND result for this gene							infected_diet33_vs50; infection_diet33	Control diet 33; Infected diet 50	5.428878730100157	0.014286317606031712
LOC126316691	NW_026061985.1	uncharacterized LOC126316691	protein_coding	Diet in infected	Infected 33 vs 50	Downregulated	Not in the frozen focused origin-audit subset			No focused BLASTn/DIAMOND result for this gene							infected_diet33_vs50	Infected diet 50	5.445478872945022	0.01432521011745138
LOC126304982	NW_026061743.1	probable serine/threonine-protein kinase kinX	protein_coding	Diet in infected	Infected 33 vs 50	Downregulated	Not in the frozen focused origin-audit subset			No focused BLASTn/DIAMOND result for this gene							infected_diet33_vs50	Infected diet 50	4.986461374692224	0.01432795605665772
LOC126318245	NW_026062043.1	uncharacterized LOC126318245	protein_coding	Diet in infected	Infected 33 vs 50	Downregulated	Not in the frozen focused origin-audit subset			No focused BLASTn/DIAMOND result for this gene							infected_diet33_vs50	Infected diet 50	5.3986521018196045	0.01432795605665772
LOC126318280	NW_026062048.1	endoplasmin-like	protein_coding	Diet in infected	Infected 33 vs 50	Downregulated	Not in the frozen focused origin-audit subset			No focused BLASTn/DIAMOND result for this gene							infected_diet33_vs50; infection_diet33	Control diet 33; Infected diet 50	5.352787202401318	0.014400625345492983
LOC126315448	NW_026061960.1	uncharacterized LOC126315448	protein_coding	Diet in infected	Infected 33 vs 50	Downregulated	Not in the frozen focused origin-audit subset			No focused BLASTn/DIAMOND result for this gene							infected_diet33_vs50	Infected diet 50	5.295248724003946	0.014420477561442945
LOC126318289	NW_026062048.1	ubiquitin-protein ligase E3B-like	protein_coding	Diet in infected	Infected 33 vs 50	Downregulated	Not in the frozen focused origin-audit subset			No focused BLASTn/DIAMOND result for this gene							infected_diet33_vs50	Infected diet 50	5.452195909745153	0.014420477561442945
LOC126318606	NW_026062056.1	ribonuclease H-like	protein_coding	Diet in infected	Infected 33 vs 50	Downregulated	Not in the frozen focused origin-audit subset			No focused BLASTn/DIAMOND result for this gene							infected_diet33_vs50	Infected diet 50	5.312513107184922	0.014420477561442945
LOC126320752	NW_026062120.1	uncharacterized LOC126320752	protein_coding	Diet in infected	Infected 33 vs 50	Downregulated	Not in the frozen focused origin-audit subset			No focused BLASTn/DIAMOND result for this gene							infected_diet33_vs50	Infected diet 50	5.186841051019466	0.014420477561442945
LOC126324745	NW_026062253.1	uncharacterized LOC126324745	protein_coding	Diet in infected	Infected 33 vs 50	Downregulated	Not in the frozen focused origin-audit subset			No focused BLASTn/DIAMOND result for this gene							infected_diet33_vs50	Infected diet 50	5.457142058977722	0.014420477561442945
LOC126304694	NW_026061732.1	uncharacterized LOC126304694	protein_coding	Diet in infected	Infected 33 vs 50	Downregulated	Not in the frozen focused origin-audit subset			No focused BLASTn/DIAMOND result for this gene							infected_diet33_vs50; infection_diet33	Control diet 33; Infected diet 50	5.883516495505767	0.014465127923235196
LOC126322546	NW_026062185.1	dynamin-like protein A	protein_coding	Diet in infected	Infected 33 vs 50	Downregulated	Not in the frozen focused origin-audit subset			No focused BLASTn/DIAMOND result for this gene							infected_diet33_vs50	Infected diet 50	5.042541779553964	0.014465127923235196
LOC126326079	NW_026062315.1	E3 ubiquitin-protein ligase NEDD4-like	protein_coding	Diet in infected	Infected 33 vs 50	Downregulated	Not in the frozen focused origin-audit subset			No focused BLASTn/DIAMOND result for this gene							infected_diet33_vs50	Infected diet 50	4.981405631272125	0.014465127923235196
LOC126318451	NW_026062051.1	UDP-N-acetylglucosamine transporter slc35b4-like	protein_coding	Diet in infected	Infected 33 vs 50	Downregulated	Not in the frozen focused origin-audit subset			No focused BLASTn/DIAMOND result for this gene							infected_diet33_vs50	Infected diet 50	5.734473920354353	0.014522696547089365
LOC126318343	NW_026062048.1	60S ribosomal protein L5-like	protein_coding	Diet in infected	Infected 33 vs 50	Downregulated	Not in the frozen focused origin-audit subset			No focused BLASTn/DIAMOND result for this gene							infected_diet33_vs50; infection_diet33	Control diet 33; Infected diet 50	5.225861746827592	0.014562689116695038
LOC126324061	NW_026062244.1	uncharacterized LOC126324061	protein_coding	Diet in infected	Infected 33 vs 50	Downregulated	Not in the frozen focused origin-audit subset			No focused BLASTn/DIAMOND result for this gene							infected_diet33_vs50	Infected diet 50	5.40941931313763	0.014574366094563352
LOC126326549	NW_026062344.1	syntaxin-6-like	protein_coding	Diet in infected	Infected 33 vs 50	Downregulated	Not in the frozen focused origin-audit subset			No focused BLASTn/DIAMOND result for this gene							infected_diet33_vs50	Infected diet 50	5.122606843640548	0.014657338993310905
LOC126318357	NW_026062048.1	uncharacterized LOC126318357	protein_coding	Diet in infected	Infected 33 vs 50	Downregulated	Not in the frozen focused origin-audit subset			No focused BLASTn/DIAMOND result for this gene							infected_diet33_vs50	Infected diet 50	5.234608759694804	0.01466677019107568
LOC126328056	NW_026062425.1	uncharacterized LOC126328056	protein_coding	Diet in infected	Infected 33 vs 50	Downregulated	Not in the frozen focused origin-audit subset			No focused BLASTn/DIAMOND result for this gene							infected_diet33_vs50	Infected diet 50	5.057194429375982	0.01467715143024007
LOC126319962	NW_026062071.1	uncharacterized LOC126319962	protein_coding	Diet in infected	Infected 33 vs 50	Downregulated	Not in the frozen focused origin-audit subset			No focused BLASTn/DIAMOND result for this gene							infected_diet33_vs50	Infected diet 50	5.456656769754934	0.014683189008039676
LOC126329583	NW_026062521.1	ras-related protein Rab-5A-like	protein_coding	Diet in infected	Infected 33 vs 50	Downregulated	Not in the frozen focused origin-audit subset			No focused BLASTn/DIAMOND result for this gene							infected_diet33_vs50	Infected diet 50	5.595167611042054	0.014721017688236616
LOC126332392	NW_026062747.1	DNA-directed RNA polymerase III subunit rpc2-like	protein_coding	Diet in infected	Infected 33 vs 50	Downregulated	Not in the frozen focused origin-audit subset			No focused BLASTn/DIAMOND result for this gene							infected_diet33_vs50	Infected diet 50	5.957930701699806	0.014722694837090497
LOC126326076	NW_026062315.1	probable glutamine--tRNA ligase	protein_coding	Diet in infected	Infected 33 vs 50	Downregulated	Not in the frozen focused origin-audit subset			No focused BLASTn/DIAMOND result for this gene							infected_diet33_vs50	Infected diet 50	5.442178809983546	0.014731408885732133
LOC126322426	NW_026062176.1	uncharacterized LOC126322426	protein_coding	Diet in infected	Infected 33 vs 50	Downregulated	Not in the frozen focused origin-audit subset			No focused BLASTn/DIAMOND result for this gene							infected_diet33_vs50	Infected diet 50	5.480889928707101	0.01473679108776391
LOC126329916	NW_026062549.1	AP-3 complex subunit delta-like	protein_coding	Diet in infected	Infected 33 vs 50	Downregulated	Not in the frozen focused origin-audit subset			No focused BLASTn/DIAMOND result for this gene							infected_diet33_vs50	Infected diet 50	5.1447204703502685	0.01473679108776391
LOC126316748	NW_026061988.1	uncharacterized LOC126316748	protein_coding	Diet in infected	Infected 33 vs 50	Downregulated	Not in the frozen focused origin-audit subset			No focused BLASTn/DIAMOND result for this gene							infected_diet33_vs50; infection_diet33	Control diet 33; Infected diet 50	5.737987587567398	0.014783025875778096
LOC126316977	NW_026062003.1	myotrophin-like	protein_coding	Diet in infected	Infected 33 vs 50	Downregulated	Not in the frozen focused origin-audit subset			No focused BLASTn/DIAMOND result for this gene							infected_diet33_vs50	Infected diet 50	5.38231209900766	0.014791600888803965
LOC126326066	NW_026062315.1	RNA polymerase-associated protein CTR9 homolog	protein_coding	Diet in infected	Infected 33 vs 50	Downregulated	Not in the frozen focused origin-audit subset			No focused BLASTn/DIAMOND result for this gene							infected_diet33_vs50	Infected diet 50	5.253595730725242	0.014791600888803965
LOC126302167	NW_026061723.1	uncharacterized LOC126302167	lncRNA	Infection within diet	Diet 50: infected vs control	Upregulated	Not in the frozen focused origin-audit subset			No focused BLASTn/DIAMOND result for this gene							infection_average_all_diets	Average infected	1.2203487958110015	0.014827038481748437
LOC126316769	NW_026061988.1	diacylglycerol kinase epsilon-like	protein_coding	Diet in infected	Infected 33 vs 50	Downregulated	Not in the frozen focused origin-audit subset			No focused BLASTn/DIAMOND result for this gene							infected_diet33_vs50	Infected diet 50	5.0060894344612805	0.014858419672373927
LOC126317100	NW_026062009.1	uncharacterized LOC126317100	lncRNA	Diet in infected	Infected 33 vs 50	Downregulated	Not in the frozen focused origin-audit subset			No focused BLASTn/DIAMOND result for this gene							infected_diet33_vs50	Infected diet 50	5.542677462138021	0.014955502966032307
LOC126325532	NW_026062282.1	uncharacterized LOC126325532	protein_coding	Diet in infected	Infected 33 vs 50	Downregulated	Not in the frozen focused origin-audit subset			No focused BLASTn/DIAMOND result for this gene							infected_diet33_vs50	Infected diet 50	5.090554473119697	0.014993865511936476
LOC126323925	NW_026062236.1	uncharacterized LOC126323925	protein_coding	Diet in infected	Infected 33 vs 50	Downregulated	Not in the frozen focused origin-audit subset			No focused BLASTn/DIAMOND result for this gene							infected_diet33_vs50	Infected diet 50	5.521181300997365	0.015025705603959752
LOC126325867	NW_026062299.1	nucleolar complex protein 4 homolog B-like	protein_coding	Diet in infected	Infected 33 vs 50	Downregulated	Not in the frozen focused origin-audit subset			No focused BLASTn/DIAMOND result for this gene							infected_diet33_vs50	Infected diet 50	5.778299391583846	0.015025705603959752
LOC126317460	NW_026062018.1	ammonium transporter 1-like	protein_coding	Diet in infected	Infected 33 vs 50	Downregulated	Not in the frozen focused origin-audit subset			No focused BLASTn/DIAMOND result for this gene							infected_diet33_vs50	Infected diet 50	5.422646544696245	0.015078244815433099
LOC126327207	NW_026062374.1	vacuolar protein sorting-associated protein 35-like	protein_coding	Diet in infected	Infected 33 vs 50	Downregulated	Not in the frozen focused origin-audit subset			No focused BLASTn/DIAMOND result for this gene							infected_diet33_vs50	Infected diet 50	5.169151362673809	0.015078244815433099
LOC126319919	NW_026062071.1	WD repeat-containing protein 48-like	protein_coding	Diet in infected	Infected 33 vs 50	Downregulated	Not in the frozen focused origin-audit subset			No focused BLASTn/DIAMOND result for this gene							infected_diet33_vs50	Infected diet 50	4.8609585056836675	0.015108720012402939
LOC126316448	NW_026061974.1	uncharacterized LOC126316448	protein_coding	Diet in infected	Infected 33 vs 50	Downregulated	Not in the frozen focused origin-audit subset			No focused BLASTn/DIAMOND result for this gene							infected_diet33_vs50	Infected diet 50	5.18967989425723	0.015113186997969298
LOC126313361	NW_026061886.1	chorismate synthase-like	protein_coding	Diet in infected	Infected 33 vs 50	Downregulated	Not in the frozen focused origin-audit subset			No focused BLASTn/DIAMOND result for this gene							infected_diet33_vs50	Infected diet 50	5.063845941100165	0.015138322243652186
LOC126304706	NW_026061732.1	uncharacterized LOC126304706	protein_coding	Diet in infected	Infected 33 vs 50	Downregulated	Not in the frozen focused origin-audit subset			No focused BLASTn/DIAMOND result for this gene							infected_diet33_vs50	Infected diet 50	5.5360417754151	0.015142723754914806
LOC126304989	NW_026061743.1	uncharacterized LOC126304989	protein_coding	Diet in infected	Infected 33 vs 50	Downregulated	Not in the frozen focused origin-audit subset			No focused BLASTn/DIAMOND result for this gene							infected_diet33_vs50	Infected diet 50	5.524807881166009	0.015142723754914806
LOC126319909	NW_026062071.1	ribosomal large subunit pseudouridine synthase C-like	protein_coding	Diet in infected	Infected 33 vs 50	Downregulated	Not in the frozen focused origin-audit subset			No focused BLASTn/DIAMOND result for this gene							infected_diet33_vs50	Infected diet 50	5.279925478993898	0.01515550338919867
LOC126315423	NW_026061960.1	uncharacterized LOC126315423	protein_coding	Diet in infected	Infected 33 vs 50	Downregulated	Not in the frozen focused origin-audit subset			No focused BLASTn/DIAMOND result for this gene							infected_diet33_vs50	Infected diet 50	5.916819766035882	0.015265481050229653
LOC126318244	NW_026062043.1	uncharacterized LOC126318244	lncRNA	Diet in infected	Infected 33 vs 50	Downregulated	Not in the frozen focused origin-audit subset			No focused BLASTn/DIAMOND result for this gene							infected_diet33_vs50	Infected diet 50	5.40537987461615	0.015338574256161249
LOC126322585	NW_026062185.1	cytoplasmic aconitate hydratase-like	protein_coding	Diet in infected	Infected 33 vs 50	Downregulated	Not in the frozen focused origin-audit subset			No focused BLASTn/DIAMOND result for this gene							infected_diet33_vs50	Infected diet 50	5.040405315184389	0.01534556734064615
LOC126319948	NW_026062071.1	uncharacterized LOC126319948	protein_coding	Diet in infected	Infected 33 vs 50	Downregulated	Not in the frozen focused origin-audit subset			No focused BLASTn/DIAMOND result for this gene							infected_diet33_vs50	Infected diet 50	5.2389228661338025	0.01536724080526955
LOC126323274	NW_026062217.1	uncharacterized LOC126323274	protein_coding	Diet in infected	Infected 33 vs 50	Downregulated	Not in the frozen focused origin-audit subset			No focused BLASTn/DIAMOND result for this gene							infected_diet33_vs50; infection_diet33	Control diet 33; Infected diet 50	4.720489065310403	0.015371081204005209
LOC126313384	NW_026061886.1	uncharacterized LOC126313384	lncRNA	Diet in infected	Infected 33 vs 50	Downregulated	Not in the frozen focused origin-audit subset			No focused BLASTn/DIAMOND result for this gene							infected_diet33_vs50	Infected diet 50	5.206974850476221	0.015405725914813768
LOC126317496	NW_026062018.1	tRNA N6-adenosine threonylcarbamoyltransferase-like	protein_coding	Diet in infected	Infected 33 vs 50	Downregulated	Not in the frozen focused origin-audit subset			No focused BLASTn/DIAMOND result for this gene							infected_diet33_vs50	Infected diet 50	5.344609878326932	0.015420174367325675
LOC126318599	NW_026062056.1	uncharacterized LOC126318599	lncRNA	Diet in infected	Infected 33 vs 50	Downregulated	Not in the frozen focused origin-audit subset			No focused BLASTn/DIAMOND result for this gene							infected_diet33_vs50; infection_diet33	Control diet 33; Infected diet 50	5.259142907527281	0.015420174367325675
LOC126319929	NW_026062071.1	uncharacterized LOC126319929	protein_coding	Diet in infected	Infected 33 vs 50	Downregulated	Not in the frozen focused origin-audit subset			No focused BLASTn/DIAMOND result for this gene							infected_diet33_vs50	Infected diet 50	5.287129999036141	0.015420174367325675
LOC126320469	NW_026062097.1	uncharacterized LOC126320469	protein_coding	Diet in infected	Infected 33 vs 50	Downregulated	Not in the frozen focused origin-audit subset			No focused BLASTn/DIAMOND result for this gene							infected_diet33_vs50	Infected diet 50	5.270110446608003	0.015420174367325675
LOC126320755	NW_026062120.1	acetyl-coenzyme A synthetase-like	protein_coding	Diet in infected	Infected 33 vs 50	Downregulated	Not in the frozen focused origin-audit subset			No focused BLASTn/DIAMOND result for this gene							infected_diet33_vs50	Infected diet 50	5.111487329602219	0.015420174367325675
LOC126323242	NW_026062217.1	uncharacterized LOC126323242	protein_coding	Diet in infected	Infected 33 vs 50	Downregulated	Not in the frozen focused origin-audit subset			No focused BLASTn/DIAMOND result for this gene							infected_diet33_vs50	Infected diet 50	4.894052504859304	0.015420174367325675
LOC126326046	NW_026062315.1	uncharacterized LOC126326046	protein_coding	Diet in infected	Infected 33 vs 50	Downregulated	Not in the frozen focused origin-audit subset			No focused BLASTn/DIAMOND result for this gene							infected_diet33_vs50	Infected diet 50	4.869449500924241	0.015420174367325675
LOC126313406	NW_026061886.1	uncharacterized LOC126313406	protein_coding	Diet in infected	Infected 33 vs 50	Downregulated	Not in the frozen focused origin-audit subset			No focused BLASTn/DIAMOND result for this gene							infected_diet33_vs50	Infected diet 50	5.155747188497105	0.015534927663714912
LOC126315444	NW_026061960.1	uncharacterized LOC126315444	protein_coding	Diet in infected	Infected 33 vs 50	Downregulated	Not in the frozen focused origin-audit subset			No focused BLASTn/DIAMOND result for this gene							infected_diet33_vs50	Infected diet 50	5.3085765616200105	0.015535361257284577
LOC126322529	NW_026062185.1	uncharacterized LOC126322529	protein_coding	Diet in infected	Infected 33 vs 50	Downregulated	Not in the frozen focused origin-audit subset			No focused BLASTn/DIAMOND result for this gene							infected_diet33_vs50	Infected diet 50	4.955632989730931	0.015535361257284577
LOC126320751	NW_026062120.1	rubrerythrin-like	protein_coding	Diet in infected	Infected 33 vs 50	Downregulated	Not in the frozen focused origin-audit subset			No focused BLASTn/DIAMOND result for this gene							infected_diet33_vs50	Infected diet 50	5.260120030229098	0.015535460534306902
LOC126316784	NW_026061988.1	uncharacterized LOC126316784	protein_coding	Diet in infected	Infected 33 vs 50	Downregulated	Not in the frozen focused origin-audit subset			No focused BLASTn/DIAMOND result for this gene							infected_diet33_vs50	Infected diet 50	5.135182319270861	0.015604176254885522
LOC126320423	NW_026062097.1	M-phase inducer phosphatase 3-like	protein_coding	Diet in infected	Infected 33 vs 50	Downregulated	Not in the frozen focused origin-audit subset			No focused BLASTn/DIAMOND result for this gene							infected_diet33_vs50	Infected diet 50	5.375264593152119	0.015604176254885522
LOC126323252	NW_026062217.1	glutamate dehydrogenase, mitochondrial-like	protein_coding	Diet in infected	Infected 33 vs 50	Downregulated	Not in the frozen focused origin-audit subset			No focused BLASTn/DIAMOND result for this gene							infected_diet33_vs50; infection_diet33	Control diet 33; Infected diet 50	5.198713966332556	0.015604176254885522
LOC126324544	NW_026062249.1	centrosomal protein of 85 kDa-like	protein_coding	Diet in infected	Infected 33 vs 50	Downregulated	Not in the frozen focused origin-audit subset			No focused BLASTn/DIAMOND result for this gene							infected_diet33_vs50	Infected diet 50	5.283579001696628	0.015604176254885522
LOC126325499	NW_026062282.1	uncharacterized LOC126325499	protein_coding	Diet in infected	Infected 33 vs 50	Downregulated	Not in the frozen focused origin-audit subset			No focused BLASTn/DIAMOND result for this gene							infected_diet33_vs50	Infected diet 50	5.399404358113439	0.015604176254885522
LOC126304678	NW_026061732.1	uncharacterized LOC126304678	protein_coding	Diet in infected	Infected 33 vs 50	Downregulated	Not in the frozen focused origin-audit subset			No focused BLASTn/DIAMOND result for this gene							infected_diet33_vs50	Infected diet 50	5.70215094354384	0.015635371248376603
LOC126324528	NW_026062249.1	probable serine/threonine-protein kinase MARK-C	protein_coding	Diet in infected	Infected 33 vs 50	Downregulated	Not in the frozen focused origin-audit subset			No focused BLASTn/DIAMOND result for this gene							infected_diet33_vs50	Infected diet 50	4.672539455173126	0.015648618100946428
LOC126315396	NW_026061960.1	exocyst complex component 3-like	protein_coding	Diet in infected	Infected 33 vs 50	Downregulated	Not in the frozen focused origin-audit subset			No focused BLASTn/DIAMOND result for this gene							infected_diet33_vs50	Infected diet 50	5.280439993407743	0.015691809429291347
LOC126316775	NW_026061988.1	uncharacterized LOC126316775	lncRNA	Diet in infected	Infected 33 vs 50	Downregulated	Not in the frozen focused origin-audit subset			No focused BLASTn/DIAMOND result for this gene							infected_diet33_vs50; infection_diet33	Control diet 33; Infected diet 50	5.655180250957116	0.015691809429291347
LOC126316922	NW_026062003.1	uncharacterized LOC126316922	protein_coding	Diet in infected	Infected 33 vs 50	Downregulated	Not in the frozen focused origin-audit subset			No focused BLASTn/DIAMOND result for this gene							infected_diet33_vs50	Infected diet 50	4.883358415649938	0.015691809429291347
LOC126324483	NW_026062249.1	WD repeat-containing protein 70-like	protein_coding	Diet in infected	Infected 33 vs 50	Downregulated	Not in the frozen focused origin-audit subset			No focused BLASTn/DIAMOND result for this gene							infected_diet33_vs50	Infected diet 50	5.6928335604724865	0.015691809429291347
LOC126325803	NW_026062299.1	uncharacterized LOC126325803	protein_coding	Diet in infected	Infected 33 vs 50	Downregulated	Not in the frozen focused origin-audit subset			No focused BLASTn/DIAMOND result for this gene							infected_diet33_vs50	Infected diet 50	5.049732955373256	0.015691809429291347
LOC126322684	NW_026062196.1	ATP-dependent 6-phosphofructokinase, platelet type-like	protein_coding	Diet in infected	Infected 33 vs 50	Downregulated	Not in the frozen focused origin-audit subset			No focused BLASTn/DIAMOND result for this gene							infected_diet33_vs50	Infected diet 50	4.797210907683514	0.015691963816625038
LOC126329924	NW_026062549.1	uncharacterized LOC126329924	protein_coding	Diet in infected	Infected 33 vs 50	Downregulated	Not in the frozen focused origin-audit subset			No focused BLASTn/DIAMOND result for this gene							infected_diet33_vs50	Infected diet 50	5.872195727814517	0.0157095453118591
LOC126318209	NW_026062043.1	vacuolar protein sorting-associated protein 29-like	protein_coding	Diet in infected	Infected 33 vs 50	Downregulated	Not in the frozen focused origin-audit subset			No focused BLASTn/DIAMOND result for this gene							infected_diet33_vs50	Infected diet 50	4.984943121627125	0.015715447680904538
LOC126318687	NW_026062059.1	serine/threonine-protein phosphatase alpha-2 isoform-like	protein_coding	Diet in infected	Infected 33 vs 50	Downregulated	Not in the frozen focused origin-audit subset			No focused BLASTn/DIAMOND result for this gene							infected_diet33_vs50	Infected diet 50	4.8954165368259694	0.015715447680904538
LOC126326068	NW_026062315.1	actin-related protein 2/3 complex subunit 4-like	protein_coding	Diet in infected	Infected 33 vs 50	Downregulated	Not in the frozen focused origin-audit subset			No focused BLASTn/DIAMOND result for this gene							infected_diet33_vs50	Infected diet 50	5.356881838864839	0.015715447680904538
LOC126319881	NW_026062071.1	uncharacterized LOC126319881	protein_coding	Diet in infected	Infected 33 vs 50	Downregulated	Not in the frozen focused origin-audit subset			No focused BLASTn/DIAMOND result for this gene							infected_diet33_vs50	Infected diet 50	5.589571134947108	0.01573825071756827
LOC126320420	NW_026062097.1	splicing factor U2AF 26 kDa subunit-like	protein_coding	Diet in infected	Infected 33 vs 50	Downregulated	Not in the frozen focused origin-audit subset			No focused BLASTn/DIAMOND result for this gene							infected_diet33_vs50	Infected diet 50	5.234145081044335	0.01573825071756827
LOC126323726	NW_026062229.1	myosin ID heavy chain-like	protein_coding	Diet in infected	Infected 33 vs 50	Downregulated	Not in the frozen focused origin-audit subset			No focused BLASTn/DIAMOND result for this gene							infected_diet33_vs50	Infected diet 50	4.92092258847836	0.015757975715053336
LOC126318286	NW_026062048.1	uncharacterized LOC126318286	protein_coding	Diet in infected	Infected 33 vs 50	Downregulated	Not in the frozen focused origin-audit subset			No focused BLASTn/DIAMOND result for this gene							infected_diet33_vs50; infection_diet33	Control diet 33; Infected diet 50	5.804422114108038	0.015789440098287363
LOC126317452	NW_026062018.1	proteasomal ubiquitin receptor ADRM1 homolog	protein_coding	Diet in infected	Infected 33 vs 50	Downregulated	Not in the frozen focused origin-audit subset			No focused BLASTn/DIAMOND result for this gene							infected_diet33_vs50	Infected diet 50	5.371046235899582	0.01579869470807148
LOC126316728	NW_026061988.1	uncharacterized LOC126316728	lncRNA	Diet in infected	Infected 33 vs 50	Downregulated	Not in the frozen focused origin-audit subset			No focused BLASTn/DIAMOND result for this gene							infected_diet33_vs50; infection_diet33	Control diet 33; Infected diet 50	5.121561317482617	0.015881268658420468
LOC126315369	NW_026061960.1	fidgetin-like protein 1	protein_coding	Diet in infected	Infected 33 vs 50	Downregulated	Not in the frozen focused origin-audit subset			No focused BLASTn/DIAMOND result for this gene							infected_diet33_vs50	Infected diet 50	5.366996777616346	0.015905248421382384
LOC126329980	NW_026062553.1	uncharacterized LOC126329980	protein_coding	Diet in infected	Infected 33 vs 50	Downregulated	Not in the frozen focused origin-audit subset			No focused BLASTn/DIAMOND result for this gene							infected_diet33_vs50	Infected diet 50	6.267208558292865	0.015916131090275083
LOC126313322	NW_026061886.1	uncharacterized LOC126313322	protein_coding	Diet in infected	Infected 33 vs 50	Downregulated	Not in the frozen focused origin-audit subset			No focused BLASTn/DIAMOND result for this gene							infected_diet33_vs50	Infected diet 50	5.3676200101122244	0.015977365557763915
LOC126318202	NW_026062043.1	vacuole membrane protein 1 homolog	protein_coding	Diet in infected	Infected 33 vs 50	Downregulated	Not in the frozen focused origin-audit subset			No focused BLASTn/DIAMOND result for this gene							infected_diet33_vs50	Infected diet 50	5.907322112103361	0.015977365557763915
LOC126320554	NW_026062105.1	COP9 signalosome complex subunit 6-like	protein_coding	Diet in infected	Infected 33 vs 50	Downregulated	Not in the frozen focused origin-audit subset			No focused BLASTn/DIAMOND result for this gene							infected_diet33_vs50	Infected diet 50	5.145629008011033	0.015977365557763915
LOC126324026	NW_026062244.1	ATP-dependent RNA helicase RhlE-like	protein_coding	Diet in infected	Infected 33 vs 50	Downregulated	Not in the frozen focused origin-audit subset			No focused BLASTn/DIAMOND result for this gene							infected_diet33_vs50	Infected diet 50	5.001514377156732	0.015977365557763915
LOC126329971	NW_026062553.1	uncharacterized LOC126329971	protein_coding	Diet in infected	Infected 33 vs 50	Downregulated	Not in the frozen focused origin-audit subset			No focused BLASTn/DIAMOND result for this gene							infected_diet33_vs50; infection_diet33	Control diet 33; Infected diet 50	5.886993466835918	0.01599289876906031
LOC126325859	NW_026062299.1	UDP-N-acetylglucosamine--peptide N-acetylglucosaminyltransferase 110 kDa subunit-like	protein_coding	Diet in infected	Infected 33 vs 50	Downregulated	Not in the frozen focused origin-audit subset			No focused BLASTn/DIAMOND result for this gene							infected_diet33_vs50	Infected diet 50	5.379968834040603	0.015996684644157873
LOC126322581	NW_026062185.1	uncharacterized LOC126322581	protein_coding	Diet in infected	Infected 33 vs 50	Downregulated	Not in the frozen focused origin-audit subset			No focused BLASTn/DIAMOND result for this gene							infected_diet33_vs50	Infected diet 50	5.286622181675712	0.016016346281572582
LOC126315438	NW_026061960.1	probable serine/threonine-protein kinase roco5	protein_coding	Diet in infected	Infected 33 vs 50	Downregulated	Not in the frozen focused origin-audit subset			No focused BLASTn/DIAMOND result for this gene							infected_diet33_vs50	Infected diet 50	5.004226961238528	0.016074039053048664
LOC126316908	NW_026062003.1	uncharacterized LOC126316908	protein_coding	Diet in infected	Infected 33 vs 50	Downregulated	Not in the frozen focused origin-audit subset			No focused BLASTn/DIAMOND result for this gene							infected_diet33_vs50	Infected diet 50	5.080220123836057	0.01608555856480114
LOC126325489	NW_026062282.1	CAP-Gly domain-containing linker protein 1-like	protein_coding	Diet in infected	Infected 33 vs 50	Downregulated	Not in the frozen focused origin-audit subset			No focused BLASTn/DIAMOND result for this gene							infected_diet33_vs50	Infected diet 50	4.702379323945731	0.01608555856480114
LOC126318285	NW_026062048.1	BUD13 homolog	protein_coding	Diet in infected	Infected 33 vs 50	Downregulated	Not in the frozen focused origin-audit subset			No focused BLASTn/DIAMOND result for this gene							infected_diet33_vs50	Infected diet 50	5.342976701078971	0.016089695452284634
LOC126319960	NW_026062071.1	uncharacterized LOC126319960	protein_coding	Diet in infected	Infected 33 vs 50	Downregulated	Not in the frozen focused origin-audit subset			No focused BLASTn/DIAMOND result for this gene							infected_diet33_vs50	Infected diet 50	4.861007325197111	0.016089695452284634
LOC126323261	NW_026062217.1	neutral ceramidase-like	protein_coding	Diet in infected	Infected 33 vs 50	Downregulated	Not in the frozen focused origin-audit subset			No focused BLASTn/DIAMOND result for this gene							infected_diet33_vs50	Infected diet 50	5.580317777499409	0.016089695452284634
LOC126326224	NW_026062331.1	nuclear pore complex protein Nup133-like	protein_coding	Diet in infected	Infected 33 vs 50	Downregulated	Not in the frozen focused origin-audit subset			No focused BLASTn/DIAMOND result for this gene							infected_diet33_vs50	Infected diet 50	5.126937262839651	0.016089695452284634
LOC126318464	NW_026062051.1	TNF receptor-associated protein 1 homolog, mitochondrial-like	protein_coding	Diet in infected	Infected 33 vs 50	Downregulated	Not in the frozen focused origin-audit subset			No focused BLASTn/DIAMOND result for this gene							infected_diet33_vs50	Infected diet 50	5.457498196000198	0.016135095507623837
LOC126322420	NW_026062176.1	uncharacterized LOC126322420	protein_coding	Diet in infected	Infected 33 vs 50	Downregulated	Not in the frozen focused origin-audit subset			No focused BLASTn/DIAMOND result for this gene							infected_diet33_vs50; infection_diet33	Control diet 33; Infected diet 50	5.292187743736688	0.016135095507623837
LOC126324059	NW_026062244.1	uncharacterized LOC126324059	protein_coding	Diet in infected	Infected 33 vs 50	Downregulated	Not in the frozen focused origin-audit subset			No focused BLASTn/DIAMOND result for this gene							infected_diet33_vs50	Infected diet 50	4.903860405188017	0.016135095507623837
LOC126325926	NW_026062302.1	MOB kinase activator-like 1 homolog C	protein_coding	Diet in infected	Infected 33 vs 50	Downregulated	Not in the frozen focused origin-audit subset			No focused BLASTn/DIAMOND result for this gene							infected_diet33_vs50	Infected diet 50	5.057224860738431	0.016135095507623837
LOC126326525	NW_026062344.1	eukaryotic translation initiation factor 3 subunit D-like	protein_coding	Diet in infected	Infected 33 vs 50	Downregulated	Not in the frozen focused origin-audit subset			No focused BLASTn/DIAMOND result for this gene							infected_diet33_vs50	Infected diet 50	4.86450568074046	0.016135095507623837
LOC126320414	NW_026062097.1	amidophosphoribosyltransferase-like	protein_coding	Diet in infected	Infected 33 vs 50	Downregulated	Not in the frozen focused origin-audit subset			No focused BLASTn/DIAMOND result for this gene							infected_diet33_vs50	Infected diet 50	5.440456157963925	0.01614270113761704
LOC126320591	NW_026062105.1	uncharacterized LOC126320591	lncRNA	Diet in infected	Infected 33 vs 50	Downregulated	Not in the frozen focused origin-audit subset			No focused BLASTn/DIAMOND result for this gene							infected_diet33_vs50	Infected diet 50	5.077701555700226	0.01614270113761704
LOC126318319	NW_026062048.1	uncharacterized LOC126318319	protein_coding	Diet in infected	Infected 33 vs 50	Downregulated	Not in the frozen focused origin-audit subset			No focused BLASTn/DIAMOND result for this gene							infected_diet33_vs50	Infected diet 50	5.346229928151103	0.016170936308621223
LOC126329989	NW_026062553.1	uncharacterized LOC126329989	protein_coding	Diet in infected	Infected 33 vs 50	Downregulated	Not in the frozen focused origin-audit subset			No focused BLASTn/DIAMOND result for this gene							infected_diet33_vs50	Infected diet 50	4.89450643394265	0.01618540484562279
LOC126318624	NW_026062056.1	sphingomyelinase DDB_G0288017-like	protein_coding	Diet in infected	Infected 33 vs 50	Downregulated	Not in the frozen focused origin-audit subset			No focused BLASTn/DIAMOND result for this gene							infected_diet33_vs50	Infected diet 50	5.177225968197667	0.016193980767046368
LOC126320361	NW_026062094.1	uncharacterized LOC126320361	protein_coding	Diet in infected	Infected 33 vs 50	Downregulated	Not in the frozen focused origin-audit subset			No focused BLASTn/DIAMOND result for this gene							infected_diet33_vs50	Infected diet 50	5.048767732227163	0.016221200073113725
LOC126316441	NW_026061974.1	serine/threonine-protein kinase 3-like	protein_coding	Diet in infected	Infected 33 vs 50	Downregulated	Not in the frozen focused origin-audit subset			No focused BLASTn/DIAMOND result for this gene							infected_diet33_vs50	Infected diet 50	5.24535247501155	0.016306340153903726
LOC126316765	NW_026061988.1	uncharacterized LOC126316765	protein_coding	Diet in infected	Infected 33 vs 50	Downregulated	Not in the frozen focused origin-audit subset			No focused BLASTn/DIAMOND result for this gene							infected_diet33_vs50	Infected diet 50	5.516274747901361	0.016306340153903726
LOC126318453	NW_026062051.1	uncharacterized LOC126318453	protein_coding	Diet in infected	Infected 33 vs 50	Downregulated	Not in the frozen focused origin-audit subset			No focused BLASTn/DIAMOND result for this gene							infected_diet33_vs50	Infected diet 50	5.064539330412898	0.016306340153903726
LOC126323745	NW_026062229.1	uncharacterized LOC126323745	protein_coding	Diet in infected	Infected 33 vs 50	Downregulated	Not in the frozen focused origin-audit subset			No focused BLASTn/DIAMOND result for this gene							infected_diet33_vs50	Infected diet 50	5.147647892910283	0.016306340153903726
LOC126326562	NW_026062344.1	proteoglycan 4-like	protein_coding	Diet in infected	Infected 33 vs 50	Downregulated	Not in the frozen focused origin-audit subset			No focused BLASTn/DIAMOND result for this gene							infected_diet33_vs50	Infected diet 50	4.8421039874128375	0.016306340153903726
LOC126318213	NW_026062043.1	src kinase-associated phosphoprotein 2-like	protein_coding	Diet in infected	Infected 33 vs 50	Downregulated	Not in the frozen focused origin-audit subset			No focused BLASTn/DIAMOND result for this gene							infected_diet33_vs50	Infected diet 50	5.038098154756697	0.0163145047099012
LOC126319910	NW_026062071.1	uncharacterized LOC126319910	lncRNA	Diet in infected	Infected 33 vs 50	Downregulated	Not in the frozen focused origin-audit subset			No focused BLASTn/DIAMOND result for this gene							infected_diet33_vs50	Infected diet 50	5.122700122556015	0.01631941266121096
LOC126330059	NW_026062566.1	uncharacterized LOC126330059	protein_coding	Diet in infected	Infected 33 vs 50	Downregulated	Not in the frozen focused origin-audit subset			No focused BLASTn/DIAMOND result for this gene							infected_diet33_vs50	Infected diet 50	5.133748111214446	0.016357752057669886
LOC126324497	NW_026062249.1	formin-A-like	protein_coding	Diet in infected	Infected 33 vs 50	Downregulated	Not in the frozen focused origin-audit subset			No focused BLASTn/DIAMOND result for this gene							infected_diet33_vs50; infection_diet33	Control diet 33; Infected diet 50	4.948793500471919	0.016402018778932857
LOC126316791	NW_026061988.1	uncharacterized LOC126316791	protein_coding	Diet in infected	Infected 33 vs 50	Downregulated	Not in the frozen focused origin-audit subset			No focused BLASTn/DIAMOND result for this gene							infected_diet33_vs50	Infected diet 50	5.310159060572839	0.016409558137410185
LOC126326067	NW_026062315.1	LIM domain-containing protein DDB_G0271356-like	protein_coding	Diet in infected	Infected 33 vs 50	Downregulated	Not in the frozen focused origin-audit subset			No focused BLASTn/DIAMOND result for this gene							infected_diet33_vs50	Infected diet 50	5.483259723966511	0.016409558137410185
LOC126316740	NW_026061988.1	uncharacterized LOC126316740	protein_coding	Diet in infected	Infected 33 vs 50	Downregulated	Not in the frozen focused origin-audit subset			No focused BLASTn/DIAMOND result for this gene							infected_diet33_vs50; infection_diet33	Control diet 33; Infected diet 50	5.082627013991679	0.016414777533496006
LOC126315264	NW_026061960.1	uncharacterized LOC126315264	protein_coding	Diet in infected	Infected 33 vs 50	Downregulated	Not in the frozen focused origin-audit subset			No focused BLASTn/DIAMOND result for this gene							infected_diet33_vs50	Infected diet 50	5.250760408804278	0.01644274216794006
LOC126320567	NW_026062105.1	plancitoxin-1-like	protein_coding	Diet in infected	Infected 33 vs 50	Downregulated	Not in the frozen focused origin-audit subset			No focused BLASTn/DIAMOND result for this gene							infected_diet33_vs50; infection_diet33	Control diet 33; Infected diet 50	5.2701095307246	0.01644274216794006
LOC126326237	NW_026062332.1	uncharacterized LOC126326237	protein_coding	Diet in infected	Infected 33 vs 50	Downregulated	Not in the frozen focused origin-audit subset			No focused BLASTn/DIAMOND result for this gene							infected_diet33_vs50	Infected diet 50	5.102493780409118	0.01644274216794006
LOC126330077	NW_026062566.1	uncharacterized LOC126330077	protein_coding	Diet in infected	Infected 33 vs 50	Downregulated	Not in the frozen focused origin-audit subset			No focused BLASTn/DIAMOND result for this gene							infected_diet33_vs50	Infected diet 50	4.863904395465671	0.01644274216794006
LOC126317446	NW_026062018.1	survival of motor neuron-related-splicing factor 30-like	protein_coding	Diet in infected	Infected 33 vs 50	Downregulated	Not in the frozen focused origin-audit subset			No focused BLASTn/DIAMOND result for this gene							infected_diet33_vs50	Infected diet 50	5.02351442615137	0.01651953343036844
LOC126314415	NW_026061953.1	uncharacterized LOC126314415	protein_coding	Diet in infected	Infected 33 vs 50	Downregulated	Not in the frozen focused origin-audit subset			No focused BLASTn/DIAMOND result for this gene							infected_diet33_vs50	Infected diet 50	5.1374854917129475	0.01655608776986271
LOC126319851	NW_026062071.1	transformer-2 protein homolog beta-like	protein_coding	Diet in infected	Infected 33 vs 50	Downregulated	Not in the frozen focused origin-audit subset			No focused BLASTn/DIAMOND result for this gene							infected_diet33_vs50	Infected diet 50	5.456198292967222	0.016589120803048238
LOC126322615	NW_026062185.1	uncharacterized LOC126322615	protein_coding	Diet in infected	Infected 33 vs 50	Downregulated	Not in the frozen focused origin-audit subset			No focused BLASTn/DIAMOND result for this gene							infected_diet33_vs50	Infected diet 50	5.521440118422651	0.01660341722055299
LOC126318287	NW_026062048.1	protein CLP1 homolog	protein_coding	Diet in infected	Infected 33 vs 50	Downregulated	Not in the frozen focused origin-audit subset			No focused BLASTn/DIAMOND result for this gene							infected_diet33_vs50	Infected diet 50	5.034075438659738	0.01660780032970724
LOC126323266	NW_026062217.1	dipeptidyl peptidase 8-like	protein_coding	Diet in infected	Infected 33 vs 50	Downregulated	Not in the frozen focused origin-audit subset			No focused BLASTn/DIAMOND result for this gene							infected_diet33_vs50	Infected diet 50	5.064169325499255	0.01660780032970724
LOC126325858	NW_026062299.1	myosin regulatory light chain-like	protein_coding	Diet in infected	Infected 33 vs 50	Downregulated	Not in the frozen focused origin-audit subset			No focused BLASTn/DIAMOND result for this gene							infected_diet33_vs50	Infected diet 50	5.2080307147127805	0.01661666886259473
LOC126332388	NW_026062747.1	uncharacterized LOC126332388	protein_coding	Diet in infected	Infected 33 vs 50	Downregulated	Not in the frozen focused origin-audit subset			No focused BLASTn/DIAMOND result for this gene							infected_diet33_vs50	Infected diet 50	5.134429507299886	0.01666639916778452
LOC126324525	NW_026062249.1	uncharacterized LOC126324525	protein_coding	Diet in infected	Infected 33 vs 50	Downregulated	Not in the frozen focused origin-audit subset			No focused BLASTn/DIAMOND result for this gene							infected_diet33_vs50	Infected diet 50	4.927943684026915	0.016752154434256164
LOC126325480	NW_026062282.1	MMS19 nucleotide excision repair protein homolog	protein_coding	Diet in infected	Infected 33 vs 50	Downregulated	Not in the frozen focused origin-audit subset			No focused BLASTn/DIAMOND result for this gene							infected_diet33_vs50	Infected diet 50	5.304282903966884	0.016759044139445945
LOC126318446	NW_026062051.1	uncharacterized LOC126318446	protein_coding	Diet in infected	Infected 33 vs 50	Downregulated	Not in the frozen focused origin-audit subset			No focused BLASTn/DIAMOND result for this gene							infected_diet33_vs50	Infected diet 50	5.141682866744625	0.016783739244051035
LOC126325473	NW_026062282.1	uncharacterized LOC126325473	protein_coding	Diet in infected	Infected 33 vs 50	Downregulated	Not in the frozen focused origin-audit subset			No focused BLASTn/DIAMOND result for this gene							infected_diet33_vs50	Infected diet 50	5.409493273789092	0.016845267619403987
LOC126304662	NW_026061732.1	uncharacterized LOC126304662	protein_coding	Diet in infected	Infected 33 vs 50	Downregulated	Not in the frozen focused origin-audit subset			No focused BLASTn/DIAMOND result for this gene							infected_diet33_vs50	Infected diet 50	5.202136667798556	0.016853867827029606
LOC126322403	NW_026062176.1	uncharacterized LOC126322403	lncRNA	Diet in infected	Infected 33 vs 50	Downregulated	Not in the frozen focused origin-audit subset			No focused BLASTn/DIAMOND result for this gene							infected_diet33_vs50	Infected diet 50	6.436604154042562	0.016853867827029606
LOC126322407	NW_026062176.1	uncharacterized LOC126322407	protein_coding	Diet in infected	Infected 33 vs 50	Downregulated	Not in the frozen focused origin-audit subset			No focused BLASTn/DIAMOND result for this gene							infected_diet33_vs50	Infected diet 50	5.3343631843644745	0.016853867827029606
LOC126322545	NW_026062185.1	eukaryotic translation initiation factor 1-like	protein_coding	Diet in infected	Infected 33 vs 50	Downregulated	Not in the frozen focused origin-audit subset			No focused BLASTn/DIAMOND result for this gene							infected_diet33_vs50	Infected diet 50	4.907646382080823	0.016853867827029606
LOC126304649	NW_026061732.1	uncharacterized LOC126304649	protein_coding	Diet in infected	Infected 33 vs 50	Downregulated	Not in the frozen focused origin-audit subset			No focused BLASTn/DIAMOND result for this gene							infected_diet33_vs50	Infected diet 50	5.392356255503307	0.016862824010053786
LOC126315221	NW_026061960.1	uncharacterized LOC126315221	protein_coding	Diet in infected	Infected 33 vs 50	Downregulated	Not in the frozen focused origin-audit subset			No focused BLASTn/DIAMOND result for this gene							infected_diet33_vs50	Infected diet 50	5.519701331642465	0.016862824010053786
LOC126317515	NW_026062018.1	probable transcriptional regulatory protein Ddes_0536	protein_coding	Diet in infected	Infected 33 vs 50	Downregulated	Not in the frozen focused origin-audit subset			No focused BLASTn/DIAMOND result for this gene							infected_diet33_vs50	Infected diet 50	5.7371422344277	0.016862824010053786
LOC126318645	NW_026062056.1	uncharacterized LOC126318645	protein_coding	Diet in infected	Infected 33 vs 50	Downregulated	Not in the frozen focused origin-audit subset			No focused BLASTn/DIAMOND result for this gene							infected_diet33_vs50	Infected diet 50	4.840536716128594	0.016862824010053786
LOC126318647	NW_026062056.1	uncharacterized LOC126318647	protein_coding	Diet in infected	Infected 33 vs 50	Downregulated	Not in the frozen focused origin-audit subset			No focused BLASTn/DIAMOND result for this gene							infected_diet33_vs50	Infected diet 50	4.67728268470403	0.016862824010053786
LOC126326544	NW_026062344.1	uncharacterized LOC126326544	protein_coding	Diet in infected	Infected 33 vs 50	Downregulated	Not in the frozen focused origin-audit subset			No focused BLASTn/DIAMOND result for this gene							infected_diet33_vs50	Infected diet 50	5.050551499496654	0.016862824010053786
LOC126316693	NW_026061985.1	OTU domain-containing protein 5-A-like	protein_coding	Diet in infected	Infected 33 vs 50	Downregulated	Not in the frozen focused origin-audit subset			No focused BLASTn/DIAMOND result for this gene							infected_diet33_vs50	Infected diet 50	5.145094531374582	0.01688012499775923
LOC126305012	NW_026061743.1	ras GTPase-activating-like protein rgaA	protein_coding	Diet in infected	Infected 33 vs 50	Downregulated	Not in the frozen focused origin-audit subset			No focused BLASTn/DIAMOND result for this gene							infected_diet33_vs50	Infected diet 50	4.629938156757403	0.01689468553092335
LOC126324057	NW_026062244.1	60S ribosomal protein L13a-like	protein_coding	Diet in infected	Infected 33 vs 50	Downregulated	Not in the frozen focused origin-audit subset			No focused BLASTn/DIAMOND result for this gene							infected_diet33_vs50	Infected diet 50	4.947645109592864	0.01689468553092335
LOC126317116	NW_026062009.1	transaldolase-like	protein_coding	Diet in infected	Infected 33 vs 50	Downregulated	Not in the frozen focused origin-audit subset			No focused BLASTn/DIAMOND result for this gene							infected_diet33_vs50	Infected diet 50	5.515965278345651	0.016910306500753265
LOC126332178	NW_026062732.1	uncharacterized LOC126332178	protein_coding	Diet in infected	Infected 33 vs 50	Downregulated	Not in the frozen focused origin-audit subset			No focused BLASTn/DIAMOND result for this gene							infected_diet33_vs50; infection_diet33	Control diet 33; Infected diet 50	5.580067131160709	0.016910306500753265
LOC126316692	NW_026061985.1	uncharacterized LOC126316692	lncRNA	Diet in infected	Infected 33 vs 50	Downregulated	Not in the frozen focused origin-audit subset			No focused BLASTn/DIAMOND result for this gene							infected_diet33_vs50	Infected diet 50	5.128822314268502	0.016923192839383948
LOC126318704	NW_026062059.1	uncharacterized LOC126318704	protein_coding	Diet in infected	Infected 33 vs 50	Downregulated	Not in the frozen focused origin-audit subset			No focused BLASTn/DIAMOND result for this gene							infected_diet33_vs50	Infected diet 50	4.710597178824626	0.016923192839383948
LOC126313401	NW_026061886.1	villin-1-like	protein_coding	Diet in infected	Infected 33 vs 50	Downregulated	Not in the frozen focused origin-audit subset			No focused BLASTn/DIAMOND result for this gene							infected_diet33_vs50	Infected diet 50	4.901406546254458	0.016954009454829055
LOC126313342	NW_026061886.1	uncharacterized LOC126313342	protein_coding	Diet in infected	Infected 33 vs 50	Downregulated	Not in the frozen focused origin-audit subset			No focused BLASTn/DIAMOND result for this gene							infected_diet33_vs50	Infected diet 50	5.4504908479330005	0.016964525639922373
LOC126314429	NW_026061953.1	uncharacterized LOC126314429	protein_coding	Diet in infected	Infected 33 vs 50	Downregulated	Not in the frozen focused origin-audit subset			No focused BLASTn/DIAMOND result for this gene							infected_diet33_vs50	Infected diet 50	5.174725432077485	0.016964525639922373
LOC126318680	NW_026062059.1	tRNA pseudouridine(38/39) synthase-like	protein_coding	Diet in infected	Infected 33 vs 50	Downregulated	Not in the frozen focused origin-audit subset			No focused BLASTn/DIAMOND result for this gene							infected_diet33_vs50	Infected diet 50	5.199540369919873	0.016964525639922373
LOC126323784	NW_026062229.1	U3 small nucleolar RNA-associated protein 15 homolog	protein_coding	Diet in infected	Infected 33 vs 50	Downregulated	Not in the frozen focused origin-audit subset			No focused BLASTn/DIAMOND result for this gene							infected_diet33_vs50	Infected diet 50	5.274869324537116	0.016964525639922373
LOC126325535	NW_026062282.1	ras-related protein Rap-1-like	protein_coding	Diet in infected	Infected 33 vs 50	Downregulated	Not in the frozen focused origin-audit subset			No focused BLASTn/DIAMOND result for this gene							infected_diet33_vs50	Infected diet 50	5.045170730602255	0.01715703821257544
LOC126323724	NW_026062229.1	ubiquitin carboxyl-terminal hydrolase 33-like	protein_coding	Diet in infected	Infected 33 vs 50	Downregulated	Not in the frozen focused origin-audit subset			No focused BLASTn/DIAMOND result for this gene							infected_diet33_vs50	Infected diet 50	5.143302428022641	0.01718033824994371
LOC126318221	NW_026062043.1	coiled-coil domain-containing protein 22-like	protein_coding	Diet in infected	Infected 33 vs 50	Downregulated	Not in the frozen focused origin-audit subset			No focused BLASTn/DIAMOND result for this gene							infected_diet33_vs50	Infected diet 50	5.058359588017729	0.01719393314992929
LOC126325533	NW_026062282.1	uncharacterized LOC126325533	lncRNA	Diet in infected	Infected 33 vs 50	Downregulated	Not in the frozen focused origin-audit subset			No focused BLASTn/DIAMOND result for this gene							infected_diet33_vs50	Infected diet 50	5.133976352084174	0.01719458951006277
LOC126329591	NW_026062521.1	uncharacterized LOC126329591	protein_coding	Diet in infected	Infected 33 vs 50	Downregulated	Not in the frozen focused origin-audit subset			No focused BLASTn/DIAMOND result for this gene							infected_diet33_vs50	Infected diet 50	5.337814311138537	0.017231791838802503
LOC126314431	NW_026061953.1	gamma-tubulin complex component 2-like	protein_coding	Diet in infected	Infected 33 vs 50	Downregulated	Not in the frozen focused origin-audit subset			No focused BLASTn/DIAMOND result for this gene							infected_diet33_vs50	Infected diet 50	5.197515217315435	0.01725762680836194
LOC126322401	NW_026062176.1	eukaryotic translation initiation factor 3 subunit L-like	protein_coding	Diet in infected	Infected 33 vs 50	Downregulated	Not in the frozen focused origin-audit subset			No focused BLASTn/DIAMOND result for this gene							infected_diet33_vs50	Infected diet 50	5.261349670620352	0.0172837350715532
LOC126319943	NW_026062071.1	uncharacterized LOC126319943	protein_coding	Diet in infected	Infected 33 vs 50	Downregulated	Not in the frozen focused origin-audit subset			No focused BLASTn/DIAMOND result for this gene							infected_diet33_vs50	Infected diet 50	4.768822077520206	0.017288881794163755
LOC126324543	NW_026062249.1	anaphase-promoting complex subunit 5-like	protein_coding	Diet in infected	Infected 33 vs 50	Downregulated	Not in the frozen focused origin-audit subset			No focused BLASTn/DIAMOND result for this gene							infected_diet33_vs50	Infected diet 50	5.236043598953617	0.01736597610234855
LOC126316425	NW_026061974.1	conserved oligomeric Golgi complex subunit 6-like	protein_coding	Diet in infected	Infected 33 vs 50	Downregulated	Not in the frozen focused origin-audit subset			No focused BLASTn/DIAMOND result for this gene							infected_diet33_vs50	Infected diet 50	5.2733731344190895	0.017386477231604174
LOC126316952	NW_026062003.1	40S ribosomal protein S15-like	protein_coding	Diet in infected	Infected 33 vs 50	Downregulated	Not in the frozen focused origin-audit subset			No focused BLASTn/DIAMOND result for this gene							infected_diet33_vs50	Infected diet 50	4.947325751424289	0.017386477231604174
LOC126325868	NW_026062299.1	5'-3' exoribonuclease 1-like	protein_coding	Diet in infected	Infected 33 vs 50	Downregulated	Not in the frozen focused origin-audit subset			No focused BLASTn/DIAMOND result for this gene							infected_diet33_vs50	Infected diet 50	4.947162676597568	0.017386477231604174
LOC126326033	NW_026062315.1	uncharacterized LOC126326033	protein_coding	Diet in infected	Infected 33 vs 50	Downregulated	Not in the frozen focused origin-audit subset			No focused BLASTn/DIAMOND result for this gene							infected_diet33_vs50	Infected diet 50	5.687175136088029	0.017386477231604174
LOC126325503	NW_026062282.1	uncharacterized LOC126325503	protein_coding	Diet in infected	Infected 33 vs 50	Downregulated	Not in the frozen focused origin-audit subset			No focused BLASTn/DIAMOND result for this gene							infected_diet33_vs50	Infected diet 50	4.900576821503654	0.01740077483022263
LOC126318231	NW_026062043.1	uncharacterized LOC126318231	protein_coding	Diet in infected	Infected 33 vs 50	Downregulated	Not in the frozen focused origin-audit subset			No focused BLASTn/DIAMOND result for this gene							infected_diet33_vs50	Infected diet 50	5.2335118925799495	0.017421383967540595
LOC126326199	NW_026062331.1	rho GTPase-activating protein 39-like	protein_coding	Diet in infected	Infected 33 vs 50	Downregulated	Not in the frozen focused origin-audit subset			No focused BLASTn/DIAMOND result for this gene							infected_diet33_vs50	Infected diet 50	5.122653606036409	0.017421383967540595
LOC126329066	NW_026062491.1	uncharacterized LOC126329066	protein_coding	Diet in infected	Infected 33 vs 50	Downregulated	Not in the frozen focused origin-audit subset			No focused BLASTn/DIAMOND result for this gene							infected_diet33_vs50	Infected diet 50	5.095473791971609	0.017421383967540595
LOC126330062	NW_026062566.1	UBX domain-containing protein 7	protein_coding	Diet in infected	Infected 33 vs 50	Downregulated	Not in the frozen focused origin-audit subset			No focused BLASTn/DIAMOND result for this gene							infected_diet33_vs50	Infected diet 50	5.247012148257047	0.017421383967540595
LOC126319941	NW_026062071.1	replication stress response regulator SDE2-like	protein_coding	Diet in infected	Infected 33 vs 50	Downregulated	Not in the frozen focused origin-audit subset			No focused BLASTn/DIAMOND result for this gene							infected_diet33_vs50	Infected diet 50	4.852943725177306	0.017439104211768825
LOC126328211	NW_026062445.1	uncharacterized LOC126328211	protein_coding	Diet in infected	Infected 33 vs 50	Downregulated	Not in the frozen focused origin-audit subset			No focused BLASTn/DIAMOND result for this gene							infected_diet33_vs50	Infected diet 50	5.526186088871916	0.017439104211768825
LOC126313314	NW_026061886.1	uncharacterized LOC126313314	protein_coding	Diet in infected	Infected 33 vs 50	Downregulated	Not in the frozen focused origin-audit subset			No focused BLASTn/DIAMOND result for this gene							infected_diet33_vs50	Infected diet 50	4.995478826199294	0.017536263860095106
LOC126316463	NW_026061974.1	FERM domain-containing protein 8-like	protein_coding	Diet in infected	Infected 33 vs 50	Downregulated	Not in the frozen focused origin-audit subset			No focused BLASTn/DIAMOND result for this gene							infected_diet33_vs50	Infected diet 50	5.297371211383574	0.017536263860095106
LOC126323731	NW_026062229.1	mannose-1-phosphate guanyltransferase alpha-like	protein_coding	Diet in infected	Infected 33 vs 50	Downregulated	Not in the frozen focused origin-audit subset			No focused BLASTn/DIAMOND result for this gene							infected_diet33_vs50	Infected diet 50	5.3807697873557725	0.017536263860095106
LOC126326196	NW_026062331.1	retinal-specific phospholipid-transporting ATPase ABCA4-like	protein_coding	Diet in infected	Infected 33 vs 50	Downregulated	Not in the frozen focused origin-audit subset			No focused BLASTn/DIAMOND result for this gene							infected_diet33_vs50	Infected diet 50	5.129308871796096	0.017572018610853536
LOC126325950	NW_026062302.1	activator of 90 kDa heat shock protein ATPase homolog	protein_coding	Diet in infected	Infected 33 vs 50	Downregulated	Not in the frozen focused origin-audit subset			No focused BLASTn/DIAMOND result for this gene							infected_diet33_vs50	Infected diet 50	4.8396752572313035	0.017576977365825062
LOC126315290	NW_026061960.1	uncharacterized LOC126315290	protein_coding	Diet in infected	Infected 33 vs 50	Downregulated	Not in the frozen focused origin-audit subset			No focused BLASTn/DIAMOND result for this gene							infected_diet33_vs50	Infected diet 50	5.817589936309332	0.017584925416717193
LOC126323747	NW_026062229.1	uncharacterized LOC126323747	lncRNA	Diet in infected	Infected 33 vs 50	Downregulated	Not in the frozen focused origin-audit subset			No focused BLASTn/DIAMOND result for this gene							infected_diet33_vs50; infection_diet33	Control diet 33; Infected diet 50	5.395943244866435	0.017584925416717193
LOC126318627	NW_026062056.1	uncharacterized LOC126318627	protein_coding	Diet in infected	Infected 33 vs 50	Downregulated	Not in the frozen focused origin-audit subset			No focused BLASTn/DIAMOND result for this gene							infected_diet33_vs50; infection_diet33	Control diet 33; Infected diet 50	4.98177483019583	0.01765305363960261
LOC126326245	NW_026062332.1	T-complex protein 1 subunit eta-like	protein_coding	Diet in infected	Infected 33 vs 50	Downregulated	Not in the frozen focused origin-audit subset			No focused BLASTn/DIAMOND result for this gene							infected_diet33_vs50	Infected diet 50	5.021697248846055	0.01765305363960261
LOC126314425	NW_026061953.1	uncharacterized LOC126314425	lncRNA	Diet in infected	Infected 33 vs 50	Downregulated	Not in the frozen focused origin-audit subset			No focused BLASTn/DIAMOND result for this gene							infected_diet33_vs50	Infected diet 50	5.272554795149131	0.01765592149339295
LOC126314451	NW_026061953.1	uncharacterized LOC126314451	protein_coding	Diet in infected	Infected 33 vs 50	Downregulated	Not in the frozen focused origin-audit subset			No focused BLASTn/DIAMOND result for this gene							infected_diet33_vs50	Infected diet 50	4.983620168776191	0.01765592149339295
LOC126316777	NW_026061988.1	probable cyclin-dependent kinase 8	protein_coding	Diet in infected	Infected 33 vs 50	Downregulated	Not in the frozen focused origin-audit subset			No focused BLASTn/DIAMOND result for this gene							infected_diet33_vs50	Infected diet 50	5.208132644325738	0.017671185751941463
LOC126329998	NW_026062553.1	osteoclast-stimulating factor 1-like	protein_coding	Diet in infected	Infected 33 vs 50	Downregulated	Not in the frozen focused origin-audit subset			No focused BLASTn/DIAMOND result for this gene							infected_diet33_vs50	Infected diet 50	5.3016606268614375	0.017671185751941463
LOC126304733	NW_026061732.1	KICSTOR subunit 2-like	protein_coding	Diet in infected	Infected 33 vs 50	Downregulated	Not in the frozen focused origin-audit subset			No focused BLASTn/DIAMOND result for this gene							infected_diet33_vs50	Infected diet 50	5.138968875750305	0.017671995789260212
LOC126322681	NW_026062196.1	telomere length regulation protein TEL2 homolog	protein_coding	Diet in infected	Infected 33 vs 50	Downregulated	Not in the frozen focused origin-audit subset			No focused BLASTn/DIAMOND result for this gene							infected_diet33_vs50	Infected diet 50	5.511052527790361	0.017673054891724663
LOC126318678	NW_026062059.1	uncharacterized LOC126318678	protein_coding	Diet in infected	Infected 33 vs 50	Downregulated	Not in the frozen focused origin-audit subset			No focused BLASTn/DIAMOND result for this gene							infected_diet33_vs50	Infected diet 50	4.918294471160597	0.017673483882159082
LOC126322679	NW_026062196.1	uncharacterized LOC126322679	protein_coding	Diet in infected	Infected 33 vs 50	Downregulated	Not in the frozen focused origin-audit subset			No focused BLASTn/DIAMOND result for this gene							infected_diet33_vs50	Infected diet 50	4.764634338404611	0.017676807236509266
LOC126305013	NW_026061743.1	SNW domain-containing protein 1-like	protein_coding	Diet in infected	Infected 33 vs 50	Downregulated	Not in the frozen focused origin-audit subset			No focused BLASTn/DIAMOND result for this gene							infected_diet33_vs50	Infected diet 50	4.92681891754492	0.017735448077681643
LOC126324478	NW_026062249.1	1-phosphatidylinositol 3-phosphate 5-kinase-like	protein_coding	Diet in infected	Infected 33 vs 50	Downregulated	Not in the frozen focused origin-audit subset			No focused BLASTn/DIAMOND result for this gene							infected_diet33_vs50	Infected diet 50	5.306639550159773	0.0177804817313767
LOC126326556	NW_026062344.1	uncharacterized LOC126326556	protein_coding	Diet in infected	Infected 33 vs 50	Downregulated	Not in the frozen focused origin-audit subset			No focused BLASTn/DIAMOND result for this gene							infected_diet33_vs50	Infected diet 50	4.9508558199402914	0.017788519756235438
LOC126315389	NW_026061960.1	116 kDa U5 small nuclear ribonucleoprotein component-like	protein_coding	Diet in infected	Infected 33 vs 50	Downregulated	Not in the frozen focused origin-audit subset			No focused BLASTn/DIAMOND result for this gene							infected_diet33_vs50; infection_diet33	Control diet 33; Infected diet 50	4.8969274593690715	0.017791837179684765
LOC126320448	NW_026062097.1	uncharacterized LOC126320448	protein_coding	Diet in infected	Infected 33 vs 50	Downregulated	Not in the frozen focused origin-audit subset			No focused BLASTn/DIAMOND result for this gene							infected_diet33_vs50	Infected diet 50	5.045038953155937	0.017791837179684765
LOC126322567	NW_026062185.1	type-1 histone deacetylase 1-like	protein_coding	Diet in infected	Infected 33 vs 50	Downregulated	Not in the frozen focused origin-audit subset			No focused BLASTn/DIAMOND result for this gene							infected_diet33_vs50	Infected diet 50	5.298334344018508	0.017791837179684765
LOC126329588	NW_026062521.1	ribose-phosphate pyrophosphokinase A-like	protein_coding	Diet in infected	Infected 33 vs 50	Downregulated	Not in the frozen focused origin-audit subset			No focused BLASTn/DIAMOND result for this gene							infected_diet33_vs50	Infected diet 50	5.94842011490795	0.017791837179684765
LOC126322725	NW_026062196.1	DNA mismatch repair protein Mlh1-like	protein_coding	Diet in infected	Infected 33 vs 50	Downregulated	Not in the frozen focused origin-audit subset			No focused BLASTn/DIAMOND result for this gene							infected_diet33_vs50	Infected diet 50	5.082921929716216	0.017854482947097034
LOC126323280	NW_026062217.1	uncharacterized LOC126323280	protein_coding	Diet in infected	Infected 33 vs 50	Downregulated	Not in the frozen focused origin-audit subset			No focused BLASTn/DIAMOND result for this gene							infected_diet33_vs50; infection_diet33	Control diet 33; Infected diet 50	5.547274844472644	0.017854482947097034
LOC126324064	NW_026062244.1	GTP-binding protein 4-like	protein_coding	Diet in infected	Infected 33 vs 50	Downregulated	Not in the frozen focused origin-audit subset			No focused BLASTn/DIAMOND result for this gene							infected_diet33_vs50	Infected diet 50	5.005358388518018	0.017854482947097034
LOC126325931	NW_026062302.1	uncharacterized LOC126325931	protein_coding	Diet in infected	Infected 33 vs 50	Downregulated	Not in the frozen focused origin-audit subset			No focused BLASTn/DIAMOND result for this gene							infected_diet33_vs50	Infected diet 50	4.731602848360436	0.017854482947097034
LOC126322686	NW_026062196.1	50S ribosomal protein L17-like	protein_coding	Diet in infected	Infected 33 vs 50	Downregulated	Not in the frozen focused origin-audit subset			No focused BLASTn/DIAMOND result for this gene							infected_diet33_vs50	Infected diet 50	4.957458055762858	0.017903593542633593
LOC126327196	NW_026062374.1	phosphoglucosamine mutase-like	protein_coding	Diet in infected	Infected 33 vs 50	Downregulated	Not in the frozen focused origin-audit subset			No focused BLASTn/DIAMOND result for this gene							infected_diet33_vs50	Infected diet 50	5.134567025315854	0.017903593542633593
LOC126317458	NW_026062018.1	uncharacterized LOC126317458	protein_coding	Diet in infected	Infected 33 vs 50	Downregulated	Not in the frozen focused origin-audit subset			No focused BLASTn/DIAMOND result for this gene							infected_diet33_vs50	Infected diet 50	5.163637357595384	0.017957503145588284
LOC126325826	NW_026062299.1	exportin-7-like	protein_coding	Diet in infected	Infected 33 vs 50	Downregulated	Not in the frozen focused origin-audit subset			No focused BLASTn/DIAMOND result for this gene							infected_diet33_vs50; infection_diet33	Control diet 33; Infected diet 50	5.268798204515795	0.017957503145588284
LOC126309709	NW_026061824.1	uncharacterized LOC126309709	lncRNA	Infection within diet	Diet 50: infected vs control	Upregulated	Not in the frozen focused origin-audit subset			No focused BLASTn/DIAMOND result for this gene							infection_average_all_diets	Average infected	1.309782490451967	0.01816587464457133
LOC126315383	NW_026061960.1	coatomer subunit delta-like	protein_coding	Diet in infected	Infected 33 vs 50	Downregulated	Not in the frozen focused origin-audit subset			No focused BLASTn/DIAMOND result for this gene							infected_diet33_vs50	Infected diet 50	5.257709133907284	0.018167275788944583
LOC126304754	NW_026061732.1	LIM domain-containing protein B-like	protein_coding	Diet in infected	Infected 33 vs 50	Downregulated	Not in the frozen focused origin-audit subset			No focused BLASTn/DIAMOND result for this gene							infected_diet33_vs50	Infected diet 50	5.788467897423274	0.018171847565112288
LOC126327199	NW_026062374.1	diacylglycerol kinase 1-like	protein_coding	Diet in infected	Infected 33 vs 50	Downregulated	Not in the frozen focused origin-audit subset			No focused BLASTn/DIAMOND result for this gene							infected_diet33_vs50	Infected diet 50	5.006698446815933	0.01818343632677709
LOC126315332	NW_026061960.1	uncharacterized LOC126315332	protein_coding	Diet in infected	Infected 33 vs 50	Downregulated	Not in the frozen focused origin-audit subset			No focused BLASTn/DIAMOND result for this gene							infected_diet33_vs50	Infected diet 50	5.486584871341333	0.01822317751674951
LOC126323778	NW_026062229.1	putative ribosomal RNA large subunit methyltransferase YwbD	protein_coding	Diet in infected	Infected 33 vs 50	Downregulated	Not in the frozen focused origin-audit subset			No focused BLASTn/DIAMOND result for this gene							infected_diet33_vs50	Infected diet 50	5.050227663117518	0.01822317751674951
LOC126324023	NW_026062244.1	COP9 signalosome complex subunit 3-like	protein_coding	Diet in infected	Infected 33 vs 50	Downregulated	Not in the frozen focused origin-audit subset			No focused BLASTn/DIAMOND result for this gene							infected_diet33_vs50	Infected diet 50	5.002848245067574	0.01822317751674951
LOC126326065	NW_026062315.1	uncharacterized LOC126326065	protein_coding	Diet in infected	Infected 33 vs 50	Downregulated	Not in the frozen focused origin-audit subset			No focused BLASTn/DIAMOND result for this gene							infected_diet33_vs50	Infected diet 50	5.096529041744981	0.01822317751674951
LOC126323245	NW_026062217.1	RRP15-like protein	protein_coding	Diet in infected	Infected 33 vs 50	Downregulated	Not in the frozen focused origin-audit subset			No focused BLASTn/DIAMOND result for this gene							infected_diet33_vs50	Infected diet 50	5.462924366830252	0.01826861543685605
LOC126319958	NW_026062071.1	uncharacterized LOC126319958	protein_coding	Diet in infected	Infected 33 vs 50	Downregulated	Not in the frozen focused origin-audit subset			No focused BLASTn/DIAMOND result for this gene							infected_diet33_vs50	Infected diet 50	4.7637608438828325	0.018300679433169893
LOC126322539	NW_026062185.1	uncharacterized LOC126322539	protein_coding	Diet in infected	Infected 33 vs 50	Downregulated	Not in the frozen focused origin-audit subset			No focused BLASTn/DIAMOND result for this gene							infected_diet33_vs50	Infected diet 50	4.866907250819067	0.01836572825832815
LOC126322389	NW_026062176.1	uncharacterized LOC126322389	protein_coding	Diet in infected	Infected 33 vs 50	Downregulated	Not in the frozen focused origin-audit subset			No focused BLASTn/DIAMOND result for this gene							infected_diet33_vs50	Infected diet 50	5.327033206710212	0.01839793462451617
LOC126325871	NW_026062299.1	DNA polymerase alpha catalytic subunit-like	protein_coding	Diet in infected	Infected 33 vs 50	Downregulated	Not in the frozen focused origin-audit subset			No focused BLASTn/DIAMOND result for this gene							infected_diet33_vs50; infection_diet33	Control diet 33; Infected diet 50	4.931278869364991	0.018513024055790535
LOC126329996	NW_026062553.1	cell division control protein 45 homolog	protein_coding	Diet in infected	Infected 33 vs 50	Downregulated	Not in the frozen focused origin-audit subset			No focused BLASTn/DIAMOND result for this gene							infected_diet33_vs50	Infected diet 50	5.2281743527192726	0.018513024055790535
LOC126328221	NW_026062445.1	protein spalten-like	protein_coding	Diet in infected	Infected 33 vs 50	Downregulated	Not in the frozen focused origin-audit subset			No focused BLASTn/DIAMOND result for this gene							infected_diet33_vs50	Infected diet 50	5.027788949450667	0.018570475706615713
LOC126330079	NW_026062566.1	uncharacterized LOC126330079	protein_coding	Diet in infected	Infected 33 vs 50	Downregulated	Not in the frozen focused origin-audit subset			No focused BLASTn/DIAMOND result for this gene							infected_diet33_vs50	Infected diet 50	4.872895800869586	0.018570475706615713
LOC126304709	NW_026061732.1	phosphatidylinositol-glycan biosynthesis class W protein-like	protein_coding	Diet in infected	Infected 33 vs 50	Downregulated	Not in the frozen focused origin-audit subset			No focused BLASTn/DIAMOND result for this gene							infected_diet33_vs50	Infected diet 50	5.137518802587155	0.018734788460428076
LOC126318222	NW_026062043.1	uncharacterized LOC126318222	protein_coding	Diet in infected	Infected 33 vs 50	Downregulated	Not in the frozen focused origin-audit subset			No focused BLASTn/DIAMOND result for this gene							infected_diet33_vs50	Infected diet 50	5.623781501385812	0.01874401085544476
LOC126320369	NW_026062094.1	threonylcarbamoyl-AMP synthase-like	protein_coding	Diet in infected	Infected 33 vs 50	Downregulated	Not in the frozen focused origin-audit subset			No focused BLASTn/DIAMOND result for this gene							infected_diet33_vs50	Infected diet 50	5.168091672949132	0.018793921231013245
LOC126328066	NW_026062425.1	syntaxin-like	protein_coding	Diet in infected	Infected 33 vs 50	Downregulated	Not in the frozen focused origin-audit subset			No focused BLASTn/DIAMOND result for this gene							infected_diet33_vs50	Infected diet 50	4.938250249136613	0.018832161661945197
LOC126316965	NW_026062003.1	tRNA (guanine-N(7)-)-methyltransferase-like	protein_coding	Diet in infected	Infected 33 vs 50	Downregulated	Not in the frozen focused origin-audit subset			No focused BLASTn/DIAMOND result for this gene							infected_diet33_vs50	Infected diet 50	5.169341328928778	0.018846854141924992
LOC126323898	NW_026062236.1	uncharacterized LOC126323898	lncRNA	Diet in infected	Infected 33 vs 50	Downregulated	Not in the frozen focused origin-audit subset			No focused BLASTn/DIAMOND result for this gene							infected_diet33_vs50	Infected diet 50	5.102137738346562	0.018906203890989643
LOC126316696	NW_026061985.1	fumarate hydratase class II 1-like	protein_coding	Diet in infected	Infected 33 vs 50	Downregulated	Not in the frozen focused origin-audit subset			No focused BLASTn/DIAMOND result for this gene							infected_diet33_vs50	Infected diet 50	5.146100312007155	0.018906574369716187
LOC126317457	NW_026062018.1	elongation factor-like GTPase 1	protein_coding	Diet in infected	Infected 33 vs 50	Downregulated	Not in the frozen focused origin-audit subset			No focused BLASTn/DIAMOND result for this gene							infected_diet33_vs50	Infected diet 50	5.057774544204465	0.018906574369716187
LOC126326081	NW_026062315.1	uncharacterized LOC126326081	protein_coding	Diet in infected	Infected 33 vs 50	Downregulated	Not in the frozen focused origin-audit subset			No focused BLASTn/DIAMOND result for this gene							infected_diet33_vs50	Infected diet 50	4.69977817990103	0.018906574369716187
LOC126316461	NW_026061974.1	prefoldin subunit 2-like	protein_coding	Diet in infected	Infected 33 vs 50	Downregulated	Not in the frozen focused origin-audit subset			No focused BLASTn/DIAMOND result for this gene							infected_diet33_vs50	Infected diet 50	5.022924900639816	0.018946988977147687
LOC126322425	NW_026062176.1	vacuolar protein-sorting-associated protein 36-like	protein_coding	Diet in infected	Infected 33 vs 50	Downregulated	Not in the frozen focused origin-audit subset			No focused BLASTn/DIAMOND result for this gene							infected_diet33_vs50	Infected diet 50	5.419074490149665	0.018980695933455503
LOC126329087	NW_026062491.1	V-type proton ATPase subunit H-like	protein_coding	Diet in infected	Infected 33 vs 50	Downregulated	Not in the frozen focused origin-audit subset			No focused BLASTn/DIAMOND result for this gene							infected_diet33_vs50	Infected diet 50	5.141791239312074	0.018999238528934155
LOC126314414	NW_026061953.1	WD repeat and HMG-box DNA-binding protein 1-like	protein_coding	Diet in infected	Infected 33 vs 50	Downregulated	Not in the frozen focused origin-audit subset			No focused BLASTn/DIAMOND result for this gene							infected_diet33_vs50	Infected diet 50	5.202235614725358	0.01902117186320388
LOC126314455	NW_026061953.1	uncharacterized LOC126314455	protein_coding	Diet in infected	Infected 33 vs 50	Downregulated	Not in the frozen focused origin-audit subset			No focused BLASTn/DIAMOND result for this gene							infected_diet33_vs50	Infected diet 50	4.963369755869585	0.019041056709412453
LOC126318324	NW_026062048.1	protein tipD-like	protein_coding	Diet in infected	Infected 33 vs 50	Downregulated	Not in the frozen focused origin-audit subset			No focused BLASTn/DIAMOND result for this gene							infected_diet33_vs50	Infected diet 50	5.217204700463149	0.019041056709412453
LOC126322552	NW_026062185.1	probable enoyl-CoA hydratase, mitochondrial	protein_coding	Diet in infected	Infected 33 vs 50	Downregulated	Not in the frozen focused origin-audit subset			No focused BLASTn/DIAMOND result for this gene							infected_diet33_vs50	Infected diet 50	5.343294327782201	0.019041056709412453
LOC126326122	NW_026062325.1	guanylate-binding protein 4-like	protein_coding	Diet in infected	Infected 33 vs 50	Downregulated	Not in the frozen focused origin-audit subset			No focused BLASTn/DIAMOND result for this gene							infected_diet33_vs50	Infected diet 50	5.119538224834236	0.019041056709412453
LOC126325849	NW_026062299.1	probable serine/threonine-protein kinase DDB_G0278665	protein_coding	Diet in infected	Infected 33 vs 50	Downregulated	Not in the frozen focused origin-audit subset			No focused BLASTn/DIAMOND result for this gene							infected_diet33_vs50	Infected diet 50	4.849607620519167	0.019047870323414547
LOC126305008	NW_026061743.1	probable mitochondrial 2-oxodicarboxylate carrier	protein_coding	Diet in infected	Infected 33 vs 50	Downregulated	Not in the frozen focused origin-audit subset			No focused BLASTn/DIAMOND result for this gene							infected_diet33_vs50	Infected diet 50	4.788885067974324	0.019065352746664772
LOC126315442	NW_026061960.1	uncharacterized LOC126315442	protein_coding	Diet in infected	Infected 33 vs 50	Downregulated	Not in the frozen focused origin-audit subset			No focused BLASTn/DIAMOND result for this gene							infected_diet33_vs50; infection_diet33	Control diet 33; Infected diet 50	5.198932984944068	0.019071323887737447
LOC126317079	NW_026062009.1	U1 small nuclear ribonucleoprotein A-like	protein_coding	Diet in infected	Infected 33 vs 50	Downregulated	Not in the frozen focused origin-audit subset			No focused BLASTn/DIAMOND result for this gene							infected_diet33_vs50	Infected diet 50	5.595644858714815	0.019071323887737447
LOC126320437	NW_026062097.1	dedicator of cytokinesis protein 8-like	protein_coding	Diet in infected	Infected 33 vs 50	Downregulated	Not in the frozen focused origin-audit subset			No focused BLASTn/DIAMOND result for this gene							infected_diet33_vs50	Infected diet 50	4.608632505638441	0.019071323887737447
LOC126323741	NW_026062229.1	son of sevenless homolog	protein_coding	Diet in infected	Infected 33 vs 50	Downregulated	Not in the frozen focused origin-audit subset			No focused BLASTn/DIAMOND result for this gene							infected_diet33_vs50	Infected diet 50	4.991201906575615	0.019071323887737447
LOC126318207	NW_026062043.1	uncharacterized LOC126318207	protein_coding	Diet in infected	Infected 33 vs 50	Downregulated	Not in the frozen focused origin-audit subset			No focused BLASTn/DIAMOND result for this gene							infected_diet33_vs50	Infected diet 50	4.946545170069204	0.01908395072498432
LOC126320749	NW_026062120.1	uncharacterized LOC126320749	protein_coding	Diet in infected	Infected 33 vs 50	Downregulated	Not in the frozen focused origin-audit subset			No focused BLASTn/DIAMOND result for this gene							infected_diet33_vs50; infection_diet33	Control diet 33; Infected diet 50	5.072941900467912	0.01908395072498432
LOC126323735	NW_026062229.1	nonsense-mediated mRNA decay factor SMG9-like	protein_coding	Diet in infected	Infected 33 vs 50	Downregulated	Not in the frozen focused origin-audit subset			No focused BLASTn/DIAMOND result for this gene							infected_diet33_vs50	Infected diet 50	5.565349042661404	0.01908395072498432
LOC126332396	NW_026062747.1	uncharacterized LOC126332396	protein_coding	Diet in infected	Infected 33 vs 50	Downregulated	Not in the frozen focused origin-audit subset			No focused BLASTn/DIAMOND result for this gene							infected_diet33_vs50	Infected diet 50	5.043694983787616	0.01908395072498432
LOC126318331	NW_026062048.1	uncharacterized LOC126318331	protein_coding	Diet in infected	Infected 33 vs 50	Downregulated	Not in the frozen focused origin-audit subset			No focused BLASTn/DIAMOND result for this gene							infected_diet33_vs50	Infected diet 50	5.21628749246159	0.01914735542243703
LOC126320472	NW_026062097.1	uncharacterized LOC126320472	protein_coding	Diet in infected	Infected 33 vs 50	Downregulated	Not in the frozen focused origin-audit subset			No focused BLASTn/DIAMOND result for this gene							infected_diet33_vs50	Infected diet 50	5.25946062910132	0.01914735542243703
LOC126304652	NW_026061732.1	rho-related protein racB-like	protein_coding	Diet in infected	Infected 33 vs 50	Downregulated	Not in the frozen focused origin-audit subset			No focused BLASTn/DIAMOND result for this gene							infected_diet33_vs50	Infected diet 50	5.034415504935578	0.019182515398218834
LOC126326232	NW_026062332.1	CCR4-NOT transcription complex subunit 11-like	protein_coding	Diet in infected	Infected 33 vs 50	Downregulated	Not in the frozen focused origin-audit subset			No focused BLASTn/DIAMOND result for this gene							infected_diet33_vs50	Infected diet 50	5.401425335961785	0.019214773338036825
LOC126320564	NW_026062105.1	epidermal growth factor receptor substrate 15 homolog	protein_coding	Diet in infected	Infected 33 vs 50	Downregulated	Not in the frozen focused origin-audit subset			No focused BLASTn/DIAMOND result for this gene							infected_diet33_vs50	Infected diet 50	5.039897427198641	0.01923422160498556
LOC126326597	NW_026062344.1	uncharacterized LOC126326597	protein_coding	Diet in infected	Infected 33 vs 50	Downregulated	Not in the frozen focused origin-audit subset			No focused BLASTn/DIAMOND result for this gene							infected_diet33_vs50	Infected diet 50	5.16566745820682	0.019235528757696813
LOC126325799	NW_026062299.1	2-Hydroxyacid oxidase-like	protein_coding	Diet in infected	Infected 33 vs 50	Downregulated	Not in the frozen focused origin-audit subset			No focused BLASTn/DIAMOND result for this gene							infected_diet33_vs50	Infected diet 50	5.19461643532665	0.0192466504190758
LOC126316746	NW_026061988.1	uncharacterized LOC126316746	protein_coding	Diet in infected	Infected 33 vs 50	Downregulated	Not in the frozen focused origin-audit subset			No focused BLASTn/DIAMOND result for this gene							infected_diet33_vs50	Infected diet 50	4.635727279593685	0.019304836229189114
LOC126325540	NW_026062282.1	signal recognition particle receptor subunit alpha-like	protein_coding	Diet in infected	Infected 33 vs 50	Downregulated	Not in the frozen focused origin-audit subset			No focused BLASTn/DIAMOND result for this gene							infected_diet33_vs50	Infected diet 50	4.827738250828456	0.019307324957258228
LOC126318619	NW_026062056.1	uncharacterized LOC126318619	protein_coding	Diet in infected	Infected 33 vs 50	Downregulated	Not in the frozen focused origin-audit subset			No focused BLASTn/DIAMOND result for this gene							infected_diet33_vs50	Infected diet 50	4.841561374083541	0.019382586347970094
LOC126322533	NW_026062185.1	uncharacterized LOC126322533	protein_coding	Diet in infected	Infected 33 vs 50	Downregulated	Not in the frozen focused origin-audit subset			No focused BLASTn/DIAMOND result for this gene							infected_diet33_vs50	Infected diet 50	5.360104820634254	0.019445197382985713
LOC126315345	NW_026061960.1	uncharacterized LOC126315345	protein_coding	Diet in infected	Infected 33 vs 50	Downregulated	Not in the frozen focused origin-audit subset			No focused BLASTn/DIAMOND result for this gene							infected_diet33_vs50	Infected diet 50	5.068244834270993	0.019476449518292766
LOC126315303	NW_026061960.1	uridine phosphorylase-like	protein_coding	Diet in infected	Infected 33 vs 50	Downregulated	Not in the frozen focused origin-audit subset			No focused BLASTn/DIAMOND result for this gene							infected_diet33_vs50	Infected diet 50	5.373845654334111	0.019488447396400252
LOC126315311	NW_026061960.1	dihydrolipoyllysine-residue acetyltransferase component of pyruvate dehydrogenase complex, mitochondrial-like	protein_coding	Diet in infected	Infected 33 vs 50	Downregulated	Not in the frozen focused origin-audit subset			No focused BLASTn/DIAMOND result for this gene							infected_diet33_vs50	Infected diet 50	4.974685500550753	0.01951960119159328
LOC126322580	NW_026062185.1	uncharacterized LOC126322580	protein_coding	Diet in infected	Infected 33 vs 50	Downregulated	Not in the frozen focused origin-audit subset			No focused BLASTn/DIAMOND result for this gene							infected_diet33_vs50	Infected diet 50	5.549516429616901	0.01957944943464286
LOC126322613	NW_026062185.1	uncharacterized LOC126322613	protein_coding	Diet in infected	Infected 33 vs 50	Downregulated	Not in the frozen focused origin-audit subset			No focused BLASTn/DIAMOND result for this gene							infected_diet33_vs50	Infected diet 50	4.663291980591726	0.01957944943464286
LOC126319859	NW_026062071.1	palmitoyltransferase ZDHHC18-like	protein_coding	Diet in infected	Infected 33 vs 50	Downregulated	Not in the frozen focused origin-audit subset			No focused BLASTn/DIAMOND result for this gene							infected_diet33_vs50	Infected diet 50	5.392045213471764	0.01962394166957333
LOC126316727	NW_026061988.1	uncharacterized LOC126316727	protein_coding	Diet in infected	Infected 33 vs 50	Downregulated	Not in the frozen focused origin-audit subset			No focused BLASTn/DIAMOND result for this gene							infected_diet33_vs50	Infected diet 50	5.034491321314252	0.01967387936458578
LOC126319870	NW_026062071.1	uncharacterized LOC126319870	protein_coding	Diet in infected	Infected 33 vs 50	Downregulated	Not in the frozen focused origin-audit subset			No focused BLASTn/DIAMOND result for this gene							infected_diet33_vs50	Infected diet 50	5.73480701558824	0.019674426851888176
LOC126313359	NW_026061886.1	60S acidic ribosomal protein P0-like	protein_coding	Diet in infected	Infected 33 vs 50	Downregulated	Not in the frozen focused origin-audit subset			No focused BLASTn/DIAMOND result for this gene							infected_diet33_vs50; infection_diet33	Control diet 33; Infected diet 50	4.684523511444955	0.019699345031972446
LOC126316666	NW_026061985.1	protein NLRC5-like	protein_coding	Diet in infected	Infected 33 vs 50	Downregulated	Not in the frozen focused origin-audit subset			No focused BLASTn/DIAMOND result for this gene							infected_diet33_vs50	Infected diet 50	4.481248612812425	0.019702088712933902
LOC126322709	NW_026062196.1	repetitive organellar protein-like	protein_coding	Diet in infected	Infected 33 vs 50	Downregulated	Not in the frozen focused origin-audit subset			No focused BLASTn/DIAMOND result for this gene							infected_diet33_vs50	Infected diet 50	4.871361615875459	0.019713712889485153
LOC126328055	NW_026062425.1	uncharacterized LOC126328055	protein_coding	Diet in infected	Infected 33 vs 50	Downregulated	Not in the frozen focused origin-audit subset			No focused BLASTn/DIAMOND result for this gene							infected_diet33_vs50	Infected diet 50	4.88880240511783	0.019713712889485153
LOC126311211	NW_026061838.1	uncharacterized LOC126311211	protein_coding	Diet in infected	Infected 33 vs 50	Downregulated	Not in the frozen focused origin-audit subset			No focused BLASTn/DIAMOND result for this gene							infected_diet33_vs50	Infected diet 50	4.820406799795855	0.019932728004754482
LOC126320580	NW_026062105.1	uncharacterized LOC126320580	protein_coding	Diet in infected	Infected 33 vs 50	Downregulated	Not in the frozen focused origin-audit subset			No focused BLASTn/DIAMOND result for this gene							infected_diet33_vs50	Infected diet 50	5.193402729541503	0.020019502119304422
LOC126320570	NW_026062105.1	uncharacterized LOC126320570	protein_coding	Diet in infected	Infected 33 vs 50	Downregulated	Not in the frozen focused origin-audit subset			No focused BLASTn/DIAMOND result for this gene							infected_diet33_vs50	Infected diet 50	4.508973786233644	0.02004393121577381
LOC126317080	NW_026062009.1	uncharacterized LOC126317080	protein_coding	Diet in infected	Infected 33 vs 50	Downregulated	Not in the frozen focused origin-audit subset			No focused BLASTn/DIAMOND result for this gene							infected_diet33_vs50	Infected diet 50	5.527905062141734	0.020122227153666135
LOC126322720	NW_026062196.1	uncharacterized LOC126322720	protein_coding	Diet in infected	Infected 33 vs 50	Downregulated	Not in the frozen focused origin-audit subset			No focused BLASTn/DIAMOND result for this gene							infected_diet33_vs50	Infected diet 50	4.829738677028009	0.020136101382422444
LOC126316832	NW_026061988.1	uncharacterized LOC126316832	protein_coding	Diet in infected	Infected 33 vs 50	Downregulated	Not in the frozen focused origin-audit subset			No focused BLASTn/DIAMOND result for this gene							infected_diet33_vs50	Infected diet 50	4.841540090599335	0.020142743524890695
LOC126305004	NW_026061743.1	uncharacterized LOC126305004	protein_coding	Diet in infected	Infected 33 vs 50	Downregulated	Not in the frozen focused origin-audit subset			No focused BLASTn/DIAMOND result for this gene							infected_diet33_vs50	Infected diet 50	4.859169065892513	0.020204770661718646
LOC126322710	NW_026062196.1	uncharacterized LOC126322710	protein_coding	Diet in infected	Infected 33 vs 50	Downregulated	Not in the frozen focused origin-audit subset			No focused BLASTn/DIAMOND result for this gene							infected_diet33_vs50	Infected diet 50	5.070718939000705	0.020204770661718646
LOC126326572	NW_026062344.1	uncharacterized LOC126326572	protein_coding	Diet in infected	Infected 33 vs 50	Downregulated	Not in the frozen focused origin-audit subset			No focused BLASTn/DIAMOND result for this gene							infected_diet33_vs50	Infected diet 50	5.291795555754443	0.020204770661718646
LOC126316828	NW_026061988.1	uncharacterized LOC126316828	protein_coding	Diet in infected	Infected 33 vs 50	Downregulated	Not in the frozen focused origin-audit subset			No focused BLASTn/DIAMOND result for this gene							infected_diet33_vs50; infection_diet33	Control diet 33; Infected diet 50	5.427190813312514	0.020226688178544477
LOC126318334	NW_026062048.1	glycine--tRNA ligase-like	protein_coding	Diet in infected	Infected 33 vs 50	Downregulated	Not in the frozen focused origin-audit subset			No focused BLASTn/DIAMOND result for this gene							infected_diet33_vs50	Infected diet 50	4.679221836226911	0.020246019888898376
LOC126326573	NW_026062344.1	uncharacterized LOC126326573	protein_coding	Diet in infected	Infected 33 vs 50	Downregulated	Not in the frozen focused origin-audit subset			No focused BLASTn/DIAMOND result for this gene							infected_diet33_vs50	Infected diet 50	4.772810099468364	0.020246019888898376
LOC126305017	NW_026061743.1	uncharacterized LOC126305017	protein_coding	Diet in infected	Infected 33 vs 50	Downregulated	Not in the frozen focused origin-audit subset			No focused BLASTn/DIAMOND result for this gene							infected_diet33_vs50	Infected diet 50	4.672506487238263	0.020249574767093263
LOC126326058	NW_026062315.1	uncharacterized LOC126326058	lncRNA	Diet in infected	Infected 33 vs 50	Downregulated	Not in the frozen focused origin-audit subset			No focused BLASTn/DIAMOND result for this gene							infected_diet33_vs50	Infected diet 50	4.575246402248319	0.02025187204892715
LOC126313300	NW_026061886.1	cystathionine beta-synthase-like	protein_coding	Diet in infected	Infected 33 vs 50	Downregulated	Not in the frozen focused origin-audit subset			No focused BLASTn/DIAMOND result for this gene							infected_diet33_vs50	Infected diet 50	5.056346334403965	0.020324744687614926
LOC126318318	NW_026062048.1	protein MCM10 homolog	protein_coding	Diet in infected	Infected 33 vs 50	Downregulated	Not in the frozen focused origin-audit subset			No focused BLASTn/DIAMOND result for this gene							infected_diet33_vs50	Infected diet 50	5.128522719261914	0.020324744687614926
LOC126320408	NW_026062097.1	superoxide dismutase [Fe]-like	protein_coding	Diet in infected	Infected 33 vs 50	Downregulated	Not in the frozen focused origin-audit subset			No focused BLASTn/DIAMOND result for this gene							infected_diet33_vs50	Infected diet 50	4.825853212852862	0.020324744687614926
LOC126324030	NW_026062244.1	uncharacterized LOC126324030	protein_coding	Diet in infected	Infected 33 vs 50	Downregulated	Not in the frozen focused origin-audit subset			No focused BLASTn/DIAMOND result for this gene							infected_diet33_vs50	Infected diet 50	4.840300678204468	0.020324744687614926
LOC126324520	NW_026062249.1	uncharacterized LOC126324520	protein_coding	Diet in infected	Infected 33 vs 50	Downregulated	Not in the frozen focused origin-audit subset			No focused BLASTn/DIAMOND result for this gene							infected_diet33_vs50	Infected diet 50	5.1517310401952425	0.020324744687614926
LOC126324540	NW_026062249.1	probable ATP-dependent RNA helicase DDX47	protein_coding	Diet in infected	Infected 33 vs 50	Downregulated	Not in the frozen focused origin-audit subset			No focused BLASTn/DIAMOND result for this gene							infected_diet33_vs50	Infected diet 50	4.678312924475109	0.020324744687614926
LOC126329936	NW_026062549.1	T-complex protein 1 subunit zeta-like	protein_coding	Diet in infected	Infected 33 vs 50	Downregulated	Not in the frozen focused origin-audit subset			No focused BLASTn/DIAMOND result for this gene							infected_diet33_vs50	Infected diet 50	4.861237611292264	0.020324744687614926
LOC126320478	NW_026062097.1	eukaryotic translation initiation factor 2 subunit 2-like	protein_coding	Diet in infected	Infected 33 vs 50	Downregulated	Not in the frozen focused origin-audit subset			No focused BLASTn/DIAMOND result for this gene							infected_diet33_vs50	Infected diet 50	5.1909244882291645	0.02039164737142813
LOC126322404	NW_026062176.1	uncharacterized LOC126322404	protein_coding	Diet in infected	Infected 33 vs 50	Downregulated	Not in the frozen focused origin-audit subset			No focused BLASTn/DIAMOND result for this gene							infected_diet33_vs50	Infected diet 50	4.938761841261983	0.02039612701380681
LOC126320599	NW_026062105.1	presenilins-associated rhomboid-like protein, mitochondrial	protein_coding	Diet in infected	Infected 33 vs 50	Downregulated	Not in the frozen focused origin-audit subset			No focused BLASTn/DIAMOND result for this gene							infected_diet33_vs50	Infected diet 50	5.252211632030706	0.020514474638356067
LOC126334340	NW_026062990.1	exocyst complex component 6-like	protein_coding	Diet in infected	Infected 33 vs 50	Downregulated	Not in the frozen focused origin-audit subset			No focused BLASTn/DIAMOND result for this gene							infected_diet33_vs50	Infected diet 50	4.893344850825263	0.020554821527092898
LOC126317106	NW_026062009.1	uncharacterized LOC126317106	protein_coding	Diet in infected	Infected 33 vs 50	Downregulated	Not in the frozen focused origin-audit subset			No focused BLASTn/DIAMOND result for this gene							infected_diet33_vs50	Infected diet 50	5.3811870322475315	0.020570005681474084
LOC126320470	NW_026062097.1	uncharacterized LOC126320470	protein_coding	Diet in infected	Infected 33 vs 50	Downregulated	Not in the frozen focused origin-audit subset			No focused BLASTn/DIAMOND result for this gene							infected_diet33_vs50	Infected diet 50	4.891621004971696	0.020631334749748553
LOC126326527	NW_026062344.1	uncharacterized LOC126326527	protein_coding	Diet in infected	Infected 33 vs 50	Downregulated	Not in the frozen focused origin-audit subset			No focused BLASTn/DIAMOND result for this gene							infected_diet33_vs50; infection_diet33	Control diet 33; Infected diet 50	5.3867741790122405	0.020655543787134103
LOC126324510	NW_026062249.1	phosphatidylserine decarboxylase proenzyme, mitochondrial-like	protein_coding	Diet in infected	Infected 33 vs 50	Downregulated	Not in the frozen focused origin-audit subset			No focused BLASTn/DIAMOND result for this gene							infected_diet33_vs50	Infected diet 50	4.971760461389607	0.02070743072782923
LOC126325916	NW_026062302.1	methylthioribulose-1-phosphate dehydratase-like	protein_coding	Diet in infected	Infected 33 vs 50	Downregulated	Not in the frozen focused origin-audit subset			No focused BLASTn/DIAMOND result for this gene							infected_diet33_vs50	Infected diet 50	4.912182763032707	0.020793143608895514
LOC126316430	NW_026061974.1	uncharacterized LOC126316430	protein_coding	Diet in infected	Infected 33 vs 50	Downregulated	Not in the frozen focused origin-audit subset			No focused BLASTn/DIAMOND result for this gene							infected_diet33_vs50	Infected diet 50	4.581281411229167	0.0208079121276388
LOC126319992	NW_026062071.1	talin-A-like	protein_coding	Diet in infected	Infected 33 vs 50	Downregulated	Not in the frozen focused origin-audit subset			No focused BLASTn/DIAMOND result for this gene							infected_diet33_vs50	Infected diet 50	4.668390592804873	0.020825258956293675
LOC126315391	NW_026061960.1	nucleoporin SEH1-B-like	protein_coding	Diet in infected	Infected 33 vs 50	Downregulated	Not in the frozen focused origin-audit subset			No focused BLASTn/DIAMOND result for this gene							infected_diet33_vs50	Infected diet 50	5.172081441357288	0.020891526924309813
LOC126323777	NW_026062229.1	uncharacterized LOC126323777	protein_coding	Diet in infected	Infected 33 vs 50	Downregulated	Not in the frozen focused origin-audit subset			No focused BLASTn/DIAMOND result for this gene							infected_diet33_vs50	Infected diet 50	4.858478918192993	0.02093229076341094
LOC126304743	NW_026061732.1	uncharacterized LOC126304743	protein_coding	Diet in infected	Infected 33 vs 50	Downregulated	Not in the frozen focused origin-audit subset			No focused BLASTn/DIAMOND result for this gene							infected_diet33_vs50	Infected diet 50	5.120548119398035	0.0209662627643284
LOC126318650	NW_026062056.1	uncharacterized LOC126318650	protein_coding	Diet in infected	Infected 33 vs 50	Downregulated	Not in the frozen focused origin-audit subset			No focused BLASTn/DIAMOND result for this gene							infected_diet33_vs50	Infected diet 50	5.0963439374440185	0.021068255174989777
LOC126327190	NW_026062374.1	ras-related protein Rab-2B-like	protein_coding	Diet in infected	Infected 33 vs 50	Downregulated	Not in the frozen focused origin-audit subset			No focused BLASTn/DIAMOND result for this gene							infected_diet33_vs50	Infected diet 50	4.6721909782785485	0.021068255174989777
LOC126313392	NW_026061886.1	proteasomal ATPase-associated factor 1-like	protein_coding	Diet in infected	Infected 33 vs 50	Downregulated	Not in the frozen focused origin-audit subset			No focused BLASTn/DIAMOND result for this gene							infected_diet33_vs50	Infected diet 50	5.226966191529302	0.0210928199442007
LOC126328220	NW_026062445.1	uncharacterized LOC126328220	protein_coding	Diet in infected	Infected 33 vs 50	Downregulated	Not in the frozen focused origin-audit subset			No focused BLASTn/DIAMOND result for this gene							infected_diet33_vs50	Infected diet 50	4.9049319662017385	0.021220860778415562
LOC126329091	NW_026062491.1	uncharacterized LOC126329091	lncRNA	Diet in infected	Infected 33 vs 50	Downregulated	Not in the frozen focused origin-audit subset			No focused BLASTn/DIAMOND result for this gene							infected_diet33_vs50	Infected diet 50	5.371177745519264	0.02124255478034895
LOC126313382	NW_026061886.1	chaperone protein DnaJ-like	protein_coding	Diet in infected	Infected 33 vs 50	Downregulated	Not in the frozen focused origin-audit subset			No focused BLASTn/DIAMOND result for this gene							infected_diet33_vs50	Infected diet 50	4.915694610119809	0.02127843598618949
LOC126313312	NW_026061886.1	uncharacterized LOC126313312	lncRNA	Diet in infected	Infected 33 vs 50	Downregulated	Not in the frozen focused origin-audit subset			No focused BLASTn/DIAMOND result for this gene							infected_diet33_vs50	Infected diet 50	4.8151327537781885	0.021567292962907256
LOC126316967	NW_026062003.1	serine/threonine-protein phosphatase 4 regulatory subunit 3-B-like	protein_coding	Diet in infected	Infected 33 vs 50	Downregulated	Not in the frozen focused origin-audit subset			No focused BLASTn/DIAMOND result for this gene							infected_diet33_vs50	Infected diet 50	4.949011728031821	0.021567292962907256
LOC126320371	NW_026062094.1	prefoldin subunit 6-like	protein_coding	Diet in infected	Infected 33 vs 50	Downregulated	Not in the frozen focused origin-audit subset			No focused BLASTn/DIAMOND result for this gene							infected_diet33_vs50	Infected diet 50	5.021678859779862	0.021567292962907256
LOC126324485	NW_026062249.1	uncharacterized LOC126324485	protein_coding	Diet in infected	Infected 33 vs 50	Downregulated	Not in the frozen focused origin-audit subset			No focused BLASTn/DIAMOND result for this gene							infected_diet33_vs50	Infected diet 50	5.079062772001213	0.021567292962907256
LOC126330076	NW_026062566.1	uncharacterized LOC126330076	protein_coding	Diet in infected	Infected 33 vs 50	Downregulated	Not in the frozen focused origin-audit subset			No focused BLASTn/DIAMOND result for this gene							infected_diet33_vs50	Infected diet 50	4.914522714552637	0.02157724530296669
LOC126316713	NW_026061988.1	uncharacterized LOC126316713	protein_coding	Diet in infected	Infected 33 vs 50	Downregulated	Not in the frozen focused origin-audit subset			No focused BLASTn/DIAMOND result for this gene							infected_diet33_vs50	Infected diet 50	4.748758938466796	0.021609942502585522
LOC126318215	NW_026062043.1	general transcription factor 3C polypeptide 3-like	protein_coding	Diet in infected	Infected 33 vs 50	Downregulated	Not in the frozen focused origin-audit subset			No focused BLASTn/DIAMOND result for this gene							infected_diet33_vs50	Infected diet 50	4.551029949955933	0.021609942502585522
LOC126319928	NW_026062071.1	N-acyl-phosphatidylethanolamine-hydrolyzing phospholipase D-like	protein_coding	Diet in infected	Infected 33 vs 50	Downregulated	Not in the frozen focused origin-audit subset			No focused BLASTn/DIAMOND result for this gene							infected_diet33_vs50	Infected diet 50	6.085826701318696	0.021609942502585522
LOC126320772	NW_026062120.1	DNA/RNA-binding protein KIN17-like	protein_coding	Diet in infected	Infected 33 vs 50	Downregulated	Not in the frozen focused origin-audit subset			No focused BLASTn/DIAMOND result for this gene							infected_diet33_vs50	Infected diet 50	4.891575991152855	0.021609942502585522
LOC126313302	NW_026061886.1	uncharacterized LOC126313302	protein_coding	Diet in infected	Infected 33 vs 50	Downregulated	Not in the frozen focused origin-audit subset			No focused BLASTn/DIAMOND result for this gene							infected_diet33_vs50	Infected diet 50	4.787980966111413	0.021615094537810204
LOC126329988	NW_026062553.1	rho GTPase-activating protein 23-like	protein_coding	Diet in infected	Infected 33 vs 50	Downregulated	Not in the frozen focused origin-audit subset			No focused BLASTn/DIAMOND result for this gene							infected_diet33_vs50	Infected diet 50	4.376815992191532	0.021615094537810204
LOC126316722	NW_026061988.1	delta-1-pyrroline-5-carboxylate dehydrogenase, mitochondrial-like	protein_coding	Diet in infected	Infected 33 vs 50	Downregulated	Not in the frozen focused origin-audit subset			No focused BLASTn/DIAMOND result for this gene							infected_diet33_vs50	Infected diet 50	5.63435619813227	0.021786130802411065
LOC126318684	NW_026062059.1	uncharacterized LOC126318684	protein_coding	Diet in infected	Infected 33 vs 50	Downregulated	Not in the frozen focused origin-audit subset			No focused BLASTn/DIAMOND result for this gene							infected_diet33_vs50	Infected diet 50	5.196024857020383	0.021849885041566704
LOC126320390	NW_026062097.1	translation initiation factor eIF-2B subunit beta-like	protein_coding	Diet in infected	Infected 33 vs 50	Downregulated	Not in the frozen focused origin-audit subset			No focused BLASTn/DIAMOND result for this gene							infected_diet33_vs50	Infected diet 50	4.7920980123337955	0.021849885041566704
LOC126320765	NW_026062120.1	uncharacterized LOC126320765	protein_coding	Diet in infected	Infected 33 vs 50	Downregulated	Not in the frozen focused origin-audit subset			No focused BLASTn/DIAMOND result for this gene							infected_diet33_vs50	Infected diet 50	5.263181665336259	0.022003214643503032
LOC126320366	NW_026062094.1	uncharacterized LOC126320366	lncRNA	Diet in infected	Infected 33 vs 50	Downregulated	Not in the frozen focused origin-audit subset			No focused BLASTn/DIAMOND result for this gene							infected_diet33_vs50	Infected diet 50	4.63138970402531	0.022022839745712234
LOC126325852	NW_026062299.1	succinate dehydrogenase flavoprotein subunit-like	protein_coding	Diet in infected	Infected 33 vs 50	Downregulated	Not in the frozen focused origin-audit subset			No focused BLASTn/DIAMOND result for this gene							infected_diet33_vs50	Infected diet 50	4.881263691849354	0.022023974850969026
LOC126324548	NW_026062249.1	uncharacterized LOC126324548	protein_coding	Diet in infected	Infected 33 vs 50	Downregulated	Not in the frozen focused origin-audit subset			No focused BLASTn/DIAMOND result for this gene							infected_diet33_vs50	Infected diet 50	5.013789953959392	0.022063665850933997
LOC126322560	NW_026062185.1	uncharacterized LOC126322560	protein_coding	Diet in infected	Infected 33 vs 50	Downregulated	Not in the frozen focused origin-audit subset			No focused BLASTn/DIAMOND result for this gene							infected_diet33_vs50	Infected diet 50	4.8947720756563	0.02238549821104579
LOC126316779	NW_026061988.1	uncharacterized LOC126316779	lncRNA	Diet in infected	Infected 33 vs 50	Downregulated	Not in the frozen focused origin-audit subset			No focused BLASTn/DIAMOND result for this gene							infected_diet33_vs50	Infected diet 50	5.237977137567161	0.022408699145438023
LOC126325834	NW_026062299.1	ruvB-like 2	protein_coding	Diet in infected	Infected 33 vs 50	Downregulated	Not in the frozen focused origin-audit subset			No focused BLASTn/DIAMOND result for this gene							infected_diet33_vs50	Infected diet 50	4.61606015800174	0.02246146927994742
LOC126316771	NW_026061988.1	D-3-phosphoglycerate dehydrogenase-like	protein_coding	Diet in infected	Infected 33 vs 50	Downregulated	Not in the frozen focused origin-audit subset			No focused BLASTn/DIAMOND result for this gene							infected_diet33_vs50	Infected diet 50	4.554855524602282	0.02247771991453955
LOC126323269	NW_026062217.1	uncharacterized LOC126323269	protein_coding	Diet in infected	Infected 33 vs 50	Downregulated	Not in the frozen focused origin-audit subset			No focused BLASTn/DIAMOND result for this gene							infected_diet33_vs50	Infected diet 50	4.837828281629844	0.022647596251957856
LOC126328060	NW_026062425.1	probable ornithine aminotransferase	protein_coding	Diet in infected	Infected 33 vs 50	Downregulated	Not in the frozen focused origin-audit subset			No focused BLASTn/DIAMOND result for this gene							infected_diet33_vs50	Infected diet 50	5.060007394940728	0.022669544562205844
LOC126313338	NW_026061886.1	vacuolar fusion protein CCZ1 homolog	protein_coding	Diet in infected	Infected 33 vs 50	Downregulated	Not in the frozen focused origin-audit subset			No focused BLASTn/DIAMOND result for this gene							infected_diet33_vs50	Infected diet 50	5.19017370386455	0.022671740809343706
LOC126311188	NW_026061838.1	uncharacterized LOC126311188	protein_coding	Diet in infected	Infected 33 vs 50	Downregulated	Not in the frozen focused origin-audit subset			No focused BLASTn/DIAMOND result for this gene							infected_diet33_vs50	Infected diet 50	4.511459200972431	0.02267245811472152
LOC126323774	NW_026062229.1	uncharacterized LOC126323774	protein_coding	Diet in infected	Infected 33 vs 50	Downregulated	Not in the frozen focused origin-audit subset			No focused BLASTn/DIAMOND result for this gene							infected_diet33_vs50	Infected diet 50	4.932937376490086	0.022713276370868177
LOC126313309	NW_026061886.1	uncharacterized LOC126313309	lncRNA	Diet in infected	Infected 33 vs 50	Downregulated	Not in the frozen focused origin-audit subset			No focused BLASTn/DIAMOND result for this gene							infected_diet33_vs50	Infected diet 50	5.130664604771483	0.02280395863679517
LOC126320760	NW_026062120.1	regulator of chromosome condensation-like	protein_coding	Diet in infected	Infected 33 vs 50	Downregulated	Not in the frozen focused origin-audit subset			No focused BLASTn/DIAMOND result for this gene							infected_diet33_vs50	Infected diet 50	4.944084822581978	0.02291788847433215
LOC126325863	NW_026062299.1	ribonuclease H2 subunit A-like	protein_coding	Diet in infected	Infected 33 vs 50	Downregulated	Not in the frozen focused origin-audit subset			No focused BLASTn/DIAMOND result for this gene							infected_diet33_vs50	Infected diet 50	4.724622849448847	0.02291788847433215
LOC126326132	NW_026062325.1	uncharacterized LOC126326132	protein_coding	Diet in infected	Infected 33 vs 50	Downregulated	Not in the frozen focused origin-audit subset			No focused BLASTn/DIAMOND result for this gene							infected_diet33_vs50	Infected diet 50	4.676068312711386	0.022954393625637202
LOC126322549	NW_026062185.1	ras guanine nucleotide exchange factor A-like	protein_coding	Diet in infected	Infected 33 vs 50	Downregulated	Not in the frozen focused origin-audit subset			No focused BLASTn/DIAMOND result for this gene							infected_diet33_vs50	Infected diet 50	4.713675512658218	0.022995978519884528
LOC126311240	NW_026061838.1	U1 small nuclear ribonucleoprotein 70 kDa-like	protein_coding	Diet in infected	Infected 33 vs 50	Downregulated	Not in the frozen focused origin-audit subset			No focused BLASTn/DIAMOND result for this gene							infected_diet33_vs50	Infected diet 50	4.862712932856528	0.02329303097575741
LOC126317498	NW_026062018.1	retinol dehydrogenase 14-like	protein_coding	Diet in infected	Infected 33 vs 50	Downregulated	Not in the frozen focused origin-audit subset			No focused BLASTn/DIAMOND result for this gene							infected_diet33_vs50	Infected diet 50	4.653220509397765	0.023322333539367093
LOC126325511	NW_026062282.1	uncharacterized LOC126325511	lncRNA	Diet in infected	Infected 33 vs 50	Downregulated	Not in the frozen focused origin-audit subset			No focused BLASTn/DIAMOND result for this gene							infected_diet33_vs50	Infected diet 50	4.761964637129949	0.023322333539367093
LOC126315327	NW_026061960.1	GTPase-activating Rap/Ran-GAP domain-like protein 3	protein_coding	Diet in infected	Infected 33 vs 50	Downregulated	Not in the frozen focused origin-audit subset			No focused BLASTn/DIAMOND result for this gene							infected_diet33_vs50	Infected diet 50	5.499963810646448	0.023410086001590377
LOC126316442	NW_026061974.1	uncharacterized LOC126316442	protein_coding	Diet in infected	Infected 33 vs 50	Downregulated	Not in the frozen focused origin-audit subset			No focused BLASTn/DIAMOND result for this gene							infected_diet33_vs50	Infected diet 50	4.846812398124451	0.02354185858190962
LOC126304663	NW_026061732.1	energy-dependent translational throttle protein EttA-like	protein_coding	Diet in infected	Infected 33 vs 50	Downregulated	Not in the frozen focused origin-audit subset			No focused BLASTn/DIAMOND result for this gene							infected_diet33_vs50	Infected diet 50	5.097410233056632	0.023554420658867065
LOC126330074	NW_026062566.1	CWF19-like protein 1	protein_coding	Diet in infected	Infected 33 vs 50	Downregulated	Not in the frozen focused origin-audit subset			No focused BLASTn/DIAMOND result for this gene							infected_diet33_vs50	Infected diet 50	4.880733980175269	0.023646421195100135
LOC126315431	NW_026061960.1	endoplasmic reticulum lectin 1-like	protein_coding	Diet in infected	Infected 33 vs 50	Downregulated	Not in the frozen focused origin-audit subset			No focused BLASTn/DIAMOND result for this gene							infected_diet33_vs50	Infected diet 50	5.3047740259670135	0.023715571871909633
LOC126320000	NW_026062071.1	ATP-binding cassette sub-family B member 10, mitochondrial-like	protein_coding	Diet in infected	Infected 33 vs 50	Downregulated	Not in the frozen focused origin-audit subset			No focused BLASTn/DIAMOND result for this gene							infected_diet33_vs50	Infected diet 50	4.85641941947377	0.023715571871909633
LOC126318311	NW_026062048.1	peroxisome biogenesis factor 1-like	protein_coding	Diet in infected	Infected 33 vs 50	Downregulated	Not in the frozen focused origin-audit subset			No focused BLASTn/DIAMOND result for this gene							infected_diet33_vs50	Infected diet 50	4.648967252920931	0.023729476757100798
LOC126318683	NW_026062059.1	uncharacterized LOC126318683	protein_coding	Diet in infected	Infected 33 vs 50	Downregulated	Not in the frozen focused origin-audit subset			No focused BLASTn/DIAMOND result for this gene							infected_diet33_vs50	Infected diet 50	4.398077906080138	0.023783971218548666
LOC126322609	NW_026062185.1	uncharacterized LOC126322609	protein_coding	Diet in infected	Infected 33 vs 50	Downregulated	Not in the frozen focused origin-audit subset			No focused BLASTn/DIAMOND result for this gene							infected_diet33_vs50	Infected diet 50	4.948701970140231	0.0238483802141114
LOC126313329	NW_026061886.1	uncharacterized LOC126313329	protein_coding	Diet in infected	Infected 33 vs 50	Downregulated	Not in the frozen focused origin-audit subset			No focused BLASTn/DIAMOND result for this gene							infected_diet33_vs50	Infected diet 50	4.962331968681392	0.023887543084693805
LOC126315446	NW_026061960.1	G patch domain-containing protein 1-like	protein_coding	Diet in infected	Infected 33 vs 50	Downregulated	Not in the frozen focused origin-audit subset			No focused BLASTn/DIAMOND result for this gene							infected_diet33_vs50	Infected diet 50	4.952938231108455	0.02391627085190042
LOC126325842	NW_026062299.1	histidine--tRNA ligase-like	protein_coding	Diet in infected	Infected 33 vs 50	Downregulated	Not in the frozen focused origin-audit subset			No focused BLASTn/DIAMOND result for this gene							infected_diet33_vs50	Infected diet 50	5.161145805742472	0.023932490164598596
LOC126320003	NW_026062071.1	uncharacterized LOC126320003	protein_coding	Diet in infected	Infected 33 vs 50	Downregulated	Not in the frozen focused origin-audit subset			No focused BLASTn/DIAMOND result for this gene							infected_diet33_vs50	Infected diet 50	5.180873490026671	0.02405536589731173
LOC126320773	NW_026062120.1	uncharacterized LOC126320773	protein_coding	Diet in infected	Infected 33 vs 50	Downregulated	Not in the frozen focused origin-audit subset			No focused BLASTn/DIAMOND result for this gene							infected_diet33_vs50	Infected diet 50	4.930971572505722	0.024097800479399693
LOC126324518	NW_026062249.1	uncharacterized LOC126324518	protein_coding	Diet in infected	Infected 33 vs 50	Downregulated	Not in the frozen focused origin-audit subset			No focused BLASTn/DIAMOND result for this gene							infected_diet33_vs50	Infected diet 50	4.767993600136709	0.024097800479399693
LOC126320007	NW_026062071.1	uncharacterized LOC126320007	protein_coding	Diet in infected	Infected 33 vs 50	Downregulated	Not in the frozen focused origin-audit subset			No focused BLASTn/DIAMOND result for this gene							infected_diet33_vs50	Infected diet 50	4.743669271562666	0.024106986144646837
LOC126320598	NW_026062105.1	chloride channel protein ClC-Kb-like	protein_coding	Diet in infected	Infected 33 vs 50	Downregulated	Not in the frozen focused origin-audit subset			No focused BLASTn/DIAMOND result for this gene							infected_diet33_vs50	Infected diet 50	5.487615641953919	0.024106986144646837
LOC126330075	NW_026062566.1	U6 small nuclear RNA (adenine-(43)-N(6))-methyltransferase-like	protein_coding	Diet in infected	Infected 33 vs 50	Downregulated	Not in the frozen focused origin-audit subset			No focused BLASTn/DIAMOND result for this gene							infected_diet33_vs50	Infected diet 50	4.611395434286984	0.024113232703510745
LOC126325816	NW_026062299.1	uncharacterized LOC126325816	lncRNA	Diet in infected	Infected 33 vs 50	Downregulated	Not in the frozen focused origin-audit subset			No focused BLASTn/DIAMOND result for this gene							infected_diet33_vs50	Infected diet 50	4.980260849025917	0.02415584205948042
LOC126329075	NW_026062491.1	putative ribosomal RNA large subunit methyltransferase YwbD	protein_coding	Diet in infected	Infected 33 vs 50	Downregulated	Not in the frozen focused origin-audit subset			No focused BLASTn/DIAMOND result for this gene							infected_diet33_vs50	Infected diet 50	4.8864028409700655	0.024156481077619724
LOC126324042	NW_026062244.1	uncharacterized LOC126324042	protein_coding	Diet in infected	Infected 33 vs 50	Downregulated	Not in the frozen focused origin-audit subset			No focused BLASTn/DIAMOND result for this gene							infected_diet33_vs50	Infected diet 50	4.496348272714479	0.024285154662658126
LOC126318229	NW_026062043.1	26S proteasome regulatory subunit 8-like	protein_coding	Diet in infected	Infected 33 vs 50	Downregulated	Not in the frozen focused origin-audit subset			No focused BLASTn/DIAMOND result for this gene							infected_diet33_vs50	Infected diet 50	4.53472782022004	0.024287980652248235
LOC126315306	NW_026061960.1	putative pre-mRNA-splicing factor ATP-dependent RNA helicase PRP1	protein_coding	Diet in infected	Infected 33 vs 50	Downregulated	Not in the frozen focused origin-audit subset			No focused BLASTn/DIAMOND result for this gene							infected_diet33_vs50	Infected diet 50	4.774458021303329	0.02428842988908623
LOC126319916	NW_026062071.1	uncharacterized LOC126319916	protein_coding	Diet in infected	Infected 33 vs 50	Downregulated	Not in the frozen focused origin-audit subset			No focused BLASTn/DIAMOND result for this gene							infected_diet33_vs50	Infected diet 50	5.2805631395422585	0.02428842988908623
LOC126327180	NW_026062374.1	tetratricopeptide repeat protein 4 homolog	protein_coding	Diet in infected	Infected 33 vs 50	Downregulated	Not in the frozen focused origin-audit subset			No focused BLASTn/DIAMOND result for this gene							infected_diet33_vs50	Infected diet 50	5.190274314660619	0.02428842988908623
LOC126320359	NW_026062094.1	cytosolic Fe-S cluster assembly factor narfl-like	protein_coding	Diet in infected	Infected 33 vs 50	Downregulated	Not in the frozen focused origin-audit subset			No focused BLASTn/DIAMOND result for this gene							infected_diet33_vs50	Infected diet 50	5.313395772901783	0.024304367207129886
LOC126304984	NW_026061743.1	receptor of activated protein C kinase 1-like	protein_coding	Diet in infected	Infected 33 vs 50	Downregulated	Not in the frozen focused origin-audit subset			No focused BLASTn/DIAMOND result for this gene							infected_diet33_vs50	Infected diet 50	4.73182202592039	0.0243230907635098
LOC126304988	NW_026061743.1	uncharacterized LOC126304988	protein_coding	Diet in infected	Infected 33 vs 50	Downregulated	Not in the frozen focused origin-audit subset			No focused BLASTn/DIAMOND result for this gene							infected_diet33_vs50	Infected diet 50	4.700723302759969	0.02434290103330165
LOC126316715	NW_026061988.1	uncharacterized LOC126316715	protein_coding	Diet in infected	Infected 33 vs 50	Downregulated	Not in the frozen focused origin-audit subset			No focused BLASTn/DIAMOND result for this gene							infected_diet33_vs50	Infected diet 50	5.262628783320976	0.02434290103330165
LOC126328230	NW_026062445.1	fibronectin-binding protein A-like	protein_coding	Diet in infected	Infected 33 vs 50	Downregulated	Not in the frozen focused origin-audit subset			No focused BLASTn/DIAMOND result for this gene							infected_diet33_vs50	Infected diet 50	4.801912465118097	0.024378403822580927
LOC126325869	NW_026062299.1	phosphatidylinositol 4-kinase beta-like	protein_coding	Diet in infected	Infected 33 vs 50	Downregulated	Not in the frozen focused origin-audit subset			No focused BLASTn/DIAMOND result for this gene							infected_diet33_vs50	Infected diet 50	5.3275586624572995	0.024381088270446123
LOC126319971	NW_026062071.1	EARP-interacting protein homolog	protein_coding	Diet in infected	Infected 33 vs 50	Downregulated	Not in the frozen focused origin-audit subset			No focused BLASTn/DIAMOND result for this gene							infected_diet33_vs50	Infected diet 50	4.672217900830682	0.024475312673947022
LOC126301637	NW_026061710.1	uncharacterized LOC126301637	lncRNA	Infection within diet	Diet 33: infected vs control; Diet 50: infected vs control	Upregulated	Not in the frozen focused origin-audit subset			No focused BLASTn/DIAMOND result for this gene							infection_average_all_diets	Average infected	1.113050085189184	0.024492288770389906
LOC126318654	NW_026062056.1	uncharacterized LOC126318654	protein_coding	Diet in infected	Infected 33 vs 50	Downregulated	Not in the frozen focused origin-audit subset			No focused BLASTn/DIAMOND result for this gene							infected_diet33_vs50	Infected diet 50	4.516549575053767	0.024564385414189746
LOC126323743	NW_026062229.1	ESCRT-I complex subunit tsg101-like	protein_coding	Diet in infected	Infected 33 vs 50	Downregulated	Not in the frozen focused origin-audit subset			No focused BLASTn/DIAMOND result for this gene							infected_diet33_vs50	Infected diet 50	4.452994789580557	0.024564385414189746
LOC126324046	NW_026062244.1	mitochondrial chaperone BCS1-like	protein_coding	Diet in infected	Infected 33 vs 50	Downregulated	Not in the frozen focused origin-audit subset			No focused BLASTn/DIAMOND result for this gene							infected_diet33_vs50	Infected diet 50	5.232425895315306	0.024564385414189746
LOC126327211	NW_026062374.1	uncharacterized LOC126327211	lncRNA	Diet in infected	Infected 33 vs 50	Downregulated	Not in the frozen focused origin-audit subset			No focused BLASTn/DIAMOND result for this gene							infected_diet33_vs50	Infected diet 50	4.711180779402314	0.024587614563398162
LOC126316971	NW_026062003.1	FACT complex subunit ssrp1-B-like	protein_coding	Diet in infected	Infected 33 vs 50	Downregulated	Not in the frozen focused origin-audit subset			No focused BLASTn/DIAMOND result for this gene							infected_diet33_vs50	Infected diet 50	5.302172058352728	0.024630783345367294
LOC126315432	NW_026061960.1	lysine-specific histone demethylase 1A-like	protein_coding	Diet in infected	Infected 33 vs 50	Downregulated	Not in the frozen focused origin-audit subset			No focused BLASTn/DIAMOND result for this gene							infected_diet33_vs50	Infected diet 50	4.553783154510704	0.024699390097342747
LOC126323911	NW_026062236.1	dnaJ homolog subfamily B member 4-like	protein_coding	Diet in infected	Infected 33 vs 50	Downregulated	Not in the frozen focused origin-audit subset			No focused BLASTn/DIAMOND result for this gene							infected_diet33_vs50	Infected diet 50	4.573211049303079	0.024699390097342747
LOC126304699	NW_026061732.1	proteasome subunit beta type-6-like	protein_coding	Diet in infected	Infected 33 vs 50	Downregulated	Not in the frozen focused origin-audit subset			No focused BLASTn/DIAMOND result for this gene							infected_diet33_vs50	Infected diet 50	4.91885630992303	0.0247331946057094
LOC126325830	NW_026062299.1	uncharacterized LOC126325830	protein_coding	Diet in infected	Infected 33 vs 50	Downregulated	Not in the frozen focused origin-audit subset			No focused BLASTn/DIAMOND result for this gene							infected_diet33_vs50	Infected diet 50	5.243632402230984	0.024766116875266923
LOC126313390	NW_026061886.1	kanadaptin-like	protein_coding	Diet in infected	Infected 33 vs 50	Downregulated	Not in the frozen focused origin-audit subset			No focused BLASTn/DIAMOND result for this gene							infected_diet33_vs50	Infected diet 50	4.911838703014297	0.024858073460853482
LOC126304695	NW_026061732.1	uncharacterized LOC126304695	protein_coding	Diet in infected	Infected 33 vs 50	Downregulated	Not in the frozen focused origin-audit subset			No focused BLASTn/DIAMOND result for this gene							infected_diet33_vs50	Infected diet 50	4.676434325805436	0.02487525202635914
LOC126332403	NW_026062747.1	uncharacterized LOC126332403	lncRNA	Diet in infected	Infected 33 vs 50	Downregulated	Not in the frozen focused origin-audit subset			No focused BLASTn/DIAMOND result for this gene							infected_diet33_vs50	Infected diet 50	4.961021114711504	0.02488573638825808
LOC126304687	NW_026061732.1	S-adenosylmethionine decarboxylase proenzyme-like	protein_coding	Diet in infected	Infected 33 vs 50	Downregulated	Not in the frozen focused origin-audit subset			No focused BLASTn/DIAMOND result for this gene							infected_diet33_vs50	Infected diet 50	4.576322279633508	0.024916724271680207
LOC126316758	NW_026061988.1	exosome RNA helicase MTR4-like	protein_coding	Diet in infected	Infected 33 vs 50	Downregulated	Not in the frozen focused origin-audit subset			No focused BLASTn/DIAMOND result for this gene							infected_diet33_vs50	Infected diet 50	5.089367726710684	0.024916724271680207
LOC126322695	NW_026062196.1	GDP-fucose transporter 1-like	protein_coding	Diet in infected	Infected 33 vs 50	Downregulated	Not in the frozen focused origin-audit subset			No focused BLASTn/DIAMOND result for this gene							infected_diet33_vs50	Infected diet 50	5.166106613677774	0.024916724271680207
LOC126326047	NW_026062315.1	uncharacterized LOC126326047	protein_coding	Diet in infected	Infected 33 vs 50	Downregulated	Not in the frozen focused origin-audit subset			No focused BLASTn/DIAMOND result for this gene							infected_diet33_vs50	Infected diet 50	5.37206660748872	0.02494274216390642
LOC126318612	NW_026062056.1	splicing factor 3A subunit 3-like	protein_coding	Diet in infected	Infected 33 vs 50	Downregulated	Not in the frozen focused origin-audit subset			No focused BLASTn/DIAMOND result for this gene							infected_diet33_vs50	Infected diet 50	4.778819630751055	0.025046746987021345
LOC126325821	NW_026062299.1	probable UDP-N-acetylglucosamine pyrophosphorylase	protein_coding	Diet in infected	Infected 33 vs 50	Downregulated	Not in the frozen focused origin-audit subset			No focused BLASTn/DIAMOND result for this gene							infected_diet33_vs50	Infected diet 50	4.70262093518854	0.025046746987021345
LOC126320388	NW_026062097.1	uncharacterized LOC126320388	protein_coding	Diet in infected	Infected 33 vs 50	Downregulated	Not in the frozen focused origin-audit subset			No focused BLASTn/DIAMOND result for this gene							infected_diet33_vs50	Infected diet 50	4.710253278183473	0.025047521572152592
LOC126322415	NW_026062176.1	arf-GAP with coiled-coil, ANK repeat and PH domain-containing protein 3-like	protein_coding	Diet in infected	Infected 33 vs 50	Downregulated	Not in the frozen focused origin-audit subset			No focused BLASTn/DIAMOND result for this gene							infected_diet33_vs50	Infected diet 50	4.594489916592278	0.025047521572152592
LOC126319855	NW_026062071.1	uncharacterized LOC126319855	protein_coding	Diet in infected	Infected 33 vs 50	Downregulated	Not in the frozen focused origin-audit subset			No focused BLASTn/DIAMOND result for this gene							infected_diet33_vs50	Infected diet 50	5.130430103496265	0.025217001565977896
LOC126316730	NW_026061988.1	U5 small nuclear ribonucleoprotein 40 kDa protein-like	protein_coding	Diet in infected	Infected 33 vs 50	Downregulated	Not in the frozen focused origin-audit subset			No focused BLASTn/DIAMOND result for this gene							infected_diet33_vs50	Infected diet 50	5.004264681792201	0.025250609426500717
LOC126316452	NW_026061974.1	uncharacterized LOC126316452	protein_coding	Diet in infected	Infected 33 vs 50	Downregulated	Not in the frozen focused origin-audit subset			No focused BLASTn/DIAMOND result for this gene							infected_diet33_vs50; infection_diet33	Control diet 33; Infected diet 50	5.210373334850987	0.025375575642385708
LOC126319966	NW_026062071.1	SWI/SNF-related matrix-associated actin-dependent regulator of chromatin subfamily A containing DEAD/H box 1-like	protein_coding	Diet in infected	Infected 33 vs 50	Downregulated	Not in the frozen focused origin-audit subset			No focused BLASTn/DIAMOND result for this gene							infected_diet33_vs50	Infected diet 50	5.035220953670086	0.025414141183586824
LOC126316706	NW_026061988.1	phosphatidylserine synthase 2-like	protein_coding	Diet in infected	Infected 33 vs 50	Downregulated	Not in the frozen focused origin-audit subset			No focused BLASTn/DIAMOND result for this gene							infected_diet33_vs50	Infected diet 50	4.728899988680594	0.025453088589728817
LOC126316913	NW_026062003.1	uncharacterized LOC126316913	protein_coding	Diet in infected	Infected 33 vs 50	Downregulated	Not in the frozen focused origin-audit subset			No focused BLASTn/DIAMOND result for this gene							infected_diet33_vs50	Infected diet 50	4.910425397103864	0.02555586152413773
LOC126314449	NW_026061953.1	uncharacterized LOC126314449	protein_coding	Diet in infected	Infected 33 vs 50	Downregulated	Not in the frozen focused origin-audit subset			No focused BLASTn/DIAMOND result for this gene							infected_diet33_vs50	Infected diet 50	4.6283656499242785	0.02566352940690753
LOC126316959	NW_026062003.1	uncharacterized LOC126316959	lncRNA	Diet in infected	Infected 33 vs 50	Downregulated	Not in the frozen focused origin-audit subset			No focused BLASTn/DIAMOND result for this gene							infected_diet33_vs50	Infected diet 50	4.606165102987763	0.02599738927605166
LOC126323718	NW_026062229.1	RNA helicase aquarius-like	protein_coding	Diet in infected	Infected 33 vs 50	Downregulated	Not in the frozen focused origin-audit subset			No focused BLASTn/DIAMOND result for this gene							infected_diet33_vs50	Infected diet 50	5.154378438712992	0.02599738927605166
LOC126316710	NW_026061988.1	uncharacterized LOC126316710	protein_coding	Diet in infected	Infected 33 vs 50	Downregulated	Not in the frozen focused origin-audit subset			No focused BLASTn/DIAMOND result for this gene							infected_diet33_vs50	Infected diet 50	4.813227004701336	0.02603635937540222
LOC126325949	NW_026062302.1	protein farnesyltransferase/geranylgeranyltransferase type-1 subunit alpha-like	protein_coding	Diet in infected	Infected 33 vs 50	Downregulated	Not in the frozen focused origin-audit subset			No focused BLASTn/DIAMOND result for this gene							infected_diet33_vs50	Infected diet 50	4.377384522159979	0.02619433244027702
LOC126326217	NW_026062331.1	uncharacterized LOC126326217	protein_coding	Diet in infected	Infected 33 vs 50	Downregulated	Not in the frozen focused origin-audit subset			No focused BLASTn/DIAMOND result for this gene							infected_diet33_vs50	Infected diet 50	4.5184988588715465	0.026273697152786876
LOC126323762	NW_026062229.1	aladin-like	protein_coding	Diet in infected	Infected 33 vs 50	Downregulated	Not in the frozen focused origin-audit subset			No focused BLASTn/DIAMOND result for this gene							infected_diet33_vs50	Infected diet 50	4.94012649969262	0.02648217406294611
LOC126316804	NW_026061988.1	uncharacterized LOC126316804	protein_coding	Diet in infected	Infected 33 vs 50	Downregulated	Not in the frozen focused origin-audit subset			No focused BLASTn/DIAMOND result for this gene							infected_diet33_vs50	Infected diet 50	4.9853220058869505	0.026530985239344232
LOC126325908	NW_026062302.1	uncharacterized LOC126325908	protein_coding	Diet in infected	Infected 33 vs 50	Downregulated	Not in the frozen focused origin-audit subset			No focused BLASTn/DIAMOND result for this gene							infected_diet33_vs50	Infected diet 50	5.173154389541269	0.026584344993960566
LOC126316932	NW_026062003.1	uncharacterized LOC126316932	protein_coding	Diet in infected	Infected 33 vs 50	Downregulated	Not in the frozen focused origin-audit subset			No focused BLASTn/DIAMOND result for this gene							infected_diet33_vs50	Infected diet 50	4.986986483434492	0.026602142196141522
LOC126324492	NW_026062249.1	uncharacterized LOC126324492	protein_coding	Diet in infected	Infected 33 vs 50	Downregulated	Not in the frozen focused origin-audit subset			No focused BLASTn/DIAMOND result for this gene							infected_diet33_vs50	Infected diet 50	4.717837464121494	0.02668305977106046
LOC126318699	NW_026062059.1	uncharacterized LOC126318699	lncRNA	Diet in infected	Infected 33 vs 50	Downregulated	Not in the frozen focused origin-audit subset			No focused BLASTn/DIAMOND result for this gene							infected_diet33_vs50	Infected diet 50	4.573908282147937	0.026897898483975922
LOC126315385	NW_026061960.1	mediator of RNA polymerase II transcription subunit 21-like	protein_coding	Diet in infected	Infected 33 vs 50	Downregulated	Not in the frozen focused origin-audit subset			No focused BLASTn/DIAMOND result for this gene							infected_diet33_vs50	Infected diet 50	4.9453726538277625	0.027032242932903596
LOC126313381	NW_026061886.1	alanine--tRNA ligase, cytoplasmic-like	protein_coding	Diet in infected	Infected 33 vs 50	Downregulated	Not in the frozen focused origin-audit subset			No focused BLASTn/DIAMOND result for this gene							infected_diet33_vs50	Infected diet 50	4.575969934683374	0.027069591671920266
LOC126323754	NW_026062229.1	uncharacterized LOC126323754	protein_coding	Diet in infected	Infected 33 vs 50	Downregulated	Not in the frozen focused origin-audit subset			No focused BLASTn/DIAMOND result for this gene							infected_diet33_vs50	Infected diet 50	4.631020013586272	0.027069591671920266
LOC126322376	NW_026062176.1	uncharacterized LOC126322376	protein_coding	Diet in infected	Infected 33 vs 50	Downregulated	Not in the frozen focused origin-audit subset			No focused BLASTn/DIAMOND result for this gene							infected_diet33_vs50	Infected diet 50	4.591164524784434	0.027095105809591746
LOC126316990	NW_026062003.1	squamous cell carcinoma antigen recognized by T-cells 3-like	protein_coding	Diet in infected	Infected 33 vs 50	Downregulated	Not in the frozen focused origin-audit subset			No focused BLASTn/DIAMOND result for this gene							infected_diet33_vs50	Infected diet 50	4.853203607474559	0.027165821632247535
LOC126325509	NW_026062282.1	uncharacterized LOC126325509	protein_coding	Diet in infected	Infected 33 vs 50	Downregulated	Not in the frozen focused origin-audit subset			No focused BLASTn/DIAMOND result for this gene							infected_diet33_vs50	Infected diet 50	4.528593471337365	0.027173174950084998
LOC126325524	NW_026062282.1	V-type proton ATPase subunit E-like	protein_coding	Diet in infected	Infected 33 vs 50	Downregulated	Not in the frozen focused origin-audit subset			No focused BLASTn/DIAMOND result for this gene							infected_diet33_vs50	Infected diet 50	4.893904031318838	0.027248865782973388
LOC126329090	NW_026062491.1	neo-calmodulin-like	protein_coding	Diet in infected	Infected 33 vs 50	Downregulated	Not in the frozen focused origin-audit subset			No focused BLASTn/DIAMOND result for this gene							infected_diet33_vs50	Infected diet 50	5.261791035702986	0.02726447306787782
LOC126318427	NW_026062051.1	uncharacterized LOC126318427	protein_coding	Diet in infected	Infected 33 vs 50	Downregulated	Not in the frozen focused origin-audit subset			No focused BLASTn/DIAMOND result for this gene							infected_diet33_vs50	Infected diet 50	4.38134529695317	0.027366215163365272
LOC126315239	NW_026061960.1	uncharacterized LOC126315239	protein_coding	Diet in infected	Infected 33 vs 50	Downregulated	Not in the frozen focused origin-audit subset			No focused BLASTn/DIAMOND result for this gene							infected_diet33_vs50	Infected diet 50	5.01481811171245	0.027416977208324977
LOC126325812	NW_026062299.1	40S ribosomal protein S2-like	protein_coding	Diet in infected	Infected 33 vs 50	Downregulated	Not in the frozen focused origin-audit subset			No focused BLASTn/DIAMOND result for this gene							infected_diet33_vs50; infection_diet33	Control diet 33; Infected diet 50	5.231053609604902	0.027469121138232532
LOC126311190	NW_026061838.1	uncharacterized LOC126311190	protein_coding	Diet in infected	Infected 33 vs 50	Downregulated	Not in the frozen focused origin-audit subset			No focused BLASTn/DIAMOND result for this gene							infected_diet33_vs50	Infected diet 50	5.169773205042885	0.027575677670745268
LOC126317465	NW_026062018.1	uncharacterized LOC126317465	protein_coding	Diet in infected	Infected 33 vs 50	Downregulated	Not in the frozen focused origin-audit subset			No focused BLASTn/DIAMOND result for this gene							infected_diet33_vs50	Infected diet 50	5.71934290806644	0.027575677670745268
LOC126330798	NW_026062667.1	ribosome biogenesis protein NSA2 homolog	protein_coding	Diet in infected	Infected 33 vs 50	Downregulated	Not in the frozen focused origin-audit subset			No focused BLASTn/DIAMOND result for this gene							infected_diet33_vs50	Infected diet 50	4.618644927462142	0.027684103110010475
LOC126322414	NW_026062176.1	cullin-1-like	protein_coding	Diet in infected	Infected 33 vs 50	Downregulated	Not in the frozen focused origin-audit subset			No focused BLASTn/DIAMOND result for this gene							infected_diet33_vs50	Infected diet 50	4.499745949118222	0.02769339571657827
LOC126320572	NW_026062105.1	uncharacterized LOC126320572	protein_coding	Diet in infected	Infected 33 vs 50	Downregulated	Not in the frozen focused origin-audit subset			No focused BLASTn/DIAMOND result for this gene							infected_diet33_vs50	Infected diet 50	5.244829674136591	0.02769593613872708
LOC126316431	NW_026061974.1	uncharacterized LOC126316431	protein_coding	Diet in infected	Infected 33 vs 50	Downregulated	Not in the frozen focused origin-audit subset			No focused BLASTn/DIAMOND result for this gene							infected_diet33_vs50	Infected diet 50	4.818182760288893	0.02769961521557924
LOC126315257	NW_026061960.1	putative ankyrin repeat protein RF_0381	protein_coding	Diet in infected	Infected 33 vs 50	Downregulated	Not in the frozen focused origin-audit subset			No focused BLASTn/DIAMOND result for this gene							infected_diet33_vs50	Infected diet 50	4.718357208759458	0.027737687339610462
LOC126323727	NW_026062229.1	uncharacterized LOC126323727	protein_coding	Diet in infected	Infected 33 vs 50	Downregulated	Not in the frozen focused origin-audit subset			No focused BLASTn/DIAMOND result for this gene							infected_diet33_vs50	Infected diet 50	5.109881439212635	0.027817597549578157
LOC126315395	NW_026061960.1	uncharacterized LOC126315395	protein_coding	Diet in infected	Infected 33 vs 50	Downregulated	Not in the frozen focused origin-audit subset			No focused BLASTn/DIAMOND result for this gene							infected_diet33_vs50	Infected diet 50	4.851075980649308	0.027940530222907687
LOC126316933	NW_026062003.1	uncharacterized LOC126316933	protein_coding	Diet in infected	Infected 33 vs 50	Downregulated	Not in the frozen focused origin-audit subset			No focused BLASTn/DIAMOND result for this gene							infected_diet33_vs50	Infected diet 50	4.512624014753642	0.027945478919955923
LOC126324025	NW_026062244.1	uncharacterized LOC126324025	protein_coding	Diet in infected	Infected 33 vs 50	Downregulated	Not in the frozen focused origin-audit subset			No focused BLASTn/DIAMOND result for this gene							infected_diet33_vs50	Infected diet 50	4.593665831857232	0.02805604191253078
LOC126330078	NW_026062566.1	uncharacterized LOC126330078	lncRNA	Diet in infected	Infected 33 vs 50	Downregulated	Not in the frozen focused origin-audit subset			No focused BLASTn/DIAMOND result for this gene							infected_diet33_vs50	Infected diet 50	4.943854232485232	0.02805604191253078
LOC126315261	NW_026061960.1	uncharacterized LOC126315261	protein_coding	Diet in infected	Infected 33 vs 50	Downregulated	Not in the frozen focused origin-audit subset			No focused BLASTn/DIAMOND result for this gene							infected_diet33_vs50	Infected diet 50	4.766848448549148	0.028122461716007942
LOC126316792	NW_026061988.1	microtubule-associated protein futsch-like	protein_coding	Diet in infected	Infected 33 vs 50	Downregulated	Not in the frozen focused origin-audit subset			No focused BLASTn/DIAMOND result for this gene							infected_diet33_vs50	Infected diet 50	4.387024748412619	0.028194796543970908
LOC126319893	NW_026062071.1	pre-mRNA-splicing factor 38A-like	protein_coding	Diet in infected	Infected 33 vs 50	Downregulated	Not in the frozen focused origin-audit subset			No focused BLASTn/DIAMOND result for this gene							infected_diet33_vs50	Infected diet 50	4.9011296184151885	0.028252270769057047
LOC126325928	NW_026062302.1	uncharacterized LOC126325928	lncRNA	Diet in infected	Infected 33 vs 50	Downregulated	Not in the frozen focused origin-audit subset			No focused BLASTn/DIAMOND result for this gene							infected_diet33_vs50	Infected diet 50	4.7552492403038125	0.028309760907579026
LOC126316986	NW_026062003.1	uncharacterized LOC126316986	protein_coding	Diet in infected	Infected 33 vs 50	Downregulated	Not in the frozen focused origin-audit subset			No focused BLASTn/DIAMOND result for this gene							infected_diet33_vs50	Infected diet 50	4.383100223798632	0.02847218246847092
LOC126325542	NW_026062282.1	uncharacterized LOC126325542	protein_coding	Diet in infected	Infected 33 vs 50	Downregulated	Not in the frozen focused origin-audit subset			No focused BLASTn/DIAMOND result for this gene							infected_diet33_vs50	Infected diet 50	4.888356885250636	0.02852061215094659
LOC126316787	NW_026061988.1	probable ubiquitin-conjugating enzyme E2 C	protein_coding	Diet in infected	Infected 33 vs 50	Downregulated	Not in the frozen focused origin-audit subset			No focused BLASTn/DIAMOND result for this gene							infected_diet33_vs50	Infected diet 50	4.475535953131296	0.028533786822654787
LOC126323749	NW_026062229.1	uncharacterized LOC126323749	protein_coding	Diet in infected	Infected 33 vs 50	Downregulated	Not in the frozen focused origin-audit subset			No focused BLASTn/DIAMOND result for this gene							infected_diet33_vs50	Infected diet 50	4.793078019124499	0.028533786822654787
LOC126325937	NW_026062302.1	uncharacterized LOC126325937	protein_coding	Diet in infected	Infected 33 vs 50	Downregulated	Not in the frozen focused origin-audit subset			No focused BLASTn/DIAMOND result for this gene							infected_diet33_vs50	Infected diet 50	5.051016086561088	0.02873963676363329
LOC126320461	NW_026062097.1	myosin-2 heavy chain-like	protein_coding	Diet in infected	Infected 33 vs 50	Downregulated	Not in the frozen focused origin-audit subset			No focused BLASTn/DIAMOND result for this gene							infected_diet33_vs50	Infected diet 50	4.501578766646501	0.028782798479975828
LOC126315428	NW_026061960.1	uncharacterized LOC126315428	protein_coding	Diet in infected	Infected 33 vs 50	Downregulated	Not in the frozen focused origin-audit subset			No focused BLASTn/DIAMOND result for this gene							infected_diet33_vs50	Infected diet 50	4.4932418459705685	0.02890605025529876
LOC126329923	NW_026062549.1	STAM-binding protein-like	protein_coding	Diet in infected	Infected 33 vs 50	Downregulated	Not in the frozen focused origin-audit subset			No focused BLASTn/DIAMOND result for this gene							infected_diet33_vs50	Infected diet 50	4.40477446883557	0.02890605025529876
LOC126324526	NW_026062249.1	uncharacterized LOC126324526	protein_coding	Diet in infected	Infected 33 vs 50	Downregulated	Not in the frozen focused origin-audit subset			No focused BLASTn/DIAMOND result for this gene							infected_diet33_vs50	Infected diet 50	4.472354049284963	0.02892231426490727
LOC126318603	NW_026062056.1	uncharacterized LOC126318603	lncRNA	Diet in infected	Infected 33 vs 50	Downregulated	Not in the frozen focused origin-audit subset			No focused BLASTn/DIAMOND result for this gene							infected_diet33_vs50	Infected diet 50	4.624065770248086	0.02897528742287425
LOC126318327	NW_026062048.1	uncharacterized LOC126318327	protein_coding	Diet in infected	Infected 33 vs 50	Downregulated	Not in the frozen focused origin-audit subset			No focused BLASTn/DIAMOND result for this gene							infected_diet33_vs50	Infected diet 50	4.795941413568408	0.02898505528222428
LOC126317503	NW_026062018.1	40-kDa huntingtin-associated protein-like	protein_coding	Diet in infected	Infected 33 vs 50	Downregulated	Not in the frozen focused origin-audit subset			No focused BLASTn/DIAMOND result for this gene							infected_diet33_vs50	Infected diet 50	4.508932641759833	0.029000900080893916
LOC126322622	NW_026062185.1	serine/arginine repetitive matrix protein 2-like	protein_coding	Diet in infected	Infected 33 vs 50	Downregulated	Not in the frozen focused origin-audit subset			No focused BLASTn/DIAMOND result for this gene							infected_diet33_vs50	Infected diet 50	5.098696986213198	0.029000900080893916
LOC126327182	NW_026062374.1	uncharacterized LOC126327182	protein_coding	Diet in infected	Infected 33 vs 50	Downregulated	Not in the frozen focused origin-audit subset			No focused BLASTn/DIAMOND result for this gene							infected_diet33_vs50	Infected diet 50	4.516134244980496	0.029000900080893916
LOC126316433	NW_026061974.1	uncharacterized LOC126316433	protein_coding	Diet in infected	Infected 33 vs 50	Downregulated	Not in the frozen focused origin-audit subset			No focused BLASTn/DIAMOND result for this gene							infected_diet33_vs50	Infected diet 50	4.70008518246707	0.029124801551161088
LOC126320435	NW_026062097.1	uncharacterized LOC126320435	protein_coding	Diet in infected	Infected 33 vs 50	Downregulated	Not in the frozen focused origin-audit subset			No focused BLASTn/DIAMOND result for this gene							infected_diet33_vs50	Infected diet 50	4.232366915353934	0.029130164675215967
LOC126323278	NW_026062217.1	uncharacterized LOC126323278	protein_coding	Diet in infected	Infected 33 vs 50	Downregulated	Not in the frozen focused origin-audit subset			No focused BLASTn/DIAMOND result for this gene							infected_diet33_vs50	Infected diet 50	4.776334789897721	0.0292182099011906
LOC126319946	NW_026062071.1	cell division cycle 5-related protein-like	protein_coding	Diet in infected	Infected 33 vs 50	Downregulated	Not in the frozen focused origin-audit subset			No focused BLASTn/DIAMOND result for this gene							infected_diet33_vs50	Infected diet 50	4.344069194328276	0.02934815355632139
LOC126329077	NW_026062491.1	uncharacterized LOC126329077	protein_coding	Diet in infected	Infected 33 vs 50	Downregulated	Not in the frozen focused origin-audit subset			No focused BLASTn/DIAMOND result for this gene							infected_diet33_vs50	Infected diet 50	4.633587056180679	0.029382569865696973
LOC126325938	NW_026062302.1	ADP-sugar pyrophosphatase-like	protein_coding	Diet in infected	Infected 33 vs 50	Downregulated	Not in the frozen focused origin-audit subset			No focused BLASTn/DIAMOND result for this gene							infected_diet33_vs50	Infected diet 50	5.136653330888913	0.029409724097370936
LOC126324475	NW_026062249.1	uncharacterized LOC126324475	protein_coding	Diet in infected	Infected 33 vs 50	Downregulated	Not in the frozen focused origin-audit subset			No focused BLASTn/DIAMOND result for this gene							infected_diet33_vs50	Infected diet 50	4.851320861503557	0.02941802595356965
LOC126329579	NW_026062521.1	uncharacterized LOC126329579	protein_coding	Diet in infected	Infected 33 vs 50	Downregulated	Not in the frozen focused origin-audit subset			No focused BLASTn/DIAMOND result for this gene							infected_diet33_vs50	Infected diet 50	4.572662219133238	0.02947139295623735
LOC126317087	NW_026062009.1	probable ATP-dependent RNA helicase DHX35	protein_coding	Diet in infected	Infected 33 vs 50	Downregulated	Not in the frozen focused origin-audit subset			No focused BLASTn/DIAMOND result for this gene							infected_diet33_vs50	Infected diet 50	4.831678864408256	0.029524415234313813
LOC126316457	NW_026061974.1	uncharacterized LOC126316457	protein_coding	Diet in infected	Infected 33 vs 50	Downregulated	Not in the frozen focused origin-audit subset			No focused BLASTn/DIAMOND result for this gene							infected_diet33_vs50	Infected diet 50	4.444747482223868	0.02954546903110879
LOC126330061	NW_026062566.1	uncharacterized LOC126330061	protein_coding	Diet in infected	Infected 33 vs 50	Downregulated	Not in the frozen focused origin-audit subset			No focused BLASTn/DIAMOND result for this gene							infected_diet33_vs50	Infected diet 50	4.697550112938684	0.02954546903110879
LOC126316733	NW_026061988.1	uncharacterized LOC126316733	lncRNA	Diet in infected	Infected 33 vs 50	Downregulated	Not in the frozen focused origin-audit subset			No focused BLASTn/DIAMOND result for this gene							infected_diet33_vs50	Infected diet 50	4.51962204847344	0.029580936346213896
LOC126311248	NW_026061838.1	protein YIPF1 homolog	protein_coding	Diet in infected	Infected 33 vs 50	Downregulated	Not in the frozen focused origin-audit subset			No focused BLASTn/DIAMOND result for this gene							infected_diet33_vs50	Infected diet 50	4.47799538108251	0.02981055282818072
LOC126327203	NW_026062374.1	uncharacterized LOC126327203	protein_coding	Infection + diet	Diet 33: infected vs control; Infected 33 vs 50	Downregulated	Not in the frozen focused origin-audit subset			No focused BLASTn/DIAMOND result for this gene							infected_diet33_vs50	Infected diet 50	4.796329747100365	0.02981055282818072
LOC126316917	NW_026062003.1	uncharacterized LOC126316917	protein_coding	Diet in infected	Infected 33 vs 50	Downregulated	Not in the frozen focused origin-audit subset			No focused BLASTn/DIAMOND result for this gene							infected_diet33_vs50	Infected diet 50	4.771229505851469	0.02984505747286094
LOC126320483	NW_026062097.1	nuclear exosome regulator NRDE2-like	protein_coding	Diet in infected	Infected 33 vs 50	Downregulated	Not in the frozen focused origin-audit subset			No focused BLASTn/DIAMOND result for this gene							infected_diet33_vs50	Infected diet 50	4.943338809683263	0.0298549875028845
LOC126323237	NW_026062217.1	uncharacterized LOC126323237	protein_coding	Diet in infected	Infected 33 vs 50	Downregulated	Not in the frozen focused origin-audit subset			No focused BLASTn/DIAMOND result for this gene							infected_diet33_vs50	Infected diet 50	4.139988567152212	0.029915264816453395
LOC126318301	NW_026062048.1	uncharacterized LOC126318301	protein_coding	Diet in infected	Infected 33 vs 50	Downregulated	Not in the frozen focused origin-audit subset			No focused BLASTn/DIAMOND result for this gene							infected_diet33_vs50	Infected diet 50	4.73848143509009	0.029963247074233493
LOC126316948	NW_026062003.1	pyruvate dehydrogenase E1 component subunit alpha, mitochondrial-like	protein_coding	Diet in infected	Infected 33 vs 50	Downregulated	Not in the frozen focused origin-audit subset			No focused BLASTn/DIAMOND result for this gene							infected_diet33_vs50	Infected diet 50	4.1389188609139795	0.03008038163792893
LOC126329920	NW_026062549.1	uncharacterized LOC126329920	protein_coding	Diet in infected	Infected 33 vs 50	Downregulated	Not in the frozen focused origin-audit subset			No focused BLASTn/DIAMOND result for this gene							infected_diet33_vs50	Infected diet 50	4.448357918409788	0.03054567238760915
LOC126304670	NW_026061732.1	uncharacterized LOC126304670	protein_coding	Diet in infected	Infected 33 vs 50	Downregulated	Not in the frozen focused origin-audit subset			No focused BLASTn/DIAMOND result for this gene							infected_diet33_vs50	Infected diet 50	4.149269882629261	0.030773632608210165
LOC126324554	NW_026062249.1	protein MAK16 homolog	protein_coding	Diet in infected	Infected 33 vs 50	Downregulated	Not in the frozen focused origin-audit subset			No focused BLASTn/DIAMOND result for this gene							infected_diet33_vs50	Infected diet 50	4.406982391303428	0.030960632180833652
LOC126316979	NW_026062003.1	uncharacterized LOC126316979	lncRNA	Diet in infected	Infected 33 vs 50	Downregulated	Not in the frozen focused origin-audit subset			No focused BLASTn/DIAMOND result for this gene							infected_diet33_vs50	Infected diet 50	4.001822094175974	0.031088364817054282
LOC126316985	NW_026062003.1	uncharacterized LOC126316985	protein_coding	Diet in infected	Infected 33 vs 50	Downregulated	Not in the frozen focused origin-audit subset			No focused BLASTn/DIAMOND result for this gene							infected_diet33_vs50	Infected diet 50	4.150518328483969	0.031088364817054282
LOC126328068	NW_026062425.1	proteasome subunit beta type-5-like	protein_coding	Diet in infected	Infected 33 vs 50	Downregulated	Not in the frozen focused origin-audit subset			No focused BLASTn/DIAMOND result for this gene							infected_diet33_vs50	Infected diet 50	4.609639005026824	0.031088364817054282
LOC126315365	NW_026061960.1	2,3-bisphosphoglycerate-dependent phosphoglycerate mutase-like	protein_coding	Diet in infected	Infected 33 vs 50	Downregulated	Not in the frozen focused origin-audit subset			No focused BLASTn/DIAMOND result for this gene							infected_diet33_vs50	Infected diet 50	4.380761802623575	0.031353639296614784
LOC126319981	NW_026062071.1	uncharacterized LOC126319981	protein_coding	Diet in infected	Infected 33 vs 50	Downregulated	Not in the frozen focused origin-audit subset			No focused BLASTn/DIAMOND result for this gene							infected_diet33_vs50	Infected diet 50	4.373770767005872	0.03157558313173447
LOC126318249	NW_026062043.1	multifunctional methyltransferase subunit TRM112-like protein	protein_coding	Diet in infected	Infected 33 vs 50	Downregulated	Not in the frozen focused origin-audit subset			No focused BLASTn/DIAMOND result for this gene							infected_diet33_vs50	Infected diet 50	4.381112405886123	0.0315920643099096
LOC126322574	NW_026062185.1	golgin subfamily A member 6-like protein 6	protein_coding	Diet in infected	Infected 33 vs 50	Downregulated	Not in the frozen focused origin-audit subset			No focused BLASTn/DIAMOND result for this gene							infected_diet33_vs50	Infected diet 50	4.704348795611003	0.031705245942484445
LOC126326516	NW_026062344.1	uncharacterized LOC126326516	lncRNA	Diet in infected	Infected 33 vs 50	Downregulated	Not in the frozen focused origin-audit subset			No focused BLASTn/DIAMOND result for this gene							infected_diet33_vs50	Infected diet 50	4.81911725388945	0.03212739334753137
LOC126302232	NW_026061724.1	uncharacterized LOC126302232	lncRNA	Infection within diet	Diet 33: infected vs control; Diet 83: infected vs control	Upregulated	Not in the frozen focused origin-audit subset			No focused BLASTn/DIAMOND result for this gene							infection_average_all_diets	Average infected	1.1445728589933764	0.03299625832801435
LOC126322586	NW_026062185.1	uncharacterized LOC126322586	protein_coding	Diet in infected	Infected 33 vs 50	Downregulated	Not in the frozen focused origin-audit subset			No focused BLASTn/DIAMOND result for this gene							infected_diet33_vs50	Infected diet 50	4.757794414695114	0.03312561324992763
LOC126322703	NW_026062196.1	uncharacterized LOC126322703	lncRNA	Diet in infected	Infected 33 vs 50	Downregulated	Not in the frozen focused origin-audit subset			No focused BLASTn/DIAMOND result for this gene							infected_diet33_vs50	Infected diet 50	4.826089494165785	0.033159167096117576
LOC126327198	NW_026062374.1	uncharacterized LOC126327198	lncRNA	Diet in infected	Infected 33 vs 50	Downregulated	Not in the frozen focused origin-audit subset			No focused BLASTn/DIAMOND result for this gene							infected_diet33_vs50	Infected diet 50	4.980581394893544	0.033159167096117576
LOC126328062	NW_026062425.1	cystathionine gamma-lyase-like	protein_coding	Diet in infected	Infected 33 vs 50	Downregulated	Not in the frozen focused origin-audit subset			No focused BLASTn/DIAMOND result for this gene							infected_diet33_vs50	Infected diet 50	5.087368018188625	0.03324927881762567
LOC126324500	NW_026062249.1	probable zinc transporter protein DDB_G0282067	protein_coding	Diet in infected	Infected 33 vs 50	Downregulated	Not in the frozen focused origin-audit subset			No focused BLASTn/DIAMOND result for this gene							infected_diet33_vs50	Infected diet 50	4.2228767623957895	0.033358216446051726
LOC126315297	NW_026061960.1	inorganic pyrophosphatase-like	protein_coding	Diet in infected	Infected 33 vs 50	Downregulated	Not in the frozen focused origin-audit subset			No focused BLASTn/DIAMOND result for this gene							infected_diet33_vs50	Infected diet 50	4.097234402080443	0.03341051047611559
LOC126319931	NW_026062071.1	3-hydroxyacyl-thioester dehydratase X-like	protein_coding	Diet in infected	Infected 33 vs 50	Downregulated	Not in the frozen focused origin-audit subset			No focused BLASTn/DIAMOND result for this gene							infected_diet33_vs50	Infected diet 50	4.721943655940817	0.03357666196381911
LOC126319921	NW_026062071.1	RNA cytosine C(5)-methyltransferase NSUN2-like	protein_coding	Diet in infected	Infected 33 vs 50	Downregulated	Not in the frozen focused origin-audit subset			No focused BLASTn/DIAMOND result for this gene							infected_diet33_vs50	Infected diet 50	4.714478066228202	0.033801549941307
LOC126323257	NW_026062217.1	exosome component 10-like	protein_coding	Diet in infected	Infected 33 vs 50	Downregulated	Not in the frozen focused origin-audit subset			No focused BLASTn/DIAMOND result for this gene							infected_diet33_vs50	Infected diet 50	4.340771648766762	0.03413347440203049
LOC126322714	NW_026062196.1	uncharacterized LOC126322714	protein_coding	Diet in infected	Infected 33 vs 50	Downregulated	Not in the frozen focused origin-audit subset			No focused BLASTn/DIAMOND result for this gene							infected_diet33_vs50	Infected diet 50	3.9705174300815043	0.035569206466446394
LOC126316803	NW_026061988.1	deoxynucleoside triphosphate triphosphohydrolase SAMHD1 homolog	protein_coding	Diet in infected	Infected 33 vs 50	Downregulated	Not in the frozen focused origin-audit subset			No focused BLASTn/DIAMOND result for this gene							infected_diet33_vs50	Infected diet 50	4.241413991444711	0.036023206231941406
LOC126326069	NW_026062315.1	uncharacterized LOC126326069	protein_coding	Diet in infected	Infected 33 vs 50	Downregulated	Not in the frozen focused origin-audit subset			No focused BLASTn/DIAMOND result for this gene							infected_diet33_vs50	Infected diet 50	4.282687636463206	0.03650032702756258
LOC126316818	NW_026061988.1	uncharacterized LOC126316818	protein_coding	Diet in infected	Infected 33 vs 50	Downregulated	Not in the frozen focused origin-audit subset			No focused BLASTn/DIAMOND result for this gene							infected_diet33_vs50	Infected diet 50	4.3366349179706605	0.03679790904748334
LOC126329095	NW_026062491.1	uncharacterized LOC126329095	lncRNA	Diet in infected	Infected 33 vs 50	Downregulated	Not in the frozen focused origin-audit subset			No focused BLASTn/DIAMOND result for this gene							infected_diet33_vs50	Infected diet 50	4.778044907566475	0.03693140777685464
LOC126311259	NW_026061842.1	uncharacterized LOC126311259	lncRNA	Infection within diet	Diet 50: infected vs control	Upregulated	Not in the frozen focused origin-audit subset			No focused BLASTn/DIAMOND result for this gene							infection_average_all_diets	Average infected	1.1505647965297414	0.03778277058564449
LOC126326037	NW_026062315.1	uncharacterized LOC126326037	protein_coding	Diet in infected	Infected 33 vs 50	Downregulated	Not in the frozen focused origin-audit subset			No focused BLASTn/DIAMOND result for this gene							infected_diet33_vs50	Infected diet 50	4.870908003256735	0.03782076363216768
LOC126318460	NW_026062051.1	vacuolar protein sorting-associated protein 33A-like	protein_coding	Diet in infected	Infected 33 vs 50	Downregulated	Not in the frozen focused origin-audit subset			No focused BLASTn/DIAMOND result for this gene							infected_diet33_vs50	Infected diet 50	4.478997291814698	0.037899048627828655
LOC126315253	NW_026061960.1	twinkle mtDNA helicase-like	protein_coding	Diet in infected	Infected 33 vs 50	Downregulated	Not in the frozen focused origin-audit subset			No focused BLASTn/DIAMOND result for this gene							infected_diet33_vs50	Infected diet 50	4.027507700067336	0.0384383436188402
LOC126315328	NW_026061960.1	uncharacterized LOC126315328	protein_coding	Diet in infected	Infected 33 vs 50	Downregulated	Not in the frozen focused origin-audit subset			No focused BLASTn/DIAMOND result for this gene							infected_diet33_vs50	Infected diet 50	4.939469269306512	0.03954773640945356
LOC126316813	NW_026061988.1	uncharacterized LOC126316813	protein_coding	Diet in infected	Infected 33 vs 50	Downregulated	Not in the frozen focused origin-audit subset			No focused BLASTn/DIAMOND result for this gene							infected_diet33_vs50	Infected diet 50	4.441124390631972	0.03981593853853114
LOC126328231	NW_026062445.1	uncharacterized LOC126328231	lncRNA	Diet in infected	Infected 33 vs 50	Downregulated	Not in the frozen focused origin-audit subset			No focused BLASTn/DIAMOND result for this gene							infected_diet33_vs50	Infected diet 50	4.343736918211823	0.039851745992235364
LOC126320397	NW_026062097.1	uncharacterized LOC126320397	protein_coding	Diet in infected	Infected 33 vs 50	Downregulated	Not in the frozen focused origin-audit subset			No focused BLASTn/DIAMOND result for this gene							infected_diet33_vs50	Infected diet 50	4.57767930446407	0.04034747701269402
LOC126330722	NW_026062647.1	uncharacterized LOC126330722	protein_coding	Infection within diet	Diet 83: infected vs control	Upregulated	Not in the frozen focused origin-audit subset			No focused BLASTn/DIAMOND result for this gene							interaction_diet33_vs50	Infection response diet 50	3.4119432460780565	0.040718849945427966
LOC126318240	NW_026062043.1	tRNA (adenine(58)-N(1))-methyltransferase catalytic subunit TRMT61A-like	protein_coding	Diet in infected	Infected 33 vs 50	Downregulated	Not in the frozen focused origin-audit subset			No focused BLASTn/DIAMOND result for this gene							infected_diet33_vs50	Infected diet 50	4.547638691436959	0.041056832205736866
LOC126316930	NW_026062003.1	uncharacterized LOC126316930	protein_coding	Diet in infected	Infected 33 vs 50	Downregulated	Not in the frozen focused origin-audit subset			No focused BLASTn/DIAMOND result for this gene							infected_diet33_vs50	Infected diet 50	4.5778547684480575	0.041652485153165116
LOC126315273	NW_026061960.1	uncharacterized LOC126315273	protein_coding	Diet in infected	Infected 33 vs 50	Downregulated	Not in the frozen focused origin-audit subset			No focused BLASTn/DIAMOND result for this gene							infected_diet33_vs50	Infected diet 50	4.701656054540656	0.04195144370763102
LOC126322553	NW_026062185.1	WD repeat-containing protein 82-like	protein_coding	Diet in infected	Infected 33 vs 50	Downregulated	Not in the frozen focused origin-audit subset			No focused BLASTn/DIAMOND result for this gene							infected_diet33_vs50	Infected diet 50	4.328582267345413	0.042034408387241214
LOC126322564	NW_026062185.1	dnaJ homolog subfamily C member 11-like	protein_coding	Diet in infected	Infected 33 vs 50	Downregulated	Not in the frozen focused origin-audit subset			No focused BLASTn/DIAMOND result for this gene							infected_diet33_vs50	Infected diet 50	4.288168730133023	0.042058814329143754
LOC126318450	NW_026062051.1	uncharacterized LOC126318450	protein_coding	Diet in infected	Infected 33 vs 50	Downregulated	Not in the frozen focused origin-audit subset			No focused BLASTn/DIAMOND result for this gene							infected_diet33_vs50	Infected diet 50	4.276392848630795	0.04215927480211444
LOC126323720	NW_026062229.1	kinesin-like protein KIF3A	protein_coding	Diet in infected	Infected 33 vs 50	Downregulated	Not in the frozen focused origin-audit subset			No focused BLASTn/DIAMOND result for this gene							infected_diet33_vs50	Infected diet 50	4.445525325116413	0.04255670205664645
LOC126329084	NW_026062491.1	uncharacterized LOC126329084	lncRNA	Diet in infected	Infected 33 vs 50	Downregulated	Not in the frozen focused origin-audit subset			No focused BLASTn/DIAMOND result for this gene							infected_diet33_vs50	Infected diet 50	4.512608348398352	0.04301002876980645
LOC126301328	NW_026061707.1	uncharacterized LOC126301328	lncRNA	Infection within diet	Diet 83: infected vs control	Upregulated	Not in the frozen focused origin-audit subset			No focused BLASTn/DIAMOND result for this gene							infection_average_all_diets	Average infected	1.2061711560445032	0.04420136644337496
LOC126309706	NW_026061824.1	uncharacterized LOC126309706	lncRNA	Infection within diet	Diet 50: infected vs control	Upregulated	Not in the frozen focused origin-audit subset			No focused BLASTn/DIAMOND result for this gene							infection_average_all_diets	Average infected	1.0185263070296409	0.04452924793686201
LOC126316819	NW_026061988.1	uncharacterized LOC126316819	protein_coding	Diet in infected	Infected 33 vs 50	Downregulated	Not in the frozen focused origin-audit subset			No focused BLASTn/DIAMOND result for this gene							infected_diet33_vs50	Infected diet 50	4.15523772281363	0.04557692338459624
LOC126318339	NW_026062048.1	zinc finger CCCH domain-containing protein 15 homolog	protein_coding	Diet in infected	Infected 33 vs 50	Downregulated	Not in the frozen focused origin-audit subset			No focused BLASTn/DIAMOND result for this gene							infected_diet33_vs50	Infected diet 50	4.215399534398599	0.04561291848024788
LOC126326125	NW_026062325.1	uncharacterized LOC126326125	protein_coding	Diet in infected	Infected 33 vs 50	Downregulated	Not in the frozen focused origin-audit subset			No focused BLASTn/DIAMOND result for this gene							infected_diet33_vs50	Infected diet 50	4.5200001071440505	0.0486541053588624
LOC126301324	NW_026061707.1	uncharacterized LOC126301324	lncRNA	Infection within diet	Diet 33: infected vs control; Diet 83: infected vs control	Upregulated	Not in the frozen focused origin-audit subset			No focused BLASTn/DIAMOND result for this gene							Not significant in the fresh unplaced-gene analysis			
LOC126301639	NW_026061710.1	uncharacterized LOC126301639	lncRNA	Infection within diet	Diet 50: infected vs control	Upregulated	Not in the frozen focused origin-audit subset			No focused BLASTn/DIAMOND result for this gene							Not significant in the fresh unplaced-gene analysis			
LOC126302191	NW_026061724.1	uncharacterized LOC126302191	lncRNA	Infection within diet	Diet 83: infected vs control	Upregulated	Not in the frozen focused origin-audit subset			No focused BLASTn/DIAMOND result for this gene							Not significant in the fresh unplaced-gene analysis			
LOC126302226	NW_026061724.1	uncharacterized LOC126302226	lncRNA	Infection within diet	Diet 33: infected vs control; Diet 50: infected vs control	Upregulated	Not in the frozen focused origin-audit subset			No focused BLASTn/DIAMOND result for this gene							Not significant in the fresh unplaced-gene analysis			
LOC126304985	NW_026061743.1	hapless 2-like	protein_coding	Diet in infected	Infected 33 vs 50	Downregulated	Not in the frozen focused origin-audit subset			No focused BLASTn/DIAMOND result for this gene							Not significant in the fresh unplaced-gene analysis			
LOC126311180	NW_026061838.1	ubiquitin-like modifier-activating enzyme 1	protein_coding	Diet in infected	Infected 33 vs 50	Downregulated	Not in the frozen focused origin-audit subset			No focused BLASTn/DIAMOND result for this gene							Not significant in the fresh unplaced-gene analysis			
LOC126311204	NW_026061838.1	synapse-associated protein of 47 kDa-like	protein_coding	Diet in infected	Infected 33 vs 50	Downregulated	Not in the frozen focused origin-audit subset			No focused BLASTn/DIAMOND result for this gene							Not significant in the fresh unplaced-gene analysis			
LOC126311219	NW_026061838.1	riboflavin biosynthesis protein RibBA-like	protein_coding	Diet in infected	Infected 33 vs 50	Downregulated	Not in the frozen focused origin-audit subset			No focused BLASTn/DIAMOND result for this gene							Not significant in the fresh unplaced-gene analysis			
LOC126311225	NW_026061838.1	probable splicing factor, arginine/serine-rich 3	protein_coding	Diet in infected	Infected 33 vs 50	Downregulated	Not in the frozen focused origin-audit subset			No focused BLASTn/DIAMOND result for this gene							Not significant in the fresh unplaced-gene analysis			
LOC126313187	NW_026061883.1	uncharacterized LOC126313187	lncRNA	Infection within diet	Diet 50: infected vs control	Upregulated	Not in the frozen focused origin-audit subset			No focused BLASTn/DIAMOND result for this gene							Not significant in the fresh unplaced-gene analysis			
LOC126313188	NW_026061884.1	uncharacterized LOC126313188	lncRNA	Infection within diet	Diet 33: infected vs control; Diet 50: infected vs control; Diet 83: infected vs control	Upregulated	Not in the frozen focused origin-audit subset			No focused BLASTn/DIAMOND result for this gene							Not significant in the fresh unplaced-gene analysis			
LOC126313415	NW_026061891.1	kanadaptin-like	protein_coding	Infection within diet	Diet 83: infected vs control	Upregulated	Not in the frozen focused origin-audit subset			No focused BLASTn/DIAMOND result for this gene							Not significant in the fresh unplaced-gene analysis			
LOC126314471	NW_026061954.1	uncharacterized LOC126314471	lncRNA	Infection within diet	Diet 50: infected vs control	Upregulated	Not in the frozen focused origin-audit subset			No focused BLASTn/DIAMOND result for this gene							Not significant in the fresh unplaced-gene analysis			
LOC126316835	NW_026061988.1	U2 spliceosomal RNA	snRNA	Diet in infected	Infected 33 vs 50	Downregulated	Not in the frozen focused origin-audit subset			No focused BLASTn/DIAMOND result for this gene							Not significant in the fresh unplaced-gene analysis			
LOC126316940	NW_026062003.1	ubiquitin carboxyl-terminal hydrolase 22-A-like	protein_coding	Diet in infected	Infected 33 vs 50	Downregulated	Not in the frozen focused origin-audit subset			No focused BLASTn/DIAMOND result for this gene							Not significant in the fresh unplaced-gene analysis			
LOC126318354	NW_026062048.1	protein transport protein SEC31-like	protein_coding	Diet in infected	Infected 33 vs 50	Downregulated	Not in the frozen focused origin-audit subset			No focused BLASTn/DIAMOND result for this gene							Not significant in the fresh unplaced-gene analysis			
LOC126320452	NW_026062097.1	uncharacterized LOC126320452	protein_coding	Diet in infected	Infected 33 vs 50	Downregulated	Not in the frozen focused origin-audit subset			No focused BLASTn/DIAMOND result for this gene							Not significant in the fresh unplaced-gene analysis			
LOC126322692	NW_026062196.1	uncharacterized LOC126322692	protein_coding	Diet in infected	Infected 33 vs 50	Downregulated	Not in the frozen focused origin-audit subset			No focused BLASTn/DIAMOND result for this gene							Not significant in the fresh unplaced-gene analysis			
LOC126322697	NW_026062196.1	eukaryotic translation initiation factor 4E type 2-like	protein_coding	Diet in infected	Infected 33 vs 50	Downregulated	Not in the frozen focused origin-audit subset			No focused BLASTn/DIAMOND result for this gene							Not significant in the fresh unplaced-gene analysis			
LOC126326038	NW_026062315.1	uncharacterized LOC126326038	protein_coding	Diet in infected	Infected 33 vs 50	Downregulated	Not in the frozen focused origin-audit subset			No focused BLASTn/DIAMOND result for this gene							Not significant in the fresh unplaced-gene analysis			
LOC126326582	NW_026062344.1	uncharacterized LOC126326582	protein_coding	Diet in infected	Infected 33 vs 50	Downregulated	Not in the frozen focused origin-audit subset			No focused BLASTn/DIAMOND result for this gene							Not significant in the fresh unplaced-gene analysis			
LOC126329982	NW_026062553.1	U3 small nucleolar RNA-associated protein 6 homolog	protein_coding	Diet in infected	Infected 33 vs 50	Downregulated	Not in the frozen focused origin-audit subset			No focused BLASTn/DIAMOND result for this gene							Not significant in the fresh unplaced-gene analysis			
LOC126330810	NW_026062667.1	uncharacterized LOC126330810	protein_coding	Diet in infected	Infected 33 vs 50	Downregulated	Not in the frozen focused origin-audit subset			No focused BLASTn/DIAMOND result for this gene							Not significant in the fresh unplaced-gene analysis			
