"gene_id","n_sets","set_members"
"LOC126278485",8,"all_infection_within_diet_results; all_model_coefficients; DESeq2_infected_vs_control_diet_50; DESeq2_infected_vs_control_diet_33; DESeq2_infected_vs_control_diet_83; all_diet_pairwise_results; DESeq2_33_vs_50; DESeq2_50_vs_83"
"LOC126293368",8,"all_infection_within_diet_results; all_model_coefficients; DESeq2_infected_vs_control_diet_50; DESeq2_infected_vs_control_diet_33; DESeq2_infected_vs_control_diet_83; all_diet_pairwise_results; DESeq2_33_vs_83; DESeq2_50_vs_83"
"LOC126294950",8,"all_infection_within_diet_results; all_model_coefficients; DESeq2_infected_vs_control_diet_50; DESeq2_infected_vs_control_diet_33; DESeq2_infected_vs_control_diet_83; all_diet_pairwise_results; DESeq2_33_vs_83; DESeq2_50_vs_83"
"LOC126267222",7,"all_infection_within_diet_results; all_model_coefficients; DESeq2_infected_vs_control_diet_50; DESeq2_infected_vs_control_diet_33; DESeq2_infected_vs_control_diet_83; all_diet_pairwise_results; DESeq2_50_vs_83"
"LOC126267535",7,"all_infection_within_diet_results; all_model_coefficients; DESeq2_infected_vs_control_diet_50; DESeq2_infected_vs_control_diet_83; all_diet_pairwise_results; DESeq2_33_vs_83; DESeq2_50_vs_83"
"LOC126272510",7,"all_infection_within_diet_results; all_model_coefficients; DESeq2_infected_vs_control_diet_50; DESeq2_infected_vs_control_diet_33; all_diet_pairwise_results; DESeq2_33_vs_50; DESeq2_33_vs_83"
"LOC126272850",7,"all_infection_within_diet_results; all_model_coefficients; DESeq2_infected_vs_control_diet_50; DESeq2_infected_vs_control_diet_33; DESeq2_infected_vs_control_diet_83; all_diet_pairwise_results; DESeq2_33_vs_50"
"LOC126282181",7,"all_infection_within_diet_results; all_model_coefficients; DESeq2_infected_vs_control_diet_50; DESeq2_infected_vs_control_diet_33; DESeq2_infected_vs_control_diet_83; all_diet_pairwise_results; DESeq2_33_vs_83"
"LOC126297886",7,"all_infection_within_diet_results; all_model_coefficients; DESeq2_infected_vs_control_diet_33; all_diet_pairwise_results; DESeq2_33_vs_50; interaction_coefficients; DESeq2_33_vs_83"
"LOC126299510",7,"all_infection_within_diet_results; all_model_coefficients; DESeq2_infected_vs_control_diet_50; DESeq2_infected_vs_control_diet_33; DESeq2_infected_vs_control_diet_83; all_diet_pairwise_results; DESeq2_33_vs_83"
"LOC126325353",7,"all_infection_within_diet_results; all_model_coefficients; DESeq2_infected_vs_control_diet_50; DESeq2_infected_vs_control_diet_33; all_diet_pairwise_results; DESeq2_33_vs_83; DESeq2_50_vs_83"
"LOC126333408",7,"all_infection_within_diet_results; all_model_coefficients; DESeq2_infected_vs_control_diet_50; DESeq2_infected_vs_control_diet_83; all_diet_pairwise_results; DESeq2_33_vs_50; DESeq2_33_vs_83"
"LOC126336286",7,"all_infection_within_diet_results; all_model_coefficients; DESeq2_infected_vs_control_diet_33; all_diet_pairwise_results; DESeq2_33_vs_50; interaction_coefficients; DESeq2_33_vs_83"
"LOC126336538",7,"all_infection_within_diet_results; all_model_coefficients; DESeq2_infected_vs_control_diet_50; DESeq2_infected_vs_control_diet_33; DESeq2_infected_vs_control_diet_83; all_diet_pairwise_results; DESeq2_33_vs_83"
"LOC126336688",7,"all_infection_within_diet_results; all_model_coefficients; DESeq2_infected_vs_control_diet_50; DESeq2_infected_vs_control_diet_33; DESeq2_infected_vs_control_diet_83; all_diet_pairwise_results; DESeq2_33_vs_50"
"LOC126344004",7,"all_infection_within_diet_results; all_model_coefficients; DESeq2_infected_vs_control_diet_50; DESeq2_infected_vs_control_diet_33; DESeq2_infected_vs_control_diet_83; all_diet_pairwise_results; DESeq2_33_vs_83"
"LOC126354934",7,"all_infection_within_diet_results; all_model_coefficients; DESeq2_infected_vs_control_diet_50; DESeq2_infected_vs_control_diet_83; all_diet_pairwise_results; DESeq2_33_vs_50; DESeq2_33_vs_83"
"LOC126266590",6,"all_infection_within_diet_results; all_model_coefficients; DESeq2_infected_vs_control_diet_33; all_diet_pairwise_results; DESeq2_33_vs_50; interaction_coefficients"
"LOC126267449",6,"all_infection_within_diet_results; all_model_coefficients; DESeq2_infected_vs_control_diet_50; DESeq2_infected_vs_control_diet_33; all_diet_pairwise_results; DESeq2_50_vs_83"
"LOC126267545",6,"all_infection_within_diet_results; all_model_coefficients; DESeq2_infected_vs_control_diet_50; DESeq2_infected_vs_control_diet_33; all_diet_pairwise_results; DESeq2_33_vs_83"
"LOC126268174",6,"all_infection_within_diet_results; all_model_coefficients; DESeq2_infected_vs_control_diet_50; DESeq2_infected_vs_control_diet_33; all_diet_pairwise_results; DESeq2_33_vs_50"
"LOC126272144",6,"all_infection_within_diet_results; all_model_coefficients; DESeq2_infected_vs_control_diet_33; all_diet_pairwise_results; DESeq2_33_vs_50; interaction_coefficients"
"LOC126272992",6,"all_infection_within_diet_results; all_model_coefficients; DESeq2_infected_vs_control_diet_50; DESeq2_infected_vs_control_diet_33; all_diet_pairwise_results; DESeq2_33_vs_50"
"LOC126277896",6,"all_infection_within_diet_results; all_model_coefficients; DESeq2_infected_vs_control_diet_50; DESeq2_infected_vs_control_diet_83; all_diet_pairwise_results; DESeq2_33_vs_83"
"LOC126282167",6,"all_infection_within_diet_results; all_model_coefficients; DESeq2_infected_vs_control_diet_33; all_diet_pairwise_results; DESeq2_33_vs_83; DESeq2_50_vs_83"
"LOC126293737",6,"all_infection_within_diet_results; all_model_coefficients; DESeq2_infected_vs_control_diet_50; DESeq2_infected_vs_control_diet_33; all_diet_pairwise_results; DESeq2_33_vs_83"
"LOC126299185",6,"all_infection_within_diet_results; all_model_coefficients; DESeq2_infected_vs_control_diet_50; DESeq2_infected_vs_control_diet_83; all_diet_pairwise_results; DESeq2_33_vs_83"
"LOC126334955",6,"all_infection_within_diet_results; all_model_coefficients; DESeq2_infected_vs_control_diet_50; DESeq2_infected_vs_control_diet_83; all_diet_pairwise_results; DESeq2_33_vs_50"
"LOC126334992",6,"all_infection_within_diet_results; all_model_coefficients; DESeq2_infected_vs_control_diet_50; DESeq2_infected_vs_control_diet_33; all_diet_pairwise_results; DESeq2_33_vs_50"
"LOC126335237",6,"all_infection_within_diet_results; all_model_coefficients; DESeq2_infected_vs_control_diet_50; DESeq2_infected_vs_control_diet_33; all_diet_pairwise_results; DESeq2_33_vs_83"
"LOC126335461",6,"all_infection_within_diet_results; all_model_coefficients; DESeq2_infected_vs_control_diet_50; DESeq2_infected_vs_control_diet_33; all_diet_pairwise_results; DESeq2_33_vs_50"
"LOC126336532",6,"all_infection_within_diet_results; all_model_coefficients; DESeq2_infected_vs_control_diet_50; DESeq2_infected_vs_control_diet_33; all_diet_pairwise_results; DESeq2_33_vs_83"
"LOC126336533",6,"all_infection_within_diet_results; all_model_coefficients; DESeq2_infected_vs_control_diet_50; DESeq2_infected_vs_control_diet_33; all_diet_pairwise_results; DESeq2_33_vs_83"
"LOC126336534",6,"all_infection_within_diet_results; all_model_coefficients; DESeq2_infected_vs_control_diet_50; DESeq2_infected_vs_control_diet_33; all_diet_pairwise_results; DESeq2_33_vs_83"
"LOC126336535",6,"all_infection_within_diet_results; all_model_coefficients; DESeq2_infected_vs_control_diet_50; DESeq2_infected_vs_control_diet_33; all_diet_pairwise_results; DESeq2_33_vs_83"
"LOC126344479",6,"all_infection_within_diet_results; all_model_coefficients; DESeq2_infected_vs_control_diet_50; all_diet_pairwise_results; DESeq2_33_vs_50; DESeq2_33_vs_83"
"LOC126352958",6,"all_infection_within_diet_results; all_model_coefficients; DESeq2_infected_vs_control_diet_50; all_diet_pairwise_results; DESeq2_33_vs_83; DESeq2_50_vs_83"
"LOC126354907",6,"all_infection_within_diet_results; all_model_coefficients; DESeq2_infected_vs_control_diet_83; all_diet_pairwise_results; DESeq2_33_vs_83; DESeq2_50_vs_83"
"LOC126355120",6,"all_infection_within_diet_results; all_model_coefficients; DESeq2_infected_vs_control_diet_50; DESeq2_infected_vs_control_diet_33; all_diet_pairwise_results; DESeq2_33_vs_83"
"LOC126355485",6,"all_infection_within_diet_results; all_model_coefficients; DESeq2_infected_vs_control_diet_50; DESeq2_infected_vs_control_diet_33; all_diet_pairwise_results; DESeq2_33_vs_83"
"LOC126355691",6,"all_infection_within_diet_results; all_model_coefficients; DESeq2_infected_vs_control_diet_50; DESeq2_infected_vs_control_diet_33; all_diet_pairwise_results; DESeq2_33_vs_83"
"LOC126356047",6,"all_infection_within_diet_results; all_model_coefficients; DESeq2_infected_vs_control_diet_50; all_diet_pairwise_results; DESeq2_33_vs_50; DESeq2_33_vs_83"
"LOC126266596",5,"all_infection_within_diet_results; all_model_coefficients; DESeq2_infected_vs_control_diet_50; DESeq2_infected_vs_control_diet_33; DESeq2_infected_vs_control_diet_83"
"LOC126266728",5,"all_infection_within_diet_results; all_model_coefficients; DESeq2_infected_vs_control_diet_50; DESeq2_infected_vs_control_diet_33; DESeq2_infected_vs_control_diet_83"
"LOC126266759",5,"all_infection_within_diet_results; all_model_coefficients; DESeq2_infected_vs_control_diet_50; DESeq2_infected_vs_control_diet_33; DESeq2_infected_vs_control_diet_83"
"LOC126266760",5,"all_infection_within_diet_results; all_model_coefficients; DESeq2_infected_vs_control_diet_50; DESeq2_infected_vs_control_diet_33; DESeq2_infected_vs_control_diet_83"
"LOC126266789",5,"all_infection_within_diet_results; all_model_coefficients; DESeq2_infected_vs_control_diet_50; DESeq2_infected_vs_control_diet_33; DESeq2_infected_vs_control_diet_83"
"LOC126266859",5,"all_infection_within_diet_results; all_model_coefficients; DESeq2_infected_vs_control_diet_50; DESeq2_infected_vs_control_diet_33; DESeq2_infected_vs_control_diet_83"
"LOC126266862",5,"all_infection_within_diet_results; all_model_coefficients; DESeq2_infected_vs_control_diet_33; all_diet_pairwise_results; DESeq2_33_vs_50"
"LOC126267038",5,"all_infection_within_diet_results; all_model_coefficients; DESeq2_infected_vs_control_diet_50; DESeq2_infected_vs_control_diet_33; DESeq2_infected_vs_control_diet_83"
"LOC126267162",5,"all_infection_within_diet_results; all_model_coefficients; DESeq2_infected_vs_control_diet_50; DESeq2_infected_vs_control_diet_33; DESeq2_infected_vs_control_diet_83"
"LOC126267163",5,"all_infection_within_diet_results; all_model_coefficients; DESeq2_infected_vs_control_diet_50; DESeq2_infected_vs_control_diet_33; DESeq2_infected_vs_control_diet_83"
"LOC126267179",5,"all_infection_within_diet_results; all_model_coefficients; DESeq2_infected_vs_control_diet_50; DESeq2_infected_vs_control_diet_33; DESeq2_infected_vs_control_diet_83"
"LOC126267215",5,"all_infection_within_diet_results; all_model_coefficients; DESeq2_infected_vs_control_diet_50; DESeq2_infected_vs_control_diet_33; DESeq2_infected_vs_control_diet_83"
"LOC126267216",5,"all_infection_within_diet_results; all_model_coefficients; DESeq2_infected_vs_control_diet_50; DESeq2_infected_vs_control_diet_33; DESeq2_infected_vs_control_diet_83"
"LOC126267226",5,"all_infection_within_diet_results; all_model_coefficients; DESeq2_infected_vs_control_diet_50; DESeq2_infected_vs_control_diet_33; DESeq2_infected_vs_control_diet_83"
"LOC126267263",5,"all_infection_within_diet_results; all_model_coefficients; DESeq2_infected_vs_control_diet_50; DESeq2_infected_vs_control_diet_33; DESeq2_infected_vs_control_diet_83"
"LOC126267295",5,"all_infection_within_diet_results; all_model_coefficients; DESeq2_infected_vs_control_diet_50; DESeq2_infected_vs_control_diet_33; DESeq2_infected_vs_control_diet_83"
"LOC126267343",5,"all_infection_within_diet_results; all_model_coefficients; DESeq2_infected_vs_control_diet_50; DESeq2_infected_vs_control_diet_33; DESeq2_infected_vs_control_diet_83"
"LOC126267442",5,"all_infection_within_diet_results; all_model_coefficients; DESeq2_infected_vs_control_diet_50; DESeq2_infected_vs_control_diet_33; DESeq2_infected_vs_control_diet_83"
"LOC126267464",5,"all_infection_within_diet_results; all_model_coefficients; DESeq2_infected_vs_control_diet_50; DESeq2_infected_vs_control_diet_33; DESeq2_infected_vs_control_diet_83"
"LOC126267471",5,"all_infection_within_diet_results; all_model_coefficients; DESeq2_infected_vs_control_diet_50; DESeq2_infected_vs_control_diet_33; DESeq2_infected_vs_control_diet_83"
"LOC126267473",5,"all_infection_within_diet_results; all_model_coefficients; DESeq2_infected_vs_control_diet_50; DESeq2_infected_vs_control_diet_33; DESeq2_infected_vs_control_diet_83"
"LOC126267477",5,"all_infection_within_diet_results; all_model_coefficients; DESeq2_infected_vs_control_diet_50; all_diet_pairwise_results; DESeq2_33_vs_50"
"LOC126267568",5,"all_infection_within_diet_results; all_model_coefficients; DESeq2_infected_vs_control_diet_50; DESeq2_infected_vs_control_diet_33; DESeq2_infected_vs_control_diet_83"
"LOC126267581",5,"all_infection_within_diet_results; all_model_coefficients; DESeq2_infected_vs_control_diet_50; DESeq2_infected_vs_control_diet_33; DESeq2_infected_vs_control_diet_83"
"LOC126267629",5,"all_infection_within_diet_results; all_model_coefficients; DESeq2_infected_vs_control_diet_50; DESeq2_infected_vs_control_diet_33; DESeq2_infected_vs_control_diet_83"
"LOC126267652",5,"all_infection_within_diet_results; all_model_coefficients; DESeq2_infected_vs_control_diet_50; DESeq2_infected_vs_control_diet_33; DESeq2_infected_vs_control_diet_83"
"LOC126267711",5,"all_infection_within_diet_results; DESeq2_infected_vs_control_diet_33; DESeq2_infected_vs_control_diet_83; all_diet_pairwise_results; DESeq2_33_vs_83"
"LOC126267973",5,"all_infection_within_diet_results; all_model_coefficients; DESeq2_infected_vs_control_diet_50; DESeq2_infected_vs_control_diet_33; DESeq2_infected_vs_control_diet_83"
"LOC126267980",5,"all_infection_within_diet_results; all_model_coefficients; DESeq2_infected_vs_control_diet_50; DESeq2_infected_vs_control_diet_33; DESeq2_infected_vs_control_diet_83"
"LOC126268014",5,"all_infection_within_diet_results; all_model_coefficients; DESeq2_infected_vs_control_diet_50; DESeq2_infected_vs_control_diet_33; DESeq2_infected_vs_control_diet_83"
"LOC126268018",5,"all_model_coefficients; all_diet_pairwise_results; DESeq2_33_vs_50; DESeq2_33_vs_83; DESeq2_50_vs_83"
"LOC126268068",5,"all_infection_within_diet_results; all_model_coefficients; DESeq2_infected_vs_control_diet_50; DESeq2_infected_vs_control_diet_33; DESeq2_infected_vs_control_diet_83"
"LOC126268164",5,"all_infection_within_diet_results; all_model_coefficients; DESeq2_infected_vs_control_diet_50; DESeq2_infected_vs_control_diet_33; DESeq2_infected_vs_control_diet_83"
"LOC126268199",5,"all_infection_within_diet_results; all_model_coefficients; DESeq2_infected_vs_control_diet_50; DESeq2_infected_vs_control_diet_33; DESeq2_infected_vs_control_diet_83"
"LOC126268205",5,"all_infection_within_diet_results; all_model_coefficients; DESeq2_infected_vs_control_diet_50; DESeq2_infected_vs_control_diet_33; DESeq2_infected_vs_control_diet_83"
"LOC126268218",5,"all_infection_within_diet_results; all_model_coefficients; DESeq2_infected_vs_control_diet_50; DESeq2_infected_vs_control_diet_33; DESeq2_infected_vs_control_diet_83"
"LOC126269384",5,"all_infection_within_diet_results; all_model_coefficients; DESeq2_infected_vs_control_diet_50; DESeq2_infected_vs_control_diet_33; DESeq2_infected_vs_control_diet_83"
"LOC126269432",5,"all_infection_within_diet_results; all_model_coefficients; DESeq2_infected_vs_control_diet_50; DESeq2_infected_vs_control_diet_33; DESeq2_infected_vs_control_diet_83"
"LOC126271618",5,"all_infection_within_diet_results; all_model_coefficients; DESeq2_infected_vs_control_diet_50; DESeq2_infected_vs_control_diet_33; DESeq2_infected_vs_control_diet_83"
"LOC126271634",5,"all_infection_within_diet_results; all_model_coefficients; DESeq2_infected_vs_control_diet_50; DESeq2_infected_vs_control_diet_33; DESeq2_infected_vs_control_diet_83"
"LOC126271928",5,"all_infection_within_diet_results; all_model_coefficients; DESeq2_infected_vs_control_diet_50; DESeq2_infected_vs_control_diet_33; DESeq2_infected_vs_control_diet_83"
"LOC126271945",5,"all_infection_within_diet_results; all_model_coefficients; DESeq2_infected_vs_control_diet_50; DESeq2_infected_vs_control_diet_33; DESeq2_infected_vs_control_diet_83"
"LOC126272038",5,"all_infection_within_diet_results; all_model_coefficients; DESeq2_infected_vs_control_diet_50; DESeq2_infected_vs_control_diet_33; DESeq2_infected_vs_control_diet_83"
"LOC126272078",5,"all_infection_within_diet_results; all_model_coefficients; DESeq2_infected_vs_control_diet_50; DESeq2_infected_vs_control_diet_33; DESeq2_infected_vs_control_diet_83"
"LOC126272082",5,"all_infection_within_diet_results; all_model_coefficients; DESeq2_infected_vs_control_diet_50; DESeq2_infected_vs_control_diet_33; DESeq2_infected_vs_control_diet_83"
"LOC126272116",5,"all_infection_within_diet_results; all_model_coefficients; DESeq2_infected_vs_control_diet_50; all_diet_pairwise_results; DESeq2_50_vs_83"
"LOC126272290",5,"all_infection_within_diet_results; all_model_coefficients; DESeq2_infected_vs_control_diet_50; DESeq2_infected_vs_control_diet_33; DESeq2_infected_vs_control_diet_83"
"LOC126272352",5,"all_infection_within_diet_results; all_model_coefficients; DESeq2_infected_vs_control_diet_50; DESeq2_infected_vs_control_diet_33; DESeq2_infected_vs_control_diet_83"
"LOC126272353",5,"all_infection_within_diet_results; all_model_coefficients; DESeq2_infected_vs_control_diet_50; DESeq2_infected_vs_control_diet_33; DESeq2_infected_vs_control_diet_83"
"LOC126272507",5,"all_infection_within_diet_results; all_model_coefficients; DESeq2_infected_vs_control_diet_50; DESeq2_infected_vs_control_diet_33; DESeq2_infected_vs_control_diet_83"
"LOC126272511",5,"all_infection_within_diet_results; DESeq2_infected_vs_control_diet_83; all_diet_pairwise_results; DESeq2_33_vs_83; DESeq2_50_vs_83"
"LOC126272767",5,"all_infection_within_diet_results; all_model_coefficients; DESeq2_infected_vs_control_diet_50; DESeq2_infected_vs_control_diet_33; DESeq2_infected_vs_control_diet_83"
"LOC126272831",5,"all_infection_within_diet_results; all_model_coefficients; DESeq2_infected_vs_control_diet_50; DESeq2_infected_vs_control_diet_33; DESeq2_infected_vs_control_diet_83"
"LOC126272860",5,"all_infection_within_diet_results; all_model_coefficients; DESeq2_infected_vs_control_diet_50; DESeq2_infected_vs_control_diet_33; DESeq2_infected_vs_control_diet_83"
"LOC126272961",5,"all_infection_within_diet_results; all_model_coefficients; DESeq2_infected_vs_control_diet_50; DESeq2_infected_vs_control_diet_33; DESeq2_infected_vs_control_diet_83"
"LOC126273002",5,"all_infection_within_diet_results; all_model_coefficients; DESeq2_infected_vs_control_diet_50; DESeq2_infected_vs_control_diet_33; DESeq2_infected_vs_control_diet_83"
"LOC126273010",5,"all_infection_within_diet_results; all_model_coefficients; DESeq2_infected_vs_control_diet_50; DESeq2_infected_vs_control_diet_33; DESeq2_infected_vs_control_diet_83"
"LOC126273028",5,"all_infection_within_diet_results; all_model_coefficients; DESeq2_infected_vs_control_diet_50; DESeq2_infected_vs_control_diet_33; DESeq2_infected_vs_control_diet_83"
"LOC126273060",5,"all_infection_within_diet_results; all_model_coefficients; DESeq2_infected_vs_control_diet_50; DESeq2_infected_vs_control_diet_33; DESeq2_infected_vs_control_diet_83"
"LOC126273192",5,"all_infection_within_diet_results; all_model_coefficients; DESeq2_infected_vs_control_diet_50; DESeq2_infected_vs_control_diet_33; DESeq2_infected_vs_control_diet_83"
"LOC126273222",5,"all_infection_within_diet_results; all_model_coefficients; DESeq2_infected_vs_control_diet_50; DESeq2_infected_vs_control_diet_33; DESeq2_infected_vs_control_diet_83"
"LOC126273297",5,"all_infection_within_diet_results; all_model_coefficients; DESeq2_infected_vs_control_diet_50; DESeq2_infected_vs_control_diet_33; DESeq2_infected_vs_control_diet_83"
"LOC126273393",5,"all_infection_within_diet_results; all_model_coefficients; DESeq2_infected_vs_control_diet_50; DESeq2_infected_vs_control_diet_33; DESeq2_infected_vs_control_diet_83"
"LOC126275497",5,"all_infection_within_diet_results; all_model_coefficients; DESeq2_infected_vs_control_diet_50; DESeq2_infected_vs_control_diet_33; DESeq2_infected_vs_control_diet_83"
"LOC126275742",5,"all_infection_within_diet_results; all_model_coefficients; DESeq2_infected_vs_control_diet_50; DESeq2_infected_vs_control_diet_33; DESeq2_infected_vs_control_diet_83"
"LOC126276055",5,"all_infection_within_diet_results; all_model_coefficients; DESeq2_infected_vs_control_diet_50; DESeq2_infected_vs_control_diet_33; DESeq2_infected_vs_control_diet_83"
"LOC126277383",5,"all_infection_within_diet_results; all_model_coefficients; DESeq2_infected_vs_control_diet_50; DESeq2_infected_vs_control_diet_33; DESeq2_infected_vs_control_diet_83"
"LOC126277903",5,"all_infection_within_diet_results; all_model_coefficients; DESeq2_infected_vs_control_diet_50; DESeq2_infected_vs_control_diet_33; DESeq2_infected_vs_control_diet_83"
"LOC126277955",5,"all_infection_within_diet_results; all_model_coefficients; DESeq2_infected_vs_control_diet_50; DESeq2_infected_vs_control_diet_33; DESeq2_infected_vs_control_diet_83"
"LOC126277999",5,"all_infection_within_diet_results; all_model_coefficients; DESeq2_infected_vs_control_diet_50; DESeq2_infected_vs_control_diet_33; DESeq2_infected_vs_control_diet_83"
"LOC126278049",5,"all_infection_within_diet_results; all_model_coefficients; DESeq2_infected_vs_control_diet_50; DESeq2_infected_vs_control_diet_33; DESeq2_infected_vs_control_diet_83"
"LOC126278052",5,"all_model_coefficients; all_diet_pairwise_results; DESeq2_33_vs_50; DESeq2_33_vs_83; DESeq2_50_vs_83"
"LOC126278061",5,"all_infection_within_diet_results; all_model_coefficients; DESeq2_infected_vs_control_diet_50; DESeq2_infected_vs_control_diet_33; DESeq2_infected_vs_control_diet_83"
"LOC126278127",5,"all_infection_within_diet_results; all_model_coefficients; DESeq2_infected_vs_control_diet_50; DESeq2_infected_vs_control_diet_33; DESeq2_infected_vs_control_diet_83"
"LOC126278176",5,"all_infection_within_diet_results; all_model_coefficients; DESeq2_infected_vs_control_diet_50; DESeq2_infected_vs_control_diet_33; DESeq2_infected_vs_control_diet_83"
"LOC126278177",5,"all_infection_within_diet_results; all_model_coefficients; DESeq2_infected_vs_control_diet_50; DESeq2_infected_vs_control_diet_33; DESeq2_infected_vs_control_diet_83"
"LOC126278225",5,"all_infection_within_diet_results; all_model_coefficients; DESeq2_infected_vs_control_diet_50; DESeq2_infected_vs_control_diet_33; DESeq2_infected_vs_control_diet_83"
"LOC126278232",5,"all_infection_within_diet_results; all_model_coefficients; DESeq2_infected_vs_control_diet_50; DESeq2_infected_vs_control_diet_33; DESeq2_infected_vs_control_diet_83"
"LOC126278259",5,"all_infection_within_diet_results; all_model_coefficients; DESeq2_infected_vs_control_diet_50; DESeq2_infected_vs_control_diet_33; DESeq2_infected_vs_control_diet_83"
"LOC126278308",5,"all_infection_within_diet_results; all_model_coefficients; DESeq2_infected_vs_control_diet_50; DESeq2_infected_vs_control_diet_33; DESeq2_infected_vs_control_diet_83"
"LOC126278346",5,"all_infection_within_diet_results; all_model_coefficients; DESeq2_infected_vs_control_diet_50; DESeq2_infected_vs_control_diet_33; DESeq2_infected_vs_control_diet_83"
"LOC126278382",5,"all_infection_within_diet_results; all_model_coefficients; DESeq2_infected_vs_control_diet_50; DESeq2_infected_vs_control_diet_33; DESeq2_infected_vs_control_diet_83"
"LOC126278436",5,"all_infection_within_diet_results; all_model_coefficients; DESeq2_infected_vs_control_diet_50; DESeq2_infected_vs_control_diet_33; DESeq2_infected_vs_control_diet_83"
"LOC126278467",5,"all_infection_within_diet_results; all_model_coefficients; DESeq2_infected_vs_control_diet_50; DESeq2_infected_vs_control_diet_33; DESeq2_infected_vs_control_diet_83"
"LOC126278549",5,"all_infection_within_diet_results; all_model_coefficients; DESeq2_infected_vs_control_diet_50; DESeq2_infected_vs_control_diet_33; DESeq2_infected_vs_control_diet_83"
"LOC126278605",5,"all_infection_within_diet_results; all_model_coefficients; DESeq2_infected_vs_control_diet_33; all_diet_pairwise_results; DESeq2_33_vs_50"
"LOC126278673",5,"all_infection_within_diet_results; all_model_coefficients; DESeq2_infected_vs_control_diet_50; DESeq2_infected_vs_control_diet_33; DESeq2_infected_vs_control_diet_83"
"LOC126278707",5,"all_infection_within_diet_results; all_model_coefficients; DESeq2_infected_vs_control_diet_50; DESeq2_infected_vs_control_diet_33; DESeq2_infected_vs_control_diet_83"
"LOC126278962",5,"all_infection_within_diet_results; all_model_coefficients; DESeq2_infected_vs_control_diet_50; DESeq2_infected_vs_control_diet_33; DESeq2_infected_vs_control_diet_83"
"LOC126279018",5,"all_infection_within_diet_results; all_model_coefficients; DESeq2_infected_vs_control_diet_50; DESeq2_infected_vs_control_diet_33; DESeq2_infected_vs_control_diet_83"
"LOC126279309",5,"all_infection_within_diet_results; all_model_coefficients; DESeq2_infected_vs_control_diet_50; DESeq2_infected_vs_control_diet_33; DESeq2_infected_vs_control_diet_83"
"LOC126279611",5,"all_infection_within_diet_results; all_model_coefficients; DESeq2_infected_vs_control_diet_50; DESeq2_infected_vs_control_diet_33; DESeq2_infected_vs_control_diet_83"
"LOC126280394",5,"all_infection_within_diet_results; all_model_coefficients; DESeq2_infected_vs_control_diet_50; DESeq2_infected_vs_control_diet_33; DESeq2_infected_vs_control_diet_83"
"LOC126280573",5,"all_infection_within_diet_results; all_model_coefficients; DESeq2_infected_vs_control_diet_50; DESeq2_infected_vs_control_diet_33; DESeq2_infected_vs_control_diet_83"
"LOC126281165",5,"all_infection_within_diet_results; all_model_coefficients; DESeq2_infected_vs_control_diet_50; DESeq2_infected_vs_control_diet_33; DESeq2_infected_vs_control_diet_83"
"LOC126281297",5,"all_infection_within_diet_results; all_model_coefficients; DESeq2_infected_vs_control_diet_50; DESeq2_infected_vs_control_diet_33; DESeq2_infected_vs_control_diet_83"
"LOC126281299",5,"all_infection_within_diet_results; all_model_coefficients; DESeq2_infected_vs_control_diet_50; DESeq2_infected_vs_control_diet_33; DESeq2_infected_vs_control_diet_83"
"LOC126281335",5,"all_infection_within_diet_results; all_model_coefficients; DESeq2_infected_vs_control_diet_50; DESeq2_infected_vs_control_diet_33; DESeq2_infected_vs_control_diet_83"
"LOC126281410",5,"all_infection_within_diet_results; all_model_coefficients; DESeq2_infected_vs_control_diet_50; DESeq2_infected_vs_control_diet_33; DESeq2_infected_vs_control_diet_83"
"LOC126281481",5,"all_infection_within_diet_results; all_model_coefficients; DESeq2_infected_vs_control_diet_50; DESeq2_infected_vs_control_diet_33; DESeq2_infected_vs_control_diet_83"
"LOC126281485",5,"all_infection_within_diet_results; DESeq2_infected_vs_control_diet_50; DESeq2_infected_vs_control_diet_33; all_diet_pairwise_results; DESeq2_33_vs_50"
"LOC126281499",5,"all_infection_within_diet_results; all_model_coefficients; DESeq2_infected_vs_control_diet_50; DESeq2_infected_vs_control_diet_33; DESeq2_infected_vs_control_diet_83"
"LOC126281516",5,"all_infection_within_diet_results; all_model_coefficients; DESeq2_infected_vs_control_diet_50; DESeq2_infected_vs_control_diet_33; DESeq2_infected_vs_control_diet_83"
"LOC126281532",5,"all_infection_within_diet_results; all_model_coefficients; DESeq2_infected_vs_control_diet_50; DESeq2_infected_vs_control_diet_33; DESeq2_infected_vs_control_diet_83"
"LOC126281562",5,"all_infection_within_diet_results; all_model_coefficients; DESeq2_infected_vs_control_diet_50; DESeq2_infected_vs_control_diet_33; DESeq2_infected_vs_control_diet_83"
"LOC126281635",5,"all_infection_within_diet_results; all_model_coefficients; DESeq2_infected_vs_control_diet_50; DESeq2_infected_vs_control_diet_33; DESeq2_infected_vs_control_diet_83"
"LOC126281694",5,"all_infection_within_diet_results; all_model_coefficients; DESeq2_infected_vs_control_diet_50; DESeq2_infected_vs_control_diet_33; DESeq2_infected_vs_control_diet_83"
"LOC126281781",5,"all_infection_within_diet_results; all_model_coefficients; DESeq2_infected_vs_control_diet_50; DESeq2_infected_vs_control_diet_33; DESeq2_infected_vs_control_diet_83"
"LOC126281914",5,"all_infection_within_diet_results; all_model_coefficients; DESeq2_infected_vs_control_diet_50; DESeq2_infected_vs_control_diet_33; DESeq2_infected_vs_control_diet_83"
"LOC126281915",5,"all_infection_within_diet_results; all_model_coefficients; DESeq2_infected_vs_control_diet_50; DESeq2_infected_vs_control_diet_33; DESeq2_infected_vs_control_diet_83"
"LOC126281994",5,"all_infection_within_diet_results; all_model_coefficients; DESeq2_infected_vs_control_diet_50; DESeq2_infected_vs_control_diet_33; DESeq2_infected_vs_control_diet_83"
"LOC126282030",5,"all_infection_within_diet_results; all_model_coefficients; DESeq2_infected_vs_control_diet_50; DESeq2_infected_vs_control_diet_33; DESeq2_infected_vs_control_diet_83"
"LOC126282034",5,"all_infection_within_diet_results; all_model_coefficients; DESeq2_infected_vs_control_diet_50; DESeq2_infected_vs_control_diet_33; DESeq2_infected_vs_control_diet_83"
"LOC126282072",5,"all_infection_within_diet_results; all_model_coefficients; DESeq2_infected_vs_control_diet_50; DESeq2_infected_vs_control_diet_33; DESeq2_infected_vs_control_diet_83"
"LOC126282073",5,"all_infection_within_diet_results; all_model_coefficients; DESeq2_infected_vs_control_diet_50; DESeq2_infected_vs_control_diet_33; DESeq2_infected_vs_control_diet_83"
"LOC126282100",5,"all_infection_within_diet_results; all_model_coefficients; DESeq2_infected_vs_control_diet_50; DESeq2_infected_vs_control_diet_33; DESeq2_infected_vs_control_diet_83"
"LOC126282207",5,"all_infection_within_diet_results; all_model_coefficients; DESeq2_infected_vs_control_diet_50; DESeq2_infected_vs_control_diet_33; DESeq2_infected_vs_control_diet_83"
"LOC126282259",5,"all_infection_within_diet_results; all_model_coefficients; DESeq2_infected_vs_control_diet_50; DESeq2_infected_vs_control_diet_33; DESeq2_infected_vs_control_diet_83"
"LOC126282271",5,"all_infection_within_diet_results; all_model_coefficients; DESeq2_infected_vs_control_diet_50; DESeq2_infected_vs_control_diet_33; DESeq2_infected_vs_control_diet_83"
"LOC126282517",5,"all_infection_within_diet_results; all_model_coefficients; DESeq2_infected_vs_control_diet_50; DESeq2_infected_vs_control_diet_33; DESeq2_infected_vs_control_diet_83"
"LOC126282679",5,"all_infection_within_diet_results; all_model_coefficients; DESeq2_infected_vs_control_diet_50; DESeq2_infected_vs_control_diet_33; DESeq2_infected_vs_control_diet_83"
"LOC126282995",5,"all_infection_within_diet_results; all_model_coefficients; DESeq2_infected_vs_control_diet_50; DESeq2_infected_vs_control_diet_33; DESeq2_infected_vs_control_diet_83"
"LOC126283383",5,"all_infection_within_diet_results; all_model_coefficients; DESeq2_infected_vs_control_diet_50; DESeq2_infected_vs_control_diet_33; DESeq2_infected_vs_control_diet_83"
"LOC126283409",5,"all_infection_within_diet_results; all_model_coefficients; DESeq2_infected_vs_control_diet_50; DESeq2_infected_vs_control_diet_33; DESeq2_infected_vs_control_diet_83"
"LOC126283954",5,"all_infection_within_diet_results; all_model_coefficients; DESeq2_infected_vs_control_diet_50; DESeq2_infected_vs_control_diet_33; DESeq2_infected_vs_control_diet_83"
"LOC126283976",5,"all_infection_within_diet_results; all_model_coefficients; DESeq2_infected_vs_control_diet_50; DESeq2_infected_vs_control_diet_33; DESeq2_infected_vs_control_diet_83"
"LOC126283989",5,"all_infection_within_diet_results; all_model_coefficients; DESeq2_infected_vs_control_diet_50; DESeq2_infected_vs_control_diet_33; DESeq2_infected_vs_control_diet_83"
"LOC126284002",5,"all_infection_within_diet_results; all_model_coefficients; DESeq2_infected_vs_control_diet_50; DESeq2_infected_vs_control_diet_33; DESeq2_infected_vs_control_diet_83"
"LOC126284033",5,"all_infection_within_diet_results; all_model_coefficients; DESeq2_infected_vs_control_diet_50; DESeq2_infected_vs_control_diet_33; DESeq2_infected_vs_control_diet_83"
"LOC126284105",5,"all_infection_within_diet_results; all_model_coefficients; DESeq2_infected_vs_control_diet_50; DESeq2_infected_vs_control_diet_33; DESeq2_infected_vs_control_diet_83"
"LOC126284106",5,"all_infection_within_diet_results; all_model_coefficients; DESeq2_infected_vs_control_diet_50; DESeq2_infected_vs_control_diet_33; DESeq2_infected_vs_control_diet_83"
"LOC126284305",5,"all_infection_within_diet_results; all_model_coefficients; DESeq2_infected_vs_control_diet_50; DESeq2_infected_vs_control_diet_33; DESeq2_infected_vs_control_diet_83"
"LOC126284371",5,"all_infection_within_diet_results; all_model_coefficients; DESeq2_infected_vs_control_diet_50; DESeq2_infected_vs_control_diet_33; DESeq2_infected_vs_control_diet_83"
"LOC126284463",5,"all_infection_within_diet_results; all_model_coefficients; DESeq2_infected_vs_control_diet_50; DESeq2_infected_vs_control_diet_33; DESeq2_infected_vs_control_diet_83"
"LOC126284548",5,"all_infection_within_diet_results; all_model_coefficients; DESeq2_infected_vs_control_diet_50; DESeq2_infected_vs_control_diet_33; DESeq2_infected_vs_control_diet_83"
"LOC126284573",5,"all_infection_within_diet_results; all_model_coefficients; DESeq2_infected_vs_control_diet_50; DESeq2_infected_vs_control_diet_33; DESeq2_infected_vs_control_diet_83"
"LOC126284629",5,"all_infection_within_diet_results; all_model_coefficients; DESeq2_infected_vs_control_diet_50; DESeq2_infected_vs_control_diet_33; DESeq2_infected_vs_control_diet_83"
"LOC126284640",5,"all_infection_within_diet_results; all_model_coefficients; DESeq2_infected_vs_control_diet_50; DESeq2_infected_vs_control_diet_33; DESeq2_infected_vs_control_diet_83"
"LOC126284648",5,"all_infection_within_diet_results; all_model_coefficients; DESeq2_infected_vs_control_diet_50; all_diet_pairwise_results; DESeq2_33_vs_83"
"LOC126284651",5,"all_infection_within_diet_results; all_model_coefficients; DESeq2_infected_vs_control_diet_50; DESeq2_infected_vs_control_diet_33; DESeq2_infected_vs_control_diet_83"
"LOC126284739",5,"all_infection_within_diet_results; all_model_coefficients; DESeq2_infected_vs_control_diet_50; DESeq2_infected_vs_control_diet_33; DESeq2_infected_vs_control_diet_83"
"LOC126284747",5,"all_infection_within_diet_results; all_model_coefficients; DESeq2_infected_vs_control_diet_50; DESeq2_infected_vs_control_diet_33; DESeq2_infected_vs_control_diet_83"
"LOC126284752",5,"all_infection_within_diet_results; all_model_coefficients; DESeq2_infected_vs_control_diet_50; DESeq2_infected_vs_control_diet_33; DESeq2_infected_vs_control_diet_83"
"LOC126284768",5,"all_infection_within_diet_results; all_model_coefficients; DESeq2_infected_vs_control_diet_50; DESeq2_infected_vs_control_diet_33; DESeq2_infected_vs_control_diet_83"
"LOC126284812",5,"all_infection_within_diet_results; all_model_coefficients; DESeq2_infected_vs_control_diet_50; DESeq2_infected_vs_control_diet_33; DESeq2_infected_vs_control_diet_83"
"LOC126284817",5,"all_infection_within_diet_results; all_model_coefficients; DESeq2_infected_vs_control_diet_50; DESeq2_infected_vs_control_diet_33; DESeq2_infected_vs_control_diet_83"
"LOC126284832",5,"all_infection_within_diet_results; all_model_coefficients; DESeq2_infected_vs_control_diet_50; DESeq2_infected_vs_control_diet_33; DESeq2_infected_vs_control_diet_83"
"LOC126284857",5,"all_infection_within_diet_results; all_model_coefficients; DESeq2_infected_vs_control_diet_50; DESeq2_infected_vs_control_diet_33; DESeq2_infected_vs_control_diet_83"
"LOC126284941",5,"all_infection_within_diet_results; all_model_coefficients; DESeq2_infected_vs_control_diet_50; DESeq2_infected_vs_control_diet_33; DESeq2_infected_vs_control_diet_83"
"LOC126284942",5,"all_infection_within_diet_results; all_model_coefficients; DESeq2_infected_vs_control_diet_50; DESeq2_infected_vs_control_diet_33; DESeq2_infected_vs_control_diet_83"
"LOC126285254",5,"all_infection_within_diet_results; all_model_coefficients; DESeq2_infected_vs_control_diet_50; DESeq2_infected_vs_control_diet_33; DESeq2_infected_vs_control_diet_83"
"LOC126285309",5,"all_infection_within_diet_results; all_model_coefficients; DESeq2_infected_vs_control_diet_50; all_diet_pairwise_results; DESeq2_33_vs_83"
"LOC126285413",5,"all_infection_within_diet_results; all_model_coefficients; DESeq2_infected_vs_control_diet_50; DESeq2_infected_vs_control_diet_33; DESeq2_infected_vs_control_diet_83"
"LOC126285457",5,"all_infection_within_diet_results; all_model_coefficients; DESeq2_infected_vs_control_diet_50; DESeq2_infected_vs_control_diet_33; DESeq2_infected_vs_control_diet_83"
"LOC126285462",5,"all_infection_within_diet_results; all_model_coefficients; DESeq2_infected_vs_control_diet_50; DESeq2_infected_vs_control_diet_33; DESeq2_infected_vs_control_diet_83"
"LOC126291516",5,"all_infection_within_diet_results; all_model_coefficients; DESeq2_infected_vs_control_diet_50; DESeq2_infected_vs_control_diet_33; DESeq2_infected_vs_control_diet_83"
"LOC126291582",5,"all_infection_within_diet_results; all_model_coefficients; DESeq2_infected_vs_control_diet_50; DESeq2_infected_vs_control_diet_33; DESeq2_infected_vs_control_diet_83"
"LOC126291873",5,"all_infection_within_diet_results; all_model_coefficients; DESeq2_infected_vs_control_diet_33; all_diet_pairwise_results; DESeq2_33_vs_50"
"LOC126291885",5,"all_infection_within_diet_results; all_model_coefficients; DESeq2_infected_vs_control_diet_50; DESeq2_infected_vs_control_diet_33; DESeq2_infected_vs_control_diet_83"
"LOC126291886",5,"all_infection_within_diet_results; all_model_coefficients; DESeq2_infected_vs_control_diet_50; DESeq2_infected_vs_control_diet_33; DESeq2_infected_vs_control_diet_83"
"LOC126292011",5,"all_infection_within_diet_results; all_model_coefficients; DESeq2_infected_vs_control_diet_50; DESeq2_infected_vs_control_diet_33; DESeq2_infected_vs_control_diet_83"
"LOC126292039",5,"all_infection_within_diet_results; all_model_coefficients; DESeq2_infected_vs_control_diet_50; DESeq2_infected_vs_control_diet_33; DESeq2_infected_vs_control_diet_83"
"LOC126292043",5,"all_infection_within_diet_results; all_model_coefficients; DESeq2_infected_vs_control_diet_50; DESeq2_infected_vs_control_diet_33; DESeq2_infected_vs_control_diet_83"
"LOC126292045",5,"all_infection_within_diet_results; all_model_coefficients; DESeq2_infected_vs_control_diet_50; DESeq2_infected_vs_control_diet_33; DESeq2_infected_vs_control_diet_83"
"LOC126292051",5,"all_infection_within_diet_results; all_model_coefficients; DESeq2_infected_vs_control_diet_50; DESeq2_infected_vs_control_diet_33; DESeq2_infected_vs_control_diet_83"
"LOC126292134",5,"all_infection_within_diet_results; all_model_coefficients; DESeq2_infected_vs_control_diet_50; DESeq2_infected_vs_control_diet_33; DESeq2_infected_vs_control_diet_83"
"LOC126292201",5,"all_infection_within_diet_results; all_model_coefficients; DESeq2_infected_vs_control_diet_50; DESeq2_infected_vs_control_diet_33; DESeq2_infected_vs_control_diet_83"
"LOC126292237",5,"all_infection_within_diet_results; all_model_coefficients; DESeq2_infected_vs_control_diet_50; DESeq2_infected_vs_control_diet_33; DESeq2_infected_vs_control_diet_83"
"LOC126292248",5,"all_infection_within_diet_results; all_model_coefficients; DESeq2_infected_vs_control_diet_50; DESeq2_infected_vs_control_diet_33; DESeq2_infected_vs_control_diet_83"
"LOC126292260",5,"all_infection_within_diet_results; all_model_coefficients; DESeq2_infected_vs_control_diet_50; all_diet_pairwise_results; DESeq2_33_vs_83"
"LOC126293181",5,"all_infection_within_diet_results; all_model_coefficients; DESeq2_infected_vs_control_diet_50; DESeq2_infected_vs_control_diet_33; DESeq2_infected_vs_control_diet_83"
"LOC126293188",5,"all_infection_within_diet_results; all_model_coefficients; DESeq2_infected_vs_control_diet_50; DESeq2_infected_vs_control_diet_33; DESeq2_infected_vs_control_diet_83"
"LOC126293272",5,"all_infection_within_diet_results; all_model_coefficients; DESeq2_infected_vs_control_diet_50; all_diet_pairwise_results; DESeq2_33_vs_50"
"LOC126293287",5,"all_infection_within_diet_results; all_model_coefficients; DESeq2_infected_vs_control_diet_50; DESeq2_infected_vs_control_diet_33; DESeq2_infected_vs_control_diet_83"
"LOC126293297",5,"all_infection_within_diet_results; all_model_coefficients; DESeq2_infected_vs_control_diet_50; DESeq2_infected_vs_control_diet_33; DESeq2_infected_vs_control_diet_83"
"LOC126293387",5,"all_infection_within_diet_results; all_model_coefficients; DESeq2_infected_vs_control_diet_50; DESeq2_infected_vs_control_diet_33; DESeq2_infected_vs_control_diet_83"
"LOC126293467",5,"all_infection_within_diet_results; all_model_coefficients; DESeq2_infected_vs_control_diet_50; DESeq2_infected_vs_control_diet_33; DESeq2_infected_vs_control_diet_83"
"LOC126293478",5,"all_infection_within_diet_results; all_model_coefficients; DESeq2_infected_vs_control_diet_50; DESeq2_infected_vs_control_diet_33; DESeq2_infected_vs_control_diet_83"
"LOC126293526",5,"all_infection_within_diet_results; all_model_coefficients; DESeq2_infected_vs_control_diet_50; DESeq2_infected_vs_control_diet_33; DESeq2_infected_vs_control_diet_83"
"LOC126293557",5,"all_infection_within_diet_results; all_model_coefficients; DESeq2_infected_vs_control_diet_50; DESeq2_infected_vs_control_diet_33; DESeq2_infected_vs_control_diet_83"
"LOC126293578",5,"all_infection_within_diet_results; all_model_coefficients; DESeq2_infected_vs_control_diet_50; DESeq2_infected_vs_control_diet_33; DESeq2_infected_vs_control_diet_83"
"LOC126293666",5,"all_infection_within_diet_results; all_model_coefficients; DESeq2_infected_vs_control_diet_50; DESeq2_infected_vs_control_diet_33; DESeq2_infected_vs_control_diet_83"
"LOC126293672",5,"all_infection_within_diet_results; all_model_coefficients; DESeq2_infected_vs_control_diet_50; DESeq2_infected_vs_control_diet_33; DESeq2_infected_vs_control_diet_83"
"LOC126294949",5,"all_infection_within_diet_results; all_model_coefficients; DESeq2_infected_vs_control_diet_50; DESeq2_infected_vs_control_diet_33; DESeq2_infected_vs_control_diet_83"
"LOC126295040",5,"all_infection_within_diet_results; all_model_coefficients; DESeq2_infected_vs_control_diet_50; DESeq2_infected_vs_control_diet_33; DESeq2_infected_vs_control_diet_83"
"LOC126295041",5,"all_infection_within_diet_results; all_model_coefficients; DESeq2_infected_vs_control_diet_50; DESeq2_infected_vs_control_diet_33; DESeq2_infected_vs_control_diet_83"
"LOC126295053",5,"all_infection_within_diet_results; all_model_coefficients; DESeq2_infected_vs_control_diet_50; DESeq2_infected_vs_control_diet_33; DESeq2_infected_vs_control_diet_83"
"LOC126295063",5,"all_infection_within_diet_results; all_model_coefficients; DESeq2_infected_vs_control_diet_50; DESeq2_infected_vs_control_diet_33; DESeq2_infected_vs_control_diet_83"
"LOC126295065",5,"all_infection_within_diet_results; all_model_coefficients; DESeq2_infected_vs_control_diet_50; DESeq2_infected_vs_control_diet_33; DESeq2_infected_vs_control_diet_83"
"LOC126295163",5,"all_infection_within_diet_results; all_model_coefficients; DESeq2_infected_vs_control_diet_50; DESeq2_infected_vs_control_diet_33; DESeq2_infected_vs_control_diet_83"
"LOC126295442",5,"all_infection_within_diet_results; all_model_coefficients; DESeq2_infected_vs_control_diet_50; DESeq2_infected_vs_control_diet_33; DESeq2_infected_vs_control_diet_83"
"LOC126297494",5,"all_infection_within_diet_results; all_model_coefficients; DESeq2_infected_vs_control_diet_50; DESeq2_infected_vs_control_diet_33; DESeq2_infected_vs_control_diet_83"
"LOC126297555",5,"all_infection_within_diet_results; all_model_coefficients; DESeq2_infected_vs_control_diet_50; DESeq2_infected_vs_control_diet_33; DESeq2_infected_vs_control_diet_83"
"LOC126297712",5,"all_infection_within_diet_results; all_model_coefficients; DESeq2_infected_vs_control_diet_50; DESeq2_infected_vs_control_diet_33; DESeq2_infected_vs_control_diet_83"
"LOC126297738",5,"all_infection_within_diet_results; all_model_coefficients; DESeq2_infected_vs_control_diet_50; DESeq2_infected_vs_control_diet_33; DESeq2_infected_vs_control_diet_83"
"LOC126297835",5,"all_infection_within_diet_results; all_model_coefficients; DESeq2_infected_vs_control_diet_50; DESeq2_infected_vs_control_diet_33; DESeq2_infected_vs_control_diet_83"
"LOC126297920",5,"all_infection_within_diet_results; all_model_coefficients; DESeq2_infected_vs_control_diet_50; DESeq2_infected_vs_control_diet_33; DESeq2_infected_vs_control_diet_83"
"LOC126297964",5,"all_infection_within_diet_results; all_model_coefficients; DESeq2_infected_vs_control_diet_50; DESeq2_infected_vs_control_diet_33; DESeq2_infected_vs_control_diet_83"
"LOC126298063",5,"all_infection_within_diet_results; all_model_coefficients; DESeq2_infected_vs_control_diet_50; DESeq2_infected_vs_control_diet_33; DESeq2_infected_vs_control_diet_83"
"LOC126298162",5,"all_infection_within_diet_results; all_model_coefficients; DESeq2_infected_vs_control_diet_50; DESeq2_infected_vs_control_diet_33; DESeq2_infected_vs_control_diet_83"
"LOC126298179",5,"all_infection_within_diet_results; all_model_coefficients; DESeq2_infected_vs_control_diet_50; DESeq2_infected_vs_control_diet_33; DESeq2_infected_vs_control_diet_83"
"LOC126298233",5,"all_infection_within_diet_results; all_model_coefficients; DESeq2_infected_vs_control_diet_50; DESeq2_infected_vs_control_diet_33; DESeq2_infected_vs_control_diet_83"
"LOC126298271",5,"all_infection_within_diet_results; all_model_coefficients; DESeq2_infected_vs_control_diet_50; DESeq2_infected_vs_control_diet_33; DESeq2_infected_vs_control_diet_83"
"LOC126298389",5,"all_infection_within_diet_results; all_model_coefficients; DESeq2_infected_vs_control_diet_50; DESeq2_infected_vs_control_diet_33; DESeq2_infected_vs_control_diet_83"
"LOC126298393",5,"all_infection_within_diet_results; all_model_coefficients; DESeq2_infected_vs_control_diet_50; DESeq2_infected_vs_control_diet_33; DESeq2_infected_vs_control_diet_83"
"LOC126298649",5,"all_infection_within_diet_results; all_model_coefficients; DESeq2_infected_vs_control_diet_50; DESeq2_infected_vs_control_diet_33; DESeq2_infected_vs_control_diet_83"
"LOC126298687",5,"all_infection_within_diet_results; all_model_coefficients; DESeq2_infected_vs_control_diet_50; all_diet_pairwise_results; DESeq2_33_vs_50"
"LOC126298804",5,"all_infection_within_diet_results; all_model_coefficients; DESeq2_infected_vs_control_diet_50; DESeq2_infected_vs_control_diet_33; DESeq2_infected_vs_control_diet_83"
"LOC126298824",5,"all_infection_within_diet_results; all_model_coefficients; DESeq2_infected_vs_control_diet_50; DESeq2_infected_vs_control_diet_33; DESeq2_infected_vs_control_diet_83"
"LOC126299001",5,"all_infection_within_diet_results; all_model_coefficients; DESeq2_infected_vs_control_diet_50; DESeq2_infected_vs_control_diet_33; DESeq2_infected_vs_control_diet_83"
"LOC126299011",5,"all_infection_within_diet_results; all_model_coefficients; DESeq2_infected_vs_control_diet_50; DESeq2_infected_vs_control_diet_33; DESeq2_infected_vs_control_diet_83"
"LOC126299109",5,"all_infection_within_diet_results; all_model_coefficients; DESeq2_infected_vs_control_diet_50; DESeq2_infected_vs_control_diet_33; DESeq2_infected_vs_control_diet_83"
"LOC126299115",5,"all_infection_within_diet_results; all_model_coefficients; DESeq2_infected_vs_control_diet_50; DESeq2_infected_vs_control_diet_33; DESeq2_infected_vs_control_diet_83"
"LOC126299138",5,"all_infection_within_diet_results; all_model_coefficients; DESeq2_infected_vs_control_diet_50; DESeq2_infected_vs_control_diet_33; DESeq2_infected_vs_control_diet_83"
"LOC126299171",5,"all_infection_within_diet_results; all_model_coefficients; DESeq2_infected_vs_control_diet_50; DESeq2_infected_vs_control_diet_33; DESeq2_infected_vs_control_diet_83"
"LOC126299197",5,"all_infection_within_diet_results; all_model_coefficients; DESeq2_infected_vs_control_diet_50; DESeq2_infected_vs_control_diet_33; DESeq2_infected_vs_control_diet_83"
"LOC126299206",5,"all_infection_within_diet_results; all_model_coefficients; DESeq2_infected_vs_control_diet_50; DESeq2_infected_vs_control_diet_33; DESeq2_infected_vs_control_diet_83"
"LOC126299221",5,"all_infection_within_diet_results; all_model_coefficients; DESeq2_infected_vs_control_diet_50; DESeq2_infected_vs_control_diet_33; DESeq2_infected_vs_control_diet_83"
"LOC126299332",5,"all_infection_within_diet_results; all_model_coefficients; DESeq2_infected_vs_control_diet_50; DESeq2_infected_vs_control_diet_33; DESeq2_infected_vs_control_diet_83"
"LOC126299349",5,"all_infection_within_diet_results; all_model_coefficients; DESeq2_infected_vs_control_diet_50; all_diet_pairwise_results; DESeq2_33_vs_50"
"LOC126299364",5,"all_infection_within_diet_results; DESeq2_infected_vs_control_diet_33; all_diet_pairwise_results; DESeq2_33_vs_83; DESeq2_50_vs_83"
"LOC126299372",5,"all_model_coefficients; all_diet_pairwise_results; DESeq2_33_vs_50; interaction_coefficients; DESeq2_33_vs_83"
"LOC126299374",5,"all_infection_within_diet_results; all_model_coefficients; DESeq2_infected_vs_control_diet_50; DESeq2_infected_vs_control_diet_33; DESeq2_infected_vs_control_diet_83"
"LOC126299380",5,"all_infection_within_diet_results; all_model_coefficients; DESeq2_infected_vs_control_diet_50; all_diet_pairwise_results; DESeq2_33_vs_83"
"LOC126299447",5,"all_infection_within_diet_results; all_model_coefficients; DESeq2_infected_vs_control_diet_50; DESeq2_infected_vs_control_diet_33; DESeq2_infected_vs_control_diet_83"
"LOC126299466",5,"all_infection_within_diet_results; all_model_coefficients; DESeq2_infected_vs_control_diet_50; DESeq2_infected_vs_control_diet_33; DESeq2_infected_vs_control_diet_83"
"LOC126299530",5,"all_infection_within_diet_results; all_model_coefficients; DESeq2_infected_vs_control_diet_50; DESeq2_infected_vs_control_diet_33; DESeq2_infected_vs_control_diet_83"
"LOC126299559",5,"all_infection_within_diet_results; all_model_coefficients; DESeq2_infected_vs_control_diet_50; DESeq2_infected_vs_control_diet_33; DESeq2_infected_vs_control_diet_83"
"LOC126309705",5,"all_infection_within_diet_results; all_model_coefficients; DESeq2_infected_vs_control_diet_50; DESeq2_infected_vs_control_diet_33; DESeq2_infected_vs_control_diet_83"
"LOC126320089",5,"all_infection_within_diet_results; all_model_coefficients; DESeq2_infected_vs_control_diet_50; DESeq2_infected_vs_control_diet_33; DESeq2_infected_vs_control_diet_83"
"LOC126322572",5,"all_infection_within_diet_results; all_model_coefficients; DESeq2_infected_vs_control_diet_50; DESeq2_infected_vs_control_diet_33; DESeq2_infected_vs_control_diet_83"
"LOC126322885",5,"all_infection_within_diet_results; all_model_coefficients; DESeq2_infected_vs_control_diet_50; DESeq2_infected_vs_control_diet_33; DESeq2_infected_vs_control_diet_83"
"LOC126324086",5,"all_infection_within_diet_results; all_model_coefficients; DESeq2_infected_vs_control_diet_50; DESeq2_infected_vs_control_diet_33; DESeq2_infected_vs_control_diet_83"
"LOC126324953",5,"all_infection_within_diet_results; all_model_coefficients; DESeq2_infected_vs_control_diet_83; all_diet_pairwise_results; DESeq2_33_vs_83"
"LOC126324969",5,"all_infection_within_diet_results; all_model_coefficients; DESeq2_infected_vs_control_diet_50; DESeq2_infected_vs_control_diet_33; DESeq2_infected_vs_control_diet_83"
"LOC126325205",5,"all_infection_within_diet_results; all_model_coefficients; DESeq2_infected_vs_control_diet_50; DESeq2_infected_vs_control_diet_33; DESeq2_infected_vs_control_diet_83"
"LOC126325232",5,"all_infection_within_diet_results; all_model_coefficients; DESeq2_infected_vs_control_diet_50; DESeq2_infected_vs_control_diet_33; DESeq2_infected_vs_control_diet_83"
"LOC126329358",5,"all_infection_within_diet_results; all_model_coefficients; DESeq2_infected_vs_control_diet_50; DESeq2_infected_vs_control_diet_33; DESeq2_infected_vs_control_diet_83"
"LOC126331691",5,"all_infection_within_diet_results; all_model_coefficients; DESeq2_infected_vs_control_diet_50; DESeq2_infected_vs_control_diet_33; DESeq2_infected_vs_control_diet_83"
"LOC126332302",5,"all_infection_within_diet_results; all_model_coefficients; DESeq2_infected_vs_control_diet_50; DESeq2_infected_vs_control_diet_33; DESeq2_infected_vs_control_diet_83"
"LOC126332318",5,"all_infection_within_diet_results; all_model_coefficients; DESeq2_infected_vs_control_diet_50; DESeq2_infected_vs_control_diet_33; DESeq2_infected_vs_control_diet_83"
"LOC126334632",5,"all_infection_within_diet_results; all_model_coefficients; DESeq2_infected_vs_control_diet_50; DESeq2_infected_vs_control_diet_33; DESeq2_infected_vs_control_diet_83"
"LOC126334697",5,"all_infection_within_diet_results; all_model_coefficients; DESeq2_infected_vs_control_diet_50; DESeq2_infected_vs_control_diet_33; DESeq2_infected_vs_control_diet_83"
"LOC126334771",5,"all_infection_within_diet_results; all_model_coefficients; DESeq2_infected_vs_control_diet_50; DESeq2_infected_vs_control_diet_33; DESeq2_infected_vs_control_diet_83"
"LOC126334818",5,"all_infection_within_diet_results; all_model_coefficients; DESeq2_infected_vs_control_diet_50; DESeq2_infected_vs_control_diet_33; DESeq2_infected_vs_control_diet_83"
"LOC126334835",5,"all_infection_within_diet_results; all_model_coefficients; DESeq2_infected_vs_control_diet_50; DESeq2_infected_vs_control_diet_33; DESeq2_infected_vs_control_diet_83"
"LOC126334947",5,"all_infection_within_diet_results; all_model_coefficients; DESeq2_infected_vs_control_diet_50; DESeq2_infected_vs_control_diet_33; DESeq2_infected_vs_control_diet_83"
"LOC126334976",5,"all_infection_within_diet_results; all_model_coefficients; DESeq2_infected_vs_control_diet_50; DESeq2_infected_vs_control_diet_33; DESeq2_infected_vs_control_diet_83"
"LOC126334990",5,"all_infection_within_diet_results; all_model_coefficients; DESeq2_infected_vs_control_diet_50; DESeq2_infected_vs_control_diet_33; DESeq2_infected_vs_control_diet_83"
"LOC126334994",5,"all_infection_within_diet_results; all_model_coefficients; DESeq2_infected_vs_control_diet_50; DESeq2_infected_vs_control_diet_33; DESeq2_infected_vs_control_diet_83"
"LOC126335014",5,"all_infection_within_diet_results; all_model_coefficients; DESeq2_infected_vs_control_diet_50; DESeq2_infected_vs_control_diet_33; DESeq2_infected_vs_control_diet_83"
"LOC126335036",5,"all_infection_within_diet_results; all_model_coefficients; DESeq2_infected_vs_control_diet_50; DESeq2_infected_vs_control_diet_33; DESeq2_infected_vs_control_diet_83"
"LOC126335057",5,"all_infection_within_diet_results; all_model_coefficients; DESeq2_infected_vs_control_diet_50; DESeq2_infected_vs_control_diet_33; DESeq2_infected_vs_control_diet_83"
"LOC126335083",5,"all_infection_within_diet_results; all_model_coefficients; DESeq2_infected_vs_control_diet_50; DESeq2_infected_vs_control_diet_33; DESeq2_infected_vs_control_diet_83"
"LOC126335084",5,"all_infection_within_diet_results; all_model_coefficients; DESeq2_infected_vs_control_diet_50; DESeq2_infected_vs_control_diet_33; DESeq2_infected_vs_control_diet_83"
"LOC126335114",5,"all_infection_within_diet_results; all_model_coefficients; DESeq2_infected_vs_control_diet_50; DESeq2_infected_vs_control_diet_33; DESeq2_infected_vs_control_diet_83"
"LOC126335115",5,"all_infection_within_diet_results; all_model_coefficients; DESeq2_infected_vs_control_diet_50; DESeq2_infected_vs_control_diet_33; DESeq2_infected_vs_control_diet_83"
"LOC126335117",5,"all_infection_within_diet_results; all_model_coefficients; DESeq2_infected_vs_control_diet_50; DESeq2_infected_vs_control_diet_33; DESeq2_infected_vs_control_diet_83"
"LOC126335132",5,"all_infection_within_diet_results; all_model_coefficients; DESeq2_infected_vs_control_diet_50; DESeq2_infected_vs_control_diet_33; DESeq2_infected_vs_control_diet_83"
"LOC126335140",5,"all_infection_within_diet_results; all_model_coefficients; DESeq2_infected_vs_control_diet_50; DESeq2_infected_vs_control_diet_33; DESeq2_infected_vs_control_diet_83"
"LOC126335166",5,"all_infection_within_diet_results; all_model_coefficients; DESeq2_infected_vs_control_diet_50; DESeq2_infected_vs_control_diet_33; DESeq2_infected_vs_control_diet_83"
"LOC126335187",5,"all_infection_within_diet_results; all_model_coefficients; DESeq2_infected_vs_control_diet_50; DESeq2_infected_vs_control_diet_33; DESeq2_infected_vs_control_diet_83"
"LOC126335202",5,"all_infection_within_diet_results; all_model_coefficients; DESeq2_infected_vs_control_diet_50; DESeq2_infected_vs_control_diet_33; DESeq2_infected_vs_control_diet_83"
"LOC126335229",5,"all_infection_within_diet_results; all_model_coefficients; DESeq2_infected_vs_control_diet_50; DESeq2_infected_vs_control_diet_33; DESeq2_infected_vs_control_diet_83"
"LOC126335232",5,"all_infection_within_diet_results; all_model_coefficients; DESeq2_infected_vs_control_diet_83; all_diet_pairwise_results; DESeq2_33_vs_50"
"LOC126335233",5,"all_infection_within_diet_results; all_model_coefficients; DESeq2_infected_vs_control_diet_50; DESeq2_infected_vs_control_diet_33; DESeq2_infected_vs_control_diet_83"
"LOC126335242",5,"all_infection_within_diet_results; all_model_coefficients; DESeq2_infected_vs_control_diet_50; all_diet_pairwise_results; DESeq2_33_vs_83"
"LOC126335256",5,"all_infection_within_diet_results; all_model_coefficients; DESeq2_infected_vs_control_diet_50; DESeq2_infected_vs_control_diet_33; DESeq2_infected_vs_control_diet_83"
"LOC126335288",5,"all_infection_within_diet_results; all_model_coefficients; DESeq2_infected_vs_control_diet_50; DESeq2_infected_vs_control_diet_33; DESeq2_infected_vs_control_diet_83"
"LOC126335309",5,"all_infection_within_diet_results; all_model_coefficients; DESeq2_infected_vs_control_diet_50; DESeq2_infected_vs_control_diet_33; DESeq2_infected_vs_control_diet_83"
"LOC126335348",5,"all_infection_within_diet_results; all_model_coefficients; DESeq2_infected_vs_control_diet_50; DESeq2_infected_vs_control_diet_33; DESeq2_infected_vs_control_diet_83"
"LOC126335382",5,"all_infection_within_diet_results; all_model_coefficients; DESeq2_infected_vs_control_diet_50; DESeq2_infected_vs_control_diet_33; DESeq2_infected_vs_control_diet_83"
"LOC126335463",5,"all_infection_within_diet_results; all_model_coefficients; DESeq2_infected_vs_control_diet_50; DESeq2_infected_vs_control_diet_33; DESeq2_infected_vs_control_diet_83"
"LOC126335472",5,"all_infection_within_diet_results; all_model_coefficients; DESeq2_infected_vs_control_diet_50; DESeq2_infected_vs_control_diet_33; DESeq2_infected_vs_control_diet_83"
"LOC126335490",5,"all_infection_within_diet_results; all_model_coefficients; DESeq2_infected_vs_control_diet_50; DESeq2_infected_vs_control_diet_33; DESeq2_infected_vs_control_diet_83"
"LOC126335505",5,"all_infection_within_diet_results; all_model_coefficients; DESeq2_infected_vs_control_diet_50; DESeq2_infected_vs_control_diet_33; DESeq2_infected_vs_control_diet_83"
"LOC126335545",5,"all_infection_within_diet_results; all_model_coefficients; DESeq2_infected_vs_control_diet_50; DESeq2_infected_vs_control_diet_33; DESeq2_infected_vs_control_diet_83"
"LOC126335546",5,"all_infection_within_diet_results; all_model_coefficients; DESeq2_infected_vs_control_diet_50; DESeq2_infected_vs_control_diet_33; DESeq2_infected_vs_control_diet_83"
"LOC126335547",5,"all_infection_within_diet_results; all_model_coefficients; DESeq2_infected_vs_control_diet_50; DESeq2_infected_vs_control_diet_33; DESeq2_infected_vs_control_diet_83"
"LOC126335557",5,"all_infection_within_diet_results; all_model_coefficients; DESeq2_infected_vs_control_diet_50; DESeq2_infected_vs_control_diet_33; DESeq2_infected_vs_control_diet_83"
"LOC126335565",5,"all_infection_within_diet_results; all_model_coefficients; DESeq2_infected_vs_control_diet_50; DESeq2_infected_vs_control_diet_33; DESeq2_infected_vs_control_diet_83"
"LOC126335579",5,"all_infection_within_diet_results; all_model_coefficients; DESeq2_infected_vs_control_diet_50; DESeq2_infected_vs_control_diet_33; DESeq2_infected_vs_control_diet_83"
"LOC126335656",5,"all_infection_within_diet_results; all_model_coefficients; DESeq2_infected_vs_control_diet_50; DESeq2_infected_vs_control_diet_33; DESeq2_infected_vs_control_diet_83"
"LOC126335700",5,"all_infection_within_diet_results; all_model_coefficients; DESeq2_infected_vs_control_diet_50; DESeq2_infected_vs_control_diet_33; DESeq2_infected_vs_control_diet_83"
"LOC126335828",5,"all_infection_within_diet_results; all_model_coefficients; DESeq2_infected_vs_control_diet_50; DESeq2_infected_vs_control_diet_33; DESeq2_infected_vs_control_diet_83"
"LOC126335966",5,"all_infection_within_diet_results; all_model_coefficients; DESeq2_infected_vs_control_diet_50; DESeq2_infected_vs_control_diet_33; DESeq2_infected_vs_control_diet_83"
"LOC126336122",5,"all_infection_within_diet_results; all_model_coefficients; DESeq2_infected_vs_control_diet_50; DESeq2_infected_vs_control_diet_33; DESeq2_infected_vs_control_diet_83"
"LOC126336236",5,"all_infection_within_diet_results; all_model_coefficients; DESeq2_infected_vs_control_diet_50; DESeq2_infected_vs_control_diet_33; DESeq2_infected_vs_control_diet_83"
"LOC126336307",5,"all_infection_within_diet_results; all_model_coefficients; DESeq2_infected_vs_control_diet_83; all_diet_pairwise_results; DESeq2_33_vs_50"
"LOC126336325",5,"all_infection_within_diet_results; all_model_coefficients; DESeq2_infected_vs_control_diet_50; DESeq2_infected_vs_control_diet_33; DESeq2_infected_vs_control_diet_83"
"LOC126336375",5,"all_infection_within_diet_results; all_model_coefficients; DESeq2_infected_vs_control_diet_50; DESeq2_infected_vs_control_diet_33; DESeq2_infected_vs_control_diet_83"
"LOC126336376",5,"all_infection_within_diet_results; all_model_coefficients; DESeq2_infected_vs_control_diet_50; DESeq2_infected_vs_control_diet_33; DESeq2_infected_vs_control_diet_83"
"LOC126336379",5,"all_infection_within_diet_results; all_model_coefficients; DESeq2_infected_vs_control_diet_50; DESeq2_infected_vs_control_diet_33; DESeq2_infected_vs_control_diet_83"
"LOC126336399",5,"all_infection_within_diet_results; all_model_coefficients; DESeq2_infected_vs_control_diet_50; DESeq2_infected_vs_control_diet_33; DESeq2_infected_vs_control_diet_83"
"LOC126336414",5,"all_infection_within_diet_results; all_model_coefficients; DESeq2_infected_vs_control_diet_50; DESeq2_infected_vs_control_diet_33; DESeq2_infected_vs_control_diet_83"
"LOC126336416",5,"all_infection_within_diet_results; all_model_coefficients; DESeq2_infected_vs_control_diet_50; DESeq2_infected_vs_control_diet_33; DESeq2_infected_vs_control_diet_83"
"LOC126336469",5,"all_infection_within_diet_results; all_model_coefficients; DESeq2_infected_vs_control_diet_50; DESeq2_infected_vs_control_diet_33; DESeq2_infected_vs_control_diet_83"
"LOC126336499",5,"all_infection_within_diet_results; all_model_coefficients; DESeq2_infected_vs_control_diet_50; DESeq2_infected_vs_control_diet_33; DESeq2_infected_vs_control_diet_83"
"LOC126336537",5,"all_infection_within_diet_results; DESeq2_infected_vs_control_diet_50; all_diet_pairwise_results; DESeq2_33_vs_50; DESeq2_33_vs_83"
"LOC126336554",5,"all_infection_within_diet_results; all_model_coefficients; DESeq2_infected_vs_control_diet_50; DESeq2_infected_vs_control_diet_33; DESeq2_infected_vs_control_diet_83"
"LOC126336565",5,"all_infection_within_diet_results; all_model_coefficients; DESeq2_infected_vs_control_diet_50; DESeq2_infected_vs_control_diet_33; DESeq2_infected_vs_control_diet_83"
"LOC126336578",5,"all_infection_within_diet_results; all_model_coefficients; DESeq2_infected_vs_control_diet_50; DESeq2_infected_vs_control_diet_33; DESeq2_infected_vs_control_diet_83"
"LOC126336583",5,"all_infection_within_diet_results; all_model_coefficients; DESeq2_infected_vs_control_diet_50; DESeq2_infected_vs_control_diet_33; DESeq2_infected_vs_control_diet_83"
"LOC126336593",5,"all_infection_within_diet_results; all_model_coefficients; DESeq2_infected_vs_control_diet_50; DESeq2_infected_vs_control_diet_33; DESeq2_infected_vs_control_diet_83"
"LOC126336597",5,"all_infection_within_diet_results; all_model_coefficients; DESeq2_infected_vs_control_diet_50; DESeq2_infected_vs_control_diet_33; DESeq2_infected_vs_control_diet_83"
"LOC126336602",5,"all_infection_within_diet_results; all_model_coefficients; DESeq2_infected_vs_control_diet_50; DESeq2_infected_vs_control_diet_33; DESeq2_infected_vs_control_diet_83"
"LOC126336646",5,"all_infection_within_diet_results; all_model_coefficients; DESeq2_infected_vs_control_diet_50; DESeq2_infected_vs_control_diet_33; DESeq2_infected_vs_control_diet_83"
"LOC126336695",5,"all_infection_within_diet_results; all_model_coefficients; DESeq2_infected_vs_control_diet_50; DESeq2_infected_vs_control_diet_33; DESeq2_infected_vs_control_diet_83"
"LOC126336738",5,"all_infection_within_diet_results; all_model_coefficients; DESeq2_infected_vs_control_diet_50; DESeq2_infected_vs_control_diet_33; DESeq2_infected_vs_control_diet_83"
"LOC126336772",5,"all_infection_within_diet_results; all_model_coefficients; DESeq2_infected_vs_control_diet_50; DESeq2_infected_vs_control_diet_33; DESeq2_infected_vs_control_diet_83"
"LOC126336801",5,"all_infection_within_diet_results; all_model_coefficients; DESeq2_infected_vs_control_diet_50; DESeq2_infected_vs_control_diet_33; DESeq2_infected_vs_control_diet_83"
"LOC126336948",5,"all_infection_within_diet_results; all_model_coefficients; DESeq2_infected_vs_control_diet_50; DESeq2_infected_vs_control_diet_33; DESeq2_infected_vs_control_diet_83"
"LOC126336969",5,"all_infection_within_diet_results; all_model_coefficients; DESeq2_infected_vs_control_diet_50; DESeq2_infected_vs_control_diet_33; DESeq2_infected_vs_control_diet_83"
"LOC126337056",5,"all_infection_within_diet_results; all_model_coefficients; DESeq2_infected_vs_control_diet_50; DESeq2_infected_vs_control_diet_33; DESeq2_infected_vs_control_diet_83"
"LOC126337850",5,"all_infection_within_diet_results; all_model_coefficients; DESeq2_infected_vs_control_diet_50; DESeq2_infected_vs_control_diet_33; DESeq2_infected_vs_control_diet_83"
"LOC126337983",5,"all_infection_within_diet_results; all_model_coefficients; DESeq2_infected_vs_control_diet_50; DESeq2_infected_vs_control_diet_33; DESeq2_infected_vs_control_diet_83"
"LOC126339612",5,"all_infection_within_diet_results; all_model_coefficients; DESeq2_infected_vs_control_diet_50; DESeq2_infected_vs_control_diet_33; DESeq2_infected_vs_control_diet_83"
"LOC126339739",5,"all_infection_within_diet_results; all_model_coefficients; DESeq2_infected_vs_control_diet_50; DESeq2_infected_vs_control_diet_33; DESeq2_infected_vs_control_diet_83"
"LOC126339755",5,"all_infection_within_diet_results; all_model_coefficients; DESeq2_infected_vs_control_diet_50; DESeq2_infected_vs_control_diet_33; DESeq2_infected_vs_control_diet_83"
"LOC126341418",5,"all_infection_within_diet_results; all_model_coefficients; DESeq2_infected_vs_control_diet_50; DESeq2_infected_vs_control_diet_33; DESeq2_infected_vs_control_diet_83"
"LOC126341434",5,"all_infection_within_diet_results; all_model_coefficients; DESeq2_infected_vs_control_diet_50; DESeq2_infected_vs_control_diet_33; DESeq2_infected_vs_control_diet_83"
"LOC126343175",5,"all_infection_within_diet_results; all_model_coefficients; DESeq2_infected_vs_control_diet_50; DESeq2_infected_vs_control_diet_33; DESeq2_infected_vs_control_diet_83"
"LOC126345497",5,"all_infection_within_diet_results; all_model_coefficients; DESeq2_infected_vs_control_diet_50; DESeq2_infected_vs_control_diet_33; DESeq2_infected_vs_control_diet_83"
"LOC126346425",5,"all_infection_within_diet_results; all_model_coefficients; DESeq2_infected_vs_control_diet_50; DESeq2_infected_vs_control_diet_33; DESeq2_infected_vs_control_diet_83"
"LOC126347864",5,"all_infection_within_diet_results; DESeq2_infected_vs_control_diet_50; DESeq2_infected_vs_control_diet_33; all_diet_pairwise_results; DESeq2_33_vs_83"
"LOC126349011",5,"all_infection_within_diet_results; all_model_coefficients; DESeq2_infected_vs_control_diet_50; DESeq2_infected_vs_control_diet_33; DESeq2_infected_vs_control_diet_83"
"LOC126349825",5,"all_infection_within_diet_results; all_model_coefficients; DESeq2_infected_vs_control_diet_50; DESeq2_infected_vs_control_diet_33; DESeq2_infected_vs_control_diet_83"
"LOC126352796",5,"all_infection_within_diet_results; all_model_coefficients; DESeq2_infected_vs_control_diet_50; DESeq2_infected_vs_control_diet_33; DESeq2_infected_vs_control_diet_83"
"LOC126353777",5,"all_infection_within_diet_results; DESeq2_infected_vs_control_diet_33; DESeq2_infected_vs_control_diet_83; all_diet_pairwise_results; DESeq2_33_vs_83"
"LOC126353855",5,"all_infection_within_diet_results; all_model_coefficients; DESeq2_infected_vs_control_diet_50; DESeq2_infected_vs_control_diet_33; DESeq2_infected_vs_control_diet_83"
"LOC126353927",5,"all_infection_within_diet_results; all_model_coefficients; DESeq2_infected_vs_control_diet_50; DESeq2_infected_vs_control_diet_33; DESeq2_infected_vs_control_diet_83"
"LOC126353931",5,"all_infection_within_diet_results; all_model_coefficients; DESeq2_infected_vs_control_diet_50; DESeq2_infected_vs_control_diet_33; DESeq2_infected_vs_control_diet_83"
"LOC126353933",5,"all_infection_within_diet_results; all_model_coefficients; DESeq2_infected_vs_control_diet_50; DESeq2_infected_vs_control_diet_33; DESeq2_infected_vs_control_diet_83"
"LOC126353958",5,"all_infection_within_diet_results; all_model_coefficients; DESeq2_infected_vs_control_diet_50; DESeq2_infected_vs_control_diet_33; DESeq2_infected_vs_control_diet_83"
"LOC126354017",5,"all_infection_within_diet_results; all_model_coefficients; DESeq2_infected_vs_control_diet_50; DESeq2_infected_vs_control_diet_33; DESeq2_infected_vs_control_diet_83"
"LOC126354018",5,"all_infection_within_diet_results; all_model_coefficients; DESeq2_infected_vs_control_diet_50; DESeq2_infected_vs_control_diet_33; DESeq2_infected_vs_control_diet_83"
"LOC126354081",5,"all_infection_within_diet_results; all_model_coefficients; DESeq2_infected_vs_control_diet_50; DESeq2_infected_vs_control_diet_33; DESeq2_infected_vs_control_diet_83"
"LOC126354142",5,"all_infection_within_diet_results; all_model_coefficients; DESeq2_infected_vs_control_diet_50; DESeq2_infected_vs_control_diet_33; DESeq2_infected_vs_control_diet_83"
"LOC126354146",5,"all_infection_within_diet_results; all_model_coefficients; DESeq2_infected_vs_control_diet_50; DESeq2_infected_vs_control_diet_33; DESeq2_infected_vs_control_diet_83"
"LOC126354185",5,"all_infection_within_diet_results; all_model_coefficients; DESeq2_infected_vs_control_diet_50; DESeq2_infected_vs_control_diet_33; DESeq2_infected_vs_control_diet_83"
"LOC126354226",5,"all_infection_within_diet_results; all_model_coefficients; DESeq2_infected_vs_control_diet_50; DESeq2_infected_vs_control_diet_33; DESeq2_infected_vs_control_diet_83"
"LOC126354256",5,"all_infection_within_diet_results; all_model_coefficients; DESeq2_infected_vs_control_diet_50; DESeq2_infected_vs_control_diet_33; DESeq2_infected_vs_control_diet_83"
"LOC126354282",5,"all_infection_within_diet_results; all_model_coefficients; DESeq2_infected_vs_control_diet_50; DESeq2_infected_vs_control_diet_33; DESeq2_infected_vs_control_diet_83"
"LOC126354521",5,"all_infection_within_diet_results; all_model_coefficients; DESeq2_infected_vs_control_diet_50; DESeq2_infected_vs_control_diet_33; DESeq2_infected_vs_control_diet_83"
"LOC126354547",5,"all_infection_within_diet_results; all_model_coefficients; DESeq2_infected_vs_control_diet_50; DESeq2_infected_vs_control_diet_33; DESeq2_infected_vs_control_diet_83"
"LOC126354579",5,"all_infection_within_diet_results; all_model_coefficients; DESeq2_infected_vs_control_diet_50; DESeq2_infected_vs_control_diet_33; DESeq2_infected_vs_control_diet_83"
"LOC126354656",5,"all_infection_within_diet_results; all_model_coefficients; DESeq2_infected_vs_control_diet_50; DESeq2_infected_vs_control_diet_33; DESeq2_infected_vs_control_diet_83"
"LOC126354672",5,"all_infection_within_diet_results; all_model_coefficients; DESeq2_infected_vs_control_diet_50; DESeq2_infected_vs_control_diet_33; DESeq2_infected_vs_control_diet_83"
"LOC126354677",5,"all_infection_within_diet_results; all_model_coefficients; DESeq2_infected_vs_control_diet_50; DESeq2_infected_vs_control_diet_33; DESeq2_infected_vs_control_diet_83"
"LOC126354689",5,"all_infection_within_diet_results; all_model_coefficients; DESeq2_infected_vs_control_diet_50; DESeq2_infected_vs_control_diet_33; DESeq2_infected_vs_control_diet_83"
"LOC126354914",5,"all_infection_within_diet_results; all_model_coefficients; DESeq2_infected_vs_control_diet_50; DESeq2_infected_vs_control_diet_33; DESeq2_infected_vs_control_diet_83"
"LOC126354923",5,"all_infection_within_diet_results; all_model_coefficients; DESeq2_infected_vs_control_diet_50; DESeq2_infected_vs_control_diet_33; DESeq2_infected_vs_control_diet_83"
"LOC126354924",5,"all_infection_within_diet_results; all_model_coefficients; DESeq2_infected_vs_control_diet_50; DESeq2_infected_vs_control_diet_33; DESeq2_infected_vs_control_diet_83"
"LOC126354927",5,"all_infection_within_diet_results; all_model_coefficients; DESeq2_infected_vs_control_diet_50; DESeq2_infected_vs_control_diet_33; DESeq2_infected_vs_control_diet_83"
"LOC126354995",5,"all_infection_within_diet_results; all_model_coefficients; DESeq2_infected_vs_control_diet_50; DESeq2_infected_vs_control_diet_33; DESeq2_infected_vs_control_diet_83"
"LOC126355041",5,"all_infection_within_diet_results; all_model_coefficients; DESeq2_infected_vs_control_diet_50; DESeq2_infected_vs_control_diet_33; DESeq2_infected_vs_control_diet_83"
"LOC126355184",5,"all_infection_within_diet_results; all_model_coefficients; DESeq2_infected_vs_control_diet_50; DESeq2_infected_vs_control_diet_33; DESeq2_infected_vs_control_diet_83"
"LOC126355203",5,"all_infection_within_diet_results; all_model_coefficients; DESeq2_infected_vs_control_diet_50; DESeq2_infected_vs_control_diet_33; DESeq2_infected_vs_control_diet_83"
"LOC126355206",5,"all_infection_within_diet_results; all_model_coefficients; DESeq2_infected_vs_control_diet_50; DESeq2_infected_vs_control_diet_33; DESeq2_infected_vs_control_diet_83"
"LOC126355303",5,"all_infection_within_diet_results; all_model_coefficients; DESeq2_infected_vs_control_diet_50; DESeq2_infected_vs_control_diet_33; DESeq2_infected_vs_control_diet_83"
"LOC126355392",5,"all_infection_within_diet_results; all_model_coefficients; DESeq2_infected_vs_control_diet_50; all_diet_pairwise_results; DESeq2_33_vs_50"
"LOC126355561",5,"all_infection_within_diet_results; all_model_coefficients; DESeq2_infected_vs_control_diet_50; DESeq2_infected_vs_control_diet_33; DESeq2_infected_vs_control_diet_83"
"LOC126355702",5,"all_infection_within_diet_results; all_model_coefficients; DESeq2_infected_vs_control_diet_50; DESeq2_infected_vs_control_diet_33; DESeq2_infected_vs_control_diet_83"
"LOC126355789",5,"all_infection_within_diet_results; all_model_coefficients; DESeq2_infected_vs_control_diet_50; all_diet_pairwise_results; DESeq2_50_vs_83"
"LOC126355933",5,"all_infection_within_diet_results; all_model_coefficients; DESeq2_infected_vs_control_diet_50; DESeq2_infected_vs_control_diet_33; DESeq2_infected_vs_control_diet_83"
"LOC126355938",5,"all_infection_within_diet_results; all_model_coefficients; DESeq2_infected_vs_control_diet_50; DESeq2_infected_vs_control_diet_33; DESeq2_infected_vs_control_diet_83"
"LOC126355939",5,"all_infection_within_diet_results; all_model_coefficients; DESeq2_infected_vs_control_diet_50; DESeq2_infected_vs_control_diet_33; DESeq2_infected_vs_control_diet_83"
"LOC126355940",5,"all_infection_within_diet_results; all_model_coefficients; DESeq2_infected_vs_control_diet_50; DESeq2_infected_vs_control_diet_33; DESeq2_infected_vs_control_diet_83"
"LOC126356050",5,"all_infection_within_diet_results; all_model_coefficients; DESeq2_infected_vs_control_diet_50; DESeq2_infected_vs_control_diet_33; DESeq2_infected_vs_control_diet_83"
"LOC126356066",5,"all_infection_within_diet_results; all_model_coefficients; DESeq2_infected_vs_control_diet_50; DESeq2_infected_vs_control_diet_33; DESeq2_infected_vs_control_diet_83"
"LOC126356135",5,"all_infection_within_diet_results; all_model_coefficients; DESeq2_infected_vs_control_diet_50; DESeq2_infected_vs_control_diet_33; DESeq2_infected_vs_control_diet_83"
"LOC126356152",5,"all_infection_within_diet_results; all_model_coefficients; DESeq2_infected_vs_control_diet_50; DESeq2_infected_vs_control_diet_33; DESeq2_infected_vs_control_diet_83"
"LOC126356154",5,"all_infection_within_diet_results; all_model_coefficients; DESeq2_infected_vs_control_diet_50; DESeq2_infected_vs_control_diet_33; DESeq2_infected_vs_control_diet_83"
"LOC126356204",5,"all_infection_within_diet_results; all_model_coefficients; DESeq2_infected_vs_control_diet_50; DESeq2_infected_vs_control_diet_33; DESeq2_infected_vs_control_diet_83"
"LOC126356215",5,"all_infection_within_diet_results; all_model_coefficients; DESeq2_infected_vs_control_diet_50; DESeq2_infected_vs_control_diet_33; DESeq2_infected_vs_control_diet_83"
"LOC126356221",5,"all_infection_within_diet_results; all_model_coefficients; DESeq2_infected_vs_control_diet_50; DESeq2_infected_vs_control_diet_33; DESeq2_infected_vs_control_diet_83"
"LOC126356285",5,"all_infection_within_diet_results; all_model_coefficients; DESeq2_infected_vs_control_diet_50; DESeq2_infected_vs_control_diet_33; DESeq2_infected_vs_control_diet_83"
"LOC126356328",5,"all_infection_within_diet_results; all_model_coefficients; DESeq2_infected_vs_control_diet_50; DESeq2_infected_vs_control_diet_33; DESeq2_infected_vs_control_diet_83"
"LOC126356362",5,"all_infection_within_diet_results; all_model_coefficients; DESeq2_infected_vs_control_diet_50; DESeq2_infected_vs_control_diet_33; DESeq2_infected_vs_control_diet_83"
"LOC126358740",5,"all_infection_within_diet_results; all_model_coefficients; DESeq2_infected_vs_control_diet_50; DESeq2_infected_vs_control_diet_33; DESeq2_infected_vs_control_diet_83"
"LOC126359055",5,"all_infection_within_diet_results; all_model_coefficients; DESeq2_infected_vs_control_diet_50; DESeq2_infected_vs_control_diet_33; DESeq2_infected_vs_control_diet_83"
"LOC126360693",5,"all_infection_within_diet_results; all_model_coefficients; DESeq2_infected_vs_control_diet_50; DESeq2_infected_vs_control_diet_33; DESeq2_infected_vs_control_diet_83"
"LOC126361021",5,"all_infection_within_diet_results; all_model_coefficients; DESeq2_infected_vs_control_diet_50; DESeq2_infected_vs_control_diet_33; DESeq2_infected_vs_control_diet_83"
"LOC126361126",5,"all_infection_within_diet_results; all_model_coefficients; DESeq2_infected_vs_control_diet_50; DESeq2_infected_vs_control_diet_33; DESeq2_infected_vs_control_diet_83"
"LOC126365745",5,"all_infection_within_diet_results; all_model_coefficients; DESeq2_infected_vs_control_diet_50; DESeq2_infected_vs_control_diet_33; DESeq2_infected_vs_control_diet_83"
"LOC126365778",5,"all_infection_within_diet_results; all_model_coefficients; DESeq2_infected_vs_control_diet_50; DESeq2_infected_vs_control_diet_33; DESeq2_infected_vs_control_diet_83"
"LOC126365849",5,"all_infection_within_diet_results; all_model_coefficients; DESeq2_infected_vs_control_diet_50; DESeq2_infected_vs_control_diet_33; DESeq2_infected_vs_control_diet_83"
"LOC126365943",5,"all_infection_within_diet_results; all_model_coefficients; DESeq2_infected_vs_control_diet_50; DESeq2_infected_vs_control_diet_33; DESeq2_infected_vs_control_diet_83"
"LOC126365957",5,"all_infection_within_diet_results; all_model_coefficients; DESeq2_infected_vs_control_diet_50; DESeq2_infected_vs_control_diet_33; DESeq2_infected_vs_control_diet_83"
"LOC126365964",5,"all_infection_within_diet_results; all_model_coefficients; DESeq2_infected_vs_control_diet_50; DESeq2_infected_vs_control_diet_33; DESeq2_infected_vs_control_diet_83"
"LOC126266629",4,"all_infection_within_diet_results; all_model_coefficients; DESeq2_infected_vs_control_diet_50; DESeq2_infected_vs_control_diet_33"
"LOC126266641",4,"all_infection_within_diet_results; all_model_coefficients; DESeq2_infected_vs_control_diet_50; DESeq2_infected_vs_control_diet_33"
"LOC126266657",4,"all_infection_within_diet_results; all_model_coefficients; DESeq2_infected_vs_control_diet_50; DESeq2_infected_vs_control_diet_33"
"LOC126266662",4,"all_infection_within_diet_results; all_model_coefficients; DESeq2_infected_vs_control_diet_50; DESeq2_infected_vs_control_diet_83"
"LOC126266672",4,"all_infection_within_diet_results; all_model_coefficients; DESeq2_infected_vs_control_diet_50; DESeq2_infected_vs_control_diet_33"
"LOC126266696",4,"all_infection_within_diet_results; all_model_coefficients; DESeq2_infected_vs_control_diet_50; DESeq2_infected_vs_control_diet_33"
"LOC126266746",4,"all_infection_within_diet_results; all_model_coefficients; DESeq2_infected_vs_control_diet_50; DESeq2_infected_vs_control_diet_33"
"LOC126266748",4,"all_infection_within_diet_results; all_model_coefficients; DESeq2_infected_vs_control_diet_50; DESeq2_infected_vs_control_diet_33"
"LOC126266750",4,"all_infection_within_diet_results; all_model_coefficients; DESeq2_infected_vs_control_diet_50; DESeq2_infected_vs_control_diet_33"
"LOC126266819",4,"all_infection_within_diet_results; all_model_coefficients; DESeq2_infected_vs_control_diet_50; DESeq2_infected_vs_control_diet_83"
"LOC126266822",4,"all_infection_within_diet_results; all_model_coefficients; DESeq2_infected_vs_control_diet_50; DESeq2_infected_vs_control_diet_33"
"LOC126266832",4,"all_infection_within_diet_results; all_model_coefficients; DESeq2_infected_vs_control_diet_50; DESeq2_infected_vs_control_diet_33"
"LOC126266840",4,"all_infection_within_diet_results; DESeq2_infected_vs_control_diet_33; all_diet_pairwise_results; DESeq2_33_vs_50"
"LOC126266870",4,"all_model_coefficients; all_diet_pairwise_results; DESeq2_33_vs_50; DESeq2_50_vs_83"
"LOC126266899",4,"all_infection_within_diet_results; all_model_coefficients; DESeq2_infected_vs_control_diet_50; DESeq2_infected_vs_control_diet_33"
"LOC126266913",4,"all_infection_within_diet_results; all_model_coefficients; DESeq2_infected_vs_control_diet_50; DESeq2_infected_vs_control_diet_33"
"LOC126266938",4,"all_infection_within_diet_results; all_model_coefficients; DESeq2_infected_vs_control_diet_50; DESeq2_infected_vs_control_diet_33"
"LOC126266948",4,"all_infection_within_diet_results; all_model_coefficients; DESeq2_infected_vs_control_diet_50; DESeq2_infected_vs_control_diet_33"
"LOC126266982",4,"all_infection_within_diet_results; all_model_coefficients; DESeq2_infected_vs_control_diet_50; DESeq2_infected_vs_control_diet_33"
"LOC126267002",4,"all_infection_within_diet_results; all_model_coefficients; DESeq2_infected_vs_control_diet_50; DESeq2_infected_vs_control_diet_33"
"LOC126267061",4,"all_infection_within_diet_results; all_model_coefficients; DESeq2_infected_vs_control_diet_50; DESeq2_infected_vs_control_diet_33"
"LOC126267114",4,"all_infection_within_diet_results; all_model_coefficients; DESeq2_infected_vs_control_diet_50; DESeq2_infected_vs_control_diet_33"
"LOC126267154",4,"all_infection_within_diet_results; all_model_coefficients; DESeq2_infected_vs_control_diet_50; DESeq2_infected_vs_control_diet_33"
"LOC126267190",4,"all_infection_within_diet_results; all_model_coefficients; DESeq2_infected_vs_control_diet_33; DESeq2_infected_vs_control_diet_83"
"LOC126267194",4,"all_infection_within_diet_results; all_model_coefficients; DESeq2_infected_vs_control_diet_50; DESeq2_infected_vs_control_diet_33"
"LOC126267217",4,"all_infection_within_diet_results; all_model_coefficients; DESeq2_infected_vs_control_diet_50; DESeq2_infected_vs_control_diet_33"
"LOC126267253",4,"all_infection_within_diet_results; all_model_coefficients; DESeq2_infected_vs_control_diet_50; DESeq2_infected_vs_control_diet_33"
"LOC126267315",4,"all_infection_within_diet_results; all_model_coefficients; DESeq2_infected_vs_control_diet_50; DESeq2_infected_vs_control_diet_83"
"LOC126267333",4,"all_infection_within_diet_results; all_model_coefficients; DESeq2_infected_vs_control_diet_50; DESeq2_infected_vs_control_diet_33"
"LOC126267351",4,"all_infection_within_diet_results; all_model_coefficients; DESeq2_infected_vs_control_diet_50; DESeq2_infected_vs_control_diet_33"
"LOC126267422",4,"all_infection_within_diet_results; all_model_coefficients; DESeq2_infected_vs_control_diet_50; DESeq2_infected_vs_control_diet_33"
"LOC126267432",4,"all_infection_within_diet_results; all_model_coefficients; DESeq2_infected_vs_control_diet_50; DESeq2_infected_vs_control_diet_83"
"LOC126267456",4,"all_infection_within_diet_results; all_model_coefficients; DESeq2_infected_vs_control_diet_50; DESeq2_infected_vs_control_diet_83"
"LOC126267575",4,"all_infection_within_diet_results; all_model_coefficients; DESeq2_infected_vs_control_diet_33; DESeq2_infected_vs_control_diet_83"
"LOC126267685",4,"all_infection_within_diet_results; all_model_coefficients; DESeq2_infected_vs_control_diet_50; DESeq2_infected_vs_control_diet_33"
"LOC126267743",4,"all_infection_within_diet_results; all_model_coefficients; DESeq2_infected_vs_control_diet_50; DESeq2_infected_vs_control_diet_33"
"LOC126267876",4,"all_infection_within_diet_results; all_model_coefficients; DESeq2_infected_vs_control_diet_50; DESeq2_infected_vs_control_diet_33"
"LOC126267953",4,"all_infection_within_diet_results; all_model_coefficients; DESeq2_infected_vs_control_diet_50; DESeq2_infected_vs_control_diet_83"
"LOC126267982",4,"all_infection_within_diet_results; all_model_coefficients; DESeq2_infected_vs_control_diet_50; DESeq2_infected_vs_control_diet_33"
"LOC126267984",4,"all_infection_within_diet_results; all_model_coefficients; DESeq2_infected_vs_control_diet_33; DESeq2_infected_vs_control_diet_83"
"LOC126268015",4,"all_infection_within_diet_results; all_model_coefficients; DESeq2_infected_vs_control_diet_50; DESeq2_infected_vs_control_diet_33"
"LOC126268038",4,"all_infection_within_diet_results; all_model_coefficients; DESeq2_infected_vs_control_diet_50; DESeq2_infected_vs_control_diet_83"
"LOC126268069",4,"all_infection_within_diet_results; all_model_coefficients; DESeq2_infected_vs_control_diet_50; DESeq2_infected_vs_control_diet_33"
"LOC126268085",4,"all_infection_within_diet_results; all_model_coefficients; DESeq2_infected_vs_control_diet_50; DESeq2_infected_vs_control_diet_33"
"LOC126268114",4,"all_infection_within_diet_results; all_model_coefficients; DESeq2_infected_vs_control_diet_50; DESeq2_infected_vs_control_diet_83"
"LOC126268133",4,"all_infection_within_diet_results; all_model_coefficients; DESeq2_infected_vs_control_diet_50; DESeq2_infected_vs_control_diet_33"
"LOC126268172",4,"all_infection_within_diet_results; DESeq2_infected_vs_control_diet_33; all_diet_pairwise_results; DESeq2_33_vs_50"
"LOC126268173",4,"all_infection_within_diet_results; DESeq2_infected_vs_control_diet_33; all_diet_pairwise_results; DESeq2_33_vs_50"
"LOC126268175",4,"all_infection_within_diet_results; all_model_coefficients; DESeq2_infected_vs_control_diet_50; DESeq2_infected_vs_control_diet_33"
"LOC126268200",4,"all_infection_within_diet_results; all_model_coefficients; DESeq2_infected_vs_control_diet_50; DESeq2_infected_vs_control_diet_83"
"LOC126268397",4,"all_infection_within_diet_results; all_model_coefficients; DESeq2_infected_vs_control_diet_50; DESeq2_infected_vs_control_diet_33"
"LOC126268712",4,"all_infection_within_diet_results; all_model_coefficients; DESeq2_infected_vs_control_diet_50; DESeq2_infected_vs_control_diet_83"
"LOC126269416",4,"all_infection_within_diet_results; all_model_coefficients; DESeq2_infected_vs_control_diet_50; DESeq2_infected_vs_control_diet_33"
"LOC126269651",4,"all_infection_within_diet_results; DESeq2_infected_vs_control_diet_33; all_diet_pairwise_results; DESeq2_33_vs_50"
"LOC126269845",4,"all_model_coefficients; all_diet_pairwise_results; DESeq2_33_vs_83; DESeq2_50_vs_83"
"LOC126270012",4,"all_infection_within_diet_results; all_model_coefficients; DESeq2_infected_vs_control_diet_50; DESeq2_infected_vs_control_diet_33"
"LOC126270294",4,"all_infection_within_diet_results; all_model_coefficients; DESeq2_infected_vs_control_diet_50; DESeq2_infected_vs_control_diet_33"
"LOC126271480",4,"all_infection_within_diet_results; all_model_coefficients; DESeq2_infected_vs_control_diet_50; DESeq2_infected_vs_control_diet_33"
"LOC126271496",4,"all_infection_within_diet_results; all_model_coefficients; DESeq2_infected_vs_control_diet_50; DESeq2_infected_vs_control_diet_33"
"LOC126271532",4,"all_infection_within_diet_results; all_model_coefficients; DESeq2_infected_vs_control_diet_50; DESeq2_infected_vs_control_diet_33"
"LOC126271709",4,"all_infection_within_diet_results; all_model_coefficients; DESeq2_infected_vs_control_diet_50; DESeq2_infected_vs_control_diet_33"
"LOC126271849",4,"all_infection_within_diet_results; all_model_coefficients; DESeq2_infected_vs_control_diet_50; DESeq2_infected_vs_control_diet_33"
"LOC126271871",4,"all_infection_within_diet_results; all_model_coefficients; DESeq2_infected_vs_control_diet_50; DESeq2_infected_vs_control_diet_33"
"LOC126271895",4,"all_infection_within_diet_results; all_model_coefficients; DESeq2_infected_vs_control_diet_50; DESeq2_infected_vs_control_diet_83"
"LOC126271923",4,"all_infection_within_diet_results; all_model_coefficients; DESeq2_infected_vs_control_diet_50; DESeq2_infected_vs_control_diet_33"
"LOC126271949",4,"all_infection_within_diet_results; all_model_coefficients; DESeq2_infected_vs_control_diet_50; DESeq2_infected_vs_control_diet_33"
"LOC126271975",4,"all_infection_within_diet_results; all_model_coefficients; DESeq2_infected_vs_control_diet_50; DESeq2_infected_vs_control_diet_33"
"LOC126272041",4,"all_infection_within_diet_results; all_model_coefficients; DESeq2_infected_vs_control_diet_50; DESeq2_infected_vs_control_diet_83"
"LOC126272046",4,"all_infection_within_diet_results; all_model_coefficients; DESeq2_infected_vs_control_diet_50; DESeq2_infected_vs_control_diet_33"
"LOC126272122",4,"all_infection_within_diet_results; all_model_coefficients; DESeq2_infected_vs_control_diet_50; DESeq2_infected_vs_control_diet_33"
"LOC126272126",4,"all_infection_within_diet_results; all_model_coefficients; DESeq2_infected_vs_control_diet_50; DESeq2_infected_vs_control_diet_33"
"LOC126272232",4,"all_infection_within_diet_results; DESeq2_infected_vs_control_diet_33; all_diet_pairwise_results; DESeq2_33_vs_50"
"LOC126272251",4,"all_infection_within_diet_results; all_model_coefficients; DESeq2_infected_vs_control_diet_50; DESeq2_infected_vs_control_diet_83"
"LOC126272275",4,"all_infection_within_diet_results; all_model_coefficients; DESeq2_infected_vs_control_diet_50; DESeq2_infected_vs_control_diet_33"
"LOC126272291",4,"all_infection_within_diet_results; all_model_coefficients; DESeq2_infected_vs_control_diet_50; DESeq2_infected_vs_control_diet_33"
"LOC126272321",4,"all_infection_within_diet_results; all_model_coefficients; DESeq2_infected_vs_control_diet_50; DESeq2_infected_vs_control_diet_33"
"LOC126272322",4,"all_infection_within_diet_results; all_model_coefficients; DESeq2_infected_vs_control_diet_50; DESeq2_infected_vs_control_diet_33"
"LOC126272336",4,"all_infection_within_diet_results; all_model_coefficients; DESeq2_infected_vs_control_diet_50; DESeq2_infected_vs_control_diet_83"
"LOC126272360",4,"all_infection_within_diet_results; all_model_coefficients; DESeq2_infected_vs_control_diet_50; DESeq2_infected_vs_control_diet_33"
"LOC126272361",4,"all_infection_within_diet_results; all_model_coefficients; DESeq2_infected_vs_control_diet_50; DESeq2_infected_vs_control_diet_83"
"LOC126272393",4,"all_infection_within_diet_results; all_model_coefficients; DESeq2_infected_vs_control_diet_83; interaction_coefficients"
"LOC126272465",4,"all_model_coefficients; all_diet_pairwise_results; DESeq2_33_vs_50; DESeq2_33_vs_83"
"LOC126272485",4,"all_infection_within_diet_results; DESeq2_infected_vs_control_diet_33; all_diet_pairwise_results; DESeq2_33_vs_50"
"LOC126272513",4,"all_infection_within_diet_results; all_model_coefficients; DESeq2_infected_vs_control_diet_50; DESeq2_infected_vs_control_diet_33"
"LOC126272556",4,"all_infection_within_diet_results; all_model_coefficients; DESeq2_infected_vs_control_diet_50; DESeq2_infected_vs_control_diet_33"
"LOC126272584",4,"all_infection_within_diet_results; all_model_coefficients; DESeq2_infected_vs_control_diet_50; DESeq2_infected_vs_control_diet_33"
"LOC126272589",4,"all_infection_within_diet_results; all_model_coefficients; DESeq2_infected_vs_control_diet_50; DESeq2_infected_vs_control_diet_33"
"LOC126272594",4,"all_infection_within_diet_results; all_model_coefficients; DESeq2_infected_vs_control_diet_50; DESeq2_infected_vs_control_diet_33"
"LOC126272599",4,"all_infection_within_diet_results; all_model_coefficients; DESeq2_infected_vs_control_diet_50; DESeq2_infected_vs_control_diet_33"
"LOC126272609",4,"all_infection_within_diet_results; all_model_coefficients; DESeq2_infected_vs_control_diet_50; DESeq2_infected_vs_control_diet_33"
"LOC126272678",4,"all_infection_within_diet_results; all_model_coefficients; DESeq2_infected_vs_control_diet_50; DESeq2_infected_vs_control_diet_33"
"LOC126272691",4,"all_infection_within_diet_results; all_model_coefficients; DESeq2_infected_vs_control_diet_50; DESeq2_infected_vs_control_diet_33"
"LOC126272718",4,"all_infection_within_diet_results; all_model_coefficients; DESeq2_infected_vs_control_diet_50; DESeq2_infected_vs_control_diet_83"
"LOC126272724",4,"all_infection_within_diet_results; all_model_coefficients; DESeq2_infected_vs_control_diet_50; DESeq2_infected_vs_control_diet_33"
"LOC126272733",4,"all_infection_within_diet_results; all_model_coefficients; DESeq2_infected_vs_control_diet_33; DESeq2_infected_vs_control_diet_83"
"LOC126272738",4,"all_infection_within_diet_results; all_model_coefficients; DESeq2_infected_vs_control_diet_50; DESeq2_infected_vs_control_diet_33"
"LOC126272750",4,"all_infection_within_diet_results; all_model_coefficients; DESeq2_infected_vs_control_diet_50; DESeq2_infected_vs_control_diet_83"
"LOC126272758",4,"all_infection_within_diet_results; all_model_coefficients; DESeq2_infected_vs_control_diet_50; DESeq2_infected_vs_control_diet_33"
"LOC126272774",4,"all_infection_within_diet_results; all_model_coefficients; DESeq2_infected_vs_control_diet_50; DESeq2_infected_vs_control_diet_33"
"LOC126272828",4,"all_infection_within_diet_results; all_model_coefficients; DESeq2_infected_vs_control_diet_50; DESeq2_infected_vs_control_diet_83"
"LOC126272858",4,"all_infection_within_diet_results; all_model_coefficients; DESeq2_infected_vs_control_diet_50; DESeq2_infected_vs_control_diet_33"
"LOC126272899",4,"all_infection_within_diet_results; all_model_coefficients; DESeq2_infected_vs_control_diet_50; DESeq2_infected_vs_control_diet_83"
"LOC126273067",4,"all_model_coefficients; all_diet_pairwise_results; DESeq2_33_vs_83; DESeq2_50_vs_83"
"LOC126273130",4,"all_infection_within_diet_results; all_model_coefficients; DESeq2_infected_vs_control_diet_50; DESeq2_infected_vs_control_diet_33"
"LOC126273149",4,"all_infection_within_diet_results; all_model_coefficients; DESeq2_infected_vs_control_diet_50; DESeq2_infected_vs_control_diet_33"
"LOC126273233",4,"all_infection_within_diet_results; DESeq2_infected_vs_control_diet_33; all_diet_pairwise_results; DESeq2_33_vs_50"
"LOC126273250",4,"all_infection_within_diet_results; all_model_coefficients; DESeq2_infected_vs_control_diet_50; DESeq2_infected_vs_control_diet_33"
"LOC126273412",4,"all_infection_within_diet_results; all_model_coefficients; DESeq2_infected_vs_control_diet_50; DESeq2_infected_vs_control_diet_33"
"LOC126273558",4,"all_infection_within_diet_results; all_model_coefficients; DESeq2_infected_vs_control_diet_50; DESeq2_infected_vs_control_diet_83"
"LOC126273757",4,"all_infection_within_diet_results; all_model_coefficients; DESeq2_infected_vs_control_diet_50; DESeq2_infected_vs_control_diet_33"
"LOC126273784",4,"all_infection_within_diet_results; all_model_coefficients; DESeq2_infected_vs_control_diet_50; DESeq2_infected_vs_control_diet_33"
"LOC126274965",4,"all_infection_within_diet_results; all_model_coefficients; DESeq2_infected_vs_control_diet_50; DESeq2_infected_vs_control_diet_33"
"LOC126276000",4,"all_infection_within_diet_results; all_model_coefficients; DESeq2_infected_vs_control_diet_50; DESeq2_infected_vs_control_diet_33"
"LOC126276633",4,"all_infection_within_diet_results; all_model_coefficients; DESeq2_infected_vs_control_diet_50; DESeq2_infected_vs_control_diet_33"
"LOC126276951",4,"all_infection_within_diet_results; all_model_coefficients; DESeq2_infected_vs_control_diet_50; DESeq2_infected_vs_control_diet_33"
"LOC126277867",4,"all_infection_within_diet_results; all_model_coefficients; DESeq2_infected_vs_control_diet_50; DESeq2_infected_vs_control_diet_33"
"LOC126277947",4,"all_infection_within_diet_results; DESeq2_infected_vs_control_diet_33; all_diet_pairwise_results; DESeq2_33_vs_50"
"LOC126277968",4,"all_infection_within_diet_results; all_model_coefficients; DESeq2_infected_vs_control_diet_50; DESeq2_infected_vs_control_diet_33"
"LOC126277974",4,"all_infection_within_diet_results; all_model_coefficients; DESeq2_infected_vs_control_diet_50; interaction_coefficients"
"LOC126278002",4,"all_infection_within_diet_results; all_model_coefficients; DESeq2_infected_vs_control_diet_50; DESeq2_infected_vs_control_diet_33"
"LOC126278009",4,"all_infection_within_diet_results; all_model_coefficients; DESeq2_infected_vs_control_diet_50; DESeq2_infected_vs_control_diet_33"
"LOC126278037",4,"all_infection_within_diet_results; all_model_coefficients; DESeq2_infected_vs_control_diet_50; DESeq2_infected_vs_control_diet_33"
"LOC126278068",4,"all_infection_within_diet_results; all_model_coefficients; DESeq2_infected_vs_control_diet_50; DESeq2_infected_vs_control_diet_33"
"LOC126278069",4,"all_infection_within_diet_results; all_model_coefficients; DESeq2_infected_vs_control_diet_50; DESeq2_infected_vs_control_diet_33"
"LOC126278122",4,"all_infection_within_diet_results; all_model_coefficients; DESeq2_infected_vs_control_diet_50; DESeq2_infected_vs_control_diet_33"
"LOC126278128",4,"all_infection_within_diet_results; all_model_coefficients; DESeq2_infected_vs_control_diet_50; DESeq2_infected_vs_control_diet_33"
"LOC126278136",4,"all_infection_within_diet_results; all_model_coefficients; DESeq2_infected_vs_control_diet_50; DESeq2_infected_vs_control_diet_83"
"LOC126278137",4,"all_infection_within_diet_results; all_model_coefficients; DESeq2_infected_vs_control_diet_50; DESeq2_infected_vs_control_diet_33"
"LOC126278149",4,"all_infection_within_diet_results; all_model_coefficients; DESeq2_infected_vs_control_diet_50; DESeq2_infected_vs_control_diet_33"
"LOC126278180",4,"all_infection_within_diet_results; all_model_coefficients; DESeq2_infected_vs_control_diet_50; DESeq2_infected_vs_control_diet_33"
"LOC126278191",4,"all_infection_within_diet_results; all_model_coefficients; DESeq2_infected_vs_control_diet_50; DESeq2_infected_vs_control_diet_33"
"LOC126278196",4,"all_infection_within_diet_results; all_model_coefficients; DESeq2_infected_vs_control_diet_50; DESeq2_infected_vs_control_diet_33"
"LOC126278220",4,"all_model_coefficients; all_diet_pairwise_results; DESeq2_33_vs_50; interaction_coefficients"
"LOC126278289",4,"all_infection_within_diet_results; all_model_coefficients; DESeq2_infected_vs_control_diet_50; DESeq2_infected_vs_control_diet_33"
"LOC126278295",4,"all_infection_within_diet_results; all_model_coefficients; DESeq2_infected_vs_control_diet_50; DESeq2_infected_vs_control_diet_83"
"LOC126278395",4,"all_infection_within_diet_results; all_model_coefficients; DESeq2_infected_vs_control_diet_50; DESeq2_infected_vs_control_diet_33"
"LOC126278399",4,"all_infection_within_diet_results; DESeq2_infected_vs_control_diet_33; all_diet_pairwise_results; DESeq2_33_vs_83"
"LOC126278410",4,"all_infection_within_diet_results; DESeq2_infected_vs_control_diet_83; all_diet_pairwise_results; DESeq2_33_vs_50"
"LOC126278447",4,"all_infection_within_diet_results; all_model_coefficients; DESeq2_infected_vs_control_diet_50; DESeq2_infected_vs_control_diet_33"
"LOC126278457",4,"all_infection_within_diet_results; DESeq2_infected_vs_control_diet_83; all_diet_pairwise_results; DESeq2_33_vs_50"
"LOC126278491",4,"all_infection_within_diet_results; all_model_coefficients; DESeq2_infected_vs_control_diet_50; DESeq2_infected_vs_control_diet_33"
"LOC126278499",4,"all_infection_within_diet_results; DESeq2_infected_vs_control_diet_33; all_diet_pairwise_results; DESeq2_33_vs_50"
"LOC126278501",4,"all_infection_within_diet_results; all_model_coefficients; DESeq2_infected_vs_control_diet_50; DESeq2_infected_vs_control_diet_33"
"LOC126278622",4,"all_infection_within_diet_results; all_model_coefficients; DESeq2_infected_vs_control_diet_50; DESeq2_infected_vs_control_diet_33"
"LOC126278678",4,"all_infection_within_diet_results; all_model_coefficients; DESeq2_infected_vs_control_diet_50; DESeq2_infected_vs_control_diet_33"
"LOC126278708",4,"all_infection_within_diet_results; all_model_coefficients; DESeq2_infected_vs_control_diet_50; DESeq2_infected_vs_control_diet_83"
"LOC126278735",4,"all_infection_within_diet_results; all_model_coefficients; DESeq2_infected_vs_control_diet_50; DESeq2_infected_vs_control_diet_33"
"LOC126278758",4,"all_infection_within_diet_results; all_model_coefficients; DESeq2_infected_vs_control_diet_50; DESeq2_infected_vs_control_diet_83"
"LOC126278800",4,"all_infection_within_diet_results; all_model_coefficients; DESeq2_infected_vs_control_diet_50; DESeq2_infected_vs_control_diet_33"
"LOC126278849",4,"all_infection_within_diet_results; all_model_coefficients; DESeq2_infected_vs_control_diet_50; DESeq2_infected_vs_control_diet_83"
"LOC126278916",4,"all_infection_within_diet_results; all_model_coefficients; DESeq2_infected_vs_control_diet_50; DESeq2_infected_vs_control_diet_33"
"LOC126278946",4,"all_infection_within_diet_results; all_model_coefficients; DESeq2_infected_vs_control_diet_50; DESeq2_infected_vs_control_diet_33"
"LOC126278971",4,"all_infection_within_diet_results; all_model_coefficients; DESeq2_infected_vs_control_diet_50; DESeq2_infected_vs_control_diet_33"
"LOC126279052",4,"all_infection_within_diet_results; all_model_coefficients; DESeq2_infected_vs_control_diet_50; DESeq2_infected_vs_control_diet_33"
"LOC126279109",4,"all_infection_within_diet_results; all_model_coefficients; DESeq2_infected_vs_control_diet_50; DESeq2_infected_vs_control_diet_33"
"LOC126279120",4,"all_infection_within_diet_results; all_model_coefficients; DESeq2_infected_vs_control_diet_50; DESeq2_infected_vs_control_diet_33"
"LOC126279221",4,"all_infection_within_diet_results; all_model_coefficients; DESeq2_infected_vs_control_diet_50; DESeq2_infected_vs_control_diet_33"
"LOC126279569",4,"all_infection_within_diet_results; all_model_coefficients; DESeq2_infected_vs_control_diet_50; DESeq2_infected_vs_control_diet_33"
"LOC126280853",4,"all_infection_within_diet_results; all_model_coefficients; DESeq2_infected_vs_control_diet_50; DESeq2_infected_vs_control_diet_33"
"LOC126280991",4,"all_infection_within_diet_results; all_model_coefficients; DESeq2_infected_vs_control_diet_50; DESeq2_infected_vs_control_diet_33"
"LOC126281065",4,"all_infection_within_diet_results; all_model_coefficients; DESeq2_infected_vs_control_diet_50; DESeq2_infected_vs_control_diet_83"
"LOC126281265",4,"all_model_coefficients; all_diet_pairwise_results; DESeq2_33_vs_83; DESeq2_50_vs_83"
"LOC126281298",4,"all_infection_within_diet_results; all_model_coefficients; DESeq2_infected_vs_control_diet_50; DESeq2_infected_vs_control_diet_83"
"LOC126281300",4,"all_infection_within_diet_results; all_model_coefficients; DESeq2_infected_vs_control_diet_50; DESeq2_infected_vs_control_diet_83"
"LOC126281302",4,"all_infection_within_diet_results; all_model_coefficients; DESeq2_infected_vs_control_diet_50; DESeq2_infected_vs_control_diet_83"
"LOC126281308",4,"all_infection_within_diet_results; all_model_coefficients; DESeq2_infected_vs_control_diet_50; DESeq2_infected_vs_control_diet_33"
"LOC126281310",4,"all_infection_within_diet_results; all_model_coefficients; DESeq2_infected_vs_control_diet_50; DESeq2_infected_vs_control_diet_33"
"LOC126281341",4,"all_infection_within_diet_results; all_model_coefficients; DESeq2_infected_vs_control_diet_33; interaction_coefficients"
"LOC126281351",4,"all_infection_within_diet_results; all_model_coefficients; DESeq2_infected_vs_control_diet_50; DESeq2_infected_vs_control_diet_33"
"LOC126281357",4,"all_infection_within_diet_results; all_model_coefficients; DESeq2_infected_vs_control_diet_50; DESeq2_infected_vs_control_diet_33"
"LOC126281387",4,"all_infection_within_diet_results; all_model_coefficients; DESeq2_infected_vs_control_diet_50; DESeq2_infected_vs_control_diet_33"
"LOC126281399",4,"all_infection_within_diet_results; all_model_coefficients; DESeq2_infected_vs_control_diet_50; DESeq2_infected_vs_control_diet_33"
"LOC126281404",4,"all_infection_within_diet_results; all_model_coefficients; DESeq2_infected_vs_control_diet_50; DESeq2_infected_vs_control_diet_33"
"LOC126281446",4,"all_infection_within_diet_results; all_model_coefficients; DESeq2_infected_vs_control_diet_50; DESeq2_infected_vs_control_diet_83"
"LOC126281478",4,"all_infection_within_diet_results; DESeq2_infected_vs_control_diet_50; all_diet_pairwise_results; DESeq2_33_vs_83"
"LOC126281483",4,"all_infection_within_diet_results; all_model_coefficients; DESeq2_infected_vs_control_diet_50; DESeq2_infected_vs_control_diet_33"
"LOC126281486",4,"all_infection_within_diet_results; all_model_coefficients; DESeq2_infected_vs_control_diet_50; DESeq2_infected_vs_control_diet_33"
"LOC126281508",4,"all_model_coefficients; all_diet_pairwise_results; DESeq2_33_vs_50; DESeq2_33_vs_83"
"LOC126281537",4,"all_infection_within_diet_results; all_model_coefficients; DESeq2_infected_vs_control_diet_50; DESeq2_infected_vs_control_diet_33"
"LOC126281553",4,"all_infection_within_diet_results; all_model_coefficients; DESeq2_infected_vs_control_diet_50; DESeq2_infected_vs_control_diet_33"
"LOC126281581",4,"all_infection_within_diet_results; all_model_coefficients; DESeq2_infected_vs_control_diet_50; DESeq2_infected_vs_control_diet_33"
"LOC126281598",4,"all_infection_within_diet_results; all_model_coefficients; DESeq2_infected_vs_control_diet_50; DESeq2_infected_vs_control_diet_33"
"LOC126281626",4,"all_infection_within_diet_results; all_model_coefficients; DESeq2_infected_vs_control_diet_50; DESeq2_infected_vs_control_diet_83"
"LOC126281636",4,"all_infection_within_diet_results; all_model_coefficients; DESeq2_infected_vs_control_diet_50; DESeq2_infected_vs_control_diet_33"
"LOC126281663",4,"all_infection_within_diet_results; all_model_coefficients; DESeq2_infected_vs_control_diet_50; DESeq2_infected_vs_control_diet_83"
"LOC126281690",4,"all_infection_within_diet_results; all_model_coefficients; DESeq2_infected_vs_control_diet_50; DESeq2_infected_vs_control_diet_33"
"LOC126281691",4,"all_infection_within_diet_results; all_model_coefficients; DESeq2_infected_vs_control_diet_50; DESeq2_infected_vs_control_diet_33"
"LOC126281715",4,"all_infection_within_diet_results; all_model_coefficients; DESeq2_infected_vs_control_diet_50; DESeq2_infected_vs_control_diet_33"
"LOC126281771",4,"all_infection_within_diet_results; all_model_coefficients; DESeq2_infected_vs_control_diet_50; DESeq2_infected_vs_control_diet_83"
"LOC126281818",4,"all_infection_within_diet_results; all_model_coefficients; DESeq2_infected_vs_control_diet_50; DESeq2_infected_vs_control_diet_33"
"LOC126281835",4,"all_infection_within_diet_results; all_model_coefficients; DESeq2_infected_vs_control_diet_50; DESeq2_infected_vs_control_diet_33"
"LOC126281857",4,"all_infection_within_diet_results; all_model_coefficients; DESeq2_infected_vs_control_diet_50; DESeq2_infected_vs_control_diet_33"
"LOC126281861",4,"all_infection_within_diet_results; all_model_coefficients; DESeq2_infected_vs_control_diet_50; DESeq2_infected_vs_control_diet_33"
"LOC126281878",4,"all_infection_within_diet_results; all_model_coefficients; DESeq2_infected_vs_control_diet_50; DESeq2_infected_vs_control_diet_83"
"LOC126281934",4,"all_infection_within_diet_results; all_model_coefficients; DESeq2_infected_vs_control_diet_50; DESeq2_infected_vs_control_diet_33"
"LOC126281958",4,"all_infection_within_diet_results; all_model_coefficients; DESeq2_infected_vs_control_diet_50; DESeq2_infected_vs_control_diet_33"
"LOC126281974",4,"all_infection_within_diet_results; DESeq2_infected_vs_control_diet_33; all_diet_pairwise_results; DESeq2_33_vs_50"
"LOC126282035",4,"all_infection_within_diet_results; all_model_coefficients; DESeq2_infected_vs_control_diet_50; DESeq2_infected_vs_control_diet_33"
"LOC126282043",4,"all_infection_within_diet_results; all_model_coefficients; DESeq2_infected_vs_control_diet_50; DESeq2_infected_vs_control_diet_33"
"LOC126282077",4,"all_infection_within_diet_results; all_model_coefficients; DESeq2_infected_vs_control_diet_50; DESeq2_infected_vs_control_diet_33"
"LOC126282119",4,"all_infection_within_diet_results; all_model_coefficients; DESeq2_infected_vs_control_diet_50; DESeq2_infected_vs_control_diet_83"
"LOC126282173",4,"all_infection_within_diet_results; DESeq2_infected_vs_control_diet_50; DESeq2_infected_vs_control_diet_33; DESeq2_infected_vs_control_diet_83"
"LOC126282193",4,"all_infection_within_diet_results; all_model_coefficients; DESeq2_infected_vs_control_diet_50; DESeq2_infected_vs_control_diet_33"
"LOC126282257",4,"all_infection_within_diet_results; all_model_coefficients; DESeq2_infected_vs_control_diet_50; DESeq2_infected_vs_control_diet_33"
"LOC126282335",4,"all_infection_within_diet_results; all_model_coefficients; DESeq2_infected_vs_control_diet_50; DESeq2_infected_vs_control_diet_33"
"LOC126282396",4,"all_infection_within_diet_results; all_model_coefficients; DESeq2_infected_vs_control_diet_33; DESeq2_infected_vs_control_diet_83"
"LOC126282434",4,"all_infection_within_diet_results; all_model_coefficients; DESeq2_infected_vs_control_diet_50; DESeq2_infected_vs_control_diet_33"
"LOC126282528",4,"all_infection_within_diet_results; all_model_coefficients; DESeq2_infected_vs_control_diet_50; DESeq2_infected_vs_control_diet_33"
"LOC126283957",4,"all_infection_within_diet_results; all_model_coefficients; DESeq2_infected_vs_control_diet_33; DESeq2_infected_vs_control_diet_83"
"LOC126283960",4,"all_infection_within_diet_results; all_model_coefficients; DESeq2_infected_vs_control_diet_50; DESeq2_infected_vs_control_diet_33"
"LOC126283961",4,"all_infection_within_diet_results; all_model_coefficients; DESeq2_infected_vs_control_diet_50; DESeq2_infected_vs_control_diet_33"
"LOC126283962",4,"all_infection_within_diet_results; all_model_coefficients; DESeq2_infected_vs_control_diet_50; DESeq2_infected_vs_control_diet_33"
"LOC126283978",4,"all_infection_within_diet_results; all_model_coefficients; DESeq2_infected_vs_control_diet_50; DESeq2_infected_vs_control_diet_83"
"LOC126284030",4,"all_infection_within_diet_results; all_model_coefficients; DESeq2_infected_vs_control_diet_50; DESeq2_infected_vs_control_diet_33"
"LOC126284043",4,"all_infection_within_diet_results; all_model_coefficients; DESeq2_infected_vs_control_diet_50; DESeq2_infected_vs_control_diet_33"
"LOC126284216",4,"all_infection_within_diet_results; all_model_coefficients; DESeq2_infected_vs_control_diet_50; DESeq2_infected_vs_control_diet_83"
"LOC126284222",4,"all_infection_within_diet_results; all_model_coefficients; DESeq2_infected_vs_control_diet_50; DESeq2_infected_vs_control_diet_33"
"LOC126284231",4,"all_infection_within_diet_results; all_model_coefficients; DESeq2_infected_vs_control_diet_50; DESeq2_infected_vs_control_diet_33"
"LOC126284269",4,"all_infection_within_diet_results; all_model_coefficients; DESeq2_infected_vs_control_diet_50; DESeq2_infected_vs_control_diet_33"
"LOC126284276",4,"all_infection_within_diet_results; all_model_coefficients; DESeq2_infected_vs_control_diet_50; DESeq2_infected_vs_control_diet_33"
"LOC126284296",4,"all_infection_within_diet_results; all_model_coefficients; DESeq2_infected_vs_control_diet_50; DESeq2_infected_vs_control_diet_33"
"LOC126284373",4,"all_infection_within_diet_results; all_model_coefficients; DESeq2_infected_vs_control_diet_50; DESeq2_infected_vs_control_diet_33"
"LOC126284379",4,"all_infection_within_diet_results; all_model_coefficients; DESeq2_infected_vs_control_diet_50; DESeq2_infected_vs_control_diet_83"
"LOC126284383",4,"all_infection_within_diet_results; all_model_coefficients; DESeq2_infected_vs_control_diet_50; DESeq2_infected_vs_control_diet_33"
"LOC126284394",4,"all_infection_within_diet_results; all_model_coefficients; DESeq2_infected_vs_control_diet_50; DESeq2_infected_vs_control_diet_33"
"LOC126284413",4,"all_infection_within_diet_results; all_model_coefficients; DESeq2_infected_vs_control_diet_50; DESeq2_infected_vs_control_diet_33"
"LOC126284482",4,"all_infection_within_diet_results; all_model_coefficients; DESeq2_infected_vs_control_diet_50; DESeq2_infected_vs_control_diet_83"
"LOC126284500",4,"all_infection_within_diet_results; all_model_coefficients; DESeq2_infected_vs_control_diet_50; DESeq2_infected_vs_control_diet_33"
"LOC126284502",4,"all_infection_within_diet_results; all_model_coefficients; DESeq2_infected_vs_control_diet_50; DESeq2_infected_vs_control_diet_83"
"LOC126284556",4,"all_infection_within_diet_results; all_model_coefficients; DESeq2_infected_vs_control_diet_50; DESeq2_infected_vs_control_diet_33"
"LOC126284566",4,"all_infection_within_diet_results; DESeq2_infected_vs_control_diet_33; all_diet_pairwise_results; DESeq2_33_vs_50"
"LOC126284570",4,"all_infection_within_diet_results; all_model_coefficients; DESeq2_infected_vs_control_diet_50; DESeq2_infected_vs_control_diet_83"
"LOC126284584",4,"all_infection_within_diet_results; all_model_coefficients; DESeq2_infected_vs_control_diet_50; DESeq2_infected_vs_control_diet_33"
"LOC126284624",4,"all_infection_within_diet_results; all_model_coefficients; DESeq2_infected_vs_control_diet_50; DESeq2_infected_vs_control_diet_33"
"LOC126284649",4,"all_infection_within_diet_results; all_model_coefficients; DESeq2_infected_vs_control_diet_50; DESeq2_infected_vs_control_diet_33"
"LOC126284705",4,"all_infection_within_diet_results; all_model_coefficients; DESeq2_infected_vs_control_diet_50; DESeq2_infected_vs_control_diet_33"
"LOC126284731",4,"all_infection_within_diet_results; all_model_coefficients; DESeq2_infected_vs_control_diet_50; DESeq2_infected_vs_control_diet_83"
"LOC126284742",4,"all_infection_within_diet_results; all_model_coefficients; DESeq2_infected_vs_control_diet_50; DESeq2_infected_vs_control_diet_33"
"LOC126284766",4,"all_infection_within_diet_results; all_model_coefficients; DESeq2_infected_vs_control_diet_50; DESeq2_infected_vs_control_diet_83"
"LOC126284786",4,"all_infection_within_diet_results; all_model_coefficients; DESeq2_infected_vs_control_diet_50; DESeq2_infected_vs_control_diet_33"
"LOC126284801",4,"all_infection_within_diet_results; all_model_coefficients; DESeq2_infected_vs_control_diet_50; DESeq2_infected_vs_control_diet_33"
"LOC126284858",4,"all_infection_within_diet_results; all_model_coefficients; DESeq2_infected_vs_control_diet_50; DESeq2_infected_vs_control_diet_33"
"LOC126284874",4,"all_model_coefficients; all_diet_pairwise_results; DESeq2_33_vs_50; DESeq2_33_vs_83"
"LOC126284880",4,"all_infection_within_diet_results; all_model_coefficients; DESeq2_infected_vs_control_diet_50; DESeq2_infected_vs_control_diet_33"
"LOC126284894",4,"all_model_coefficients; all_diet_pairwise_results; DESeq2_33_vs_50; DESeq2_33_vs_83"
"LOC126284898",4,"all_infection_within_diet_results; all_model_coefficients; DESeq2_infected_vs_control_diet_50; DESeq2_infected_vs_control_diet_33"
"LOC126284908",4,"all_infection_within_diet_results; all_model_coefficients; DESeq2_infected_vs_control_diet_50; DESeq2_infected_vs_control_diet_33"
"LOC126284914",4,"all_infection_within_diet_results; all_model_coefficients; DESeq2_infected_vs_control_diet_50; DESeq2_infected_vs_control_diet_33"
"LOC126284936",4,"all_infection_within_diet_results; all_model_coefficients; DESeq2_infected_vs_control_diet_50; DESeq2_infected_vs_control_diet_33"
"LOC126285150",4,"all_infection_within_diet_results; all_model_coefficients; DESeq2_infected_vs_control_diet_50; DESeq2_infected_vs_control_diet_33"
"LOC126285253",4,"all_infection_within_diet_results; DESeq2_infected_vs_control_diet_50; DESeq2_infected_vs_control_diet_33; DESeq2_infected_vs_control_diet_83"
"LOC126285310",4,"all_infection_within_diet_results; all_model_coefficients; DESeq2_infected_vs_control_diet_50; DESeq2_infected_vs_control_diet_33"
"LOC126285378",4,"all_infection_within_diet_results; all_model_coefficients; DESeq2_infected_vs_control_diet_50; DESeq2_infected_vs_control_diet_83"
"LOC126291424",4,"all_infection_within_diet_results; all_model_coefficients; DESeq2_infected_vs_control_diet_50; DESeq2_infected_vs_control_diet_33"
"LOC126291591",4,"all_infection_within_diet_results; all_model_coefficients; DESeq2_infected_vs_control_diet_50; DESeq2_infected_vs_control_diet_33"
"LOC126291606",4,"all_infection_within_diet_results; all_model_coefficients; DESeq2_infected_vs_control_diet_50; DESeq2_infected_vs_control_diet_83"
"LOC126291729",4,"all_model_coefficients; all_diet_pairwise_results; DESeq2_33_vs_50; DESeq2_33_vs_83"
"LOC126291805",4,"all_infection_within_diet_results; all_model_coefficients; DESeq2_infected_vs_control_diet_50; DESeq2_infected_vs_control_diet_33"
"LOC126291827",4,"all_infection_within_diet_results; all_model_coefficients; DESeq2_infected_vs_control_diet_50; DESeq2_infected_vs_control_diet_83"
"LOC126291884",4,"all_infection_within_diet_results; all_model_coefficients; DESeq2_infected_vs_control_diet_50; DESeq2_infected_vs_control_diet_83"
"LOC126291901",4,"all_infection_within_diet_results; all_model_coefficients; DESeq2_infected_vs_control_diet_50; DESeq2_infected_vs_control_diet_83"
"LOC126291912",4,"all_infection_within_diet_results; all_model_coefficients; DESeq2_infected_vs_control_diet_50; DESeq2_infected_vs_control_diet_33"
"LOC126291948",4,"all_infection_within_diet_results; all_model_coefficients; DESeq2_infected_vs_control_diet_50; DESeq2_infected_vs_control_diet_33"
"LOC126292020",4,"all_infection_within_diet_results; all_model_coefficients; DESeq2_infected_vs_control_diet_50; DESeq2_infected_vs_control_diet_33"
"LOC126292024",4,"all_infection_within_diet_results; all_model_coefficients; DESeq2_infected_vs_control_diet_50; DESeq2_infected_vs_control_diet_83"
"LOC126292038",4,"all_infection_within_diet_results; all_model_coefficients; DESeq2_infected_vs_control_diet_50; DESeq2_infected_vs_control_diet_83"
"LOC126292044",4,"all_infection_within_diet_results; all_model_coefficients; DESeq2_infected_vs_control_diet_50; DESeq2_infected_vs_control_diet_33"
"LOC126292163",4,"all_infection_within_diet_results; all_model_coefficients; DESeq2_infected_vs_control_diet_50; DESeq2_infected_vs_control_diet_33"
"LOC126293171",4,"all_infection_within_diet_results; all_model_coefficients; DESeq2_infected_vs_control_diet_50; DESeq2_infected_vs_control_diet_33"
"LOC126293178",4,"all_infection_within_diet_results; all_model_coefficients; DESeq2_infected_vs_control_diet_50; DESeq2_infected_vs_control_diet_33"
"LOC126293180",4,"all_infection_within_diet_results; all_model_coefficients; DESeq2_infected_vs_control_diet_50; DESeq2_infected_vs_control_diet_33"
"LOC126293211",4,"all_model_coefficients; all_diet_pairwise_results; DESeq2_33_vs_83; DESeq2_50_vs_83"
"LOC126293286",4,"all_infection_within_diet_results; all_model_coefficients; DESeq2_infected_vs_control_diet_50; DESeq2_infected_vs_control_diet_33"
"LOC126293326",4,"all_infection_within_diet_results; all_model_coefficients; DESeq2_infected_vs_control_diet_50; DESeq2_infected_vs_control_diet_83"
"LOC126293427",4,"all_infection_within_diet_results; all_model_coefficients; DESeq2_infected_vs_control_diet_50; DESeq2_infected_vs_control_diet_83"
"LOC126293483",4,"all_infection_within_diet_results; all_model_coefficients; DESeq2_infected_vs_control_diet_50; DESeq2_infected_vs_control_diet_33"
"LOC126293502",4,"all_infection_within_diet_results; all_model_coefficients; DESeq2_infected_vs_control_diet_50; DESeq2_infected_vs_control_diet_33"
"LOC126293577",4,"all_infection_within_diet_results; all_model_coefficients; DESeq2_infected_vs_control_diet_50; DESeq2_infected_vs_control_diet_33"
"LOC126293579",4,"all_infection_within_diet_results; all_model_coefficients; DESeq2_infected_vs_control_diet_50; DESeq2_infected_vs_control_diet_33"
"LOC126293679",4,"all_infection_within_diet_results; all_model_coefficients; DESeq2_infected_vs_control_diet_50; DESeq2_infected_vs_control_diet_33"
"LOC126293721",4,"all_model_coefficients; all_diet_pairwise_results; DESeq2_33_vs_83; DESeq2_50_vs_83"
"LOC126293732",4,"all_infection_within_diet_results; all_model_coefficients; DESeq2_infected_vs_control_diet_50; DESeq2_infected_vs_control_diet_33"
"LOC126294945",4,"all_infection_within_diet_results; all_model_coefficients; DESeq2_infected_vs_control_diet_50; DESeq2_infected_vs_control_diet_33"
"LOC126294948",4,"all_infection_within_diet_results; all_model_coefficients; DESeq2_infected_vs_control_diet_50; DESeq2_infected_vs_control_diet_33"
"LOC126294955",4,"all_infection_within_diet_results; all_model_coefficients; DESeq2_infected_vs_control_diet_50; DESeq2_infected_vs_control_diet_33"
"LOC126294994",4,"all_infection_within_diet_results; DESeq2_infected_vs_control_diet_33; all_diet_pairwise_results; DESeq2_33_vs_83"
"LOC126295127",4,"all_infection_within_diet_results; DESeq2_infected_vs_control_diet_83; all_diet_pairwise_results; DESeq2_50_vs_83"
"LOC126295155",4,"all_infection_within_diet_results; all_model_coefficients; DESeq2_infected_vs_control_diet_50; DESeq2_infected_vs_control_diet_83"
"LOC126295165",4,"all_model_coefficients; all_diet_pairwise_results; DESeq2_33_vs_50; DESeq2_33_vs_83"
"LOC126295285",4,"all_infection_within_diet_results; all_model_coefficients; DESeq2_infected_vs_control_diet_50; DESeq2_infected_vs_control_diet_33"
"LOC126295329",4,"all_infection_within_diet_results; all_model_coefficients; DESeq2_infected_vs_control_diet_50; DESeq2_infected_vs_control_diet_33"
"LOC126295335",4,"all_infection_within_diet_results; all_model_coefficients; DESeq2_infected_vs_control_diet_50; DESeq2_infected_vs_control_diet_83"
"LOC126295405",4,"all_model_coefficients; all_diet_pairwise_results; DESeq2_33_vs_83; DESeq2_50_vs_83"
"LOC126295407",4,"all_infection_within_diet_results; all_model_coefficients; DESeq2_infected_vs_control_diet_50; DESeq2_infected_vs_control_diet_83"
"LOC126295425",4,"all_infection_within_diet_results; all_model_coefficients; DESeq2_infected_vs_control_diet_50; DESeq2_infected_vs_control_diet_33"
"LOC126295468",4,"all_infection_within_diet_results; all_model_coefficients; DESeq2_infected_vs_control_diet_50; DESeq2_infected_vs_control_diet_33"
"LOC126295494",4,"all_infection_within_diet_results; all_model_coefficients; DESeq2_infected_vs_control_diet_50; DESeq2_infected_vs_control_diet_33"
"LOC126297379",4,"all_infection_within_diet_results; all_model_coefficients; DESeq2_infected_vs_control_diet_50; DESeq2_infected_vs_control_diet_33"
"LOC126297421",4,"all_infection_within_diet_results; all_model_coefficients; DESeq2_infected_vs_control_diet_50; DESeq2_infected_vs_control_diet_33"
"LOC126297443",4,"all_infection_within_diet_results; DESeq2_infected_vs_control_diet_33; all_diet_pairwise_results; DESeq2_33_vs_50"
"LOC126297477",4,"all_infection_within_diet_results; all_model_coefficients; DESeq2_infected_vs_control_diet_50; DESeq2_infected_vs_control_diet_33"
"LOC126297487",4,"all_infection_within_diet_results; all_model_coefficients; DESeq2_infected_vs_control_diet_50; DESeq2_infected_vs_control_diet_33"
"LOC126297581",4,"all_infection_within_diet_results; all_model_coefficients; DESeq2_infected_vs_control_diet_50; DESeq2_infected_vs_control_diet_33"
"LOC126297695",4,"all_infection_within_diet_results; all_model_coefficients; DESeq2_infected_vs_control_diet_50; DESeq2_infected_vs_control_diet_83"
"LOC126297748",4,"all_infection_within_diet_results; all_model_coefficients; DESeq2_infected_vs_control_diet_50; DESeq2_infected_vs_control_diet_33"
"LOC126297824",4,"all_model_coefficients; all_diet_pairwise_results; DESeq2_33_vs_50; DESeq2_33_vs_83"
"LOC126297976",4,"all_infection_within_diet_results; all_model_coefficients; DESeq2_infected_vs_control_diet_50; DESeq2_infected_vs_control_diet_33"
"LOC126298069",4,"all_infection_within_diet_results; all_model_coefficients; DESeq2_infected_vs_control_diet_50; DESeq2_infected_vs_control_diet_83"
"LOC126298220",4,"all_infection_within_diet_results; DESeq2_infected_vs_control_diet_50; all_diet_pairwise_results; DESeq2_33_vs_50"
"LOC126298232",4,"all_infection_within_diet_results; all_model_coefficients; DESeq2_infected_vs_control_diet_50; DESeq2_infected_vs_control_diet_33"
"LOC126298275",4,"all_infection_within_diet_results; all_model_coefficients; DESeq2_infected_vs_control_diet_50; DESeq2_infected_vs_control_diet_33"
"LOC126298286",4,"all_infection_within_diet_results; all_model_coefficients; DESeq2_infected_vs_control_diet_50; DESeq2_infected_vs_control_diet_83"
"LOC126298299",4,"all_infection_within_diet_results; all_model_coefficients; DESeq2_infected_vs_control_diet_50; DESeq2_infected_vs_control_diet_33"
"LOC126298455",4,"all_infection_within_diet_results; all_model_coefficients; DESeq2_infected_vs_control_diet_50; DESeq2_infected_vs_control_diet_33"
"LOC126298556",4,"all_infection_within_diet_results; all_model_coefficients; DESeq2_infected_vs_control_diet_50; DESeq2_infected_vs_control_diet_33"
"LOC126298578",4,"all_infection_within_diet_results; all_model_coefficients; DESeq2_infected_vs_control_diet_50; DESeq2_infected_vs_control_diet_33"
"LOC126298596",4,"all_infection_within_diet_results; all_model_coefficients; DESeq2_infected_vs_control_diet_50; DESeq2_infected_vs_control_diet_33"
"LOC126298648",4,"all_infection_within_diet_results; all_model_coefficients; DESeq2_infected_vs_control_diet_50; DESeq2_infected_vs_control_diet_33"
"LOC126298679",4,"all_infection_within_diet_results; all_model_coefficients; DESeq2_infected_vs_control_diet_50; DESeq2_infected_vs_control_diet_83"
"LOC126298731",4,"all_infection_within_diet_results; all_model_coefficients; DESeq2_infected_vs_control_diet_50; DESeq2_infected_vs_control_diet_33"
"LOC126298770",4,"all_infection_within_diet_results; all_model_coefficients; DESeq2_infected_vs_control_diet_50; DESeq2_infected_vs_control_diet_83"
"LOC126298852",4,"all_infection_within_diet_results; all_model_coefficients; DESeq2_infected_vs_control_diet_50; DESeq2_infected_vs_control_diet_33"
"LOC126299004",4,"all_infection_within_diet_results; all_model_coefficients; DESeq2_infected_vs_control_diet_50; DESeq2_infected_vs_control_diet_33"
"LOC126299030",4,"all_infection_within_diet_results; all_model_coefficients; DESeq2_infected_vs_control_diet_50; DESeq2_infected_vs_control_diet_83"
"LOC126299062",4,"all_infection_within_diet_results; all_model_coefficients; DESeq2_infected_vs_control_diet_50; DESeq2_infected_vs_control_diet_83"
"LOC126299069",4,"all_model_coefficients; all_diet_pairwise_results; DESeq2_33_vs_83; DESeq2_50_vs_83"
"LOC126299078",4,"all_infection_within_diet_results; all_model_coefficients; DESeq2_infected_vs_control_diet_50; DESeq2_infected_vs_control_diet_33"
"LOC126299116",4,"all_infection_within_diet_results; all_model_coefficients; DESeq2_infected_vs_control_diet_50; DESeq2_infected_vs_control_diet_33"
"LOC126299150",4,"all_infection_within_diet_results; all_model_coefficients; DESeq2_infected_vs_control_diet_50; DESeq2_infected_vs_control_diet_33"
"LOC126299180",4,"all_infection_within_diet_results; DESeq2_infected_vs_control_diet_33; all_diet_pairwise_results; DESeq2_33_vs_50"
"LOC126299204",4,"all_model_coefficients; all_diet_pairwise_results; DESeq2_33_vs_50; interaction_coefficients"
"LOC126299228",4,"all_infection_within_diet_results; all_model_coefficients; DESeq2_infected_vs_control_diet_50; DESeq2_infected_vs_control_diet_33"
"LOC126299251",4,"all_infection_within_diet_results; DESeq2_infected_vs_control_diet_83; all_diet_pairwise_results; DESeq2_33_vs_50"
"LOC126299256",4,"all_infection_within_diet_results; all_model_coefficients; DESeq2_infected_vs_control_diet_50; DESeq2_infected_vs_control_diet_83"
"LOC126299278",4,"all_infection_within_diet_results; DESeq2_infected_vs_control_diet_33; all_diet_pairwise_results; DESeq2_33_vs_50"
"LOC126299360",4,"all_infection_within_diet_results; all_model_coefficients; DESeq2_infected_vs_control_diet_50; DESeq2_infected_vs_control_diet_33"
"LOC126299444",4,"all_infection_within_diet_results; all_model_coefficients; DESeq2_infected_vs_control_diet_50; DESeq2_infected_vs_control_diet_33"
"LOC126299506",4,"all_infection_within_diet_results; all_model_coefficients; DESeq2_infected_vs_control_diet_50; DESeq2_infected_vs_control_diet_33"
"LOC126301321",4,"all_infection_within_diet_results; DESeq2_infected_vs_control_diet_33; all_diet_pairwise_results; DESeq2_33_vs_83"
"LOC126301643",4,"all_infection_within_diet_results; all_model_coefficients; DESeq2_infected_vs_control_diet_50; DESeq2_infected_vs_control_diet_83"
"LOC126304978",4,"all_infection_within_diet_results; all_model_coefficients; DESeq2_infected_vs_control_diet_33; interaction_coefficients"
"LOC126305097",4,"all_infection_within_diet_results; all_model_coefficients; DESeq2_infected_vs_control_diet_50; DESeq2_infected_vs_control_diet_83"
"LOC126305481",4,"all_infection_within_diet_results; all_model_coefficients; DESeq2_infected_vs_control_diet_50; DESeq2_infected_vs_control_diet_83"
"LOC126305900",4,"all_infection_within_diet_results; all_model_coefficients; DESeq2_infected_vs_control_diet_50; DESeq2_infected_vs_control_diet_33"
"LOC126306122",4,"all_infection_within_diet_results; all_model_coefficients; DESeq2_infected_vs_control_diet_50; DESeq2_infected_vs_control_diet_33"
"LOC126306420",4,"all_infection_within_diet_results; all_model_coefficients; DESeq2_infected_vs_control_diet_50; DESeq2_infected_vs_control_diet_83"
"LOC126306493",4,"all_infection_within_diet_results; all_model_coefficients; DESeq2_infected_vs_control_diet_50; DESeq2_infected_vs_control_diet_33"
"LOC126315292",4,"all_infection_within_diet_results; all_model_coefficients; DESeq2_infected_vs_control_diet_33; interaction_coefficients"
"LOC126316751",4,"all_infection_within_diet_results; all_model_coefficients; DESeq2_infected_vs_control_diet_33; interaction_coefficients"
"LOC126316912",4,"all_infection_within_diet_results; all_model_coefficients; DESeq2_infected_vs_control_diet_33; interaction_coefficients"
"LOC126317118",4,"all_infection_within_diet_results; all_model_coefficients; DESeq2_infected_vs_control_diet_33; interaction_coefficients"
"LOC126319968",4,"all_infection_within_diet_results; all_model_coefficients; DESeq2_infected_vs_control_diet_33; interaction_coefficients"
"LOC126320492",4,"all_infection_within_diet_results; all_model_coefficients; DESeq2_infected_vs_control_diet_50; DESeq2_infected_vs_control_diet_33"
"LOC126320956",4,"all_infection_within_diet_results; all_model_coefficients; DESeq2_infected_vs_control_diet_50; DESeq2_infected_vs_control_diet_33"
"LOC126321085",4,"all_infection_within_diet_results; all_model_coefficients; DESeq2_infected_vs_control_diet_50; DESeq2_infected_vs_control_diet_33"
"LOC126322562",4,"all_infection_within_diet_results; all_model_coefficients; DESeq2_infected_vs_control_diet_33; interaction_coefficients"
"LOC126322604",4,"all_infection_within_diet_results; all_model_coefficients; DESeq2_infected_vs_control_diet_33; interaction_coefficients"
"LOC126322901",4,"all_infection_within_diet_results; all_model_coefficients; DESeq2_infected_vs_control_diet_50; DESeq2_infected_vs_control_diet_33"
"LOC126322933",4,"all_infection_within_diet_results; DESeq2_infected_vs_control_diet_33; all_diet_pairwise_results; DESeq2_33_vs_50"
"LOC126323780",4,"all_infection_within_diet_results; all_model_coefficients; DESeq2_infected_vs_control_diet_50; DESeq2_infected_vs_control_diet_33"
"LOC126323894",4,"all_infection_within_diet_results; all_model_coefficients; DESeq2_infected_vs_control_diet_33; interaction_coefficients"
"LOC126324336",4,"all_infection_within_diet_results; all_model_coefficients; DESeq2_infected_vs_control_diet_50; DESeq2_infected_vs_control_diet_33"
"LOC126324495",4,"all_infection_within_diet_results; all_model_coefficients; DESeq2_infected_vs_control_diet_50; DESeq2_infected_vs_control_diet_33"
"LOC126324937",4,"all_infection_within_diet_results; all_model_coefficients; DESeq2_infected_vs_control_diet_50; DESeq2_infected_vs_control_diet_33"
"LOC126326240",4,"all_infection_within_diet_results; all_model_coefficients; DESeq2_infected_vs_control_diet_50; DESeq2_infected_vs_control_diet_33"
"LOC126327557",4,"all_infection_within_diet_results; all_model_coefficients; DESeq2_infected_vs_control_diet_50; DESeq2_infected_vs_control_diet_83"
"LOC126327822",4,"all_infection_within_diet_results; all_model_coefficients; DESeq2_infected_vs_control_diet_50; DESeq2_infected_vs_control_diet_83"
"LOC126328249",4,"all_infection_within_diet_results; all_model_coefficients; DESeq2_infected_vs_control_diet_50; DESeq2_infected_vs_control_diet_83"
"LOC126328393",4,"all_infection_within_diet_results; all_model_coefficients; DESeq2_infected_vs_control_diet_33; DESeq2_infected_vs_control_diet_83"
"LOC126330497",4,"all_infection_within_diet_results; all_model_coefficients; DESeq2_infected_vs_control_diet_50; DESeq2_infected_vs_control_diet_33"
"LOC126330722",4,"all_infection_within_diet_results; all_model_coefficients; DESeq2_infected_vs_control_diet_50; interaction_coefficients"
"LOC126331066",4,"all_infection_within_diet_results; all_model_coefficients; DESeq2_infected_vs_control_diet_50; DESeq2_infected_vs_control_diet_33"
"LOC126331082",4,"all_infection_within_diet_results; all_model_coefficients; DESeq2_infected_vs_control_diet_50; DESeq2_infected_vs_control_diet_83"
"LOC126331791",4,"all_infection_within_diet_results; all_model_coefficients; DESeq2_infected_vs_control_diet_50; DESeq2_infected_vs_control_diet_33"
"LOC126332062",4,"all_infection_within_diet_results; all_model_coefficients; DESeq2_infected_vs_control_diet_33; DESeq2_infected_vs_control_diet_83"
"LOC126332162",4,"all_infection_within_diet_results; all_model_coefficients; DESeq2_infected_vs_control_diet_50; DESeq2_infected_vs_control_diet_33"
"LOC126332220",4,"all_infection_within_diet_results; all_model_coefficients; DESeq2_infected_vs_control_diet_50; DESeq2_infected_vs_control_diet_33"
"LOC126332740",4,"all_infection_within_diet_results; all_model_coefficients; DESeq2_infected_vs_control_diet_50; DESeq2_infected_vs_control_diet_33"
"LOC126332793",4,"all_infection_within_diet_results; all_model_coefficients; DESeq2_infected_vs_control_diet_50; DESeq2_infected_vs_control_diet_83"
"LOC126333297",4,"all_infection_within_diet_results; all_model_coefficients; DESeq2_infected_vs_control_diet_50; DESeq2_infected_vs_control_diet_33"
"LOC126334513",4,"all_infection_within_diet_results; all_model_coefficients; DESeq2_infected_vs_control_diet_50; DESeq2_infected_vs_control_diet_33"
"LOC126334542",4,"all_infection_within_diet_results; all_model_coefficients; DESeq2_infected_vs_control_diet_50; DESeq2_infected_vs_control_diet_33"
"LOC126334564",4,"all_infection_within_diet_results; all_model_coefficients; DESeq2_infected_vs_control_diet_50; DESeq2_infected_vs_control_diet_33"
"LOC126334598",4,"all_infection_within_diet_results; DESeq2_infected_vs_control_diet_33; all_diet_pairwise_results; DESeq2_33_vs_50"
"LOC126334694",4,"all_infection_within_diet_results; all_model_coefficients; DESeq2_infected_vs_control_diet_50; DESeq2_infected_vs_control_diet_33"
"LOC126334708",4,"all_infection_within_diet_results; all_model_coefficients; DESeq2_infected_vs_control_diet_50; interaction_coefficients"
"LOC126334711",4,"all_model_coefficients; all_diet_pairwise_results; DESeq2_33_vs_50; interaction_coefficients"
"LOC126334736",4,"all_infection_within_diet_results; all_model_coefficients; DESeq2_infected_vs_control_diet_50; DESeq2_infected_vs_control_diet_33"
"LOC126334751",4,"all_infection_within_diet_results; all_model_coefficients; DESeq2_infected_vs_control_diet_50; DESeq2_infected_vs_control_diet_83"
"LOC126334753",4,"all_infection_within_diet_results; all_model_coefficients; DESeq2_infected_vs_control_diet_50; DESeq2_infected_vs_control_diet_33"
"LOC126334768",4,"all_infection_within_diet_results; all_model_coefficients; DESeq2_infected_vs_control_diet_50; DESeq2_infected_vs_control_diet_33"
"LOC126334907",4,"all_infection_within_diet_results; all_model_coefficients; DESeq2_infected_vs_control_diet_50; DESeq2_infected_vs_control_diet_33"
"LOC126334910",4,"all_model_coefficients; all_diet_pairwise_results; DESeq2_33_vs_83; DESeq2_50_vs_83"
"LOC126334946",4,"all_infection_within_diet_results; all_model_coefficients; DESeq2_infected_vs_control_diet_50; DESeq2_infected_vs_control_diet_83"
"LOC126334991",4,"all_infection_within_diet_results; all_model_coefficients; DESeq2_infected_vs_control_diet_50; DESeq2_infected_vs_control_diet_33"
"LOC126334999",4,"all_infection_within_diet_results; all_model_coefficients; DESeq2_infected_vs_control_diet_50; DESeq2_infected_vs_control_diet_33"
"LOC126335010",4,"all_model_coefficients; all_diet_pairwise_results; DESeq2_33_vs_50; DESeq2_50_vs_83"
"LOC126335013",4,"all_infection_within_diet_results; all_model_coefficients; DESeq2_infected_vs_control_diet_50; DESeq2_infected_vs_control_diet_33"
"LOC126335021",4,"all_infection_within_diet_results; all_model_coefficients; DESeq2_infected_vs_control_diet_50; DESeq2_infected_vs_control_diet_33"
"LOC126335041",4,"all_infection_within_diet_results; all_model_coefficients; DESeq2_infected_vs_control_diet_50; interaction_coefficients"
"LOC126335044",4,"all_infection_within_diet_results; DESeq2_infected_vs_control_diet_83; all_diet_pairwise_results; DESeq2_33_vs_83"
"LOC126335068",4,"all_infection_within_diet_results; all_model_coefficients; DESeq2_infected_vs_control_diet_50; DESeq2_infected_vs_control_diet_83"
"LOC126335126",4,"all_infection_within_diet_results; all_model_coefficients; DESeq2_infected_vs_control_diet_50; DESeq2_infected_vs_control_diet_83"
"LOC126335154",4,"all_infection_within_diet_results; all_model_coefficients; DESeq2_infected_vs_control_diet_50; DESeq2_infected_vs_control_diet_83"
"LOC126335155",4,"all_infection_within_diet_results; all_model_coefficients; DESeq2_infected_vs_control_diet_33; interaction_coefficients"
"LOC126335241",4,"all_infection_within_diet_results; all_model_coefficients; DESeq2_infected_vs_control_diet_50; DESeq2_infected_vs_control_diet_33"
"LOC126335259",4,"all_infection_within_diet_results; all_model_coefficients; DESeq2_infected_vs_control_diet_50; DESeq2_infected_vs_control_diet_33"
"LOC126335321",4,"all_infection_within_diet_results; all_model_coefficients; DESeq2_infected_vs_control_diet_50; DESeq2_infected_vs_control_diet_33"
"LOC126335345",4,"all_infection_within_diet_results; all_model_coefficients; DESeq2_infected_vs_control_diet_50; DESeq2_infected_vs_control_diet_33"
"LOC126335346",4,"all_infection_within_diet_results; all_model_coefficients; DESeq2_infected_vs_control_diet_50; DESeq2_infected_vs_control_diet_83"
"LOC126335354",4,"all_infection_within_diet_results; all_model_coefficients; DESeq2_infected_vs_control_diet_50; DESeq2_infected_vs_control_diet_33"
"LOC126335359",4,"all_infection_within_diet_results; all_model_coefficients; DESeq2_infected_vs_control_diet_50; DESeq2_infected_vs_control_diet_33"
"LOC126335431",4,"all_infection_within_diet_results; DESeq2_infected_vs_control_diet_33; all_diet_pairwise_results; DESeq2_50_vs_83"
"LOC126335446",4,"all_infection_within_diet_results; all_model_coefficients; DESeq2_infected_vs_control_diet_50; DESeq2_infected_vs_control_diet_83"
"LOC126335453",4,"all_infection_within_diet_results; all_model_coefficients; DESeq2_infected_vs_control_diet_50; DESeq2_infected_vs_control_diet_33"
"LOC126335467",4,"all_infection_within_diet_results; all_model_coefficients; DESeq2_infected_vs_control_diet_50; DESeq2_infected_vs_control_diet_33"
"LOC126335468",4,"all_infection_within_diet_results; all_model_coefficients; DESeq2_infected_vs_control_diet_50; DESeq2_infected_vs_control_diet_33"
"LOC126335470",4,"all_infection_within_diet_results; all_model_coefficients; DESeq2_infected_vs_control_diet_50; DESeq2_infected_vs_control_diet_33"
"LOC126335481",4,"all_infection_within_diet_results; all_model_coefficients; DESeq2_infected_vs_control_diet_50; DESeq2_infected_vs_control_diet_33"
"LOC126335517",4,"all_infection_within_diet_results; all_model_coefficients; DESeq2_infected_vs_control_diet_50; DESeq2_infected_vs_control_diet_33"
"LOC126335543",4,"all_infection_within_diet_results; all_model_coefficients; DESeq2_infected_vs_control_diet_50; DESeq2_infected_vs_control_diet_33"
"LOC126335566",4,"all_infection_within_diet_results; all_model_coefficients; DESeq2_infected_vs_control_diet_50; DESeq2_infected_vs_control_diet_83"
"LOC126335709",4,"all_infection_within_diet_results; all_model_coefficients; DESeq2_infected_vs_control_diet_50; DESeq2_infected_vs_control_diet_33"
"LOC126335724",4,"all_infection_within_diet_results; all_model_coefficients; DESeq2_infected_vs_control_diet_50; DESeq2_infected_vs_control_diet_83"
"LOC126335786",4,"all_infection_within_diet_results; DESeq2_infected_vs_control_diet_33; all_diet_pairwise_results; DESeq2_33_vs_83"
"LOC126335827",4,"all_infection_within_diet_results; all_model_coefficients; DESeq2_infected_vs_control_diet_50; DESeq2_infected_vs_control_diet_33"
"LOC126335975",4,"all_infection_within_diet_results; all_model_coefficients; DESeq2_infected_vs_control_diet_50; DESeq2_infected_vs_control_diet_33"
"LOC126336000",4,"all_infection_within_diet_results; all_model_coefficients; DESeq2_infected_vs_control_diet_50; DESeq2_infected_vs_control_diet_33"
"LOC126336076",4,"all_infection_within_diet_results; all_model_coefficients; DESeq2_infected_vs_control_diet_50; DESeq2_infected_vs_control_diet_83"
"LOC126336209",4,"all_infection_within_diet_results; all_model_coefficients; DESeq2_infected_vs_control_diet_50; DESeq2_infected_vs_control_diet_33"
"LOC126336212",4,"all_infection_within_diet_results; all_model_coefficients; DESeq2_infected_vs_control_diet_50; DESeq2_infected_vs_control_diet_83"
"LOC126336230",4,"all_infection_within_diet_results; all_model_coefficients; DESeq2_infected_vs_control_diet_50; DESeq2_infected_vs_control_diet_33"
"LOC126336244",4,"all_infection_within_diet_results; all_model_coefficients; DESeq2_infected_vs_control_diet_50; DESeq2_infected_vs_control_diet_83"
"LOC126336337",4,"all_infection_within_diet_results; all_model_coefficients; DESeq2_infected_vs_control_diet_50; DESeq2_infected_vs_control_diet_83"
"LOC126336345",4,"all_infection_within_diet_results; all_model_coefficients; DESeq2_infected_vs_control_diet_50; DESeq2_infected_vs_control_diet_33"
"LOC126336365",4,"all_infection_within_diet_results; all_model_coefficients; DESeq2_infected_vs_control_diet_50; DESeq2_infected_vs_control_diet_33"
"LOC126336415",4,"all_infection_within_diet_results; all_model_coefficients; DESeq2_infected_vs_control_diet_50; DESeq2_infected_vs_control_diet_83"
"LOC126336437",4,"all_infection_within_diet_results; all_model_coefficients; DESeq2_infected_vs_control_diet_50; DESeq2_infected_vs_control_diet_33"
"LOC126336473",4,"all_infection_within_diet_results; all_model_coefficients; DESeq2_infected_vs_control_diet_50; DESeq2_infected_vs_control_diet_33"
"LOC126336484",4,"all_infection_within_diet_results; all_model_coefficients; DESeq2_infected_vs_control_diet_33; DESeq2_infected_vs_control_diet_83"
"LOC126336529",4,"all_infection_within_diet_results; all_model_coefficients; DESeq2_infected_vs_control_diet_50; DESeq2_infected_vs_control_diet_33"
"LOC126336531",4,"all_infection_within_diet_results; DESeq2_infected_vs_control_diet_33; all_diet_pairwise_results; DESeq2_33_vs_83"
"LOC126336539",4,"all_infection_within_diet_results; all_model_coefficients; DESeq2_infected_vs_control_diet_50; DESeq2_infected_vs_control_diet_33"
"LOC126336543",4,"all_infection_within_diet_results; all_model_coefficients; DESeq2_infected_vs_control_diet_50; DESeq2_infected_vs_control_diet_33"
"LOC126336546",4,"all_infection_within_diet_results; all_model_coefficients; DESeq2_infected_vs_control_diet_50; DESeq2_infected_vs_control_diet_33"
"LOC126336549",4,"all_infection_within_diet_results; all_model_coefficients; DESeq2_infected_vs_control_diet_50; DESeq2_infected_vs_control_diet_33"
"LOC126336590",4,"all_infection_within_diet_results; DESeq2_infected_vs_control_diet_33; all_diet_pairwise_results; DESeq2_33_vs_50"
"LOC126336625",4,"all_infection_within_diet_results; all_model_coefficients; DESeq2_infected_vs_control_diet_50; DESeq2_infected_vs_control_diet_33"
"LOC126336636",4,"all_infection_within_diet_results; all_model_coefficients; DESeq2_infected_vs_control_diet_50; DESeq2_infected_vs_control_diet_83"
"LOC126336638",4,"all_infection_within_diet_results; all_model_coefficients; DESeq2_infected_vs_control_diet_50; DESeq2_infected_vs_control_diet_83"
"LOC126336645",4,"all_infection_within_diet_results; all_model_coefficients; DESeq2_infected_vs_control_diet_50; DESeq2_infected_vs_control_diet_83"
"LOC126336682",4,"all_infection_within_diet_results; all_model_coefficients; DESeq2_infected_vs_control_diet_50; DESeq2_infected_vs_control_diet_83"
"LOC126336692",4,"all_infection_within_diet_results; all_model_coefficients; DESeq2_infected_vs_control_diet_50; DESeq2_infected_vs_control_diet_33"
"LOC126336730",4,"all_infection_within_diet_results; all_model_coefficients; DESeq2_infected_vs_control_diet_50; DESeq2_infected_vs_control_diet_33"
"LOC126336735",4,"all_infection_within_diet_results; all_model_coefficients; DESeq2_infected_vs_control_diet_50; DESeq2_infected_vs_control_diet_33"
"LOC126336750",4,"all_infection_within_diet_results; all_model_coefficients; DESeq2_infected_vs_control_diet_50; DESeq2_infected_vs_control_diet_33"
"LOC126336858",4,"all_infection_within_diet_results; all_model_coefficients; DESeq2_infected_vs_control_diet_50; DESeq2_infected_vs_control_diet_83"
"LOC126336866",4,"all_infection_within_diet_results; all_model_coefficients; DESeq2_infected_vs_control_diet_50; DESeq2_infected_vs_control_diet_33"
"LOC126336874",4,"all_infection_within_diet_results; all_model_coefficients; DESeq2_infected_vs_control_diet_50; DESeq2_infected_vs_control_diet_33"
"LOC126336875",4,"all_infection_within_diet_results; all_model_coefficients; DESeq2_infected_vs_control_diet_50; DESeq2_infected_vs_control_diet_33"
"LOC126336910",4,"all_infection_within_diet_results; all_model_coefficients; DESeq2_infected_vs_control_diet_50; DESeq2_infected_vs_control_diet_83"
"LOC126336939",4,"all_infection_within_diet_results; all_model_coefficients; DESeq2_infected_vs_control_diet_50; DESeq2_infected_vs_control_diet_33"
"LOC126336962",4,"all_infection_within_diet_results; all_model_coefficients; DESeq2_infected_vs_control_diet_50; DESeq2_infected_vs_control_diet_33"
"LOC126337018",4,"all_infection_within_diet_results; all_model_coefficients; DESeq2_infected_vs_control_diet_50; DESeq2_infected_vs_control_diet_33"
"LOC126339265",4,"all_infection_within_diet_results; all_model_coefficients; DESeq2_infected_vs_control_diet_50; DESeq2_infected_vs_control_diet_33"
"LOC126340122",4,"all_infection_within_diet_results; all_model_coefficients; DESeq2_infected_vs_control_diet_50; DESeq2_infected_vs_control_diet_33"
"LOC126340284",4,"all_infection_within_diet_results; all_model_coefficients; DESeq2_infected_vs_control_diet_50; DESeq2_infected_vs_control_diet_33"
"LOC126341237",4,"all_infection_within_diet_results; all_model_coefficients; DESeq2_infected_vs_control_diet_50; DESeq2_infected_vs_control_diet_33"
"LOC126341744",4,"all_infection_within_diet_results; all_model_coefficients; DESeq2_infected_vs_control_diet_50; DESeq2_infected_vs_control_diet_33"
"LOC126341869",4,"all_infection_within_diet_results; all_model_coefficients; DESeq2_infected_vs_control_diet_50; DESeq2_infected_vs_control_diet_33"
"LOC126343256",4,"all_infection_within_diet_results; all_model_coefficients; DESeq2_infected_vs_control_diet_50; DESeq2_infected_vs_control_diet_33"
"LOC126343303",4,"all_infection_within_diet_results; all_model_coefficients; DESeq2_infected_vs_control_diet_50; DESeq2_infected_vs_control_diet_33"
"LOC126346021",4,"all_infection_within_diet_results; all_model_coefficients; DESeq2_infected_vs_control_diet_50; DESeq2_infected_vs_control_diet_33"
"LOC126346362",4,"all_infection_within_diet_results; all_model_coefficients; DESeq2_infected_vs_control_diet_50; DESeq2_infected_vs_control_diet_33"
"LOC126346580",4,"all_infection_within_diet_results; all_model_coefficients; DESeq2_infected_vs_control_diet_50; DESeq2_infected_vs_control_diet_33"
"LOC126349273",4,"all_infection_within_diet_results; all_model_coefficients; DESeq2_infected_vs_control_diet_50; DESeq2_infected_vs_control_diet_83"
"LOC126349289",4,"all_infection_within_diet_results; all_model_coefficients; DESeq2_infected_vs_control_diet_50; DESeq2_infected_vs_control_diet_83"
"LOC126349792",4,"all_infection_within_diet_results; all_model_coefficients; DESeq2_infected_vs_control_diet_50; DESeq2_infected_vs_control_diet_83"
"LOC126351810",4,"all_infection_within_diet_results; all_model_coefficients; DESeq2_infected_vs_control_diet_50; DESeq2_infected_vs_control_diet_83"
"LOC126351946",4,"all_infection_within_diet_results; all_model_coefficients; DESeq2_infected_vs_control_diet_50; DESeq2_infected_vs_control_diet_33"
"LOC126352026",4,"all_infection_within_diet_results; all_model_coefficients; DESeq2_infected_vs_control_diet_50; DESeq2_infected_vs_control_diet_83"
"LOC126353355",4,"all_infection_within_diet_results; all_model_coefficients; DESeq2_infected_vs_control_diet_50; DESeq2_infected_vs_control_diet_33"
"LOC126353793",4,"all_infection_within_diet_results; all_model_coefficients; DESeq2_infected_vs_control_diet_50; DESeq2_infected_vs_control_diet_33"
"LOC126353822",4,"all_infection_within_diet_results; all_model_coefficients; DESeq2_infected_vs_control_diet_50; DESeq2_infected_vs_control_diet_33"
"LOC126353879",4,"all_infection_within_diet_results; all_model_coefficients; DESeq2_infected_vs_control_diet_50; DESeq2_infected_vs_control_diet_33"
"LOC126353910",4,"all_infection_within_diet_results; all_model_coefficients; DESeq2_infected_vs_control_diet_50; DESeq2_infected_vs_control_diet_33"
"LOC126353952",4,"all_infection_within_diet_results; all_model_coefficients; DESeq2_infected_vs_control_diet_50; DESeq2_infected_vs_control_diet_33"
"LOC126353965",4,"all_infection_within_diet_results; all_model_coefficients; DESeq2_infected_vs_control_diet_50; DESeq2_infected_vs_control_diet_83"
"LOC126354068",4,"all_infection_within_diet_results; all_model_coefficients; DESeq2_infected_vs_control_diet_50; DESeq2_infected_vs_control_diet_83"
"LOC126354254",4,"all_infection_within_diet_results; all_model_coefficients; DESeq2_infected_vs_control_diet_50; DESeq2_infected_vs_control_diet_33"
"LOC126354299",4,"all_infection_within_diet_results; all_model_coefficients; DESeq2_infected_vs_control_diet_50; DESeq2_infected_vs_control_diet_33"
"LOC126354358",4,"all_infection_within_diet_results; all_model_coefficients; DESeq2_infected_vs_control_diet_50; DESeq2_infected_vs_control_diet_83"
"LOC126354365",4,"all_infection_within_diet_results; DESeq2_infected_vs_control_diet_83; all_diet_pairwise_results; DESeq2_33_vs_83"
"LOC126354368",4,"all_infection_within_diet_results; all_model_coefficients; DESeq2_infected_vs_control_diet_50; DESeq2_infected_vs_control_diet_33"
"LOC126354407",4,"all_infection_within_diet_results; all_model_coefficients; DESeq2_infected_vs_control_diet_50; DESeq2_infected_vs_control_diet_33"
"LOC126354418",4,"all_infection_within_diet_results; all_model_coefficients; DESeq2_infected_vs_control_diet_50; DESeq2_infected_vs_control_diet_33"
"LOC126354460",4,"all_infection_within_diet_results; all_model_coefficients; DESeq2_infected_vs_control_diet_50; DESeq2_infected_vs_control_diet_33"
"LOC126354477",4,"all_infection_within_diet_results; all_model_coefficients; DESeq2_infected_vs_control_diet_50; DESeq2_infected_vs_control_diet_83"
"LOC126354478",4,"all_infection_within_diet_results; all_model_coefficients; DESeq2_infected_vs_control_diet_50; DESeq2_infected_vs_control_diet_33"
"LOC126354485",4,"all_infection_within_diet_results; all_model_coefficients; DESeq2_infected_vs_control_diet_50; DESeq2_infected_vs_control_diet_33"
"LOC126354501",4,"all_infection_within_diet_results; all_model_coefficients; DESeq2_infected_vs_control_diet_50; DESeq2_infected_vs_control_diet_33"
"LOC126354550",4,"all_infection_within_diet_results; all_model_coefficients; DESeq2_infected_vs_control_diet_50; DESeq2_infected_vs_control_diet_33"
"LOC126354567",4,"all_infection_within_diet_results; all_model_coefficients; DESeq2_infected_vs_control_diet_50; DESeq2_infected_vs_control_diet_33"
"LOC126354582",4,"all_infection_within_diet_results; all_model_coefficients; DESeq2_infected_vs_control_diet_50; interaction_coefficients"
"LOC126354594",4,"all_infection_within_diet_results; all_model_coefficients; DESeq2_infected_vs_control_diet_50; DESeq2_infected_vs_control_diet_33"
"LOC126354626",4,"all_infection_within_diet_results; all_model_coefficients; DESeq2_infected_vs_control_diet_50; DESeq2_infected_vs_control_diet_83"
"LOC126354649",4,"all_infection_within_diet_results; all_model_coefficients; DESeq2_infected_vs_control_diet_50; DESeq2_infected_vs_control_diet_33"
"LOC126354703",4,"all_infection_within_diet_results; all_model_coefficients; DESeq2_infected_vs_control_diet_50; DESeq2_infected_vs_control_diet_33"
"LOC126354751",4,"all_model_coefficients; all_diet_pairwise_results; DESeq2_33_vs_50; DESeq2_50_vs_83"
"LOC126354788",4,"all_infection_within_diet_results; all_model_coefficients; DESeq2_infected_vs_control_diet_50; DESeq2_infected_vs_control_diet_33"
"LOC126354795",4,"all_model_coefficients; all_diet_pairwise_results; DESeq2_33_vs_50; interaction_coefficients"
"LOC126354813",4,"all_infection_within_diet_results; DESeq2_infected_vs_control_diet_50; all_diet_pairwise_results; DESeq2_33_vs_83"
"LOC126354828",4,"all_infection_within_diet_results; DESeq2_infected_vs_control_diet_33; all_diet_pairwise_results; DESeq2_33_vs_50"
"LOC126354870",4,"all_infection_within_diet_results; all_model_coefficients; DESeq2_infected_vs_control_diet_50; DESeq2_infected_vs_control_diet_33"
"LOC126354913",4,"all_infection_within_diet_results; all_model_coefficients; DESeq2_infected_vs_control_diet_50; DESeq2_infected_vs_control_diet_83"
"LOC126354919",4,"all_infection_within_diet_results; all_model_coefficients; DESeq2_infected_vs_control_diet_50; DESeq2_infected_vs_control_diet_33"
"LOC126354926",4,"all_infection_within_diet_results; all_model_coefficients; DESeq2_infected_vs_control_diet_50; DESeq2_infected_vs_control_diet_33"
"LOC126354946",4,"all_infection_within_diet_results; all_model_coefficients; DESeq2_infected_vs_control_diet_50; DESeq2_infected_vs_control_diet_33"
"LOC126354959",4,"all_infection_within_diet_results; all_model_coefficients; DESeq2_infected_vs_control_diet_50; DESeq2_infected_vs_control_diet_33"
"LOC126355038",4,"all_infection_within_diet_results; all_model_coefficients; DESeq2_infected_vs_control_diet_50; DESeq2_infected_vs_control_diet_33"
"LOC126355040",4,"all_infection_within_diet_results; all_model_coefficients; DESeq2_infected_vs_control_diet_50; DESeq2_infected_vs_control_diet_33"
"LOC126355055",4,"all_infection_within_diet_results; all_model_coefficients; DESeq2_infected_vs_control_diet_50; DESeq2_infected_vs_control_diet_83"
"LOC126355083",4,"all_infection_within_diet_results; all_model_coefficients; DESeq2_infected_vs_control_diet_50; DESeq2_infected_vs_control_diet_33"
"LOC126355118",4,"all_infection_within_diet_results; all_model_coefficients; DESeq2_infected_vs_control_diet_50; interaction_coefficients"
"LOC126355249",4,"all_infection_within_diet_results; all_model_coefficients; DESeq2_infected_vs_control_diet_50; DESeq2_infected_vs_control_diet_33"
"LOC126355366",4,"all_infection_within_diet_results; all_model_coefficients; DESeq2_infected_vs_control_diet_50; DESeq2_infected_vs_control_diet_33"
"LOC126355449",4,"all_infection_within_diet_results; all_model_coefficients; DESeq2_infected_vs_control_diet_50; DESeq2_infected_vs_control_diet_33"
"LOC126355480",4,"all_infection_within_diet_results; all_model_coefficients; DESeq2_infected_vs_control_diet_50; DESeq2_infected_vs_control_diet_33"
"LOC126355590",4,"all_infection_within_diet_results; all_model_coefficients; DESeq2_infected_vs_control_diet_50; DESeq2_infected_vs_control_diet_33"
"LOC126355684",4,"all_infection_within_diet_results; all_model_coefficients; DESeq2_infected_vs_control_diet_50; DESeq2_infected_vs_control_diet_33"
"LOC126355701",4,"all_infection_within_diet_results; all_model_coefficients; DESeq2_infected_vs_control_diet_50; DESeq2_infected_vs_control_diet_33"
"LOC126355724",4,"all_infection_within_diet_results; all_model_coefficients; DESeq2_infected_vs_control_diet_50; DESeq2_infected_vs_control_diet_33"
"LOC126355736",4,"all_infection_within_diet_results; all_model_coefficients; DESeq2_infected_vs_control_diet_33; interaction_coefficients"
"LOC126355748",4,"all_infection_within_diet_results; all_model_coefficients; DESeq2_infected_vs_control_diet_50; DESeq2_infected_vs_control_diet_33"
"LOC126355751",4,"all_infection_within_diet_results; all_model_coefficients; DESeq2_infected_vs_control_diet_33; DESeq2_infected_vs_control_diet_83"
"LOC126355798",4,"all_infection_within_diet_results; all_model_coefficients; DESeq2_infected_vs_control_diet_50; DESeq2_infected_vs_control_diet_33"
"LOC126355829",4,"all_infection_within_diet_results; all_model_coefficients; DESeq2_infected_vs_control_diet_50; DESeq2_infected_vs_control_diet_33"
"LOC126355831",4,"all_infection_within_diet_results; all_model_coefficients; DESeq2_infected_vs_control_diet_50; DESeq2_infected_vs_control_diet_33"
"LOC126355861",4,"all_infection_within_diet_results; all_model_coefficients; DESeq2_infected_vs_control_diet_50; DESeq2_infected_vs_control_diet_33"
"LOC126355885",4,"all_infection_within_diet_results; all_model_coefficients; DESeq2_infected_vs_control_diet_50; DESeq2_infected_vs_control_diet_33"
"LOC126355893",4,"all_infection_within_diet_results; all_model_coefficients; DESeq2_infected_vs_control_diet_50; DESeq2_infected_vs_control_diet_33"
"LOC126355911",4,"all_infection_within_diet_results; all_model_coefficients; DESeq2_infected_vs_control_diet_50; DESeq2_infected_vs_control_diet_83"
"LOC126355944",4,"all_infection_within_diet_results; all_model_coefficients; DESeq2_infected_vs_control_diet_50; DESeq2_infected_vs_control_diet_33"
"LOC126355970",4,"all_infection_within_diet_results; all_model_coefficients; DESeq2_infected_vs_control_diet_50; DESeq2_infected_vs_control_diet_33"
"LOC126356082",4,"all_infection_within_diet_results; all_model_coefficients; DESeq2_infected_vs_control_diet_33; DESeq2_infected_vs_control_diet_83"
"LOC126356122",4,"all_infection_within_diet_results; all_model_coefficients; DESeq2_infected_vs_control_diet_50; DESeq2_infected_vs_control_diet_33"
"LOC126356140",4,"all_infection_within_diet_results; all_model_coefficients; DESeq2_infected_vs_control_diet_50; DESeq2_infected_vs_control_diet_33"
"LOC126356145",4,"all_infection_within_diet_results; all_model_coefficients; DESeq2_infected_vs_control_diet_50; DESeq2_infected_vs_control_diet_33"
"LOC126356252",4,"all_infection_within_diet_results; all_model_coefficients; DESeq2_infected_vs_control_diet_50; DESeq2_infected_vs_control_diet_33"
"LOC126357156",4,"all_infection_within_diet_results; all_model_coefficients; DESeq2_infected_vs_control_diet_50; DESeq2_infected_vs_control_diet_83"
"LOC126357545",4,"all_infection_within_diet_results; all_model_coefficients; DESeq2_infected_vs_control_diet_50; DESeq2_infected_vs_control_diet_33"
"LOC126357744",4,"all_infection_within_diet_results; all_model_coefficients; DESeq2_infected_vs_control_diet_50; DESeq2_infected_vs_control_diet_33"
"LOC126359091",4,"all_infection_within_diet_results; all_model_coefficients; DESeq2_infected_vs_control_diet_50; DESeq2_infected_vs_control_diet_83"
"LOC126359288",4,"all_infection_within_diet_results; all_model_coefficients; DESeq2_infected_vs_control_diet_50; DESeq2_infected_vs_control_diet_33"
"LOC126359702",4,"all_infection_within_diet_results; all_model_coefficients; DESeq2_infected_vs_control_diet_50; DESeq2_infected_vs_control_diet_83"
"LOC126360117",4,"all_infection_within_diet_results; all_model_coefficients; DESeq2_infected_vs_control_diet_50; DESeq2_infected_vs_control_diet_83"
"LOC126361668",4,"all_infection_within_diet_results; all_model_coefficients; DESeq2_infected_vs_control_diet_50; DESeq2_infected_vs_control_diet_33"
"LOC126361845",4,"all_infection_within_diet_results; all_model_coefficients; DESeq2_infected_vs_control_diet_50; DESeq2_infected_vs_control_diet_33"
"LOC126365759",4,"all_infection_within_diet_results; all_model_coefficients; DESeq2_infected_vs_control_diet_50; DESeq2_infected_vs_control_diet_33"
"LOC126365760",4,"all_infection_within_diet_results; all_model_coefficients; DESeq2_infected_vs_control_diet_50; DESeq2_infected_vs_control_diet_33"
"LOC126365770",4,"all_infection_within_diet_results; all_model_coefficients; DESeq2_infected_vs_control_diet_50; DESeq2_infected_vs_control_diet_33"
"LOC126365865",4,"all_infection_within_diet_results; all_model_coefficients; DESeq2_infected_vs_control_diet_50; DESeq2_infected_vs_control_diet_33"
"LOC126365914",4,"all_infection_within_diet_results; all_model_coefficients; DESeq2_infected_vs_control_diet_50; DESeq2_infected_vs_control_diet_83"
"LOC126365918",4,"all_infection_within_diet_results; all_model_coefficients; DESeq2_infected_vs_control_diet_50; DESeq2_infected_vs_control_diet_33"
"LOC126365959",4,"all_infection_within_diet_results; all_model_coefficients; DESeq2_infected_vs_control_diet_50; DESeq2_infected_vs_control_diet_33"
"LOC126365969",4,"all_infection_within_diet_results; all_model_coefficients; DESeq2_infected_vs_control_diet_50; DESeq2_infected_vs_control_diet_33"
"LOC126365980",4,"all_infection_within_diet_results; all_model_coefficients; DESeq2_infected_vs_control_diet_50; DESeq2_infected_vs_control_diet_33"
"LOC126365983",4,"all_infection_within_diet_results; all_model_coefficients; DESeq2_infected_vs_control_diet_50; DESeq2_infected_vs_control_diet_83"
"LOC126266610",3,"all_infection_within_diet_results; DESeq2_infected_vs_control_diet_50; DESeq2_infected_vs_control_diet_33"
"LOC126266713",3,"all_infection_within_diet_results; all_model_coefficients; DESeq2_infected_vs_control_diet_50"
"LOC126266714",3,"all_infection_within_diet_results; all_model_coefficients; DESeq2_infected_vs_control_diet_50"
"LOC126266744",3,"all_infection_within_diet_results; all_model_coefficients; DESeq2_infected_vs_control_diet_50"
"LOC126266751",3,"all_infection_within_diet_results; DESeq2_infected_vs_control_diet_50; DESeq2_infected_vs_control_diet_33"
"LOC126266752",3,"all_infection_within_diet_results; all_model_coefficients; DESeq2_infected_vs_control_diet_50"
"LOC126266827",3,"all_infection_within_diet_results; all_model_coefficients; DESeq2_infected_vs_control_diet_50"
"LOC126266830",3,"all_infection_within_diet_results; all_model_coefficients; DESeq2_infected_vs_control_diet_50"
"LOC126266835",3,"all_infection_within_diet_results; DESeq2_infected_vs_control_diet_33; DESeq2_infected_vs_control_diet_83"
"LOC126266841",3,"all_model_coefficients; all_diet_pairwise_results; DESeq2_33_vs_50"
"LOC126266911",3,"all_infection_within_diet_results; all_model_coefficients; DESeq2_infected_vs_control_diet_50"
"LOC126266984",3,"all_infection_within_diet_results; all_model_coefficients; DESeq2_infected_vs_control_diet_50"
"LOC126267041",3,"all_infection_within_diet_results; all_model_coefficients; DESeq2_infected_vs_control_diet_50"
"LOC126267042",3,"all_infection_within_diet_results; all_model_coefficients; DESeq2_infected_vs_control_diet_50"
"LOC126267060",3,"all_infection_within_diet_results; all_model_coefficients; DESeq2_infected_vs_control_diet_50"
"LOC126267073",3,"all_infection_within_diet_results; all_model_coefficients; DESeq2_infected_vs_control_diet_50"
"LOC126267080",3,"all_infection_within_diet_results; DESeq2_infected_vs_control_diet_50; DESeq2_infected_vs_control_diet_33"
"LOC126267081",3,"all_infection_within_diet_results; DESeq2_infected_vs_control_diet_33; DESeq2_infected_vs_control_diet_83"
"LOC126267107",3,"all_infection_within_diet_results; all_model_coefficients; DESeq2_infected_vs_control_diet_50"
"LOC126267127",3,"all_infection_within_diet_results; all_model_coefficients; DESeq2_infected_vs_control_diet_50"
"LOC126267131",3,"all_model_coefficients; all_diet_pairwise_results; DESeq2_33_vs_50"
"LOC126267139",3,"all_model_coefficients; all_diet_pairwise_results; DESeq2_33_vs_50"
"LOC126267166",3,"all_infection_within_diet_results; all_model_coefficients; DESeq2_infected_vs_control_diet_50"
"LOC126267172",3,"all_infection_within_diet_results; all_model_coefficients; DESeq2_infected_vs_control_diet_50"
"LOC126267214",3,"all_infection_within_diet_results; all_model_coefficients; DESeq2_infected_vs_control_diet_50"
"LOC126267242",3,"all_infection_within_diet_results; all_model_coefficients; DESeq2_infected_vs_control_diet_50"
"LOC126267247",3,"all_infection_within_diet_results; all_model_coefficients; DESeq2_infected_vs_control_diet_50"
"LOC126267280",3,"all_infection_within_diet_results; all_model_coefficients; DESeq2_infected_vs_control_diet_50"
"LOC126267313",3,"all_infection_within_diet_results; all_model_coefficients; DESeq2_infected_vs_control_diet_50"
"LOC126267322",3,"all_infection_within_diet_results; all_model_coefficients; DESeq2_infected_vs_control_diet_50"
"LOC126267332",3,"all_infection_within_diet_results; all_model_coefficients; DESeq2_infected_vs_control_diet_50"
"LOC126267355",3,"all_diet_pairwise_results; DESeq2_33_vs_83; DESeq2_50_vs_83"
"LOC126267400",3,"all_infection_within_diet_results; all_model_coefficients; DESeq2_infected_vs_control_diet_50"
"LOC126267460",3,"all_infection_within_diet_results; all_model_coefficients; DESeq2_infected_vs_control_diet_50"
"LOC126267472",3,"all_infection_within_diet_results; DESeq2_infected_vs_control_diet_50; DESeq2_infected_vs_control_diet_33"
"LOC126267503",3,"all_infection_within_diet_results; all_model_coefficients; DESeq2_infected_vs_control_diet_50"
"LOC126267614",3,"all_infection_within_diet_results; all_model_coefficients; DESeq2_infected_vs_control_diet_50"
"LOC126267729",3,"all_infection_within_diet_results; all_model_coefficients; DESeq2_infected_vs_control_diet_50"
"LOC126267755",3,"all_infection_within_diet_results; all_model_coefficients; DESeq2_infected_vs_control_diet_50"
"LOC126267788",3,"all_infection_within_diet_results; all_model_coefficients; DESeq2_infected_vs_control_diet_50"
"LOC126267829",3,"all_infection_within_diet_results; all_model_coefficients; DESeq2_infected_vs_control_diet_50"
"LOC126267861",3,"all_infection_within_diet_results; all_model_coefficients; DESeq2_infected_vs_control_diet_50"
"LOC126267884",3,"all_infection_within_diet_results; all_model_coefficients; DESeq2_infected_vs_control_diet_50"
"LOC126267894",3,"all_infection_within_diet_results; all_model_coefficients; DESeq2_infected_vs_control_diet_50"
"LOC126267912",3,"all_infection_within_diet_results; DESeq2_infected_vs_control_diet_50; DESeq2_infected_vs_control_diet_33"
"LOC126267978",3,"all_infection_within_diet_results; all_model_coefficients; DESeq2_infected_vs_control_diet_50"
"LOC126267997",3,"all_infection_within_diet_results; all_model_coefficients; DESeq2_infected_vs_control_diet_50"
"LOC126268019",3,"all_infection_within_diet_results; all_model_coefficients; DESeq2_infected_vs_control_diet_50"
"LOC126268023",3,"all_infection_within_diet_results; all_model_coefficients; DESeq2_infected_vs_control_diet_50"
"LOC126268028",3,"all_infection_within_diet_results; all_model_coefficients; DESeq2_infected_vs_control_diet_50"
"LOC126268088",3,"all_infection_within_diet_results; all_model_coefficients; DESeq2_infected_vs_control_diet_50"
"LOC126268096",3,"all_infection_within_diet_results; all_model_coefficients; DESeq2_infected_vs_control_diet_50"
"LOC126268125",3,"all_infection_within_diet_results; all_model_coefficients; DESeq2_infected_vs_control_diet_50"
"LOC126268126",3,"all_infection_within_diet_results; all_model_coefficients; DESeq2_infected_vs_control_diet_50"
"LOC126268128",3,"all_infection_within_diet_results; DESeq2_infected_vs_control_diet_50; DESeq2_infected_vs_control_diet_33"
"LOC126268148",3,"all_infection_within_diet_results; all_model_coefficients; DESeq2_infected_vs_control_diet_50"
"LOC126268219",3,"all_infection_within_diet_results; DESeq2_infected_vs_control_diet_50; DESeq2_infected_vs_control_diet_33"
"LOC126268239",3,"all_infection_within_diet_results; all_model_coefficients; DESeq2_infected_vs_control_diet_50"
"LOC126268318",3,"all_infection_within_diet_results; all_model_coefficients; DESeq2_infected_vs_control_diet_50"
"LOC126268518",3,"all_infection_within_diet_results; all_model_coefficients; DESeq2_infected_vs_control_diet_50"
"LOC126269044",3,"all_infection_within_diet_results; DESeq2_infected_vs_control_diet_50; DESeq2_infected_vs_control_diet_33"
"LOC126269352",3,"all_model_coefficients; all_diet_pairwise_results; DESeq2_33_vs_50"
"LOC126269513",3,"all_model_coefficients; all_diet_pairwise_results; DESeq2_33_vs_50"
"LOC126269996",3,"all_model_coefficients; all_diet_pairwise_results; DESeq2_33_vs_50"
"LOC126270553",3,"all_infection_within_diet_results; all_model_coefficients; DESeq2_infected_vs_control_diet_50"
"LOC126270657",3,"all_infection_within_diet_results; all_model_coefficients; DESeq2_infected_vs_control_diet_50"
"LOC126271434",3,"all_infection_within_diet_results; all_model_coefficients; DESeq2_infected_vs_control_diet_50"
"LOC126271650",3,"all_infection_within_diet_results; all_model_coefficients; DESeq2_infected_vs_control_diet_50"
"LOC126271850",3,"all_infection_within_diet_results; all_model_coefficients; DESeq2_infected_vs_control_diet_50"
"LOC126271869",3,"all_model_coefficients; all_diet_pairwise_results; DESeq2_33_vs_50"
"LOC126271872",3,"all_model_coefficients; all_diet_pairwise_results; DESeq2_33_vs_50"
"LOC126271944",3,"all_infection_within_diet_results; all_model_coefficients; DESeq2_infected_vs_control_diet_50"
"LOC126271954",3,"all_infection_within_diet_results; all_model_coefficients; DESeq2_infected_vs_control_diet_50"
"LOC126271955",3,"all_infection_within_diet_results; all_model_coefficients; DESeq2_infected_vs_control_diet_50"
"LOC126271991",3,"all_infection_within_diet_results; all_model_coefficients; DESeq2_infected_vs_control_diet_50"
"LOC126272024",3,"all_infection_within_diet_results; all_model_coefficients; DESeq2_infected_vs_control_diet_50"
"LOC126272080",3,"all_infection_within_diet_results; all_model_coefficients; DESeq2_infected_vs_control_diet_50"
"LOC126272088",3,"all_infection_within_diet_results; all_model_coefficients; DESeq2_infected_vs_control_diet_50"
"LOC126272094",3,"all_infection_within_diet_results; all_model_coefficients; DESeq2_infected_vs_control_diet_50"
"LOC126272096",3,"all_infection_within_diet_results; all_model_coefficients; DESeq2_infected_vs_control_diet_50"
"LOC126272130",3,"all_infection_within_diet_results; all_model_coefficients; DESeq2_infected_vs_control_diet_50"
"LOC126272139",3,"all_infection_within_diet_results; all_model_coefficients; DESeq2_infected_vs_control_diet_50"
"LOC126272149",3,"all_infection_within_diet_results; all_model_coefficients; DESeq2_infected_vs_control_diet_50"
"LOC126272156",3,"all_infection_within_diet_results; all_model_coefficients; DESeq2_infected_vs_control_diet_50"
"LOC126272256",3,"all_infection_within_diet_results; all_model_coefficients; DESeq2_infected_vs_control_diet_50"
"LOC126272273",3,"all_infection_within_diet_results; all_model_coefficients; DESeq2_infected_vs_control_diet_50"
"LOC126272274",3,"all_infection_within_diet_results; all_model_coefficients; DESeq2_infected_vs_control_diet_50"
"LOC126272296",3,"all_infection_within_diet_results; all_model_coefficients; DESeq2_infected_vs_control_diet_50"
"LOC126272362",3,"all_infection_within_diet_results; all_model_coefficients; DESeq2_infected_vs_control_diet_50"
"LOC126272363",3,"all_infection_within_diet_results; DESeq2_infected_vs_control_diet_33; DESeq2_infected_vs_control_diet_83"
"LOC126272370",3,"all_infection_within_diet_results; all_model_coefficients; DESeq2_infected_vs_control_diet_50"
"LOC126272377",3,"all_infection_within_diet_results; all_model_coefficients; DESeq2_infected_vs_control_diet_50"
"LOC126272382",3,"all_infection_within_diet_results; all_model_coefficients; DESeq2_infected_vs_control_diet_50"
"LOC126272386",3,"all_infection_within_diet_results; all_model_coefficients; DESeq2_infected_vs_control_diet_50"
"LOC126272399",3,"all_infection_within_diet_results; DESeq2_infected_vs_control_diet_33; DESeq2_infected_vs_control_diet_83"
"LOC126272450",3,"all_infection_within_diet_results; all_model_coefficients; DESeq2_infected_vs_control_diet_50"
"LOC126272470",3,"all_infection_within_diet_results; DESeq2_infected_vs_control_diet_50; DESeq2_infected_vs_control_diet_33"
"LOC126272477",3,"all_infection_within_diet_results; all_model_coefficients; DESeq2_infected_vs_control_diet_50"
"LOC126272560",3,"all_infection_within_diet_results; all_model_coefficients; DESeq2_infected_vs_control_diet_50"
"LOC126272566",3,"all_infection_within_diet_results; all_model_coefficients; DESeq2_infected_vs_control_diet_50"
"LOC126272567",3,"all_infection_within_diet_results; all_model_coefficients; DESeq2_infected_vs_control_diet_50"
"LOC126272583",3,"all_infection_within_diet_results; all_model_coefficients; DESeq2_infected_vs_control_diet_50"
"LOC126272587",3,"all_infection_within_diet_results; all_model_coefficients; DESeq2_infected_vs_control_diet_50"
"LOC126272600",3,"all_model_coefficients; all_diet_pairwise_results; DESeq2_33_vs_50"
"LOC126272612",3,"all_infection_within_diet_results; all_model_coefficients; DESeq2_infected_vs_control_diet_50"
"LOC126272639",3,"all_infection_within_diet_results; all_model_coefficients; DESeq2_infected_vs_control_diet_50"
"LOC126272683",3,"all_infection_within_diet_results; all_model_coefficients; DESeq2_infected_vs_control_diet_33"
"LOC126272684",3,"all_diet_pairwise_results; DESeq2_33_vs_50; DESeq2_33_vs_83"
"LOC126272700",3,"all_infection_within_diet_results; all_model_coefficients; DESeq2_infected_vs_control_diet_50"
"LOC126272722",3,"all_infection_within_diet_results; all_model_coefficients; DESeq2_infected_vs_control_diet_50"
"LOC126272743",3,"all_infection_within_diet_results; all_model_coefficients; DESeq2_infected_vs_control_diet_50"
"LOC126272746",3,"all_infection_within_diet_results; all_model_coefficients; DESeq2_infected_vs_control_diet_50"
"LOC126272753",3,"all_infection_within_diet_results; all_model_coefficients; DESeq2_infected_vs_control_diet_50"
"LOC126272787",3,"all_infection_within_diet_results; all_model_coefficients; DESeq2_infected_vs_control_diet_50"
"LOC126272836",3,"all_infection_within_diet_results; all_model_coefficients; DESeq2_infected_vs_control_diet_50"
"LOC126272875",3,"all_infection_within_diet_results; all_model_coefficients; DESeq2_infected_vs_control_diet_50"
"LOC126272876",3,"all_infection_within_diet_results; all_model_coefficients; DESeq2_infected_vs_control_diet_50"
"LOC126272888",3,"all_infection_within_diet_results; DESeq2_infected_vs_control_diet_33; DESeq2_infected_vs_control_diet_83"
"LOC126272926",3,"all_infection_within_diet_results; all_model_coefficients; DESeq2_infected_vs_control_diet_50"
"LOC126272931",3,"all_infection_within_diet_results; all_model_coefficients; DESeq2_infected_vs_control_diet_50"
"LOC126272934",3,"all_infection_within_diet_results; all_model_coefficients; DESeq2_infected_vs_control_diet_50"
"LOC126272939",3,"all_infection_within_diet_results; all_model_coefficients; DESeq2_infected_vs_control_diet_50"
"LOC126272984",3,"all_infection_within_diet_results; DESeq2_infected_vs_control_diet_50; DESeq2_infected_vs_control_diet_83"
"LOC126272985",3,"all_infection_within_diet_results; all_model_coefficients; DESeq2_infected_vs_control_diet_50"
"LOC126273009",3,"all_infection_within_diet_results; DESeq2_infected_vs_control_diet_33; DESeq2_infected_vs_control_diet_83"
"LOC126273020",3,"all_infection_within_diet_results; all_model_coefficients; DESeq2_infected_vs_control_diet_50"
"LOC126273081",3,"all_infection_within_diet_results; all_model_coefficients; DESeq2_infected_vs_control_diet_50"
"LOC126273166",3,"all_infection_within_diet_results; DESeq2_infected_vs_control_diet_33; DESeq2_infected_vs_control_diet_83"
"LOC126273185",3,"all_infection_within_diet_results; all_model_coefficients; DESeq2_infected_vs_control_diet_50"
"LOC126273193",3,"all_model_coefficients; all_diet_pairwise_results; DESeq2_33_vs_50"
"LOC126273198",3,"all_infection_within_diet_results; all_model_coefficients; DESeq2_infected_vs_control_diet_50"
"LOC126273203",3,"all_infection_within_diet_results; all_model_coefficients; DESeq2_infected_vs_control_diet_50"
"LOC126273224",3,"all_infection_within_diet_results; all_model_coefficients; DESeq2_infected_vs_control_diet_50"
"LOC126273228",3,"all_infection_within_diet_results; all_model_coefficients; DESeq2_infected_vs_control_diet_50"
"LOC126273256",3,"all_infection_within_diet_results; all_model_coefficients; DESeq2_infected_vs_control_diet_50"
"LOC126273293",3,"all_infection_within_diet_results; all_model_coefficients; DESeq2_infected_vs_control_diet_50"
"LOC126273343",3,"all_infection_within_diet_results; all_model_coefficients; DESeq2_infected_vs_control_diet_50"
"LOC126273369",3,"all_infection_within_diet_results; all_model_coefficients; DESeq2_infected_vs_control_diet_50"
"LOC126273423",3,"all_infection_within_diet_results; all_model_coefficients; DESeq2_infected_vs_control_diet_50"
"LOC126273691",3,"all_infection_within_diet_results; all_model_coefficients; DESeq2_infected_vs_control_diet_50"
"LOC126274964",3,"all_infection_within_diet_results; all_model_coefficients; DESeq2_infected_vs_control_diet_50"
"LOC126275560",3,"all_infection_within_diet_results; DESeq2_infected_vs_control_diet_50; DESeq2_infected_vs_control_diet_33"
"LOC126275923",3,"all_infection_within_diet_results; all_model_coefficients; DESeq2_infected_vs_control_diet_50"
"LOC126276001",3,"all_infection_within_diet_results; all_model_coefficients; DESeq2_infected_vs_control_diet_50"
"LOC126276148",3,"all_infection_within_diet_results; all_model_coefficients; DESeq2_infected_vs_control_diet_50"
"LOC126276164",3,"all_infection_within_diet_results; all_model_coefficients; DESeq2_infected_vs_control_diet_50"
"LOC126276175",3,"all_infection_within_diet_results; all_model_coefficients; DESeq2_infected_vs_control_diet_50"
"LOC126277228",3,"all_infection_within_diet_results; all_model_coefficients; DESeq2_infected_vs_control_diet_50"
"LOC126277892",3,"all_diet_pairwise_results; DESeq2_33_vs_83; DESeq2_50_vs_83"
"LOC126277893",3,"all_infection_within_diet_results; all_model_coefficients; DESeq2_infected_vs_control_diet_50"
"LOC126277897",3,"all_diet_pairwise_results; DESeq2_33_vs_83; DESeq2_50_vs_83"
"LOC126277899",3,"all_infection_within_diet_results; all_model_coefficients; DESeq2_infected_vs_control_diet_50"
"LOC126277913",3,"all_infection_within_diet_results; all_model_coefficients; DESeq2_infected_vs_control_diet_50"
"LOC126277956",3,"all_infection_within_diet_results; all_model_coefficients; DESeq2_infected_vs_control_diet_50"
"LOC126278026",3,"all_infection_within_diet_results; all_model_coefficients; DESeq2_infected_vs_control_diet_50"
"LOC126278042",3,"all_infection_within_diet_results; all_model_coefficients; DESeq2_infected_vs_control_diet_50"
"LOC126278058",3,"all_infection_within_diet_results; all_model_coefficients; DESeq2_infected_vs_control_diet_50"
"LOC126278095",3,"all_infection_within_diet_results; all_model_coefficients; DESeq2_infected_vs_control_diet_50"
"LOC126278109",3,"all_infection_within_diet_results; DESeq2_infected_vs_control_diet_33; DESeq2_infected_vs_control_diet_83"
"LOC126278143",3,"all_infection_within_diet_results; all_model_coefficients; DESeq2_infected_vs_control_diet_33"
"LOC126278166",3,"all_infection_within_diet_results; all_model_coefficients; DESeq2_infected_vs_control_diet_50"
"LOC126278175",3,"all_infection_within_diet_results; all_model_coefficients; DESeq2_infected_vs_control_diet_50"
"LOC126278185",3,"all_infection_within_diet_results; all_model_coefficients; DESeq2_infected_vs_control_diet_50"
"LOC126278221",3,"all_infection_within_diet_results; all_model_coefficients; DESeq2_infected_vs_control_diet_50"
"LOC126278279",3,"all_infection_within_diet_results; all_model_coefficients; DESeq2_infected_vs_control_diet_50"
"LOC126278318",3,"all_infection_within_diet_results; all_model_coefficients; DESeq2_infected_vs_control_diet_50"
"LOC126278345",3,"all_infection_within_diet_results; all_model_coefficients; DESeq2_infected_vs_control_diet_50"
"LOC126278365",3,"all_infection_within_diet_results; all_model_coefficients; DESeq2_infected_vs_control_diet_50"
"LOC126278381",3,"all_infection_within_diet_results; all_model_coefficients; DESeq2_infected_vs_control_diet_50"
"LOC126278407",3,"all_model_coefficients; all_diet_pairwise_results; DESeq2_33_vs_50"
"LOC126278434",3,"all_infection_within_diet_results; all_model_coefficients; DESeq2_infected_vs_control_diet_50"
"LOC126278442",3,"all_infection_within_diet_results; all_model_coefficients; DESeq2_infected_vs_control_diet_50"
"LOC126278445",3,"all_infection_within_diet_results; all_model_coefficients; DESeq2_infected_vs_control_diet_50"
"LOC126278455",3,"all_infection_within_diet_results; all_model_coefficients; DESeq2_infected_vs_control_diet_50"
"LOC126278519",3,"all_infection_within_diet_results; DESeq2_infected_vs_control_diet_33; DESeq2_infected_vs_control_diet_83"
"LOC126278524",3,"all_infection_within_diet_results; DESeq2_infected_vs_control_diet_50; DESeq2_infected_vs_control_diet_33"
"LOC126278530",3,"all_infection_within_diet_results; DESeq2_infected_vs_control_diet_33; DESeq2_infected_vs_control_diet_83"
"LOC126278538",3,"all_infection_within_diet_results; all_model_coefficients; DESeq2_infected_vs_control_diet_83"
"LOC126278545",3,"all_infection_within_diet_results; all_model_coefficients; DESeq2_infected_vs_control_diet_83"
"LOC126278546",3,"all_infection_within_diet_results; all_model_coefficients; DESeq2_infected_vs_control_diet_50"
"LOC126278555",3,"all_infection_within_diet_results; all_model_coefficients; DESeq2_infected_vs_control_diet_50"
"LOC126278575",3,"all_infection_within_diet_results; all_model_coefficients; DESeq2_infected_vs_control_diet_50"
"LOC126278594",3,"all_model_coefficients; all_diet_pairwise_results; DESeq2_33_vs_50"
"LOC126278604",3,"all_infection_within_diet_results; all_model_coefficients; DESeq2_infected_vs_control_diet_50"
"LOC126278612",3,"all_infection_within_diet_results; all_model_coefficients; DESeq2_infected_vs_control_diet_50"
"LOC126278643",3,"all_infection_within_diet_results; all_model_coefficients; DESeq2_infected_vs_control_diet_50"
"LOC126278651",3,"all_infection_within_diet_results; all_model_coefficients; DESeq2_infected_vs_control_diet_50"
"LOC126278700",3,"all_infection_within_diet_results; all_model_coefficients; DESeq2_infected_vs_control_diet_50"
"LOC126278704",3,"all_infection_within_diet_results; all_model_coefficients; DESeq2_infected_vs_control_diet_50"
"LOC126278713",3,"all_infection_within_diet_results; all_model_coefficients; DESeq2_infected_vs_control_diet_50"
"LOC126278724",3,"all_infection_within_diet_results; all_model_coefficients; DESeq2_infected_vs_control_diet_50"
"LOC126278820",3,"all_infection_within_diet_results; all_model_coefficients; DESeq2_infected_vs_control_diet_50"
"LOC126278867",3,"all_infection_within_diet_results; all_model_coefficients; DESeq2_infected_vs_control_diet_50"
"LOC126278885",3,"all_infection_within_diet_results; all_model_coefficients; DESeq2_infected_vs_control_diet_50"
"LOC126278940",3,"all_infection_within_diet_results; all_model_coefficients; DESeq2_infected_vs_control_diet_50"
"LOC126278941",3,"all_infection_within_diet_results; all_model_coefficients; DESeq2_infected_vs_control_diet_50"
"LOC126278947",3,"all_infection_within_diet_results; all_model_coefficients; DESeq2_infected_vs_control_diet_50"
"LOC126278949",3,"all_infection_within_diet_results; all_model_coefficients; DESeq2_infected_vs_control_diet_50"
"LOC126278965",3,"all_infection_within_diet_results; DESeq2_infected_vs_control_diet_50; DESeq2_infected_vs_control_diet_33"
"LOC126278997",3,"all_infection_within_diet_results; DESeq2_infected_vs_control_diet_50; DESeq2_infected_vs_control_diet_33"
"LOC126279011",3,"all_infection_within_diet_results; all_model_coefficients; DESeq2_infected_vs_control_diet_50"
"LOC126279090",3,"all_infection_within_diet_results; all_model_coefficients; DESeq2_infected_vs_control_diet_50"
"LOC126279107",3,"all_infection_within_diet_results; all_model_coefficients; DESeq2_infected_vs_control_diet_50"
"LOC126279135",3,"all_infection_within_diet_results; all_model_coefficients; DESeq2_infected_vs_control_diet_50"
"LOC126279406",3,"all_infection_within_diet_results; all_model_coefficients; DESeq2_infected_vs_control_diet_50"
"LOC126279803",3,"all_infection_within_diet_results; all_model_coefficients; DESeq2_infected_vs_control_diet_33"
"LOC126279923",3,"all_infection_within_diet_results; all_model_coefficients; DESeq2_infected_vs_control_diet_50"
"LOC126280740",3,"all_infection_within_diet_results; all_model_coefficients; DESeq2_infected_vs_control_diet_50"
"LOC126281023",3,"all_infection_within_diet_results; all_model_coefficients; DESeq2_infected_vs_control_diet_50"
"LOC126281097",3,"all_infection_within_diet_results; all_model_coefficients; DESeq2_infected_vs_control_diet_50"
"LOC126281245",3,"all_infection_within_diet_results; DESeq2_infected_vs_control_diet_33; DESeq2_infected_vs_control_diet_83"
"LOC126281296",3,"all_infection_within_diet_results; all_model_coefficients; DESeq2_infected_vs_control_diet_50"
"LOC126281382",3,"all_model_coefficients; all_diet_pairwise_results; DESeq2_33_vs_83"
"LOC126281385",3,"all_model_coefficients; all_diet_pairwise_results; DESeq2_33_vs_50"
"LOC126281398",3,"all_infection_within_diet_results; DESeq2_infected_vs_control_diet_50; DESeq2_infected_vs_control_diet_83"
"LOC126281438",3,"all_model_coefficients; all_diet_pairwise_results; DESeq2_33_vs_50"
"LOC126281443",3,"all_infection_within_diet_results; all_model_coefficients; DESeq2_infected_vs_control_diet_50"
"LOC126281447",3,"all_model_coefficients; all_diet_pairwise_results; DESeq2_33_vs_50"
"LOC126281487",3,"all_infection_within_diet_results; all_model_coefficients; DESeq2_infected_vs_control_diet_50"
"LOC126281506",3,"all_infection_within_diet_results; all_model_coefficients; DESeq2_infected_vs_control_diet_50"
"LOC126281520",3,"all_infection_within_diet_results; all_model_coefficients; DESeq2_infected_vs_control_diet_83"
"LOC126281521",3,"all_infection_within_diet_results; all_model_coefficients; DESeq2_infected_vs_control_diet_50"
"LOC126281527",3,"all_infection_within_diet_results; all_model_coefficients; DESeq2_infected_vs_control_diet_50"
"LOC126281573",3,"all_infection_within_diet_results; all_model_coefficients; DESeq2_infected_vs_control_diet_50"
"LOC126281608",3,"all_infection_within_diet_results; all_model_coefficients; DESeq2_infected_vs_control_diet_50"
"LOC126281648",3,"all_model_coefficients; all_diet_pairwise_results; DESeq2_33_vs_50"
"LOC126281672",3,"all_infection_within_diet_results; all_model_coefficients; DESeq2_infected_vs_control_diet_50"
"LOC126281716",3,"all_infection_within_diet_results; all_model_coefficients; DESeq2_infected_vs_control_diet_50"
"LOC126281789",3,"all_diet_pairwise_results; DESeq2_33_vs_83; DESeq2_50_vs_83"
"LOC126281810",3,"all_infection_within_diet_results; all_model_coefficients; DESeq2_infected_vs_control_diet_50"
"LOC126281860",3,"all_infection_within_diet_results; all_model_coefficients; DESeq2_infected_vs_control_diet_50"
"LOC126281863",3,"all_infection_within_diet_results; all_model_coefficients; DESeq2_infected_vs_control_diet_50"
"LOC126281897",3,"all_infection_within_diet_results; all_model_coefficients; DESeq2_infected_vs_control_diet_50"
"LOC126281975",3,"all_model_coefficients; all_diet_pairwise_results; DESeq2_33_vs_50"
"LOC126281978",3,"all_infection_within_diet_results; all_model_coefficients; DESeq2_infected_vs_control_diet_50"
"LOC126282003",3,"all_infection_within_diet_results; all_model_coefficients; DESeq2_infected_vs_control_diet_50"
"LOC126282076",3,"all_infection_within_diet_results; all_model_coefficients; DESeq2_infected_vs_control_diet_50"
"LOC126282088",3,"all_infection_within_diet_results; all_model_coefficients; DESeq2_infected_vs_control_diet_50"
"LOC126282115",3,"all_infection_within_diet_results; all_model_coefficients; DESeq2_infected_vs_control_diet_50"
"LOC126282155",3,"all_infection_within_diet_results; all_model_coefficients; DESeq2_infected_vs_control_diet_50"
"LOC126282163",3,"all_infection_within_diet_results; all_model_coefficients; DESeq2_infected_vs_control_diet_50"
"LOC126282165",3,"all_infection_within_diet_results; all_model_coefficients; DESeq2_infected_vs_control_diet_50"
"LOC126282269",3,"all_infection_within_diet_results; DESeq2_infected_vs_control_diet_50; DESeq2_infected_vs_control_diet_83"
"LOC126282305",3,"all_infection_within_diet_results; all_model_coefficients; DESeq2_infected_vs_control_diet_50"
"LOC126282346",3,"all_infection_within_diet_results; all_model_coefficients; DESeq2_infected_vs_control_diet_50"
"LOC126282352",3,"all_infection_within_diet_results; all_model_coefficients; DESeq2_infected_vs_control_diet_50"
"LOC126282375",3,"all_infection_within_diet_results; all_model_coefficients; DESeq2_infected_vs_control_diet_50"
"LOC126282419",3,"all_infection_within_diet_results; all_model_coefficients; DESeq2_infected_vs_control_diet_50"
"LOC126282450",3,"all_infection_within_diet_results; all_model_coefficients; DESeq2_infected_vs_control_diet_50"
"LOC126282455",3,"all_infection_within_diet_results; all_model_coefficients; DESeq2_infected_vs_control_diet_50"
"LOC126282460",3,"all_infection_within_diet_results; all_model_coefficients; DESeq2_infected_vs_control_diet_50"
"LOC126283788",3,"all_infection_within_diet_results; all_model_coefficients; DESeq2_infected_vs_control_diet_50"
"LOC126283959",3,"all_infection_within_diet_results; all_model_coefficients; DESeq2_infected_vs_control_diet_50"
"LOC126283972",3,"all_infection_within_diet_results; all_model_coefficients; DESeq2_infected_vs_control_diet_50"
"LOC126283987",3,"all_infection_within_diet_results; DESeq2_infected_vs_control_diet_33; DESeq2_infected_vs_control_diet_83"
"LOC126284016",3,"all_infection_within_diet_results; all_model_coefficients; DESeq2_infected_vs_control_diet_50"
"LOC126284038",3,"all_infection_within_diet_results; all_model_coefficients; DESeq2_infected_vs_control_diet_50"
"LOC126284041",3,"all_infection_within_diet_results; DESeq2_infected_vs_control_diet_33; DESeq2_infected_vs_control_diet_83"
"LOC126284044",3,"all_infection_within_diet_results; all_model_coefficients; DESeq2_infected_vs_control_diet_50"
"LOC126284047",3,"all_infection_within_diet_results; all_model_coefficients; DESeq2_infected_vs_control_diet_50"
"LOC126284088",3,"all_infection_within_diet_results; DESeq2_infected_vs_control_diet_33; DESeq2_infected_vs_control_diet_83"
"LOC126284095",3,"all_infection_within_diet_results; all_model_coefficients; DESeq2_infected_vs_control_diet_50"
"LOC126284107",3,"all_infection_within_diet_results; DESeq2_infected_vs_control_diet_50; DESeq2_infected_vs_control_diet_83"
"LOC126284169",3,"all_infection_within_diet_results; all_model_coefficients; DESeq2_infected_vs_control_diet_50"
"LOC126284170",3,"all_infection_within_diet_results; all_model_coefficients; DESeq2_infected_vs_control_diet_50"
"LOC126284220",3,"all_infection_within_diet_results; all_model_coefficients; DESeq2_infected_vs_control_diet_50"
"LOC126284232",3,"all_infection_within_diet_results; all_model_coefficients; DESeq2_infected_vs_control_diet_50"
"LOC126284250",3,"all_infection_within_diet_results; all_model_coefficients; DESeq2_infected_vs_control_diet_50"
"LOC126284252",3,"all_infection_within_diet_results; all_model_coefficients; DESeq2_infected_vs_control_diet_50"
"LOC126284254",3,"all_infection_within_diet_results; all_model_coefficients; DESeq2_infected_vs_control_diet_83"
"LOC126284272",3,"all_infection_within_diet_results; DESeq2_infected_vs_control_diet_33; DESeq2_infected_vs_control_diet_83"
"LOC126284279",3,"all_infection_within_diet_results; all_model_coefficients; DESeq2_infected_vs_control_diet_50"
"LOC126284317",3,"all_infection_within_diet_results; DESeq2_infected_vs_control_diet_50; DESeq2_infected_vs_control_diet_33"
"LOC126284326",3,"all_model_coefficients; all_diet_pairwise_results; DESeq2_33_vs_50"
"LOC126284336",3,"all_infection_within_diet_results; all_model_coefficients; DESeq2_infected_vs_control_diet_50"
"LOC126284338",3,"all_infection_within_diet_results; all_model_coefficients; DESeq2_infected_vs_control_diet_50"
"LOC126284347",3,"all_model_coefficients; all_diet_pairwise_results; DESeq2_33_vs_50"
"LOC126284350",3,"all_infection_within_diet_results; all_model_coefficients; DESeq2_infected_vs_control_diet_50"
"LOC126284378",3,"all_infection_within_diet_results; all_model_coefficients; DESeq2_infected_vs_control_diet_50"
"LOC126284387",3,"all_infection_within_diet_results; all_model_coefficients; DESeq2_infected_vs_control_diet_50"
"LOC126284425",3,"all_infection_within_diet_results; DESeq2_infected_vs_control_diet_33; DESeq2_infected_vs_control_diet_83"
"LOC126284429",3,"all_infection_within_diet_results; all_model_coefficients; DESeq2_infected_vs_control_diet_50"
"LOC126284452",3,"all_infection_within_diet_results; all_model_coefficients; DESeq2_infected_vs_control_diet_50"
"LOC126284462",3,"all_infection_within_diet_results; all_model_coefficients; DESeq2_infected_vs_control_diet_50"
"LOC126284466",3,"all_infection_within_diet_results; all_model_coefficients; DESeq2_infected_vs_control_diet_50"
"LOC126284491",3,"all_infection_within_diet_results; DESeq2_infected_vs_control_diet_33; DESeq2_infected_vs_control_diet_83"
"LOC126284543",3,"all_infection_within_diet_results; all_model_coefficients; DESeq2_infected_vs_control_diet_50"
"LOC126284552",3,"all_infection_within_diet_results; DESeq2_infected_vs_control_diet_33; DESeq2_infected_vs_control_diet_83"
"LOC126284563",3,"all_infection_within_diet_results; all_model_coefficients; DESeq2_infected_vs_control_diet_50"
"LOC126284575",3,"all_infection_within_diet_results; all_model_coefficients; DESeq2_infected_vs_control_diet_50"
"LOC126284577",3,"all_infection_within_diet_results; DESeq2_infected_vs_control_diet_33; DESeq2_infected_vs_control_diet_83"
"LOC126284582",3,"all_infection_within_diet_results; all_model_coefficients; DESeq2_infected_vs_control_diet_50"
"LOC126284630",3,"all_infection_within_diet_results; all_model_coefficients; DESeq2_infected_vs_control_diet_50"
"LOC126284639",3,"all_infection_within_diet_results; all_model_coefficients; DESeq2_infected_vs_control_diet_50"
"LOC126284645",3,"all_infection_within_diet_results; all_model_coefficients; DESeq2_infected_vs_control_diet_50"
"LOC126284688",3,"all_infection_within_diet_results; all_model_coefficients; DESeq2_infected_vs_control_diet_50"
"LOC126284736",3,"all_infection_within_diet_results; all_model_coefficients; DESeq2_infected_vs_control_diet_50"
"LOC126284748",3,"all_infection_within_diet_results; all_model_coefficients; DESeq2_infected_vs_control_diet_50"
"LOC126284753",3,"all_infection_within_diet_results; all_model_coefficients; DESeq2_infected_vs_control_diet_50"
"LOC126284756",3,"all_infection_within_diet_results; all_model_coefficients; DESeq2_infected_vs_control_diet_50"
"LOC126284765",3,"all_infection_within_diet_results; all_model_coefficients; DESeq2_infected_vs_control_diet_50"
"LOC126284771",3,"all_infection_within_diet_results; DESeq2_infected_vs_control_diet_50; DESeq2_infected_vs_control_diet_33"
"LOC126284778",3,"all_infection_within_diet_results; all_model_coefficients; DESeq2_infected_vs_control_diet_50"
"LOC126284788",3,"all_infection_within_diet_results; all_model_coefficients; DESeq2_infected_vs_control_diet_50"
"LOC126284800",3,"all_infection_within_diet_results; all_model_coefficients; DESeq2_infected_vs_control_diet_50"
"LOC126284862",3,"all_infection_within_diet_results; all_model_coefficients; DESeq2_infected_vs_control_diet_50"
"LOC126284872",3,"all_infection_within_diet_results; all_model_coefficients; DESeq2_infected_vs_control_diet_50"
"LOC126284897",3,"all_infection_within_diet_results; all_model_coefficients; DESeq2_infected_vs_control_diet_50"
"LOC126284963",3,"all_infection_within_diet_results; all_model_coefficients; DESeq2_infected_vs_control_diet_50"
"LOC126285032",3,"all_infection_within_diet_results; all_model_coefficients; DESeq2_infected_vs_control_diet_50"
"LOC126285050",3,"all_infection_within_diet_results; all_model_coefficients; DESeq2_infected_vs_control_diet_50"
"LOC126285114",3,"all_infection_within_diet_results; all_model_coefficients; DESeq2_infected_vs_control_diet_50"
"LOC126285233",3,"all_infection_within_diet_results; all_model_coefficients; DESeq2_infected_vs_control_diet_50"
"LOC126285239",3,"all_infection_within_diet_results; all_model_coefficients; DESeq2_infected_vs_control_diet_50"
"LOC126285290",3,"all_infection_within_diet_results; all_model_coefficients; DESeq2_infected_vs_control_diet_50"
"LOC126285340",3,"all_infection_within_diet_results; all_model_coefficients; DESeq2_infected_vs_control_diet_50"
"LOC126285344",3,"all_infection_within_diet_results; all_model_coefficients; DESeq2_infected_vs_control_diet_50"
"LOC126285360",3,"all_infection_within_diet_results; all_model_coefficients; DESeq2_infected_vs_control_diet_50"
"LOC126285375",3,"all_infection_within_diet_results; DESeq2_infected_vs_control_diet_50; DESeq2_infected_vs_control_diet_33"
"LOC126285464",3,"all_infection_within_diet_results; all_model_coefficients; DESeq2_infected_vs_control_diet_50"
"LOC126287492",3,"all_infection_within_diet_results; all_model_coefficients; DESeq2_infected_vs_control_diet_50"
"LOC126288932",3,"all_infection_within_diet_results; all_model_coefficients; DESeq2_infected_vs_control_diet_50"
"LOC126291091",3,"all_infection_within_diet_results; all_model_coefficients; DESeq2_infected_vs_control_diet_50"
"LOC126291514",3,"all_infection_within_diet_results; DESeq2_infected_vs_control_diet_33; DESeq2_infected_vs_control_diet_83"
"LOC126291650",3,"all_infection_within_diet_results; all_model_coefficients; DESeq2_infected_vs_control_diet_50"
"LOC126291679",3,"all_infection_within_diet_results; all_model_coefficients; DESeq2_infected_vs_control_diet_50"
"LOC126291694",3,"all_infection_within_diet_results; all_model_coefficients; DESeq2_infected_vs_control_diet_50"
"LOC126291698",3,"all_infection_within_diet_results; all_model_coefficients; DESeq2_infected_vs_control_diet_50"
"LOC126291728",3,"all_infection_within_diet_results; all_model_coefficients; DESeq2_infected_vs_control_diet_50"
"LOC126291743",3,"all_infection_within_diet_results; DESeq2_infected_vs_control_diet_50; DESeq2_infected_vs_control_diet_33"
"LOC126291749",3,"all_infection_within_diet_results; all_model_coefficients; DESeq2_infected_vs_control_diet_50"
"LOC126291751",3,"all_infection_within_diet_results; all_model_coefficients; DESeq2_infected_vs_control_diet_50"
"LOC126291782",3,"all_infection_within_diet_results; all_model_coefficients; DESeq2_infected_vs_control_diet_50"
"LOC126291792",3,"all_infection_within_diet_results; all_model_coefficients; DESeq2_infected_vs_control_diet_50"
"LOC126291795",3,"all_infection_within_diet_results; all_model_coefficients; DESeq2_infected_vs_control_diet_33"
"LOC126291913",3,"all_infection_within_diet_results; all_model_coefficients; DESeq2_infected_vs_control_diet_50"
"LOC126291919",3,"all_infection_within_diet_results; DESeq2_infected_vs_control_diet_50; DESeq2_infected_vs_control_diet_33"
"LOC126291921",3,"all_infection_within_diet_results; all_model_coefficients; DESeq2_infected_vs_control_diet_50"
"LOC126291991",3,"all_infection_within_diet_results; all_model_coefficients; DESeq2_infected_vs_control_diet_50"
"LOC126292093",3,"all_infection_within_diet_results; all_model_coefficients; DESeq2_infected_vs_control_diet_50"
"LOC126292108",3,"all_infection_within_diet_results; all_model_coefficients; DESeq2_infected_vs_control_diet_50"
"LOC126292202",3,"all_infection_within_diet_results; all_model_coefficients; DESeq2_infected_vs_control_diet_50"
"LOC126292235",3,"all_infection_within_diet_results; all_model_coefficients; DESeq2_infected_vs_control_diet_50"
"LOC126292249",3,"all_model_coefficients; all_diet_pairwise_results; DESeq2_33_vs_50"
"LOC126292252",3,"all_infection_within_diet_results; all_model_coefficients; DESeq2_infected_vs_control_diet_50"
"LOC126292258",3,"all_infection_within_diet_results; all_model_coefficients; DESeq2_infected_vs_control_diet_50"
"LOC126292282",3,"all_infection_within_diet_results; all_model_coefficients; DESeq2_infected_vs_control_diet_50"
"LOC126292301",3,"all_infection_within_diet_results; all_model_coefficients; DESeq2_infected_vs_control_diet_50"
"LOC126292302",3,"all_infection_within_diet_results; all_model_coefficients; DESeq2_infected_vs_control_diet_50"
"LOC126292317",3,"all_infection_within_diet_results; DESeq2_infected_vs_control_diet_50; DESeq2_infected_vs_control_diet_33"
"LOC126292985",3,"all_infection_within_diet_results; all_model_coefficients; DESeq2_infected_vs_control_diet_50"
"LOC126293169",3,"all_infection_within_diet_results; all_model_coefficients; DESeq2_infected_vs_control_diet_83"
"LOC126293269",3,"all_infection_within_diet_results; all_model_coefficients; DESeq2_infected_vs_control_diet_50"
"LOC126293270",3,"all_infection_within_diet_results; all_model_coefficients; DESeq2_infected_vs_control_diet_50"
"LOC126293282",3,"all_infection_within_diet_results; all_model_coefficients; DESeq2_infected_vs_control_diet_50"
"LOC126293305",3,"all_infection_within_diet_results; all_model_coefficients; DESeq2_infected_vs_control_diet_50"
"LOC126293389",3,"all_infection_within_diet_results; all_model_coefficients; DESeq2_infected_vs_control_diet_50"
"LOC126293425",3,"all_infection_within_diet_results; all_model_coefficients; DESeq2_infected_vs_control_diet_50"
"LOC126293472",3,"all_infection_within_diet_results; all_model_coefficients; DESeq2_infected_vs_control_diet_50"
"LOC126293505",3,"all_infection_within_diet_results; all_model_coefficients; DESeq2_infected_vs_control_diet_50"
"LOC126293537",3,"all_infection_within_diet_results; all_model_coefficients; DESeq2_infected_vs_control_diet_50"
"LOC126293539",3,"all_infection_within_diet_results; all_model_coefficients; DESeq2_infected_vs_control_diet_50"
"LOC126293546",3,"all_infection_within_diet_results; all_model_coefficients; DESeq2_infected_vs_control_diet_50"
"LOC126293587",3,"all_infection_within_diet_results; DESeq2_infected_vs_control_diet_33; DESeq2_infected_vs_control_diet_83"
"LOC126293655",3,"all_model_coefficients; all_diet_pairwise_results; DESeq2_33_vs_50"
"LOC126293680",3,"all_infection_within_diet_results; all_model_coefficients; DESeq2_infected_vs_control_diet_50"
"LOC126293698",3,"all_infection_within_diet_results; all_model_coefficients; DESeq2_infected_vs_control_diet_50"
"LOC126293741",3,"all_infection_within_diet_results; all_model_coefficients; DESeq2_infected_vs_control_diet_50"
"LOC126293751",3,"all_infection_within_diet_results; all_model_coefficients; DESeq2_infected_vs_control_diet_50"
"LOC126294954",3,"all_infection_within_diet_results; all_model_coefficients; DESeq2_infected_vs_control_diet_50"
"LOC126294959",3,"all_infection_within_diet_results; all_model_coefficients; DESeq2_infected_vs_control_diet_50"
"LOC126295079",3,"all_infection_within_diet_results; all_model_coefficients; DESeq2_infected_vs_control_diet_50"
"LOC126295131",3,"all_infection_within_diet_results; all_model_coefficients; DESeq2_infected_vs_control_diet_50"
"LOC126295147",3,"all_infection_within_diet_results; all_model_coefficients; DESeq2_infected_vs_control_diet_50"
"LOC126295191",3,"all_infection_within_diet_results; all_model_coefficients; DESeq2_infected_vs_control_diet_50"
"LOC126295214",3,"all_infection_within_diet_results; all_model_coefficients; DESeq2_infected_vs_control_diet_50"
"LOC126295227",3,"all_infection_within_diet_results; all_model_coefficients; DESeq2_infected_vs_control_diet_50"
"LOC126295232",3,"all_infection_within_diet_results; all_model_coefficients; DESeq2_infected_vs_control_diet_50"
"LOC126295251",3,"all_infection_within_diet_results; all_model_coefficients; DESeq2_infected_vs_control_diet_50"
"LOC126295292",3,"all_infection_within_diet_results; DESeq2_infected_vs_control_diet_50; DESeq2_infected_vs_control_diet_83"
"LOC126295295",3,"all_infection_within_diet_results; all_model_coefficients; DESeq2_infected_vs_control_diet_50"
"LOC126295319",3,"all_model_coefficients; all_diet_pairwise_results; DESeq2_33_vs_83"
"LOC126295330",3,"all_infection_within_diet_results; DESeq2_infected_vs_control_diet_33; DESeq2_infected_vs_control_diet_83"
"LOC126295342",3,"all_infection_within_diet_results; all_model_coefficients; DESeq2_infected_vs_control_diet_50"
"LOC126295382",3,"all_infection_within_diet_results; all_model_coefficients; DESeq2_infected_vs_control_diet_50"
"LOC126297441",3,"all_infection_within_diet_results; all_model_coefficients; DESeq2_infected_vs_control_diet_50"
"LOC126297444",3,"all_infection_within_diet_results; all_model_coefficients; DESeq2_infected_vs_control_diet_50"
"LOC126297497",3,"all_model_coefficients; all_diet_pairwise_results; DESeq2_33_vs_50"
"LOC126297530",3,"all_infection_within_diet_results; all_model_coefficients; DESeq2_infected_vs_control_diet_50"
"LOC126297535",3,"all_infection_within_diet_results; all_model_coefficients; DESeq2_infected_vs_control_diet_50"
"LOC126297567",3,"all_infection_within_diet_results; all_model_coefficients; DESeq2_infected_vs_control_diet_50"
"LOC126297642",3,"all_infection_within_diet_results; all_model_coefficients; DESeq2_infected_vs_control_diet_33"
"LOC126297660",3,"all_infection_within_diet_results; all_model_coefficients; DESeq2_infected_vs_control_diet_50"
"LOC126297696",3,"all_infection_within_diet_results; all_model_coefficients; DESeq2_infected_vs_control_diet_50"
"LOC126297701",3,"all_infection_within_diet_results; all_model_coefficients; DESeq2_infected_vs_control_diet_50"
"LOC126297734",3,"all_infection_within_diet_results; all_model_coefficients; DESeq2_infected_vs_control_diet_50"
"LOC126297737",3,"all_infection_within_diet_results; DESeq2_infected_vs_control_diet_33; DESeq2_infected_vs_control_diet_83"
"LOC126297745",3,"all_model_coefficients; all_diet_pairwise_results; DESeq2_33_vs_50"
"LOC126297752",3,"all_infection_within_diet_results; all_model_coefficients; DESeq2_infected_vs_control_diet_50"
"LOC126297755",3,"all_infection_within_diet_results; all_model_coefficients; DESeq2_infected_vs_control_diet_50"
"LOC126297795",3,"all_infection_within_diet_results; all_model_coefficients; DESeq2_infected_vs_control_diet_50"
"LOC126297821",3,"all_infection_within_diet_results; all_model_coefficients; DESeq2_infected_vs_control_diet_50"
"LOC126297832",3,"all_model_coefficients; all_diet_pairwise_results; DESeq2_33_vs_50"
"LOC126297845",3,"all_infection_within_diet_results; all_model_coefficients; DESeq2_infected_vs_control_diet_50"
"LOC126297852",3,"all_model_coefficients; all_diet_pairwise_results; DESeq2_33_vs_50"
"LOC126297882",3,"all_infection_within_diet_results; all_model_coefficients; DESeq2_infected_vs_control_diet_50"
"LOC126297907",3,"all_infection_within_diet_results; all_model_coefficients; DESeq2_infected_vs_control_diet_50"
"LOC126297938",3,"all_infection_within_diet_results; all_model_coefficients; DESeq2_infected_vs_control_diet_50"
"LOC126298000",3,"all_infection_within_diet_results; all_model_coefficients; DESeq2_infected_vs_control_diet_50"
"LOC126298001",3,"all_infection_within_diet_results; all_model_coefficients; DESeq2_infected_vs_control_diet_50"
"LOC126298043",3,"all_infection_within_diet_results; all_model_coefficients; DESeq2_infected_vs_control_diet_50"
"LOC126298058",3,"all_model_coefficients; all_diet_pairwise_results; DESeq2_33_vs_50"
"LOC126298067",3,"all_model_coefficients; all_diet_pairwise_results; DESeq2_33_vs_83"
"LOC126298221",3,"all_infection_within_diet_results; all_model_coefficients; DESeq2_infected_vs_control_diet_50"
"LOC126298335",3,"all_infection_within_diet_results; all_model_coefficients; DESeq2_infected_vs_control_diet_50"
"LOC126298354",3,"all_infection_within_diet_results; all_model_coefficients; DESeq2_infected_vs_control_diet_50"
"LOC126298362",3,"all_infection_within_diet_results; all_model_coefficients; DESeq2_infected_vs_control_diet_50"
"LOC126298400",3,"all_infection_within_diet_results; all_model_coefficients; DESeq2_infected_vs_control_diet_50"
"LOC126298412",3,"all_infection_within_diet_results; all_model_coefficients; DESeq2_infected_vs_control_diet_50"
"LOC126298430",3,"all_infection_within_diet_results; all_model_coefficients; DESeq2_infected_vs_control_diet_50"
"LOC126298442",3,"all_infection_within_diet_results; all_model_coefficients; DESeq2_infected_vs_control_diet_50"
"LOC126298477",3,"all_infection_within_diet_results; all_model_coefficients; DESeq2_infected_vs_control_diet_50"
"LOC126298492",3,"all_infection_within_diet_results; all_model_coefficients; DESeq2_infected_vs_control_diet_50"
"LOC126298522",3,"all_model_coefficients; all_diet_pairwise_results; DESeq2_33_vs_50"
"LOC126298530",3,"all_infection_within_diet_results; all_model_coefficients; DESeq2_infected_vs_control_diet_50"
"LOC126298543",3,"all_infection_within_diet_results; all_model_coefficients; DESeq2_infected_vs_control_diet_50"
"LOC126298558",3,"all_infection_within_diet_results; all_model_coefficients; DESeq2_infected_vs_control_diet_50"
"LOC126298594",3,"all_infection_within_diet_results; all_model_coefficients; DESeq2_infected_vs_control_diet_50"
"LOC126298602",3,"all_infection_within_diet_results; all_model_coefficients; DESeq2_infected_vs_control_diet_50"
"LOC126298613",3,"all_infection_within_diet_results; all_model_coefficients; DESeq2_infected_vs_control_diet_50"
"LOC126298632",3,"all_model_coefficients; all_diet_pairwise_results; DESeq2_33_vs_50"
"LOC126298694",3,"all_infection_within_diet_results; all_model_coefficients; DESeq2_infected_vs_control_diet_83"
"LOC126298763",3,"all_infection_within_diet_results; DESeq2_infected_vs_control_diet_50; DESeq2_infected_vs_control_diet_83"
"LOC126298774",3,"all_diet_pairwise_results; DESeq2_33_vs_83; DESeq2_50_vs_83"
"LOC126298785",3,"all_infection_within_diet_results; all_model_coefficients; DESeq2_infected_vs_control_diet_50"
"LOC126298857",3,"all_infection_within_diet_results; all_model_coefficients; DESeq2_infected_vs_control_diet_50"
"LOC126298861",3,"all_infection_within_diet_results; all_model_coefficients; DESeq2_infected_vs_control_diet_50"
"LOC126298915",3,"all_infection_within_diet_results; all_model_coefficients; DESeq2_infected_vs_control_diet_50"
"LOC126298961",3,"all_infection_within_diet_results; all_model_coefficients; DESeq2_infected_vs_control_diet_33"
"LOC126298992",3,"all_infection_within_diet_results; all_model_coefficients; DESeq2_infected_vs_control_diet_50"
"LOC126299002",3,"all_infection_within_diet_results; all_model_coefficients; DESeq2_infected_vs_control_diet_50"
"LOC126299020",3,"all_infection_within_diet_results; all_model_coefficients; DESeq2_infected_vs_control_diet_50"
"LOC126299034",3,"all_infection_within_diet_results; all_model_coefficients; DESeq2_infected_vs_control_diet_50"
"LOC126299045",3,"all_infection_within_diet_results; all_model_coefficients; DESeq2_infected_vs_control_diet_50"
"LOC126299077",3,"all_model_coefficients; all_diet_pairwise_results; DESeq2_33_vs_83"
"LOC126299097",3,"all_infection_within_diet_results; all_model_coefficients; DESeq2_infected_vs_control_diet_50"
"LOC126299147",3,"all_infection_within_diet_results; all_model_coefficients; DESeq2_infected_vs_control_diet_50"
"LOC126299157",3,"all_infection_within_diet_results; all_model_coefficients; DESeq2_infected_vs_control_diet_50"
"LOC126299186",3,"all_infection_within_diet_results; all_model_coefficients; DESeq2_infected_vs_control_diet_50"
"LOC126299193",3,"all_infection_within_diet_results; all_model_coefficients; DESeq2_infected_vs_control_diet_50"
"LOC126299220",3,"all_infection_within_diet_results; all_model_coefficients; DESeq2_infected_vs_control_diet_50"
"LOC126299232",3,"all_infection_within_diet_results; DESeq2_infected_vs_control_diet_33; DESeq2_infected_vs_control_diet_83"
"LOC126299253",3,"all_infection_within_diet_results; all_model_coefficients; DESeq2_infected_vs_control_diet_50"
"LOC126299259",3,"all_model_coefficients; all_diet_pairwise_results; DESeq2_33_vs_50"
"LOC126299287",3,"all_infection_within_diet_results; all_model_coefficients; DESeq2_infected_vs_control_diet_50"
"LOC126299290",3,"all_infection_within_diet_results; all_model_coefficients; DESeq2_infected_vs_control_diet_50"
"LOC126299298",3,"all_infection_within_diet_results; all_model_coefficients; DESeq2_infected_vs_control_diet_50"
"LOC126299336",3,"all_infection_within_diet_results; all_model_coefficients; DESeq2_infected_vs_control_diet_50"
"LOC126299461",3,"all_infection_within_diet_results; DESeq2_infected_vs_control_diet_33; DESeq2_infected_vs_control_diet_83"
"LOC126299471",3,"all_infection_within_diet_results; all_model_coefficients; DESeq2_infected_vs_control_diet_50"
"LOC126299514",3,"all_infection_within_diet_results; all_model_coefficients; DESeq2_infected_vs_control_diet_50"
"LOC126299546",3,"all_infection_within_diet_results; DESeq2_infected_vs_control_diet_33; DESeq2_infected_vs_control_diet_83"
"LOC126301290",3,"all_infection_within_diet_results; all_model_coefficients; DESeq2_infected_vs_control_diet_50"
"LOC126301292",3,"all_infection_within_diet_results; all_model_coefficients; DESeq2_infected_vs_control_diet_33"
"LOC126301293",3,"all_infection_within_diet_results; all_model_coefficients; DESeq2_infected_vs_control_diet_50"
"LOC126301637",3,"all_infection_within_diet_results; all_model_coefficients; DESeq2_infected_vs_control_diet_50"
"LOC126301648",3,"all_infection_within_diet_results; all_model_coefficients; DESeq2_infected_vs_control_diet_50"
"LOC126301657",3,"all_infection_within_diet_results; all_model_coefficients; DESeq2_infected_vs_control_diet_50"
"LOC126302167",3,"all_infection_within_diet_results; all_model_coefficients; DESeq2_infected_vs_control_diet_50"
"LOC126302181",3,"all_infection_within_diet_results; all_model_coefficients; DESeq2_infected_vs_control_diet_50"
"LOC126302184",3,"all_model_coefficients; all_diet_pairwise_results; DESeq2_50_vs_83"
"LOC126302232",3,"all_infection_within_diet_results; all_model_coefficients; DESeq2_infected_vs_control_diet_83"
"LOC126302399",3,"all_infection_within_diet_results; all_model_coefficients; DESeq2_infected_vs_control_diet_50"
"LOC126302565",3,"all_infection_within_diet_results; all_model_coefficients; DESeq2_infected_vs_control_diet_50"
"LOC126302631",3,"all_infection_within_diet_results; all_model_coefficients; DESeq2_infected_vs_control_diet_50"
"LOC126302897",3,"all_infection_within_diet_results; all_model_coefficients; DESeq2_infected_vs_control_diet_50"
"LOC126305057",3,"all_infection_within_diet_results; all_model_coefficients; DESeq2_infected_vs_control_diet_50"
"LOC126305058",3,"all_infection_within_diet_results; all_model_coefficients; DESeq2_infected_vs_control_diet_50"
"LOC126305117",3,"all_infection_within_diet_results; all_model_coefficients; DESeq2_infected_vs_control_diet_50"
"LOC126305118",3,"all_infection_within_diet_results; all_model_coefficients; DESeq2_infected_vs_control_diet_50"
"LOC126305238",3,"all_infection_within_diet_results; DESeq2_infected_vs_control_diet_50; DESeq2_infected_vs_control_diet_33"
"LOC126306412",3,"all_infection_within_diet_results; all_model_coefficients; DESeq2_infected_vs_control_diet_83"
"LOC126306432",3,"all_infection_within_diet_results; all_model_coefficients; DESeq2_infected_vs_control_diet_50"
"LOC126306464",3,"all_infection_within_diet_results; all_model_coefficients; DESeq2_infected_vs_control_diet_50"
"LOC126307610",3,"all_infection_within_diet_results; all_model_coefficients; DESeq2_infected_vs_control_diet_50"
"LOC126307654",3,"all_infection_within_diet_results; all_model_coefficients; DESeq2_infected_vs_control_diet_83"
"LOC126309706",3,"all_infection_within_diet_results; all_model_coefficients; DESeq2_infected_vs_control_diet_50"
"LOC126309740",3,"all_infection_within_diet_results; DESeq2_infected_vs_control_diet_33; DESeq2_infected_vs_control_diet_83"
"LOC126310129",3,"all_infection_within_diet_results; all_model_coefficients; DESeq2_infected_vs_control_diet_50"
"LOC126311259",3,"all_infection_within_diet_results; all_model_coefficients; DESeq2_infected_vs_control_diet_50"
"LOC126311851",3,"all_infection_within_diet_results; all_model_coefficients; DESeq2_infected_vs_control_diet_50"
"LOC126313198",3,"all_infection_within_diet_results; all_model_coefficients; DESeq2_infected_vs_control_diet_50"
"LOC126313201",3,"all_infection_within_diet_results; all_model_coefficients; DESeq2_infected_vs_control_diet_33"
"LOC126313206",3,"all_infection_within_diet_results; all_model_coefficients; DESeq2_infected_vs_control_diet_50"
"LOC126315622",3,"all_infection_within_diet_results; all_model_coefficients; DESeq2_infected_vs_control_diet_50"
"LOC126320083",3,"all_infection_within_diet_results; all_model_coefficients; DESeq2_infected_vs_control_diet_33"
"LOC126320178",3,"all_infection_within_diet_results; all_model_coefficients; DESeq2_infected_vs_control_diet_50"
"LOC126320541",3,"all_infection_within_diet_results; all_model_coefficients; DESeq2_infected_vs_control_diet_50"
"LOC126322142",3,"all_infection_within_diet_results; all_model_coefficients; DESeq2_infected_vs_control_diet_50"
"LOC126322854",3,"all_infection_within_diet_results; all_model_coefficients; DESeq2_infected_vs_control_diet_50"
"LOC126322939",3,"all_infection_within_diet_results; all_model_coefficients; DESeq2_infected_vs_control_diet_50"
"LOC126322960",3,"all_infection_within_diet_results; all_model_coefficients; DESeq2_infected_vs_control_diet_50"
"LOC126323231",3,"all_infection_within_diet_results; all_model_coefficients; DESeq2_infected_vs_control_diet_50"
"LOC126323251",3,"all_infection_within_diet_results; all_model_coefficients; DESeq2_infected_vs_control_diet_50"
"LOC126323656",3,"all_infection_within_diet_results; DESeq2_infected_vs_control_diet_50; DESeq2_infected_vs_control_diet_83"
"LOC126324201",3,"all_infection_within_diet_results; all_model_coefficients; DESeq2_infected_vs_control_diet_50"
"LOC126324229",3,"all_infection_within_diet_results; all_model_coefficients; DESeq2_infected_vs_control_diet_33"
"LOC126324491",3,"all_infection_within_diet_results; all_model_coefficients; DESeq2_infected_vs_control_diet_50"
"LOC126324735",3,"all_infection_within_diet_results; all_model_coefficients; DESeq2_infected_vs_control_diet_50"
"LOC126326193",3,"all_infection_within_diet_results; all_model_coefficients; DESeq2_infected_vs_control_diet_50"
"LOC126326589",3,"all_infection_within_diet_results; all_model_coefficients; DESeq2_infected_vs_control_diet_50"
"LOC126327089",3,"all_infection_within_diet_results; DESeq2_infected_vs_control_diet_50; DESeq2_infected_vs_control_diet_33"
"LOC126329244",3,"all_infection_within_diet_results; all_model_coefficients; DESeq2_infected_vs_control_diet_50"
"LOC126329315",3,"all_infection_within_diet_results; all_model_coefficients; DESeq2_infected_vs_control_diet_50"
"LOC126329331",3,"all_infection_within_diet_results; all_model_coefficients; DESeq2_infected_vs_control_diet_83"
"LOC126329703",3,"all_infection_within_diet_results; all_model_coefficients; DESeq2_infected_vs_control_diet_50"
"LOC126330110",3,"all_infection_within_diet_results; all_model_coefficients; DESeq2_infected_vs_control_diet_50"
"LOC126331446",3,"all_infection_within_diet_results; all_model_coefficients; DESeq2_infected_vs_control_diet_50"
"LOC126332098",3,"all_infection_within_diet_results; DESeq2_infected_vs_control_diet_50; DESeq2_infected_vs_control_diet_33"
"LOC126332151",3,"all_infection_within_diet_results; DESeq2_infected_vs_control_diet_33; DESeq2_infected_vs_control_diet_83"
"LOC126332401",3,"all_infection_within_diet_results; all_model_coefficients; DESeq2_infected_vs_control_diet_50"
"LOC126332411",3,"all_infection_within_diet_results; all_model_coefficients; DESeq2_infected_vs_control_diet_50"
"LOC126332601",3,"all_infection_within_diet_results; DESeq2_infected_vs_control_diet_50; DESeq2_infected_vs_control_diet_33"
"LOC126332633",3,"all_infection_within_diet_results; DESeq2_infected_vs_control_diet_50; DESeq2_infected_vs_control_diet_33"
"LOC126332816",3,"all_infection_within_diet_results; all_model_coefficients; DESeq2_infected_vs_control_diet_50"
"LOC126333165",3,"all_infection_within_diet_results; all_model_coefficients; DESeq2_infected_vs_control_diet_50"
"LOC126333352",3,"all_infection_within_diet_results; all_model_coefficients; DESeq2_infected_vs_control_diet_83"
"LOC126333363",3,"all_infection_within_diet_results; DESeq2_infected_vs_control_diet_33; DESeq2_infected_vs_control_diet_83"
"LOC126333554",3,"all_infection_within_diet_results; all_model_coefficients; DESeq2_infected_vs_control_diet_50"
"LOC126333672",3,"all_infection_within_diet_results; all_model_coefficients; DESeq2_infected_vs_control_diet_50"
"LOC126334561",3,"all_infection_within_diet_results; all_model_coefficients; DESeq2_infected_vs_control_diet_50"
"LOC126334600",3,"all_diet_pairwise_results; DESeq2_33_vs_83; DESeq2_50_vs_83"
"LOC126334614",3,"all_infection_within_diet_results; all_model_coefficients; DESeq2_infected_vs_control_diet_33"
"LOC126334633",3,"all_infection_within_diet_results; all_model_coefficients; DESeq2_infected_vs_control_diet_50"
"LOC126334635",3,"all_infection_within_diet_results; all_model_coefficients; DESeq2_infected_vs_control_diet_50"
"LOC126334637",3,"all_infection_within_diet_results; all_model_coefficients; DESeq2_infected_vs_control_diet_50"
"LOC126334657",3,"all_infection_within_diet_results; all_model_coefficients; DESeq2_infected_vs_control_diet_50"
"LOC126334681",3,"all_infection_within_diet_results; DESeq2_infected_vs_control_diet_50; DESeq2_infected_vs_control_diet_33"
"LOC126334701",3,"all_infection_within_diet_results; all_model_coefficients; DESeq2_infected_vs_control_diet_50"
"LOC126334702",3,"all_infection_within_diet_results; all_model_coefficients; DESeq2_infected_vs_control_diet_50"
"LOC126334706",3,"all_infection_within_diet_results; all_model_coefficients; DESeq2_infected_vs_control_diet_50"
"LOC126334779",3,"all_infection_within_diet_results; all_model_coefficients; DESeq2_infected_vs_control_diet_50"
"LOC126334780",3,"all_infection_within_diet_results; all_model_coefficients; DESeq2_infected_vs_control_diet_50"
"LOC126334820",3,"all_infection_within_diet_results; all_model_coefficients; DESeq2_infected_vs_control_diet_50"
"LOC126334841",3,"all_infection_within_diet_results; all_model_coefficients; DESeq2_infected_vs_control_diet_50"
"LOC126334848",3,"all_infection_within_diet_results; all_model_coefficients; DESeq2_infected_vs_control_diet_50"
"LOC126334853",3,"all_infection_within_diet_results; all_model_coefficients; DESeq2_infected_vs_control_diet_50"
"LOC126334857",3,"all_infection_within_diet_results; all_model_coefficients; DESeq2_infected_vs_control_diet_50"
"LOC126334861",3,"all_infection_within_diet_results; all_model_coefficients; DESeq2_infected_vs_control_diet_50"
"LOC126334867",3,"all_infection_within_diet_results; all_model_coefficients; DESeq2_infected_vs_control_diet_50"
"LOC126334873",3,"all_infection_within_diet_results; all_model_coefficients; DESeq2_infected_vs_control_diet_50"
"LOC126334879",3,"all_infection_within_diet_results; all_model_coefficients; DESeq2_infected_vs_control_diet_50"
"LOC126334929",3,"all_infection_within_diet_results; all_model_coefficients; DESeq2_infected_vs_control_diet_50"
"LOC126334985",3,"all_infection_within_diet_results; all_model_coefficients; DESeq2_infected_vs_control_diet_50"
"LOC126334998",3,"all_infection_within_diet_results; all_model_coefficients; DESeq2_infected_vs_control_diet_50"
"LOC126335001",3,"all_infection_within_diet_results; DESeq2_infected_vs_control_diet_33; DESeq2_infected_vs_control_diet_83"
"LOC126335045",3,"all_infection_within_diet_results; all_model_coefficients; DESeq2_infected_vs_control_diet_50"
"LOC126335080",3,"all_infection_within_diet_results; all_model_coefficients; DESeq2_infected_vs_control_diet_50"
"LOC126335100",3,"all_infection_within_diet_results; all_model_coefficients; DESeq2_infected_vs_control_diet_50"
"LOC126335136",3,"all_infection_within_diet_results; all_model_coefficients; DESeq2_infected_vs_control_diet_50"
"LOC126335141",3,"all_infection_within_diet_results; all_model_coefficients; DESeq2_infected_vs_control_diet_50"
"LOC126335165",3,"all_infection_within_diet_results; all_model_coefficients; DESeq2_infected_vs_control_diet_50"
"LOC126335171",3,"all_infection_within_diet_results; all_model_coefficients; DESeq2_infected_vs_control_diet_50"
"LOC126335181",3,"all_infection_within_diet_results; all_model_coefficients; DESeq2_infected_vs_control_diet_50"
"LOC126335184",3,"all_infection_within_diet_results; all_model_coefficients; DESeq2_infected_vs_control_diet_50"
"LOC126335186",3,"all_infection_within_diet_results; all_model_coefficients; DESeq2_infected_vs_control_diet_50"
"LOC126335199",3,"all_infection_within_diet_results; all_model_coefficients; DESeq2_infected_vs_control_diet_50"
"LOC126335258",3,"all_infection_within_diet_results; all_model_coefficients; DESeq2_infected_vs_control_diet_50"
"LOC126335294",3,"all_infection_within_diet_results; all_model_coefficients; DESeq2_infected_vs_control_diet_50"
"LOC126335320",3,"all_infection_within_diet_results; DESeq2_infected_vs_control_diet_50; DESeq2_infected_vs_control_diet_33"
"LOC126335350",3,"all_infection_within_diet_results; all_model_coefficients; DESeq2_infected_vs_control_diet_50"
"LOC126335373",3,"all_infection_within_diet_results; all_model_coefficients; DESeq2_infected_vs_control_diet_50"
"LOC126335450",3,"all_infection_within_diet_results; all_model_coefficients; DESeq2_infected_vs_control_diet_50"
"LOC126335471",3,"all_infection_within_diet_results; all_model_coefficients; DESeq2_infected_vs_control_diet_50"
"LOC126335515",3,"all_infection_within_diet_results; all_model_coefficients; DESeq2_infected_vs_control_diet_50"
"LOC126335518",3,"all_infection_within_diet_results; DESeq2_infected_vs_control_diet_50; DESeq2_infected_vs_control_diet_33"
"LOC126335544",3,"all_infection_within_diet_results; all_model_coefficients; DESeq2_infected_vs_control_diet_50"
"LOC126335563",3,"all_infection_within_diet_results; all_model_coefficients; DESeq2_infected_vs_control_diet_50"
"LOC126335577",3,"all_infection_within_diet_results; all_model_coefficients; DESeq2_infected_vs_control_diet_50"
"LOC126335593",3,"all_infection_within_diet_results; all_model_coefficients; DESeq2_infected_vs_control_diet_50"
"LOC126335613",3,"all_diet_pairwise_results; DESeq2_33_vs_50; DESeq2_33_vs_83"
"LOC126335669",3,"all_infection_within_diet_results; all_model_coefficients; DESeq2_infected_vs_control_diet_50"
"LOC126335679",3,"all_infection_within_diet_results; all_model_coefficients; DESeq2_infected_vs_control_diet_50"
"LOC126335680",3,"all_infection_within_diet_results; all_model_coefficients; DESeq2_infected_vs_control_diet_50"
"LOC126335707",3,"all_infection_within_diet_results; all_model_coefficients; DESeq2_infected_vs_control_diet_50"
"LOC126335750",3,"all_infection_within_diet_results; DESeq2_infected_vs_control_diet_50; DESeq2_infected_vs_control_diet_33"
"LOC126335801",3,"all_infection_within_diet_results; all_model_coefficients; DESeq2_infected_vs_control_diet_50"
"LOC126335805",3,"all_infection_within_diet_results; all_model_coefficients; DESeq2_infected_vs_control_diet_50"
"LOC126335883",3,"all_infection_within_diet_results; all_model_coefficients; DESeq2_infected_vs_control_diet_50"
"LOC126335941",3,"all_infection_within_diet_results; all_model_coefficients; DESeq2_infected_vs_control_diet_50"
"LOC126336036",3,"all_infection_within_diet_results; all_model_coefficients; DESeq2_infected_vs_control_diet_50"
"LOC126336038",3,"all_infection_within_diet_results; all_model_coefficients; DESeq2_infected_vs_control_diet_50"
"LOC126336081",3,"all_infection_within_diet_results; all_model_coefficients; DESeq2_infected_vs_control_diet_50"
"LOC126336092",3,"all_infection_within_diet_results; all_model_coefficients; DESeq2_infected_vs_control_diet_50"
"LOC126336109",3,"all_infection_within_diet_results; all_model_coefficients; DESeq2_infected_vs_control_diet_33"
"LOC126336170",3,"all_infection_within_diet_results; all_model_coefficients; DESeq2_infected_vs_control_diet_50"
"LOC126336171",3,"all_infection_within_diet_results; all_model_coefficients; DESeq2_infected_vs_control_diet_50"
"LOC126336201",3,"all_infection_within_diet_results; all_model_coefficients; DESeq2_infected_vs_control_diet_50"
"LOC126336220",3,"all_infection_within_diet_results; all_model_coefficients; DESeq2_infected_vs_control_diet_50"
"LOC126336225",3,"all_infection_within_diet_results; all_model_coefficients; DESeq2_infected_vs_control_diet_83"
"LOC126336288",3,"all_model_coefficients; all_diet_pairwise_results; DESeq2_33_vs_50"
"LOC126336309",3,"all_infection_within_diet_results; all_model_coefficients; DESeq2_infected_vs_control_diet_50"
"LOC126336417",3,"all_infection_within_diet_results; all_model_coefficients; DESeq2_infected_vs_control_diet_50"
"LOC126336425",3,"all_infection_within_diet_results; all_model_coefficients; DESeq2_infected_vs_control_diet_50"
"LOC126336474",3,"all_model_coefficients; all_diet_pairwise_results; DESeq2_33_vs_50"
"LOC126336488",3,"all_infection_within_diet_results; all_model_coefficients; DESeq2_infected_vs_control_diet_50"
"LOC126336492",3,"all_infection_within_diet_results; all_model_coefficients; DESeq2_infected_vs_control_diet_50"
"LOC126336504",3,"all_infection_within_diet_results; all_model_coefficients; DESeq2_infected_vs_control_diet_50"
"LOC126336509",3,"all_infection_within_diet_results; all_model_coefficients; DESeq2_infected_vs_control_diet_50"
"LOC126336542",3,"all_infection_within_diet_results; DESeq2_infected_vs_control_diet_50; DESeq2_infected_vs_control_diet_33"
"LOC126336547",3,"all_infection_within_diet_results; all_model_coefficients; DESeq2_infected_vs_control_diet_50"
"LOC126336562",3,"all_infection_within_diet_results; all_model_coefficients; DESeq2_infected_vs_control_diet_50"
"LOC126336598",3,"all_infection_within_diet_results; all_model_coefficients; DESeq2_infected_vs_control_diet_50"
"LOC126336605",3,"all_infection_within_diet_results; all_model_coefficients; DESeq2_infected_vs_control_diet_50"
"LOC126336607",3,"all_infection_within_diet_results; all_model_coefficients; DESeq2_infected_vs_control_diet_50"
"LOC126336619",3,"all_infection_within_diet_results; all_model_coefficients; DESeq2_infected_vs_control_diet_50"
"LOC126336678",3,"all_infection_within_diet_results; all_model_coefficients; DESeq2_infected_vs_control_diet_50"
"LOC126336687",3,"all_infection_within_diet_results; DESeq2_infected_vs_control_diet_33; DESeq2_infected_vs_control_diet_83"
"LOC126336698",3,"all_infection_within_diet_results; all_model_coefficients; DESeq2_infected_vs_control_diet_50"
"LOC126336702",3,"all_infection_within_diet_results; all_model_coefficients; DESeq2_infected_vs_control_diet_50"
"LOC126336703",3,"all_infection_within_diet_results; all_model_coefficients; DESeq2_infected_vs_control_diet_50"
"LOC126336714",3,"all_infection_within_diet_results; DESeq2_infected_vs_control_diet_33; DESeq2_infected_vs_control_diet_83"
"LOC126336722",3,"all_infection_within_diet_results; all_model_coefficients; DESeq2_infected_vs_control_diet_50"
"LOC126336742",3,"all_model_coefficients; all_diet_pairwise_results; DESeq2_33_vs_50"
"LOC126336744",3,"all_diet_pairwise_results; DESeq2_33_vs_50; DESeq2_33_vs_83"
"LOC126336767",3,"all_infection_within_diet_results; all_model_coefficients; DESeq2_infected_vs_control_diet_50"
"LOC126336773",3,"all_infection_within_diet_results; all_model_coefficients; DESeq2_infected_vs_control_diet_50"
"LOC126336809",3,"all_infection_within_diet_results; all_model_coefficients; DESeq2_infected_vs_control_diet_50"
"LOC126336868",3,"all_infection_within_diet_results; DESeq2_infected_vs_control_diet_50; DESeq2_infected_vs_control_diet_83"
"LOC126336873",3,"all_infection_within_diet_results; all_model_coefficients; DESeq2_infected_vs_control_diet_50"
"LOC126336958",3,"all_infection_within_diet_results; DESeq2_infected_vs_control_diet_50; DESeq2_infected_vs_control_diet_33"
"LOC126336972",3,"all_infection_within_diet_results; all_model_coefficients; DESeq2_infected_vs_control_diet_50"
"LOC126336978",3,"all_infection_within_diet_results; DESeq2_infected_vs_control_diet_50; DESeq2_infected_vs_control_diet_83"
"LOC126337020",3,"all_infection_within_diet_results; all_model_coefficients; DESeq2_infected_vs_control_diet_50"
"LOC126337058",3,"all_infection_within_diet_results; all_model_coefficients; DESeq2_infected_vs_control_diet_33"
"LOC126337066",3,"all_infection_within_diet_results; DESeq2_infected_vs_control_diet_50; DESeq2_infected_vs_control_diet_83"
"LOC126337069",3,"all_infection_within_diet_results; all_model_coefficients; DESeq2_infected_vs_control_diet_50"
"LOC126337753",3,"all_infection_within_diet_results; DESeq2_infected_vs_control_diet_50; DESeq2_infected_vs_control_diet_33"
"LOC126338336",3,"all_model_coefficients; all_diet_pairwise_results; DESeq2_33_vs_50"
"LOC126340111",3,"all_infection_within_diet_results; all_model_coefficients; DESeq2_infected_vs_control_diet_50"
"LOC126343848",3,"all_infection_within_diet_results; all_model_coefficients; DESeq2_infected_vs_control_diet_33"
"LOC126344496",3,"all_infection_within_diet_results; all_model_coefficients; DESeq2_infected_vs_control_diet_50"
"LOC126345189",3,"all_infection_within_diet_results; all_model_coefficients; DESeq2_infected_vs_control_diet_50"
"LOC126345263",3,"all_infection_within_diet_results; all_model_coefficients; DESeq2_infected_vs_control_diet_50"
"LOC126345346",3,"all_infection_within_diet_results; all_model_coefficients; DESeq2_infected_vs_control_diet_50"
"LOC126346336",3,"all_infection_within_diet_results; DESeq2_infected_vs_control_diet_33; DESeq2_infected_vs_control_diet_83"
"LOC126346522",3,"all_infection_within_diet_results; all_model_coefficients; DESeq2_infected_vs_control_diet_50"
"LOC126346564",3,"all_infection_within_diet_results; all_model_coefficients; DESeq2_infected_vs_control_diet_50"
"LOC126346606",3,"all_infection_within_diet_results; all_model_coefficients; DESeq2_infected_vs_control_diet_50"
"LOC126346622",3,"all_infection_within_diet_results; all_model_coefficients; DESeq2_infected_vs_control_diet_50"
"LOC126346830",3,"all_model_coefficients; all_diet_pairwise_results; DESeq2_33_vs_50"
"LOC126346953",3,"all_infection_within_diet_results; all_model_coefficients; DESeq2_infected_vs_control_diet_50"
"LOC126349353",3,"all_infection_within_diet_results; DESeq2_infected_vs_control_diet_33; DESeq2_infected_vs_control_diet_83"
"LOC126349907",3,"all_model_coefficients; all_diet_pairwise_results; DESeq2_50_vs_83"
"LOC126350022",3,"all_infection_within_diet_results; all_model_coefficients; DESeq2_infected_vs_control_diet_50"
"LOC126351095",3,"all_infection_within_diet_results; all_model_coefficients; DESeq2_infected_vs_control_diet_50"
"LOC126351101",3,"all_infection_within_diet_results; all_model_coefficients; DESeq2_infected_vs_control_diet_50"
"LOC126351672",3,"all_diet_pairwise_results; DESeq2_33_vs_83; DESeq2_50_vs_83"
"LOC126351894",3,"all_infection_within_diet_results; all_model_coefficients; DESeq2_infected_vs_control_diet_50"
"LOC126353181",3,"all_infection_within_diet_results; all_model_coefficients; DESeq2_infected_vs_control_diet_50"
"LOC126353821",3,"all_infection_within_diet_results; all_model_coefficients; DESeq2_infected_vs_control_diet_50"
"LOC126353835",3,"all_infection_within_diet_results; all_model_coefficients; DESeq2_infected_vs_control_diet_50"
"LOC126353850",3,"all_infection_within_diet_results; all_model_coefficients; DESeq2_infected_vs_control_diet_50"
"LOC126353858",3,"all_model_coefficients; all_diet_pairwise_results; DESeq2_33_vs_50"
"LOC126353859",3,"all_infection_within_diet_results; all_model_coefficients; DESeq2_infected_vs_control_diet_50"
"LOC126353907",3,"all_infection_within_diet_results; all_model_coefficients; DESeq2_infected_vs_control_diet_50"
"LOC126353947",3,"all_infection_within_diet_results; all_model_coefficients; DESeq2_infected_vs_control_diet_50"
"LOC126353948",3,"all_infection_within_diet_results; all_model_coefficients; DESeq2_infected_vs_control_diet_50"
"LOC126353957",3,"all_infection_within_diet_results; all_model_coefficients; DESeq2_infected_vs_control_diet_50"
"LOC126354006",3,"all_model_coefficients; all_diet_pairwise_results; DESeq2_33_vs_50"
"LOC126354008",3,"all_infection_within_diet_results; all_model_coefficients; DESeq2_infected_vs_control_diet_50"
"LOC126354039",3,"all_infection_within_diet_results; all_model_coefficients; DESeq2_infected_vs_control_diet_33"
"LOC126354088",3,"all_infection_within_diet_results; all_model_coefficients; DESeq2_infected_vs_control_diet_50"
"LOC126354110",3,"all_infection_within_diet_results; all_model_coefficients; DESeq2_infected_vs_control_diet_50"
"LOC126354118",3,"all_infection_within_diet_results; all_model_coefficients; DESeq2_infected_vs_control_diet_50"
"LOC126354163",3,"all_infection_within_diet_results; all_model_coefficients; DESeq2_infected_vs_control_diet_50"
"LOC126354174",3,"all_infection_within_diet_results; all_model_coefficients; DESeq2_infected_vs_control_diet_50"
"LOC126354186",3,"all_infection_within_diet_results; DESeq2_infected_vs_control_diet_33; DESeq2_infected_vs_control_diet_83"
"LOC126354197",3,"all_infection_within_diet_results; DESeq2_infected_vs_control_diet_50; DESeq2_infected_vs_control_diet_33"
"LOC126354198",3,"all_infection_within_diet_results; DESeq2_infected_vs_control_diet_50; DESeq2_infected_vs_control_diet_33"
"LOC126354211",3,"all_infection_within_diet_results; all_model_coefficients; DESeq2_infected_vs_control_diet_50"
"LOC126354217",3,"all_infection_within_diet_results; all_model_coefficients; DESeq2_infected_vs_control_diet_50"
"LOC126354218",3,"all_infection_within_diet_results; all_model_coefficients; DESeq2_infected_vs_control_diet_50"
"LOC126354268",3,"all_infection_within_diet_results; DESeq2_infected_vs_control_diet_33; DESeq2_infected_vs_control_diet_83"
"LOC126354272",3,"all_infection_within_diet_results; DESeq2_infected_vs_control_diet_50; DESeq2_infected_vs_control_diet_33"
"LOC126354276",3,"all_infection_within_diet_results; all_model_coefficients; DESeq2_infected_vs_control_diet_50"
"LOC126354321",3,"all_infection_within_diet_results; all_model_coefficients; DESeq2_infected_vs_control_diet_50"
"LOC126354323",3,"all_infection_within_diet_results; all_model_coefficients; DESeq2_infected_vs_control_diet_50"
"LOC126354339",3,"all_infection_within_diet_results; all_model_coefficients; DESeq2_infected_vs_control_diet_50"
"LOC126354344",3,"all_infection_within_diet_results; DESeq2_infected_vs_control_diet_33; DESeq2_infected_vs_control_diet_83"
"LOC126354378",3,"all_infection_within_diet_results; all_model_coefficients; DESeq2_infected_vs_control_diet_50"
"LOC126354379",3,"all_infection_within_diet_results; all_model_coefficients; DESeq2_infected_vs_control_diet_50"
"LOC126354396",3,"all_infection_within_diet_results; all_model_coefficients; DESeq2_infected_vs_control_diet_50"
"LOC126354433",3,"all_infection_within_diet_results; all_model_coefficients; DESeq2_infected_vs_control_diet_50"
"LOC126354439",3,"all_infection_within_diet_results; all_model_coefficients; DESeq2_infected_vs_control_diet_50"
"LOC126354448",3,"all_infection_within_diet_results; all_model_coefficients; DESeq2_infected_vs_control_diet_50"
"LOC126354451",3,"all_infection_within_diet_results; all_model_coefficients; DESeq2_infected_vs_control_diet_50"
"LOC126354459",3,"all_infection_within_diet_results; all_model_coefficients; DESeq2_infected_vs_control_diet_50"
"LOC126354510",3,"all_diet_pairwise_results; DESeq2_33_vs_83; DESeq2_50_vs_83"
"LOC126354538",3,"all_infection_within_diet_results; all_model_coefficients; DESeq2_infected_vs_control_diet_50"
"LOC126354574",3,"all_infection_within_diet_results; all_model_coefficients; DESeq2_infected_vs_control_diet_50"
"LOC126354590",3,"all_infection_within_diet_results; all_model_coefficients; DESeq2_infected_vs_control_diet_50"
"LOC126354602",3,"all_infection_within_diet_results; all_model_coefficients; DESeq2_infected_vs_control_diet_50"
"LOC126354610",3,"all_diet_pairwise_results; DESeq2_33_vs_83; DESeq2_50_vs_83"
"LOC126354628",3,"all_model_coefficients; all_diet_pairwise_results; DESeq2_33_vs_50"
"LOC126354642",3,"all_infection_within_diet_results; all_model_coefficients; DESeq2_infected_vs_control_diet_50"
"LOC126354668",3,"all_infection_within_diet_results; all_model_coefficients; DESeq2_infected_vs_control_diet_50"
"LOC126354695",3,"all_infection_within_diet_results; all_model_coefficients; DESeq2_infected_vs_control_diet_50"
"LOC126354701",3,"all_infection_within_diet_results; DESeq2_infected_vs_control_diet_33; DESeq2_infected_vs_control_diet_83"
"LOC126354704",3,"all_infection_within_diet_results; all_model_coefficients; DESeq2_infected_vs_control_diet_50"
"LOC126354705",3,"all_model_coefficients; all_diet_pairwise_results; DESeq2_33_vs_50"
"LOC126354720",3,"all_infection_within_diet_results; all_model_coefficients; DESeq2_infected_vs_control_diet_50"
"LOC126354722",3,"all_model_coefficients; all_diet_pairwise_results; DESeq2_33_vs_50"
"LOC126354729",3,"all_infection_within_diet_results; all_model_coefficients; DESeq2_infected_vs_control_diet_50"
"LOC126354753",3,"all_infection_within_diet_results; all_model_coefficients; DESeq2_infected_vs_control_diet_50"
"LOC126354780",3,"all_infection_within_diet_results; all_model_coefficients; DESeq2_infected_vs_control_diet_33"
"LOC126354787",3,"all_infection_within_diet_results; all_model_coefficients; DESeq2_infected_vs_control_diet_50"
"LOC126354807",3,"all_infection_within_diet_results; all_model_coefficients; DESeq2_infected_vs_control_diet_50"
"LOC126354816",3,"all_model_coefficients; all_diet_pairwise_results; DESeq2_33_vs_50"
"LOC126354818",3,"all_infection_within_diet_results; all_model_coefficients; DESeq2_infected_vs_control_diet_50"
"LOC126354819",3,"all_infection_within_diet_results; all_model_coefficients; DESeq2_infected_vs_control_diet_50"
"LOC126354826",3,"all_infection_within_diet_results; all_model_coefficients; DESeq2_infected_vs_control_diet_33"
"LOC126354827",3,"all_model_coefficients; all_diet_pairwise_results; DESeq2_33_vs_50"
"LOC126354843",3,"all_infection_within_diet_results; all_model_coefficients; DESeq2_infected_vs_control_diet_50"
"LOC126354850",3,"all_infection_within_diet_results; all_model_coefficients; DESeq2_infected_vs_control_diet_50"
"LOC126354871",3,"all_infection_within_diet_results; all_model_coefficients; DESeq2_infected_vs_control_diet_50"
"LOC126354890",3,"all_infection_within_diet_results; DESeq2_infected_vs_control_diet_50; DESeq2_infected_vs_control_diet_33"
"LOC126354896",3,"all_diet_pairwise_results; DESeq2_33_vs_83; DESeq2_50_vs_83"
"LOC126354904",3,"all_infection_within_diet_results; all_model_coefficients; DESeq2_infected_vs_control_diet_50"
"LOC126354965",3,"all_infection_within_diet_results; all_model_coefficients; DESeq2_infected_vs_control_diet_50"
"LOC126355037",3,"all_infection_within_diet_results; all_model_coefficients; DESeq2_infected_vs_control_diet_50"
"LOC126355071",3,"all_infection_within_diet_results; DESeq2_infected_vs_control_diet_33; DESeq2_infected_vs_control_diet_83"
"LOC126355090",3,"all_infection_within_diet_results; all_model_coefficients; DESeq2_infected_vs_control_diet_50"
"LOC126355132",3,"all_infection_within_diet_results; all_model_coefficients; DESeq2_infected_vs_control_diet_50"
"LOC126355146",3,"all_infection_within_diet_results; all_model_coefficients; DESeq2_infected_vs_control_diet_50"
"LOC126355150",3,"all_infection_within_diet_results; all_model_coefficients; DESeq2_infected_vs_control_diet_50"
"LOC126355265",3,"all_diet_pairwise_results; DESeq2_33_vs_50; DESeq2_50_vs_83"
"LOC126355287",3,"all_infection_within_diet_results; all_model_coefficients; DESeq2_infected_vs_control_diet_50"
"LOC126355346",3,"all_infection_within_diet_results; all_model_coefficients; DESeq2_infected_vs_control_diet_50"
"LOC126355419",3,"all_infection_within_diet_results; DESeq2_infected_vs_control_diet_50; DESeq2_infected_vs_control_diet_33"
"LOC126355446",3,"all_infection_within_diet_results; all_model_coefficients; DESeq2_infected_vs_control_diet_50"
"LOC126355450",3,"all_infection_within_diet_results; all_model_coefficients; DESeq2_infected_vs_control_diet_50"
"LOC126355457",3,"all_infection_within_diet_results; DESeq2_infected_vs_control_diet_33; DESeq2_infected_vs_control_diet_83"
"LOC126355458",3,"all_infection_within_diet_results; all_model_coefficients; DESeq2_infected_vs_control_diet_50"
"LOC126355466",3,"all_infection_within_diet_results; all_model_coefficients; DESeq2_infected_vs_control_diet_50"
"LOC126355503",3,"all_infection_within_diet_results; all_model_coefficients; DESeq2_infected_vs_control_diet_50"
"LOC126355528",3,"all_infection_within_diet_results; all_model_coefficients; DESeq2_infected_vs_control_diet_50"
"LOC126355544",3,"all_model_coefficients; all_diet_pairwise_results; DESeq2_33_vs_83"
"LOC126355571",3,"all_infection_within_diet_results; all_model_coefficients; DESeq2_infected_vs_control_diet_50"
"LOC126355586",3,"all_infection_within_diet_results; all_model_coefficients; DESeq2_infected_vs_control_diet_50"
"LOC126355597",3,"all_infection_within_diet_results; DESeq2_infected_vs_control_diet_33; DESeq2_infected_vs_control_diet_83"
"LOC126355612",3,"all_infection_within_diet_results; all_model_coefficients; DESeq2_infected_vs_control_diet_50"
"LOC126355721",3,"all_infection_within_diet_results; all_model_coefficients; DESeq2_infected_vs_control_diet_50"
"LOC126355739",3,"all_infection_within_diet_results; all_model_coefficients; DESeq2_infected_vs_control_diet_50"
"LOC126355804",3,"all_infection_within_diet_results; all_model_coefficients; DESeq2_infected_vs_control_diet_50"
"LOC126355820",3,"all_infection_within_diet_results; all_model_coefficients; DESeq2_infected_vs_control_diet_50"
"LOC126355821",3,"all_infection_within_diet_results; all_model_coefficients; DESeq2_infected_vs_control_diet_50"
"LOC126355838",3,"all_infection_within_diet_results; DESeq2_infected_vs_control_diet_50; DESeq2_infected_vs_control_diet_33"
"LOC126355846",3,"all_infection_within_diet_results; DESeq2_infected_vs_control_diet_50; DESeq2_infected_vs_control_diet_33"
"LOC126355865",3,"all_infection_within_diet_results; all_model_coefficients; DESeq2_infected_vs_control_diet_50"
"LOC126355866",3,"all_infection_within_diet_results; all_model_coefficients; DESeq2_infected_vs_control_diet_50"
"LOC126355884",3,"all_infection_within_diet_results; DESeq2_infected_vs_control_diet_50; DESeq2_infected_vs_control_diet_33"
"LOC126355886",3,"all_infection_within_diet_results; all_model_coefficients; DESeq2_infected_vs_control_diet_50"
"LOC126355887",3,"all_infection_within_diet_results; all_model_coefficients; DESeq2_infected_vs_control_diet_50"
"LOC126355918",3,"all_infection_within_diet_results; all_model_coefficients; DESeq2_infected_vs_control_diet_50"
"LOC126355920",3,"all_infection_within_diet_results; all_model_coefficients; DESeq2_infected_vs_control_diet_50"
"LOC126355922",3,"all_infection_within_diet_results; all_model_coefficients; DESeq2_infected_vs_control_diet_50"
"LOC126355923",3,"all_infection_within_diet_results; all_model_coefficients; DESeq2_infected_vs_control_diet_50"
"LOC126355932",3,"all_infection_within_diet_results; all_model_coefficients; DESeq2_infected_vs_control_diet_50"
"LOC126355949",3,"all_infection_within_diet_results; DESeq2_infected_vs_control_diet_33; DESeq2_infected_vs_control_diet_83"
"LOC126355963",3,"all_infection_within_diet_results; all_model_coefficients; DESeq2_infected_vs_control_diet_50"
"LOC126355973",3,"all_infection_within_diet_results; all_model_coefficients; DESeq2_infected_vs_control_diet_50"
"LOC126356020",3,"all_infection_within_diet_results; all_model_coefficients; DESeq2_infected_vs_control_diet_50"
"LOC126356065",3,"all_infection_within_diet_results; all_model_coefficients; DESeq2_infected_vs_control_diet_50"
"LOC126356075",3,"all_infection_within_diet_results; all_model_coefficients; DESeq2_infected_vs_control_diet_83"
"LOC126356100",3,"all_infection_within_diet_results; all_model_coefficients; DESeq2_infected_vs_control_diet_50"
"LOC126356108",3,"all_infection_within_diet_results; all_model_coefficients; DESeq2_infected_vs_control_diet_50"
"LOC126356137",3,"all_infection_within_diet_results; DESeq2_infected_vs_control_diet_33; DESeq2_infected_vs_control_diet_83"
"LOC126356149",3,"all_infection_within_diet_results; all_model_coefficients; DESeq2_infected_vs_control_diet_50"
"LOC126356222",3,"all_infection_within_diet_results; all_model_coefficients; DESeq2_infected_vs_control_diet_50"
"LOC126356271",3,"all_infection_within_diet_results; DESeq2_infected_vs_control_diet_50; DESeq2_infected_vs_control_diet_33"
"LOC126356316",3,"all_infection_within_diet_results; all_model_coefficients; DESeq2_infected_vs_control_diet_50"
"LOC126356321",3,"all_model_coefficients; all_diet_pairwise_results; DESeq2_33_vs_50"
"LOC126356332",3,"all_infection_within_diet_results; all_model_coefficients; DESeq2_infected_vs_control_diet_50"
"LOC126356340",3,"all_infection_within_diet_results; DESeq2_infected_vs_control_diet_33; DESeq2_infected_vs_control_diet_83"
"LOC126356342",3,"all_infection_within_diet_results; all_model_coefficients; DESeq2_infected_vs_control_diet_50"
"LOC126356349",3,"all_infection_within_diet_results; all_model_coefficients; DESeq2_infected_vs_control_diet_50"
"LOC126356354",3,"all_model_coefficients; all_diet_pairwise_results; DESeq2_33_vs_50"
"LOC126356364",3,"all_infection_within_diet_results; all_model_coefficients; DESeq2_infected_vs_control_diet_50"
"LOC126356371",3,"all_infection_within_diet_results; all_model_coefficients; DESeq2_infected_vs_control_diet_83"
"LOC126356808",3,"all_infection_within_diet_results; all_model_coefficients; DESeq2_infected_vs_control_diet_50"
"LOC126358212",3,"all_infection_within_diet_results; all_model_coefficients; DESeq2_infected_vs_control_diet_50"
"LOC126358860",3,"all_infection_within_diet_results; all_model_coefficients; DESeq2_infected_vs_control_diet_50"
"LOC126358892",3,"all_infection_within_diet_results; all_model_coefficients; DESeq2_infected_vs_control_diet_50"
"LOC126359832",3,"all_infection_within_diet_results; DESeq2_infected_vs_control_diet_33; DESeq2_infected_vs_control_diet_83"
"LOC126360830",3,"all_infection_within_diet_results; all_model_coefficients; DESeq2_infected_vs_control_diet_50"
"LOC126361189",3,"all_infection_within_diet_results; DESeq2_infected_vs_control_diet_50; DESeq2_infected_vs_control_diet_33"
"LOC126362556",3,"all_infection_within_diet_results; all_model_coefficients; DESeq2_infected_vs_control_diet_50"
"LOC126362843",3,"all_infection_within_diet_results; all_model_coefficients; DESeq2_infected_vs_control_diet_50"
"LOC126363150",3,"all_infection_within_diet_results; all_model_coefficients; DESeq2_infected_vs_control_diet_50"
"LOC126363586",3,"all_infection_within_diet_results; DESeq2_infected_vs_control_diet_33; DESeq2_infected_vs_control_diet_83"
"LOC126364340",3,"all_infection_within_diet_results; all_model_coefficients; DESeq2_infected_vs_control_diet_50"
"LOC126364572",3,"all_infection_within_diet_results; all_model_coefficients; DESeq2_infected_vs_control_diet_50"
"LOC126364588",3,"all_infection_within_diet_results; all_model_coefficients; DESeq2_infected_vs_control_diet_50"
"LOC126365509",3,"all_infection_within_diet_results; all_model_coefficients; DESeq2_infected_vs_control_diet_50"
"LOC126365763",3,"all_infection_within_diet_results; all_model_coefficients; DESeq2_infected_vs_control_diet_50"
"LOC126365834",3,"all_infection_within_diet_results; all_model_coefficients; DESeq2_infected_vs_control_diet_50"
"LOC126365874",3,"all_infection_within_diet_results; all_model_coefficients; DESeq2_infected_vs_control_diet_50"
"LOC126365912",3,"all_model_coefficients; all_diet_pairwise_results; DESeq2_33_vs_50"
"LOC126365913",3,"all_infection_within_diet_results; all_model_coefficients; DESeq2_infected_vs_control_diet_50"
"LOC126365915",3,"all_infection_within_diet_results; all_model_coefficients; DESeq2_infected_vs_control_diet_50"
"LOC126365952",3,"all_infection_within_diet_results; all_model_coefficients; DESeq2_infected_vs_control_diet_50"
"LOC126366011",3,"all_model_coefficients; all_diet_pairwise_results; DESeq2_33_vs_50"
"LOC126266597",2,"all_infection_within_diet_results; DESeq2_infected_vs_control_diet_33"
"LOC126266656",2,"all_infection_within_diet_results; DESeq2_infected_vs_control_diet_33"
"LOC126266675",2,"all_infection_within_diet_results; DESeq2_infected_vs_control_diet_33"
"LOC126266685",2,"all_infection_within_diet_results; DESeq2_infected_vs_control_diet_33"
"LOC126266765",2,"all_infection_within_diet_results; DESeq2_infected_vs_control_diet_83"
"LOC126266779",2,"all_infection_within_diet_results; DESeq2_infected_vs_control_diet_33"
"LOC126266783",2,"all_diet_pairwise_results; DESeq2_33_vs_50"
"LOC126266784",2,"all_infection_within_diet_results; DESeq2_infected_vs_control_diet_50"
"LOC126266787",2,"all_infection_within_diet_results; DESeq2_infected_vs_control_diet_50"
"LOC126266795",2,"all_infection_within_diet_results; DESeq2_infected_vs_control_diet_50"
"LOC126266804",2,"all_diet_pairwise_results; DESeq2_33_vs_50"
"LOC126266817",2,"all_infection_within_diet_results; DESeq2_infected_vs_control_diet_83"
"LOC126266824",2,"all_infection_within_diet_results; DESeq2_infected_vs_control_diet_83"
"LOC126266828",2,"all_infection_within_diet_results; DESeq2_infected_vs_control_diet_50"
"LOC126266834",2,"all_infection_within_diet_results; DESeq2_infected_vs_control_diet_50"
"LOC126266884",2,"all_infection_within_diet_results; DESeq2_infected_vs_control_diet_50"
"LOC126266922",2,"all_infection_within_diet_results; DESeq2_infected_vs_control_diet_50"
"LOC126266939",2,"all_diet_pairwise_results; DESeq2_33_vs_50"
"LOC126266958",2,"all_infection_within_diet_results; DESeq2_infected_vs_control_diet_33"
"LOC126267000",2,"all_infection_within_diet_results; DESeq2_infected_vs_control_diet_50"
"LOC126267006",2,"all_infection_within_diet_results; DESeq2_infected_vs_control_diet_50"
"LOC126267013",2,"all_infection_within_diet_results; DESeq2_infected_vs_control_diet_50"
"LOC126267016",2,"all_infection_within_diet_results; DESeq2_infected_vs_control_diet_83"
"LOC126267056",2,"all_infection_within_diet_results; DESeq2_infected_vs_control_diet_50"
"LOC126267115",2,"all_infection_within_diet_results; DESeq2_infected_vs_control_diet_83"
"LOC126267118",2,"all_infection_within_diet_results; DESeq2_infected_vs_control_diet_83"
"LOC126267143",2,"all_infection_within_diet_results; DESeq2_infected_vs_control_diet_33"
"LOC126267150",2,"all_infection_within_diet_results; DESeq2_infected_vs_control_diet_33"
"LOC126267243",2,"all_infection_within_diet_results; DESeq2_infected_vs_control_diet_50"
"LOC126267256",2,"all_infection_within_diet_results; DESeq2_infected_vs_control_diet_50"
"LOC126267259",2,"all_infection_within_diet_results; DESeq2_infected_vs_control_diet_50"
"LOC126267274",2,"all_infection_within_diet_results; DESeq2_infected_vs_control_diet_33"
"LOC126267290",2,"all_diet_pairwise_results; DESeq2_33_vs_50"
"LOC126267299",2,"all_infection_within_diet_results; DESeq2_infected_vs_control_diet_33"
"LOC126267342",2,"all_diet_pairwise_results; DESeq2_33_vs_50"
"LOC126267391",2,"all_infection_within_diet_results; DESeq2_infected_vs_control_diet_33"
"LOC126267392",2,"all_infection_within_diet_results; DESeq2_infected_vs_control_diet_50"
"LOC126267414",2,"all_infection_within_diet_results; DESeq2_infected_vs_control_diet_33"
"LOC126267519",2,"all_infection_within_diet_results; DESeq2_infected_vs_control_diet_50"
"LOC126267554",2,"all_infection_within_diet_results; DESeq2_infected_vs_control_diet_50"
"LOC126267571",2,"all_infection_within_diet_results; DESeq2_infected_vs_control_diet_83"
"LOC126267588",2,"all_infection_within_diet_results; DESeq2_infected_vs_control_diet_50"
"LOC126267625",2,"all_infection_within_diet_results; DESeq2_infected_vs_control_diet_50"
"LOC126267627",2,"all_infection_within_diet_results; DESeq2_infected_vs_control_diet_50"
"LOC126267655",2,"all_infection_within_diet_results; DESeq2_infected_vs_control_diet_50"
"LOC126267658",2,"all_diet_pairwise_results; DESeq2_33_vs_50"
"LOC126267666",2,"all_infection_within_diet_results; DESeq2_infected_vs_control_diet_50"
"LOC126267678",2,"all_infection_within_diet_results; DESeq2_infected_vs_control_diet_33"
"LOC126267757",2,"all_infection_within_diet_results; DESeq2_infected_vs_control_diet_50"
"LOC126267774",2,"all_infection_within_diet_results; DESeq2_infected_vs_control_diet_33"
"LOC126267794",2,"all_infection_within_diet_results; DESeq2_infected_vs_control_diet_50"
"LOC126267795",2,"all_infection_within_diet_results; DESeq2_infected_vs_control_diet_50"
"LOC126267846",2,"all_infection_within_diet_results; DESeq2_infected_vs_control_diet_50"
"LOC126267937",2,"all_infection_within_diet_results; DESeq2_infected_vs_control_diet_50"
"LOC126267969",2,"all_infection_within_diet_results; DESeq2_infected_vs_control_diet_83"
"LOC126267970",2,"all_infection_within_diet_results; DESeq2_infected_vs_control_diet_33"
"LOC126267971",2,"all_infection_within_diet_results; DESeq2_infected_vs_control_diet_33"
"LOC126267981",2,"all_infection_within_diet_results; DESeq2_infected_vs_control_diet_83"
"LOC126267985",2,"all_infection_within_diet_results; DESeq2_infected_vs_control_diet_50"
"LOC126268026",2,"all_infection_within_diet_results; DESeq2_infected_vs_control_diet_50"
"LOC126268093",2,"all_diet_pairwise_results; DESeq2_33_vs_50"
"LOC126268099",2,"all_infection_within_diet_results; DESeq2_infected_vs_control_diet_33"
"LOC126268104",2,"all_infection_within_diet_results; DESeq2_infected_vs_control_diet_50"
"LOC126268132",2,"all_infection_within_diet_results; DESeq2_infected_vs_control_diet_33"
"LOC126268155",2,"all_infection_within_diet_results; DESeq2_infected_vs_control_diet_83"
"LOC126268170",2,"all_diet_pairwise_results; DESeq2_33_vs_50"
"LOC126268182",2,"all_infection_within_diet_results; DESeq2_infected_vs_control_diet_33"
"LOC126268236",2,"all_infection_within_diet_results; DESeq2_infected_vs_control_diet_83"
"LOC126268728",2,"all_infection_within_diet_results; DESeq2_infected_vs_control_diet_33"
"LOC126269368",2,"all_infection_within_diet_results; DESeq2_infected_vs_control_diet_50"
"LOC126269449",2,"all_infection_within_diet_results; DESeq2_infected_vs_control_diet_50"
"LOC126269593",2,"all_infection_within_diet_results; DESeq2_infected_vs_control_diet_33"
"LOC126269980",2,"all_diet_pairwise_results; DESeq2_33_vs_50"
"LOC126270940",2,"all_infection_within_diet_results; DESeq2_infected_vs_control_diet_50"
"LOC126271206",2,"all_infection_within_diet_results; DESeq2_infected_vs_control_diet_33"
"LOC126271851",2,"all_infection_within_diet_results; DESeq2_infected_vs_control_diet_33"
"LOC126271883",2,"all_infection_within_diet_results; DESeq2_infected_vs_control_diet_50"
"LOC126271905",2,"all_diet_pairwise_results; DESeq2_33_vs_50"
"LOC126271907",2,"all_infection_within_diet_results; DESeq2_infected_vs_control_diet_83"
"LOC126271913",2,"all_infection_within_diet_results; DESeq2_infected_vs_control_diet_83"
"LOC126271919",2,"all_infection_within_diet_results; DESeq2_infected_vs_control_diet_33"
"LOC126271921",2,"all_diet_pairwise_results; DESeq2_33_vs_50"
"LOC126271934",2,"all_infection_within_diet_results; DESeq2_infected_vs_control_diet_50"
"LOC126271986",2,"all_infection_within_diet_results; DESeq2_infected_vs_control_diet_33"
"LOC126272064",2,"all_diet_pairwise_results; DESeq2_33_vs_83"
"LOC126272107",2,"all_infection_within_diet_results; DESeq2_infected_vs_control_diet_83"
"LOC126272129",2,"all_infection_within_diet_results; DESeq2_infected_vs_control_diet_33"
"LOC126272178",2,"all_infection_within_diet_results; DESeq2_infected_vs_control_diet_50"
"LOC126272193",2,"all_infection_within_diet_results; DESeq2_infected_vs_control_diet_50"
"LOC126272196",2,"all_infection_within_diet_results; DESeq2_infected_vs_control_diet_50"
"LOC126272268",2,"all_infection_within_diet_results; DESeq2_infected_vs_control_diet_50"
"LOC126272312",2,"all_infection_within_diet_results; DESeq2_infected_vs_control_diet_33"
"LOC126272318",2,"all_infection_within_diet_results; DESeq2_infected_vs_control_diet_33"
"LOC126272319",2,"all_infection_within_diet_results; DESeq2_infected_vs_control_diet_33"
"LOC126272339",2,"all_infection_within_diet_results; DESeq2_infected_vs_control_diet_50"
"LOC126272354",2,"all_diet_pairwise_results; DESeq2_33_vs_83"
"LOC126272383",2,"all_infection_within_diet_results; DESeq2_infected_vs_control_diet_50"
"LOC126272395",2,"all_infection_within_diet_results; DESeq2_infected_vs_control_diet_50"
"LOC126272402",2,"all_infection_within_diet_results; DESeq2_infected_vs_control_diet_83"
"LOC126272415",2,"all_infection_within_diet_results; DESeq2_infected_vs_control_diet_33"
"LOC126272417",2,"all_infection_within_diet_results; DESeq2_infected_vs_control_diet_50"
"LOC126272419",2,"all_infection_within_diet_results; DESeq2_infected_vs_control_diet_33"
"LOC126272438",2,"all_infection_within_diet_results; DESeq2_infected_vs_control_diet_83"
"LOC126272509",2,"all_infection_within_diet_results; DESeq2_infected_vs_control_diet_83"
"LOC126272531",2,"all_infection_within_diet_results; DESeq2_infected_vs_control_diet_50"
"LOC126272550",2,"all_infection_within_diet_results; DESeq2_infected_vs_control_diet_33"
"LOC126272568",2,"all_infection_within_diet_results; DESeq2_infected_vs_control_diet_50"
"LOC126272577",2,"all_infection_within_diet_results; DESeq2_infected_vs_control_diet_83"
"LOC126272588",2,"all_infection_within_diet_results; DESeq2_infected_vs_control_diet_33"
"LOC126272608",2,"all_infection_within_diet_results; DESeq2_infected_vs_control_diet_33"
"LOC126272636",2,"all_infection_within_diet_results; DESeq2_infected_vs_control_diet_50"
"LOC126272696",2,"all_infection_within_diet_results; DESeq2_infected_vs_control_diet_50"
"LOC126272706",2,"all_diet_pairwise_results; DESeq2_33_vs_50"
"LOC126272715",2,"all_infection_within_diet_results; DESeq2_infected_vs_control_diet_83"
"LOC126272723",2,"all_infection_within_diet_results; DESeq2_infected_vs_control_diet_33"
"LOC126272788",2,"all_infection_within_diet_results; DESeq2_infected_vs_control_diet_50"
"LOC126272799",2,"all_diet_pairwise_results; DESeq2_33_vs_50"
"LOC126272864",2,"all_infection_within_diet_results; DESeq2_infected_vs_control_diet_33"
"LOC126272884",2,"all_infection_within_diet_results; DESeq2_infected_vs_control_diet_50"
"LOC126272900",2,"all_diet_pairwise_results; DESeq2_33_vs_50"
"LOC126272911",2,"all_infection_within_diet_results; DESeq2_infected_vs_control_diet_50"
"LOC126272978",2,"all_infection_within_diet_results; DESeq2_infected_vs_control_diet_33"
"LOC126273016",2,"all_infection_within_diet_results; DESeq2_infected_vs_control_diet_50"
"LOC126273024",2,"all_infection_within_diet_results; DESeq2_infected_vs_control_diet_50"
"LOC126273044",2,"all_infection_within_diet_results; DESeq2_infected_vs_control_diet_33"
"LOC126273058",2,"all_diet_pairwise_results; DESeq2_33_vs_50"
"LOC126273117",2,"all_diet_pairwise_results; DESeq2_33_vs_50"
"LOC126273186",2,"all_infection_within_diet_results; DESeq2_infected_vs_control_diet_50"
"LOC126273243",2,"all_infection_within_diet_results; DESeq2_infected_vs_control_diet_33"
"LOC126273246",2,"all_infection_within_diet_results; DESeq2_infected_vs_control_diet_83"
"LOC126273260",2,"all_infection_within_diet_results; DESeq2_infected_vs_control_diet_33"
"LOC126273309",2,"all_diet_pairwise_results; DESeq2_33_vs_50"
"LOC126273323",2,"all_infection_within_diet_results; DESeq2_infected_vs_control_diet_83"
"LOC126275296",2,"all_infection_within_diet_results; DESeq2_infected_vs_control_diet_33"
"LOC126276186",2,"all_infection_within_diet_results; DESeq2_infected_vs_control_diet_83"
"LOC126276381",2,"all_infection_within_diet_results; DESeq2_infected_vs_control_diet_33"
"LOC126276533",2,"all_infection_within_diet_results; DESeq2_infected_vs_control_diet_83"
"LOC126277894",2,"all_diet_pairwise_results; DESeq2_50_vs_83"
"LOC126277895",2,"all_diet_pairwise_results; DESeq2_33_vs_83"
"LOC126277992",2,"all_infection_within_diet_results; DESeq2_infected_vs_control_diet_50"
"LOC126278130",2,"all_diet_pairwise_results; DESeq2_33_vs_50"
"LOC126278132",2,"all_infection_within_diet_results; DESeq2_infected_vs_control_diet_33"
"LOC126278133",2,"all_infection_within_diet_results; DESeq2_infected_vs_control_diet_33"
"LOC126278148",2,"all_infection_within_diet_results; DESeq2_infected_vs_control_diet_83"
"LOC126278155",2,"all_infection_within_diet_results; DESeq2_infected_vs_control_diet_50"
"LOC126278183",2,"all_infection_within_diet_results; DESeq2_infected_vs_control_diet_50"
"LOC126278211",2,"all_diet_pairwise_results; DESeq2_33_vs_50"
"LOC126278249",2,"all_infection_within_diet_results; DESeq2_infected_vs_control_diet_83"
"LOC126278268",2,"all_infection_within_diet_results; DESeq2_infected_vs_control_diet_83"
"LOC126278364",2,"all_infection_within_diet_results; DESeq2_infected_vs_control_diet_50"
"LOC126278397",2,"all_infection_within_diet_results; DESeq2_infected_vs_control_diet_50"
"LOC126278403",2,"all_infection_within_diet_results; DESeq2_infected_vs_control_diet_33"
"LOC126278456",2,"all_infection_within_diet_results; DESeq2_infected_vs_control_diet_50"
"LOC126278480",2,"all_infection_within_diet_results; DESeq2_infected_vs_control_diet_33"
"LOC126278488",2,"all_infection_within_diet_results; DESeq2_infected_vs_control_diet_50"
"LOC126278559",2,"all_infection_within_diet_results; DESeq2_infected_vs_control_diet_33"
"LOC126278566",2,"all_infection_within_diet_results; DESeq2_infected_vs_control_diet_83"
"LOC126278581",2,"all_infection_within_diet_results; DESeq2_infected_vs_control_diet_50"
"LOC126278586",2,"all_infection_within_diet_results; DESeq2_infected_vs_control_diet_83"
"LOC126278597",2,"all_diet_pairwise_results; DESeq2_33_vs_50"
"LOC126278608",2,"all_infection_within_diet_results; DESeq2_infected_vs_control_diet_83"
"LOC126278697",2,"all_infection_within_diet_results; DESeq2_infected_vs_control_diet_33"
"LOC126278706",2,"all_infection_within_diet_results; DESeq2_infected_vs_control_diet_50"
"LOC126278710",2,"all_diet_pairwise_results; DESeq2_33_vs_83"
"LOC126278714",2,"all_infection_within_diet_results; DESeq2_infected_vs_control_diet_50"
"LOC126278734",2,"all_infection_within_diet_results; DESeq2_infected_vs_control_diet_33"
"LOC126278809",2,"all_infection_within_diet_results; DESeq2_infected_vs_control_diet_50"
"LOC126278816",2,"all_infection_within_diet_results; DESeq2_infected_vs_control_diet_33"
"LOC126278827",2,"all_infection_within_diet_results; DESeq2_infected_vs_control_diet_50"
"LOC126278882",2,"all_infection_within_diet_results; DESeq2_infected_vs_control_diet_33"
"LOC126278897",2,"all_infection_within_diet_results; DESeq2_infected_vs_control_diet_50"
"LOC126278953",2,"all_diet_pairwise_results; DESeq2_33_vs_83"
"LOC126278972",2,"all_infection_within_diet_results; DESeq2_infected_vs_control_diet_50"
"LOC126278975",2,"all_infection_within_diet_results; DESeq2_infected_vs_control_diet_50"
"LOC126279005",2,"all_infection_within_diet_results; DESeq2_infected_vs_control_diet_83"
"LOC126279019",2,"all_diet_pairwise_results; DESeq2_33_vs_83"
"LOC126279091",2,"all_infection_within_diet_results; DESeq2_infected_vs_control_diet_33"
"LOC126279103",2,"all_diet_pairwise_results; DESeq2_33_vs_50"
"LOC126279137",2,"all_infection_within_diet_results; DESeq2_infected_vs_control_diet_50"
"LOC126279173",2,"all_infection_within_diet_results; DESeq2_infected_vs_control_diet_33"
"LOC126280462",2,"all_infection_within_diet_results; DESeq2_infected_vs_control_diet_83"
"LOC126280942",2,"all_infection_within_diet_results; DESeq2_infected_vs_control_diet_50"
"LOC126281049",2,"all_diet_pairwise_results; DESeq2_33_vs_50"
"LOC126281081",2,"all_infection_within_diet_results; DESeq2_infected_vs_control_diet_33"
"LOC126281171",2,"all_infection_within_diet_results; DESeq2_infected_vs_control_diet_83"
"LOC126281178",2,"all_infection_within_diet_results; DESeq2_infected_vs_control_diet_83"
"LOC126281237",2,"all_infection_within_diet_results; DESeq2_infected_vs_control_diet_83"
"LOC126281276",2,"all_infection_within_diet_results; DESeq2_infected_vs_control_diet_33"
"LOC126281326",2,"all_diet_pairwise_results; DESeq2_33_vs_50"
"LOC126281349",2,"all_infection_within_diet_results; DESeq2_infected_vs_control_diet_50"
"LOC126281373",2,"all_infection_within_diet_results; DESeq2_infected_vs_control_diet_50"
"LOC126281376",2,"all_diet_pairwise_results; DESeq2_33_vs_83"
"LOC126281380",2,"all_diet_pairwise_results; DESeq2_33_vs_50"
"LOC126281391",2,"all_infection_within_diet_results; DESeq2_infected_vs_control_diet_33"
"LOC126281421",2,"all_infection_within_diet_results; DESeq2_infected_vs_control_diet_50"
"LOC126281467",2,"all_infection_within_diet_results; DESeq2_infected_vs_control_diet_50"
"LOC126281473",2,"all_infection_within_diet_results; DESeq2_infected_vs_control_diet_50"
"LOC126281522",2,"all_infection_within_diet_results; DESeq2_infected_vs_control_diet_83"
"LOC126281570",2,"all_infection_within_diet_results; DESeq2_infected_vs_control_diet_33"
"LOC126281571",2,"all_infection_within_diet_results; DESeq2_infected_vs_control_diet_83"
"LOC126281610",2,"all_infection_within_diet_results; DESeq2_infected_vs_control_diet_50"
"LOC126281632",2,"all_infection_within_diet_results; DESeq2_infected_vs_control_diet_50"
"LOC126281639",2,"all_infection_within_diet_results; DESeq2_infected_vs_control_diet_50"
"LOC126281641",2,"all_infection_within_diet_results; DESeq2_infected_vs_control_diet_83"
"LOC126281664",2,"all_infection_within_diet_results; DESeq2_infected_vs_control_diet_50"
"LOC126281701",2,"all_infection_within_diet_results; DESeq2_infected_vs_control_diet_33"
"LOC126281704",2,"all_diet_pairwise_results; DESeq2_33_vs_50"
"LOC126281729",2,"all_infection_within_diet_results; DESeq2_infected_vs_control_diet_50"
"LOC126281750",2,"all_infection_within_diet_results; DESeq2_infected_vs_control_diet_83"
"LOC126281758",2,"all_infection_within_diet_results; DESeq2_infected_vs_control_diet_50"
"LOC126281780",2,"all_infection_within_diet_results; DESeq2_infected_vs_control_diet_33"
"LOC126281792",2,"all_diet_pairwise_results; DESeq2_33_vs_50"
"LOC126281795",2,"all_infection_within_diet_results; DESeq2_infected_vs_control_diet_33"
"LOC126281862",2,"all_infection_within_diet_results; DESeq2_infected_vs_control_diet_33"
"LOC126281906",2,"all_infection_within_diet_results; DESeq2_infected_vs_control_diet_33"
"LOC126281911",2,"all_infection_within_diet_results; DESeq2_infected_vs_control_diet_50"
"LOC126281924",2,"all_infection_within_diet_results; DESeq2_infected_vs_control_diet_83"
"LOC126281933",2,"all_diet_pairwise_results; DESeq2_50_vs_83"
"LOC126281935",2,"all_infection_within_diet_results; DESeq2_infected_vs_control_diet_83"
"LOC126281954",2,"all_infection_within_diet_results; DESeq2_infected_vs_control_diet_83"
"LOC126282012",2,"all_infection_within_diet_results; DESeq2_infected_vs_control_diet_50"
"LOC126282017",2,"all_infection_within_diet_results; DESeq2_infected_vs_control_diet_83"
"LOC126282020",2,"all_infection_within_diet_results; DESeq2_infected_vs_control_diet_50"
"LOC126282031",2,"all_infection_within_diet_results; DESeq2_infected_vs_control_diet_50"
"LOC126282079",2,"all_infection_within_diet_results; DESeq2_infected_vs_control_diet_33"
"LOC126282080",2,"all_diet_pairwise_results; DESeq2_33_vs_50"
"LOC126282169",2,"all_infection_within_diet_results; DESeq2_infected_vs_control_diet_50"
"LOC126282179",2,"all_diet_pairwise_results; DESeq2_33_vs_83"
"LOC126282264",2,"all_infection_within_diet_results; DESeq2_infected_vs_control_diet_33"
"LOC126282268",2,"all_infection_within_diet_results; DESeq2_infected_vs_control_diet_83"
"LOC126282322",2,"all_infection_within_diet_results; DESeq2_infected_vs_control_diet_33"
"LOC126282371",2,"all_infection_within_diet_results; DESeq2_infected_vs_control_diet_33"
"LOC126282456",2,"all_infection_within_diet_results; DESeq2_infected_vs_control_diet_50"
"LOC126283952",2,"all_infection_within_diet_results; DESeq2_infected_vs_control_diet_33"
"LOC126283955",2,"all_infection_within_diet_results; DESeq2_infected_vs_control_diet_50"
"LOC126283971",2,"all_infection_within_diet_results; DESeq2_infected_vs_control_diet_50"
"LOC126283982",2,"all_infection_within_diet_results; DESeq2_infected_vs_control_diet_33"
"LOC126283996",2,"all_infection_within_diet_results; DESeq2_infected_vs_control_diet_83"
"LOC126284006",2,"all_infection_within_diet_results; DESeq2_infected_vs_control_diet_33"
"LOC126284055",2,"all_infection_within_diet_results; DESeq2_infected_vs_control_diet_50"
"LOC126284086",2,"all_infection_within_diet_results; DESeq2_infected_vs_control_diet_83"
"LOC126284111",2,"all_infection_within_diet_results; DESeq2_infected_vs_control_diet_83"
"LOC126284218",2,"all_infection_within_diet_results; DESeq2_infected_vs_control_diet_83"
"LOC126284271",2,"all_infection_within_diet_results; DESeq2_infected_vs_control_diet_50"
"LOC126284291",2,"all_infection_within_diet_results; DESeq2_infected_vs_control_diet_83"
"LOC126284300",2,"all_infection_within_diet_results; DESeq2_infected_vs_control_diet_33"
"LOC126284310",2,"all_infection_within_diet_results; DESeq2_infected_vs_control_diet_83"
"LOC126284312",2,"all_infection_within_diet_results; DESeq2_infected_vs_control_diet_33"
"LOC126284322",2,"all_diet_pairwise_results; DESeq2_33_vs_83"
"LOC126284323",2,"all_infection_within_diet_results; DESeq2_infected_vs_control_diet_33"
"LOC126284333",2,"all_infection_within_diet_results; DESeq2_infected_vs_control_diet_33"
"LOC126284334",2,"all_infection_within_diet_results; DESeq2_infected_vs_control_diet_50"
"LOC126284367",2,"all_infection_within_diet_results; DESeq2_infected_vs_control_diet_33"
"LOC126284404",2,"all_diet_pairwise_results; DESeq2_33_vs_50"
"LOC126284417",2,"all_infection_within_diet_results; DESeq2_infected_vs_control_diet_83"
"LOC126284418",2,"all_infection_within_diet_results; DESeq2_infected_vs_control_diet_33"
"LOC126284426",2,"all_infection_within_diet_results; DESeq2_infected_vs_control_diet_33"
"LOC126284428",2,"all_infection_within_diet_results; DESeq2_infected_vs_control_diet_33"
"LOC126284430",2,"all_infection_within_diet_results; DESeq2_infected_vs_control_diet_50"
"LOC126284453",2,"all_infection_within_diet_results; DESeq2_infected_vs_control_diet_33"
"LOC126284457",2,"all_infection_within_diet_results; DESeq2_infected_vs_control_diet_50"
"LOC126284470",2,"all_infection_within_diet_results; DESeq2_infected_vs_control_diet_33"
"LOC126284488",2,"all_infection_within_diet_results; DESeq2_infected_vs_control_diet_83"
"LOC126284530",2,"all_infection_within_diet_results; DESeq2_infected_vs_control_diet_50"
"LOC126284536",2,"all_diet_pairwise_results; DESeq2_33_vs_50"
"LOC126284604",2,"all_infection_within_diet_results; DESeq2_infected_vs_control_diet_83"
"LOC126284605",2,"all_infection_within_diet_results; DESeq2_infected_vs_control_diet_33"
"LOC126284608",2,"all_infection_within_diet_results; DESeq2_infected_vs_control_diet_50"
"LOC126284609",2,"all_infection_within_diet_results; DESeq2_infected_vs_control_diet_33"
"LOC126284626",2,"all_infection_within_diet_results; DESeq2_infected_vs_control_diet_33"
"LOC126284632",2,"all_infection_within_diet_results; DESeq2_infected_vs_control_diet_83"
"LOC126284661",2,"all_infection_within_diet_results; DESeq2_infected_vs_control_diet_50"
"LOC126284662",2,"all_diet_pairwise_results; DESeq2_33_vs_50"
"LOC126284663",2,"all_diet_pairwise_results; DESeq2_33_vs_50"
"LOC126284670",2,"all_infection_within_diet_results; DESeq2_infected_vs_control_diet_83"
"LOC126284684",2,"all_infection_within_diet_results; DESeq2_infected_vs_control_diet_83"
"LOC126284686",2,"all_infection_within_diet_results; DESeq2_infected_vs_control_diet_33"
"LOC126284694",2,"all_infection_within_diet_results; DESeq2_infected_vs_control_diet_83"
"LOC126284697",2,"all_infection_within_diet_results; DESeq2_infected_vs_control_diet_33"
"LOC126284712",2,"all_infection_within_diet_results; DESeq2_infected_vs_control_diet_33"
"LOC126284726",2,"all_infection_within_diet_results; DESeq2_infected_vs_control_diet_33"
"LOC126284795",2,"all_infection_within_diet_results; DESeq2_infected_vs_control_diet_50"
"LOC126284799",2,"all_infection_within_diet_results; DESeq2_infected_vs_control_diet_33"
"LOC126284802",2,"all_infection_within_diet_results; DESeq2_infected_vs_control_diet_50"
"LOC126284808",2,"all_infection_within_diet_results; DESeq2_infected_vs_control_diet_83"
"LOC126284821",2,"all_infection_within_diet_results; DESeq2_infected_vs_control_diet_50"
"LOC126284845",2,"all_infection_within_diet_results; DESeq2_infected_vs_control_diet_33"
"LOC126284853",2,"all_diet_pairwise_results; DESeq2_33_vs_50"
"LOC126284863",2,"all_infection_within_diet_results; DESeq2_infected_vs_control_diet_33"
"LOC126284887",2,"all_infection_within_diet_results; DESeq2_infected_vs_control_diet_50"
"LOC126284900",2,"all_infection_within_diet_results; DESeq2_infected_vs_control_diet_83"
"LOC126284901",2,"all_infection_within_diet_results; DESeq2_infected_vs_control_diet_50"
"LOC126284902",2,"all_infection_within_diet_results; DESeq2_infected_vs_control_diet_33"
"LOC126284935",2,"all_infection_within_diet_results; DESeq2_infected_vs_control_diet_50"
"LOC126284948",2,"all_infection_within_diet_results; DESeq2_infected_vs_control_diet_33"
"LOC126284978",2,"all_diet_pairwise_results; DESeq2_33_vs_83"
"LOC126285004",2,"all_infection_within_diet_results; DESeq2_infected_vs_control_diet_50"
"LOC126285012",2,"all_infection_within_diet_results; DESeq2_infected_vs_control_diet_83"
"LOC126285019",2,"all_infection_within_diet_results; DESeq2_infected_vs_control_diet_50"
"LOC126285102",2,"all_infection_within_diet_results; DESeq2_infected_vs_control_diet_50"
"LOC126285116",2,"all_infection_within_diet_results; DESeq2_infected_vs_control_diet_33"
"LOC126285182",2,"all_infection_within_diet_results; DESeq2_infected_vs_control_diet_83"
"LOC126285229",2,"all_infection_within_diet_results; DESeq2_infected_vs_control_diet_50"
"LOC126285250",2,"all_infection_within_diet_results; DESeq2_infected_vs_control_diet_83"
"LOC126285287",2,"all_infection_within_diet_results; DESeq2_infected_vs_control_diet_50"
"LOC126285297",2,"all_infection_within_diet_results; DESeq2_infected_vs_control_diet_50"
"LOC126285324",2,"all_infection_within_diet_results; DESeq2_infected_vs_control_diet_33"
"LOC126285335",2,"all_infection_within_diet_results; DESeq2_infected_vs_control_diet_33"
"LOC126285349",2,"all_infection_within_diet_results; DESeq2_infected_vs_control_diet_33"
"LOC126285386",2,"all_infection_within_diet_results; DESeq2_infected_vs_control_diet_33"
"LOC126285399",2,"all_infection_within_diet_results; DESeq2_infected_vs_control_diet_50"
"LOC126285410",2,"all_infection_within_diet_results; DESeq2_infected_vs_control_diet_83"
"LOC126285411",2,"all_infection_within_diet_results; DESeq2_infected_vs_control_diet_83"
"LOC126285438",2,"all_infection_within_diet_results; DESeq2_infected_vs_control_diet_33"
"LOC126291426",2,"all_diet_pairwise_results; DESeq2_33_vs_50"
"LOC126291476",2,"all_infection_within_diet_results; DESeq2_infected_vs_control_diet_50"
"LOC126291490",2,"all_infection_within_diet_results; DESeq2_infected_vs_control_diet_50"
"LOC126291503",2,"all_infection_within_diet_results; DESeq2_infected_vs_control_diet_83"
"LOC126291635",2,"all_diet_pairwise_results; DESeq2_33_vs_50"
"LOC126291645",2,"all_infection_within_diet_results; DESeq2_infected_vs_control_diet_33"
"LOC126291691",2,"all_infection_within_diet_results; DESeq2_infected_vs_control_diet_83"
"LOC126291748",2,"all_infection_within_diet_results; DESeq2_infected_vs_control_diet_50"
"LOC126291811",2,"all_infection_within_diet_results; DESeq2_infected_vs_control_diet_33"
"LOC126291821",2,"all_infection_within_diet_results; DESeq2_infected_vs_control_diet_83"
"LOC126291822",2,"all_infection_within_diet_results; DESeq2_infected_vs_control_diet_83"
"LOC126291825",2,"all_infection_within_diet_results; DESeq2_infected_vs_control_diet_83"
"LOC126291859",2,"all_infection_within_diet_results; DESeq2_infected_vs_control_diet_83"
"LOC126291888",2,"all_diet_pairwise_results; DESeq2_33_vs_50"
"LOC126291911",2,"all_infection_within_diet_results; DESeq2_infected_vs_control_diet_50"
"LOC126291947",2,"all_diet_pairwise_results; DESeq2_33_vs_50"
"LOC126291949",2,"all_infection_within_diet_results; DESeq2_infected_vs_control_diet_33"
"LOC126291950",2,"all_infection_within_diet_results; DESeq2_infected_vs_control_diet_33"
"LOC126291956",2,"all_infection_within_diet_results; DESeq2_infected_vs_control_diet_33"
"LOC126291976",2,"all_infection_within_diet_results; DESeq2_infected_vs_control_diet_50"
"LOC126292060",2,"all_infection_within_diet_results; DESeq2_infected_vs_control_diet_50"
"LOC126292112",2,"all_infection_within_diet_results; DESeq2_infected_vs_control_diet_33"
"LOC126292130",2,"all_infection_within_diet_results; DESeq2_infected_vs_control_diet_33"
"LOC126292159",2,"all_infection_within_diet_results; DESeq2_infected_vs_control_diet_50"
"LOC126292192",2,"all_infection_within_diet_results; DESeq2_infected_vs_control_diet_33"
"LOC126292199",2,"all_infection_within_diet_results; DESeq2_infected_vs_control_diet_83"
"LOC126293175",2,"all_diet_pairwise_results; DESeq2_50_vs_83"
"LOC126293200",2,"all_infection_within_diet_results; DESeq2_infected_vs_control_diet_33"
"LOC126293236",2,"all_infection_within_diet_results; DESeq2_infected_vs_control_diet_83"
"LOC126293292",2,"all_infection_within_diet_results; DESeq2_infected_vs_control_diet_33"
"LOC126293319",2,"all_infection_within_diet_results; DESeq2_infected_vs_control_diet_33"
"LOC126293357",2,"all_infection_within_diet_results; DESeq2_infected_vs_control_diet_33"
"LOC126293366",2,"all_infection_within_diet_results; DESeq2_infected_vs_control_diet_50"
"LOC126293373",2,"all_infection_within_diet_results; DESeq2_infected_vs_control_diet_83"
"LOC126293404",2,"all_infection_within_diet_results; DESeq2_infected_vs_control_diet_83"
"LOC126293441",2,"all_infection_within_diet_results; DESeq2_infected_vs_control_diet_50"
"LOC126293480",2,"all_infection_within_diet_results; DESeq2_infected_vs_control_diet_50"
"LOC126293507",2,"all_infection_within_diet_results; DESeq2_infected_vs_control_diet_33"
"LOC126293542",2,"all_infection_within_diet_results; DESeq2_infected_vs_control_diet_33"
"LOC126293543",2,"all_infection_within_diet_results; DESeq2_infected_vs_control_diet_83"
"LOC126293594",2,"all_diet_pairwise_results; DESeq2_33_vs_50"
"LOC126293620",2,"all_diet_pairwise_results; DESeq2_33_vs_50"
"LOC126293662",2,"all_infection_within_diet_results; DESeq2_infected_vs_control_diet_50"
"LOC126293692",2,"all_infection_within_diet_results; DESeq2_infected_vs_control_diet_83"
"LOC126293693",2,"all_infection_within_diet_results; DESeq2_infected_vs_control_diet_83"
"LOC126293738",2,"all_diet_pairwise_results; DESeq2_33_vs_50"
"LOC126293755",2,"all_diet_pairwise_results; DESeq2_33_vs_50"
"LOC126294953",2,"all_infection_within_diet_results; DESeq2_infected_vs_control_diet_50"
"LOC126294989",2,"all_infection_within_diet_results; DESeq2_infected_vs_control_diet_50"
"LOC126294995",2,"all_infection_within_diet_results; DESeq2_infected_vs_control_diet_33"
"LOC126295037",2,"all_infection_within_diet_results; DESeq2_infected_vs_control_diet_50"
"LOC126295039",2,"all_infection_within_diet_results; DESeq2_infected_vs_control_diet_50"
"LOC126295087",2,"all_infection_within_diet_results; DESeq2_infected_vs_control_diet_50"
"LOC126295125",2,"all_infection_within_diet_results; DESeq2_infected_vs_control_diet_83"
"LOC126295156",2,"all_diet_pairwise_results; DESeq2_33_vs_83"
"LOC126295161",2,"all_infection_within_diet_results; DESeq2_infected_vs_control_diet_83"
"LOC126295210",2,"all_infection_within_diet_results; DESeq2_infected_vs_control_diet_83"
"LOC126295284",2,"all_infection_within_diet_results; DESeq2_infected_vs_control_diet_83"
"LOC126295441",2,"all_infection_within_diet_results; DESeq2_infected_vs_control_diet_33"
"LOC126295444",2,"all_infection_within_diet_results; DESeq2_infected_vs_control_diet_33"
"LOC126297427",2,"all_infection_within_diet_results; DESeq2_infected_vs_control_diet_33"
"LOC126297442",2,"all_infection_within_diet_results; DESeq2_infected_vs_control_diet_33"
"LOC126297476",2,"all_infection_within_diet_results; DESeq2_infected_vs_control_diet_33"
"LOC126297490",2,"all_diet_pairwise_results; DESeq2_33_vs_83"
"LOC126297511",2,"all_infection_within_diet_results; DESeq2_infected_vs_control_diet_83"
"LOC126297521",2,"all_infection_within_diet_results; DESeq2_infected_vs_control_diet_83"
"LOC126297621",2,"all_diet_pairwise_results; DESeq2_33_vs_50"
"LOC126297629",2,"all_infection_within_diet_results; DESeq2_infected_vs_control_diet_33"
"LOC126297678",2,"all_infection_within_diet_results; DESeq2_infected_vs_control_diet_50"
"LOC126297754",2,"all_infection_within_diet_results; DESeq2_infected_vs_control_diet_33"
"LOC126297857",2,"all_infection_within_diet_results; DESeq2_infected_vs_control_diet_33"
"LOC126297914",2,"all_infection_within_diet_results; DESeq2_infected_vs_control_diet_50"
"LOC126297989",2,"all_infection_within_diet_results; DESeq2_infected_vs_control_diet_50"
"LOC126298104",2,"all_diet_pairwise_results; DESeq2_33_vs_50"
"LOC126298161",2,"all_infection_within_diet_results; DESeq2_infected_vs_control_diet_50"
"LOC126298278",2,"all_infection_within_diet_results; DESeq2_infected_vs_control_diet_50"
"LOC126298316",2,"all_infection_within_diet_results; DESeq2_infected_vs_control_diet_33"
"LOC126298497",2,"all_infection_within_diet_results; DESeq2_infected_vs_control_diet_50"
"LOC126298505",2,"all_infection_within_diet_results; DESeq2_infected_vs_control_diet_50"
"LOC126298531",2,"all_infection_within_diet_results; DESeq2_infected_vs_control_diet_50"
"LOC126298544",2,"all_infection_within_diet_results; DESeq2_infected_vs_control_diet_50"
"LOC126298545",2,"all_infection_within_diet_results; DESeq2_infected_vs_control_diet_83"
"LOC126298554",2,"all_infection_within_diet_results; DESeq2_infected_vs_control_diet_50"
"LOC126298572",2,"all_infection_within_diet_results; DESeq2_infected_vs_control_diet_83"
"LOC126298617",2,"all_infection_within_diet_results; DESeq2_infected_vs_control_diet_50"
"LOC126298647",2,"all_infection_within_diet_results; DESeq2_infected_vs_control_diet_50"
"LOC126298660",2,"all_infection_within_diet_results; DESeq2_infected_vs_control_diet_33"
"LOC126298704",2,"all_infection_within_diet_results; DESeq2_infected_vs_control_diet_83"
"LOC126298723",2,"all_infection_within_diet_results; DESeq2_infected_vs_control_diet_83"
"LOC126298757",2,"all_infection_within_diet_results; DESeq2_infected_vs_control_diet_33"
"LOC126298783",2,"all_infection_within_diet_results; DESeq2_infected_vs_control_diet_50"
"LOC126298832",2,"all_diet_pairwise_results; DESeq2_33_vs_50"
"LOC126298865",2,"all_infection_within_diet_results; DESeq2_infected_vs_control_diet_83"
"LOC126298873",2,"all_infection_within_diet_results; DESeq2_infected_vs_control_diet_50"
"LOC126298882",2,"all_infection_within_diet_results; DESeq2_infected_vs_control_diet_83"
"LOC126298889",2,"all_diet_pairwise_results; DESeq2_50_vs_83"
"LOC126298924",2,"all_infection_within_diet_results; DESeq2_infected_vs_control_diet_33"
"LOC126298942",2,"all_infection_within_diet_results; DESeq2_infected_vs_control_diet_33"
"LOC126298944",2,"all_infection_within_diet_results; DESeq2_infected_vs_control_diet_33"
"LOC126298976",2,"all_infection_within_diet_results; DESeq2_infected_vs_control_diet_33"
"LOC126298986",2,"all_infection_within_diet_results; DESeq2_infected_vs_control_diet_50"
"LOC126298991",2,"all_infection_within_diet_results; DESeq2_infected_vs_control_diet_33"
"LOC126299053",2,"all_infection_within_diet_results; DESeq2_infected_vs_control_diet_50"
"LOC126299093",2,"all_infection_within_diet_results; DESeq2_infected_vs_control_diet_50"
"LOC126299118",2,"all_infection_within_diet_results; DESeq2_infected_vs_control_diet_50"
"LOC126299133",2,"all_infection_within_diet_results; DESeq2_infected_vs_control_diet_83"
"LOC126299222",2,"all_infection_within_diet_results; DESeq2_infected_vs_control_diet_83"
"LOC126299239",2,"all_infection_within_diet_results; DESeq2_infected_vs_control_diet_83"
"LOC126299274",2,"all_infection_within_diet_results; DESeq2_infected_vs_control_diet_50"
"LOC126299329",2,"all_infection_within_diet_results; DESeq2_infected_vs_control_diet_33"
"LOC126299331",2,"all_infection_within_diet_results; DESeq2_infected_vs_control_diet_33"
"LOC126299352",2,"all_infection_within_diet_results; DESeq2_infected_vs_control_diet_33"
"LOC126299365",2,"all_diet_pairwise_results; DESeq2_33_vs_83"
"LOC126299386",2,"all_infection_within_diet_results; DESeq2_infected_vs_control_diet_33"
"LOC126299549",2,"all_infection_within_diet_results; DESeq2_infected_vs_control_diet_83"
"LOC126299564",2,"all_infection_within_diet_results; DESeq2_infected_vs_control_diet_83"
"LOC126301318",2,"all_infection_within_diet_results; DESeq2_infected_vs_control_diet_83"
"LOC126302692",2,"all_infection_within_diet_results; DESeq2_infected_vs_control_diet_83"
"LOC126304244",2,"all_infection_within_diet_results; DESeq2_infected_vs_control_diet_83"
"LOC126304702",2,"all_infection_within_diet_results; DESeq2_infected_vs_control_diet_33"
"LOC126304720",2,"all_model_coefficients; interaction_coefficients"
"LOC126304734",2,"all_model_coefficients; interaction_coefficients"
"LOC126304736",2,"all_model_coefficients; interaction_coefficients"
"LOC126304739",2,"all_model_coefficients; interaction_coefficients"
"LOC126304742",2,"all_infection_within_diet_results; DESeq2_infected_vs_control_diet_33"
"LOC126304746",2,"all_infection_within_diet_results; DESeq2_infected_vs_control_diet_33"
"LOC126304747",2,"all_model_coefficients; interaction_coefficients"
"LOC126304763",2,"all_model_coefficients; interaction_coefficients"
"LOC126304764",2,"all_model_coefficients; interaction_coefficients"
"LOC126304976",2,"all_infection_within_diet_results; DESeq2_infected_vs_control_diet_33"
"LOC126304987",2,"all_model_coefficients; interaction_coefficients"
"LOC126305006",2,"all_model_coefficients; interaction_coefficients"
"LOC126305053",2,"all_infection_within_diet_results; DESeq2_infected_vs_control_diet_33"
"LOC126305103",2,"all_infection_within_diet_results; DESeq2_infected_vs_control_diet_50"
"LOC126305259",2,"all_infection_within_diet_results; DESeq2_infected_vs_control_diet_83"
"LOC126305462",2,"all_diet_pairwise_results; DESeq2_33_vs_50"
"LOC126309704",2,"all_infection_within_diet_results; DESeq2_infected_vs_control_diet_50"
"LOC126310605",2,"all_diet_pairwise_results; DESeq2_33_vs_50"
"LOC126311220",2,"all_model_coefficients; interaction_coefficients"
"LOC126311232",2,"all_model_coefficients; interaction_coefficients"
"LOC126311246",2,"all_infection_within_diet_results; DESeq2_infected_vs_control_diet_33"
"LOC126311252",2,"all_model_coefficients; interaction_coefficients"
"LOC126313305",2,"all_model_coefficients; interaction_coefficients"
"LOC126313323",2,"all_model_coefficients; interaction_coefficients"
"LOC126313336",2,"all_infection_within_diet_results; DESeq2_infected_vs_control_diet_33"
"LOC126313350",2,"all_model_coefficients; interaction_coefficients"
"LOC126313372",2,"all_infection_within_diet_results; DESeq2_infected_vs_control_diet_33"
"LOC126313408",2,"all_model_coefficients; interaction_coefficients"
"LOC126314408",2,"all_infection_within_diet_results; DESeq2_infected_vs_control_diet_33"
"LOC126314420",2,"all_infection_within_diet_results; DESeq2_infected_vs_control_diet_33"
"LOC126314423",2,"all_infection_within_diet_results; DESeq2_infected_vs_control_diet_33"
"LOC126314438",2,"all_model_coefficients; interaction_coefficients"
"LOC126314456",2,"all_model_coefficients; interaction_coefficients"
"LOC126314459",2,"all_model_coefficients; interaction_coefficients"
"LOC126315207",2,"all_infection_within_diet_results; DESeq2_infected_vs_control_diet_33"
"LOC126315212",2,"all_infection_within_diet_results; DESeq2_infected_vs_control_diet_33"
"LOC126315215",2,"all_infection_within_diet_results; DESeq2_infected_vs_control_diet_33"
"LOC126315224",2,"all_infection_within_diet_results; DESeq2_infected_vs_control_diet_33"
"LOC126315227",2,"all_infection_within_diet_results; DESeq2_infected_vs_control_diet_33"
"LOC126315280",2,"all_infection_within_diet_results; DESeq2_infected_vs_control_diet_33"
"LOC126315281",2,"all_infection_within_diet_results; DESeq2_infected_vs_control_diet_33"
"LOC126315282",2,"all_model_coefficients; interaction_coefficients"
"LOC126315283",2,"all_infection_within_diet_results; DESeq2_infected_vs_control_diet_33"
"LOC126315341",2,"all_infection_within_diet_results; DESeq2_infected_vs_control_diet_33"
"LOC126315417",2,"all_infection_within_diet_results; DESeq2_infected_vs_control_diet_33"
"LOC126315440",2,"all_infection_within_diet_results; DESeq2_infected_vs_control_diet_33"
"LOC126315922",2,"all_infection_within_diet_results; DESeq2_infected_vs_control_diet_33"
"LOC126316456",2,"all_model_coefficients; interaction_coefficients"
"LOC126316668",2,"all_model_coefficients; interaction_coefficients"
"LOC126316686",2,"all_model_coefficients; interaction_coefficients"
"LOC126316772",2,"all_infection_within_diet_results; DESeq2_infected_vs_control_diet_33"
"LOC126316788",2,"all_infection_within_diet_results; DESeq2_infected_vs_control_diet_33"
"LOC126316834",2,"all_model_coefficients; interaction_coefficients"
"LOC126316921",2,"all_model_coefficients; interaction_coefficients"
"LOC126316958",2,"all_model_coefficients; interaction_coefficients"
"LOC126316991",2,"all_infection_within_diet_results; DESeq2_infected_vs_control_diet_33"
"LOC126317104",2,"all_model_coefficients; interaction_coefficients"
"LOC126317107",2,"all_infection_within_diet_results; DESeq2_infected_vs_control_diet_33"
"LOC126317399",2,"all_infection_within_diet_results; DESeq2_infected_vs_control_diet_33"
"LOC126317444",2,"all_model_coefficients; interaction_coefficients"
"LOC126317447",2,"all_infection_within_diet_results; DESeq2_infected_vs_control_diet_33"
"LOC126317472",2,"all_model_coefficients; interaction_coefficients"
"LOC126318308",2,"all_infection_within_diet_results; DESeq2_infected_vs_control_diet_33"
"LOC126318314",2,"all_infection_within_diet_results; DESeq2_infected_vs_control_diet_33"
"LOC126318317",2,"all_model_coefficients; interaction_coefficients"
"LOC126318335",2,"all_model_coefficients; interaction_coefficients"
"LOC126318343",2,"all_infection_within_diet_results; DESeq2_infected_vs_control_diet_33"
"LOC126318355",2,"all_model_coefficients; interaction_coefficients"
"LOC126318362",2,"all_infection_within_diet_results; DESeq2_infected_vs_control_diet_33"
"LOC126318447",2,"all_model_coefficients; interaction_coefficients"
"LOC126318615",2,"all_model_coefficients; interaction_coefficients"
"LOC126318646",2,"all_model_coefficients; interaction_coefficients"
"LOC126319852",2,"all_diet_pairwise_results; DESeq2_33_vs_50"
"LOC126319854",2,"all_model_coefficients; interaction_coefficients"
"LOC126319857",2,"all_model_coefficients; interaction_coefficients"
"LOC126319860",2,"all_infection_within_diet_results; DESeq2_infected_vs_control_diet_33"
"LOC126319885",2,"all_infection_within_diet_results; DESeq2_infected_vs_control_diet_33"
"LOC126319911",2,"all_model_coefficients; interaction_coefficients"
"LOC126319912",2,"all_infection_within_diet_results; DESeq2_infected_vs_control_diet_33"
"LOC126319934",2,"all_model_coefficients; interaction_coefficients"
"LOC126319935",2,"all_model_coefficients; interaction_coefficients"
"LOC126319936",2,"all_model_coefficients; interaction_coefficients"
"LOC126319940",2,"all_model_coefficients; interaction_coefficients"
"LOC126319977",2,"all_infection_within_diet_results; DESeq2_infected_vs_control_diet_33"
"LOC126320001",2,"all_infection_within_diet_results; DESeq2_infected_vs_control_diet_33"
"LOC126320362",2,"all_infection_within_diet_results; DESeq2_infected_vs_control_diet_33"
"LOC126320367",2,"all_model_coefficients; interaction_coefficients"
"LOC126320379",2,"all_infection_within_diet_results; DESeq2_infected_vs_control_diet_33"
"LOC126320385",2,"all_infection_within_diet_results; DESeq2_infected_vs_control_diet_33"
"LOC126320402",2,"all_model_coefficients; interaction_coefficients"
"LOC126320407",2,"all_infection_within_diet_results; DESeq2_infected_vs_control_diet_33"
"LOC126320438",2,"all_model_coefficients; interaction_coefficients"
"LOC126320458",2,"all_model_coefficients; interaction_coefficients"
"LOC126320558",2,"all_infection_within_diet_results; DESeq2_infected_vs_control_diet_33"
"LOC126320569",2,"all_infection_within_diet_results; DESeq2_infected_vs_control_diet_33"
"LOC126320606",2,"all_infection_within_diet_results; DESeq2_infected_vs_control_diet_50"
"LOC126320756",2,"all_infection_within_diet_results; DESeq2_infected_vs_control_diet_33"
"LOC126320847",2,"all_infection_within_diet_results; DESeq2_infected_vs_control_diet_83"
"LOC126322384",2,"all_model_coefficients; interaction_coefficients"
"LOC126322386",2,"all_infection_within_diet_results; DESeq2_infected_vs_control_diet_33"
"LOC126322396",2,"all_model_coefficients; interaction_coefficients"
"LOC126322422",2,"all_infection_within_diet_results; DESeq2_infected_vs_control_diet_33"
"LOC126322427",2,"all_infection_within_diet_results; DESeq2_infected_vs_control_diet_33"
"LOC126322618",2,"all_model_coefficients; interaction_coefficients"
"LOC126322655",2,"all_infection_within_diet_results; DESeq2_infected_vs_control_diet_33"
"LOC126322687",2,"all_infection_within_diet_results; DESeq2_infected_vs_control_diet_33"
"LOC126322719",2,"all_infection_within_diet_results; DESeq2_infected_vs_control_diet_83"
"LOC126322757",2,"all_infection_within_diet_results; DESeq2_infected_vs_control_diet_50"
"LOC126323118",2,"all_infection_within_diet_results; DESeq2_infected_vs_control_diet_33"
"LOC126323134",2,"all_infection_within_diet_results; DESeq2_infected_vs_control_diet_33"
"LOC126323183",2,"all_infection_within_diet_results; DESeq2_infected_vs_control_diet_50"
"LOC126323253",2,"all_model_coefficients; interaction_coefficients"
"LOC126323263",2,"all_model_coefficients; interaction_coefficients"
"LOC126323268",2,"all_model_coefficients; interaction_coefficients"
"LOC126323271",2,"all_model_coefficients; interaction_coefficients"
"LOC126323725",2,"all_model_coefficients; interaction_coefficients"
"LOC126323742",2,"all_infection_within_diet_results; DESeq2_infected_vs_control_diet_33"
"LOC126323748",2,"all_diet_pairwise_results; DESeq2_33_vs_50"
"LOC126323787",2,"all_model_coefficients; interaction_coefficients"
"LOC126323886",2,"all_model_coefficients; interaction_coefficients"
"LOC126323889",2,"all_model_coefficients; interaction_coefficients"
"LOC126323895",2,"all_infection_within_diet_results; DESeq2_infected_vs_control_diet_33"
"LOC126323900",2,"all_infection_within_diet_results; DESeq2_infected_vs_control_diet_33"
"LOC126323901",2,"all_model_coefficients; interaction_coefficients"
"LOC126323906",2,"all_infection_within_diet_results; DESeq2_infected_vs_control_diet_33"
"LOC126323915",2,"all_model_coefficients; interaction_coefficients"
"LOC126323920",2,"all_model_coefficients; interaction_coefficients"
"LOC126323922",2,"all_infection_within_diet_results; DESeq2_infected_vs_control_diet_33"
"LOC126323927",2,"all_infection_within_diet_results; DESeq2_infected_vs_control_diet_33"
"LOC126324000",2,"all_diet_pairwise_results; DESeq2_33_vs_50"
"LOC126324024",2,"all_infection_within_diet_results; DESeq2_infected_vs_control_diet_33"
"LOC126324029",2,"all_infection_within_diet_results; DESeq2_infected_vs_control_diet_33"
"LOC126324045",2,"all_model_coefficients; interaction_coefficients"
"LOC126324050",2,"all_model_coefficients; interaction_coefficients"
"LOC126324054",2,"all_infection_within_diet_results; DESeq2_infected_vs_control_diet_33"
"LOC126324496",2,"all_model_coefficients; interaction_coefficients"
"LOC126324558",2,"all_infection_within_diet_results; DESeq2_infected_vs_control_diet_33"
"LOC126324753",2,"all_model_coefficients; interaction_coefficients"
"LOC126324756",2,"all_model_coefficients; interaction_coefficients"
"LOC126324985",2,"all_infection_within_diet_results; DESeq2_infected_vs_control_diet_50"
"LOC126325143",2,"all_diet_pairwise_results; DESeq2_33_vs_50"
"LOC126325506",2,"all_model_coefficients; interaction_coefficients"
"LOC126325525",2,"all_infection_within_diet_results; DESeq2_infected_vs_control_diet_33"
"LOC126325541",2,"all_model_coefficients; interaction_coefficients"
"LOC126325546",2,"all_model_coefficients; interaction_coefficients"
"LOC126325594",2,"all_infection_within_diet_results; DESeq2_infected_vs_control_diet_50"
"LOC126325801",2,"all_model_coefficients; interaction_coefficients"
"LOC126325806",2,"all_model_coefficients; interaction_coefficients"
"LOC126325835",2,"all_model_coefficients; interaction_coefficients"
"LOC126325840",2,"all_infection_within_diet_results; DESeq2_infected_vs_control_diet_33"
"LOC126325847",2,"all_model_coefficients; interaction_coefficients"
"LOC126325851",2,"all_infection_within_diet_results; DESeq2_infected_vs_control_diet_50"
"LOC126325855",2,"all_model_coefficients; interaction_coefficients"
"LOC126325861",2,"all_model_coefficients; interaction_coefficients"
"LOC126325873",2,"all_model_coefficients; interaction_coefficients"
"LOC126325909",2,"all_infection_within_diet_results; DESeq2_infected_vs_control_diet_33"
"LOC126325920",2,"all_infection_within_diet_results; DESeq2_infected_vs_control_diet_33"
"LOC126325933",2,"all_model_coefficients; interaction_coefficients"
"LOC126326057",2,"all_infection_within_diet_results; DESeq2_infected_vs_control_diet_33"
"LOC126326063",2,"all_infection_within_diet_results; DESeq2_infected_vs_control_diet_33"
"LOC126326073",2,"all_model_coefficients; interaction_coefficients"
"LOC126326080",2,"all_model_coefficients; interaction_coefficients"
"LOC126326130",2,"all_model_coefficients; interaction_coefficients"
"LOC126326203",2,"all_model_coefficients; interaction_coefficients"
"LOC126326206",2,"all_infection_within_diet_results; DESeq2_infected_vs_control_diet_33"
"LOC126326214",2,"all_model_coefficients; interaction_coefficients"
"LOC126326216",2,"all_model_coefficients; interaction_coefficients"
"LOC126326223",2,"all_model_coefficients; interaction_coefficients"
"LOC126326403",2,"all_infection_within_diet_results; DESeq2_infected_vs_control_diet_50"
"LOC126326506",2,"all_model_coefficients; interaction_coefficients"
"LOC126326518",2,"all_infection_within_diet_results; DESeq2_infected_vs_control_diet_33"
"LOC126326534",2,"all_model_coefficients; interaction_coefficients"
"LOC126326535",2,"all_model_coefficients; interaction_coefficients"
"LOC126326552",2,"all_model_coefficients; interaction_coefficients"
"LOC126326586",2,"all_model_coefficients; interaction_coefficients"
"LOC126326837",2,"all_infection_within_diet_results; DESeq2_infected_vs_control_diet_50"
"LOC126327009",2,"all_diet_pairwise_results; DESeq2_33_vs_50"
"LOC126327073",2,"all_infection_within_diet_results; DESeq2_infected_vs_control_diet_50"
"LOC126327105",2,"all_infection_within_diet_results; DESeq2_infected_vs_control_diet_50"
"LOC126327121",2,"all_infection_within_diet_results; DESeq2_infected_vs_control_diet_50"
"LOC126328051",2,"all_model_coefficients; interaction_coefficients"
"LOC126328217",2,"all_model_coefficients; interaction_coefficients"
"LOC126328307",2,"all_infection_within_diet_results; DESeq2_infected_vs_control_diet_50"
"LOC126328328",2,"all_model_coefficients; interaction_coefficients"
"LOC126328451",2,"all_diet_pairwise_results; DESeq2_33_vs_50"
"LOC126328522",2,"all_diet_pairwise_results; DESeq2_33_vs_50"
"LOC126329081",2,"all_model_coefficients; interaction_coefficients"
"LOC126329207",2,"all_infection_within_diet_results; DESeq2_infected_vs_control_diet_50"
"LOC126329483",2,"all_infection_within_diet_results; DESeq2_infected_vs_control_diet_33"
"LOC126329584",2,"all_infection_within_diet_results; DESeq2_infected_vs_control_diet_33"
"LOC126329919",2,"all_infection_within_diet_results; DESeq2_infected_vs_control_diet_33"
"LOC126329922",2,"all_model_coefficients; interaction_coefficients"
"LOC126329979",2,"all_model_coefficients; interaction_coefficients"
"LOC126330068",2,"all_infection_within_diet_results; DESeq2_infected_vs_control_diet_33"
"LOC126330748",2,"all_infection_within_diet_results; DESeq2_infected_vs_control_diet_50"
"LOC126330805",2,"all_infection_within_diet_results; DESeq2_infected_vs_control_diet_33"
"LOC126331298",2,"all_infection_within_diet_results; DESeq2_infected_vs_control_diet_83"
"LOC126331335",2,"all_infection_within_diet_results; DESeq2_infected_vs_control_diet_83"
"LOC126331448",2,"all_model_coefficients; interaction_coefficients"
"LOC126331994",2,"all_infection_within_diet_results; DESeq2_infected_vs_control_diet_50"
"LOC126332393",2,"all_infection_within_diet_results; DESeq2_infected_vs_control_diet_33"
"LOC126332398",2,"all_infection_within_diet_results; DESeq2_infected_vs_control_diet_33"
"LOC126332649",2,"all_infection_within_diet_results; DESeq2_infected_vs_control_diet_50"
"LOC126332756",2,"all_model_coefficients; interaction_coefficients"
"LOC126332763",2,"all_infection_within_diet_results; DESeq2_infected_vs_control_diet_33"
"LOC126332792",2,"all_model_coefficients; interaction_coefficients"
"LOC126332842",2,"all_diet_pairwise_results; DESeq2_33_vs_83"
"LOC126332857",2,"all_infection_within_diet_results; DESeq2_infected_vs_control_diet_83"
"LOC126334107",2,"all_infection_within_diet_results; DESeq2_infected_vs_control_diet_50"
"LOC126334532",2,"all_infection_within_diet_results; DESeq2_infected_vs_control_diet_33"
"LOC126334543",2,"all_infection_within_diet_results; DESeq2_infected_vs_control_diet_83"
"LOC126334613",2,"all_infection_within_diet_results; DESeq2_infected_vs_control_diet_33"
"LOC126334647",2,"all_infection_within_diet_results; DESeq2_infected_vs_control_diet_33"
"LOC126334648",2,"all_infection_within_diet_results; DESeq2_infected_vs_control_diet_83"
"LOC126334672",2,"all_infection_within_diet_results; DESeq2_infected_vs_control_diet_33"
"LOC126334715",2,"all_infection_within_diet_results; DESeq2_infected_vs_control_diet_83"
"LOC126334755",2,"all_diet_pairwise_results; DESeq2_33_vs_50"
"LOC126334783",2,"all_infection_within_diet_results; DESeq2_infected_vs_control_diet_83"
"LOC126334846",2,"all_diet_pairwise_results; DESeq2_33_vs_50"
"LOC126334880",2,"all_infection_within_diet_results; DESeq2_infected_vs_control_diet_50"
"LOC126334883",2,"all_infection_within_diet_results; DESeq2_infected_vs_control_diet_50"
"LOC126334891",2,"all_infection_within_diet_results; DESeq2_infected_vs_control_diet_83"
"LOC126334905",2,"all_infection_within_diet_results; DESeq2_infected_vs_control_diet_83"
"LOC126334943",2,"all_infection_within_diet_results; DESeq2_infected_vs_control_diet_33"
"LOC126334953",2,"all_infection_within_diet_results; DESeq2_infected_vs_control_diet_83"
"LOC126334961",2,"all_infection_within_diet_results; DESeq2_infected_vs_control_diet_50"
"LOC126334974",2,"all_infection_within_diet_results; DESeq2_infected_vs_control_diet_83"
"LOC126335142",2,"all_infection_within_diet_results; DESeq2_infected_vs_control_diet_50"
"LOC126335148",2,"all_infection_within_diet_results; DESeq2_infected_vs_control_diet_33"
"LOC126335167",2,"all_diet_pairwise_results; DESeq2_33_vs_83"
"LOC126335174",2,"all_infection_within_diet_results; DESeq2_infected_vs_control_diet_50"
"LOC126335182",2,"all_infection_within_diet_results; DESeq2_infected_vs_control_diet_83"
"LOC126335220",2,"all_infection_within_diet_results; DESeq2_infected_vs_control_diet_50"
"LOC126335261",2,"all_diet_pairwise_results; DESeq2_33_vs_50"
"LOC126335276",2,"all_infection_within_diet_results; DESeq2_infected_vs_control_diet_50"
"LOC126335291",2,"all_infection_within_diet_results; DESeq2_infected_vs_control_diet_33"
"LOC126335355",2,"all_infection_within_diet_results; DESeq2_infected_vs_control_diet_33"
"LOC126335428",2,"all_infection_within_diet_results; DESeq2_infected_vs_control_diet_33"
"LOC126335465",2,"all_infection_within_diet_results; DESeq2_infected_vs_control_diet_33"
"LOC126335495",2,"all_infection_within_diet_results; DESeq2_infected_vs_control_diet_33"
"LOC126335538",2,"all_infection_within_diet_results; DESeq2_infected_vs_control_diet_33"
"LOC126335553",2,"all_infection_within_diet_results; DESeq2_infected_vs_control_diet_50"
"LOC126335641",2,"all_infection_within_diet_results; DESeq2_infected_vs_control_diet_33"
"LOC126335665",2,"all_infection_within_diet_results; DESeq2_infected_vs_control_diet_33"
"LOC126335667",2,"all_infection_within_diet_results; DESeq2_infected_vs_control_diet_33"
"LOC126335678",2,"all_infection_within_diet_results; DESeq2_infected_vs_control_diet_33"
"LOC126335682",2,"all_infection_within_diet_results; DESeq2_infected_vs_control_diet_83"
"LOC126335721",2,"all_infection_within_diet_results; DESeq2_infected_vs_control_diet_50"
"LOC126335854",2,"all_infection_within_diet_results; DESeq2_infected_vs_control_diet_33"
"LOC126335963",2,"all_infection_within_diet_results; DESeq2_infected_vs_control_diet_50"
"LOC126335969",2,"all_infection_within_diet_results; DESeq2_infected_vs_control_diet_50"
"LOC126336012",2,"all_infection_within_diet_results; DESeq2_infected_vs_control_diet_83"
"LOC126336041",2,"all_infection_within_diet_results; DESeq2_infected_vs_control_diet_33"
"LOC126336044",2,"all_infection_within_diet_results; DESeq2_infected_vs_control_diet_33"
"LOC126336124",2,"all_infection_within_diet_results; DESeq2_infected_vs_control_diet_50"
"LOC126336198",2,"all_infection_within_diet_results; DESeq2_infected_vs_control_diet_50"
"LOC126336200",2,"all_diet_pairwise_results; DESeq2_33_vs_50"
"LOC126336205",2,"all_infection_within_diet_results; DESeq2_infected_vs_control_diet_33"
"LOC126336216",2,"all_infection_within_diet_results; DESeq2_infected_vs_control_diet_83"
"LOC126336239",2,"all_infection_within_diet_results; DESeq2_infected_vs_control_diet_83"
"LOC126336251",2,"all_infection_within_diet_results; DESeq2_infected_vs_control_diet_33"
"LOC126336294",2,"all_infection_within_diet_results; DESeq2_infected_vs_control_diet_83"
"LOC126336316",2,"all_infection_within_diet_results; DESeq2_infected_vs_control_diet_83"
"LOC126336322",2,"all_infection_within_diet_results; DESeq2_infected_vs_control_diet_50"
"LOC126336323",2,"all_diet_pairwise_results; DESeq2_33_vs_50"
"LOC126336351",2,"all_diet_pairwise_results; DESeq2_33_vs_83"
"LOC126336362",2,"all_infection_within_diet_results; DESeq2_infected_vs_control_diet_50"
"LOC126336409",2,"all_infection_within_diet_results; DESeq2_infected_vs_control_diet_33"
"LOC126336458",2,"all_infection_within_diet_results; DESeq2_infected_vs_control_diet_50"
"LOC126336460",2,"all_infection_within_diet_results; DESeq2_infected_vs_control_diet_33"
"LOC126336464",2,"all_infection_within_diet_results; DESeq2_infected_vs_control_diet_33"
"LOC126336514",2,"all_infection_within_diet_results; DESeq2_infected_vs_control_diet_83"
"LOC126336515",2,"all_infection_within_diet_results; DESeq2_infected_vs_control_diet_33"
"LOC126336627",2,"all_diet_pairwise_results; DESeq2_50_vs_83"
"LOC126336639",2,"all_infection_within_diet_results; DESeq2_infected_vs_control_diet_83"
"LOC126336640",2,"all_infection_within_diet_results; DESeq2_infected_vs_control_diet_50"
"LOC126336641",2,"all_diet_pairwise_results; DESeq2_33_vs_50"
"LOC126336693",2,"all_infection_within_diet_results; DESeq2_infected_vs_control_diet_33"
"LOC126336697",2,"all_infection_within_diet_results; DESeq2_infected_vs_control_diet_50"
"LOC126336715",2,"all_infection_within_diet_results; DESeq2_infected_vs_control_diet_50"
"LOC126336743",2,"all_diet_pairwise_results; DESeq2_33_vs_50"
"LOC126336759",2,"all_infection_within_diet_results; DESeq2_infected_vs_control_diet_33"
"LOC126336787",2,"all_diet_pairwise_results; DESeq2_33_vs_83"
"LOC126336833",2,"all_infection_within_diet_results; DESeq2_infected_vs_control_diet_33"
"LOC126336852",2,"all_infection_within_diet_results; DESeq2_infected_vs_control_diet_33"
"LOC126336870",2,"all_infection_within_diet_results; DESeq2_infected_vs_control_diet_83"
"LOC126336893",2,"all_infection_within_diet_results; DESeq2_infected_vs_control_diet_33"
"LOC126336902",2,"all_infection_within_diet_results; DESeq2_infected_vs_control_diet_33"
"LOC126336923",2,"all_infection_within_diet_results; DESeq2_infected_vs_control_diet_50"
"LOC126336931",2,"all_infection_within_diet_results; DESeq2_infected_vs_control_diet_83"
"LOC126336938",2,"all_infection_within_diet_results; DESeq2_infected_vs_control_diet_50"
"LOC126336960",2,"all_infection_within_diet_results; DESeq2_infected_vs_control_diet_83"
"LOC126336961",2,"all_infection_within_diet_results; DESeq2_infected_vs_control_diet_50"
"LOC126336967",2,"all_infection_within_diet_results; DESeq2_infected_vs_control_diet_83"
"LOC126336985",2,"all_diet_pairwise_results; DESeq2_33_vs_50"
"LOC126337046",2,"all_infection_within_diet_results; DESeq2_infected_vs_control_diet_50"
"LOC126337065",2,"all_infection_within_diet_results; DESeq2_infected_vs_control_diet_50"
"LOC126337068",2,"all_infection_within_diet_results; DESeq2_infected_vs_control_diet_83"
"LOC126338987",2,"all_infection_within_diet_results; DESeq2_infected_vs_control_diet_50"
"LOC126339150",2,"all_infection_within_diet_results; DESeq2_infected_vs_control_diet_33"
"LOC126339596",2,"all_infection_within_diet_results; DESeq2_infected_vs_control_diet_50"
"LOC126340024",2,"all_infection_within_diet_results; DESeq2_infected_vs_control_diet_33"
"LOC126340356",2,"all_infection_within_diet_results; DESeq2_infected_vs_control_diet_33"
"LOC126341392",2,"all_infection_within_diet_results; DESeq2_infected_vs_control_diet_33"
"LOC126341660",2,"all_infection_within_diet_results; DESeq2_infected_vs_control_diet_83"
"LOC126341853",2,"all_infection_within_diet_results; DESeq2_infected_vs_control_diet_50"
"LOC126342297",2,"all_infection_within_diet_results; DESeq2_infected_vs_control_diet_83"
"LOC126342556",2,"all_infection_within_diet_results; DESeq2_infected_vs_control_diet_83"
"LOC126342775",2,"all_infection_within_diet_results; DESeq2_infected_vs_control_diet_33"
"LOC126343123",2,"all_infection_within_diet_results; DESeq2_infected_vs_control_diet_83"
"LOC126343224",2,"all_infection_within_diet_results; DESeq2_infected_vs_control_diet_50"
"LOC126343426",2,"all_infection_within_diet_results; DESeq2_infected_vs_control_diet_33"
"LOC126343702",2,"all_infection_within_diet_results; DESeq2_infected_vs_control_diet_50"
"LOC126343748",2,"all_infection_within_diet_results; DESeq2_infected_vs_control_diet_83"
"LOC126344021",2,"all_infection_within_diet_results; DESeq2_infected_vs_control_diet_33"
"LOC126344078",2,"all_infection_within_diet_results; DESeq2_infected_vs_control_diet_50"
"LOC126346393",2,"all_infection_within_diet_results; DESeq2_infected_vs_control_diet_83"
"LOC126347090",2,"all_infection_within_diet_results; DESeq2_infected_vs_control_diet_50"
"LOC126348146",2,"all_infection_within_diet_results; DESeq2_infected_vs_control_diet_50"
"LOC126348989",2,"all_infection_within_diet_results; DESeq2_infected_vs_control_diet_83"
"LOC126349587",2,"all_infection_within_diet_results; DESeq2_infected_vs_control_diet_50"
"LOC126349891",2,"all_diet_pairwise_results; DESeq2_33_vs_83"
"LOC126350814",2,"all_infection_within_diet_results; DESeq2_infected_vs_control_diet_83"
"LOC126353786",2,"all_infection_within_diet_results; DESeq2_infected_vs_control_diet_50"
"LOC126353790",2,"all_infection_within_diet_results; DESeq2_infected_vs_control_diet_83"
"LOC126353795",2,"all_infection_within_diet_results; DESeq2_infected_vs_control_diet_33"
"LOC126353877",2,"all_infection_within_diet_results; DESeq2_infected_vs_control_diet_50"
"LOC126353887",2,"all_infection_within_diet_results; DESeq2_infected_vs_control_diet_33"
"LOC126353951",2,"all_infection_within_diet_results; DESeq2_infected_vs_control_diet_50"
"LOC126353994",2,"all_infection_within_diet_results; DESeq2_infected_vs_control_diet_33"
"LOC126354056",2,"all_infection_within_diet_results; DESeq2_infected_vs_control_diet_33"
"LOC126354065",2,"all_infection_within_diet_results; DESeq2_infected_vs_control_diet_50"
"LOC126354102",2,"all_diet_pairwise_results; DESeq2_33_vs_50"
"LOC126354120",2,"all_infection_within_diet_results; DESeq2_infected_vs_control_diet_83"
"LOC126354133",2,"all_infection_within_diet_results; DESeq2_infected_vs_control_diet_83"
"LOC126354154",2,"all_infection_within_diet_results; DESeq2_infected_vs_control_diet_50"
"LOC126354172",2,"all_infection_within_diet_results; DESeq2_infected_vs_control_diet_33"
"LOC126354206",2,"all_infection_within_diet_results; DESeq2_infected_vs_control_diet_50"
"LOC126354213",2,"all_infection_within_diet_results; DESeq2_infected_vs_control_diet_50"
"LOC126354241",2,"all_infection_within_diet_results; DESeq2_infected_vs_control_diet_33"
"LOC126354260",2,"all_infection_within_diet_results; DESeq2_infected_vs_control_diet_50"
"LOC126354273",2,"all_infection_within_diet_results; DESeq2_infected_vs_control_diet_83"
"LOC126354277",2,"all_infection_within_diet_results; DESeq2_infected_vs_control_diet_33"
"LOC126354281",2,"all_infection_within_diet_results; DESeq2_infected_vs_control_diet_33"
"LOC126354283",2,"all_infection_within_diet_results; DESeq2_infected_vs_control_diet_33"
"LOC126354284",2,"all_infection_within_diet_results; DESeq2_infected_vs_control_diet_50"
"LOC126354288",2,"all_infection_within_diet_results; DESeq2_infected_vs_control_diet_50"
"LOC126354322",2,"all_infection_within_diet_results; DESeq2_infected_vs_control_diet_33"
"LOC126354341",2,"all_diet_pairwise_results; DESeq2_33_vs_50"
"LOC126354385",2,"all_infection_within_diet_results; DESeq2_infected_vs_control_diet_50"
"LOC126354386",2,"all_infection_within_diet_results; DESeq2_infected_vs_control_diet_50"
"LOC126354416",2,"all_infection_within_diet_results; DESeq2_infected_vs_control_diet_50"
"LOC126354422",2,"all_diet_pairwise_results; DESeq2_33_vs_83"
"LOC126354457",2,"all_infection_within_diet_results; DESeq2_infected_vs_control_diet_50"
"LOC126354504",2,"all_infection_within_diet_results; DESeq2_infected_vs_control_diet_33"
"LOC126354542",2,"all_infection_within_diet_results; DESeq2_infected_vs_control_diet_33"
"LOC126354561",2,"all_infection_within_diet_results; DESeq2_infected_vs_control_diet_33"
"LOC126354577",2,"all_infection_within_diet_results; DESeq2_infected_vs_control_diet_50"
"LOC126354583",2,"all_infection_within_diet_results; DESeq2_infected_vs_control_diet_33"
"LOC126354588",2,"all_infection_within_diet_results; DESeq2_infected_vs_control_diet_33"
"LOC126354591",2,"all_infection_within_diet_results; DESeq2_infected_vs_control_diet_50"
"LOC126354620",2,"all_infection_within_diet_results; DESeq2_infected_vs_control_diet_33"
"LOC126354631",2,"all_infection_within_diet_results; DESeq2_infected_vs_control_diet_33"
"LOC126354652",2,"all_infection_within_diet_results; DESeq2_infected_vs_control_diet_33"
"LOC126354702",2,"all_infection_within_diet_results; DESeq2_infected_vs_control_diet_33"
"LOC126354707",2,"all_infection_within_diet_results; DESeq2_infected_vs_control_diet_33"
"LOC126354710",2,"all_infection_within_diet_results; DESeq2_infected_vs_control_diet_33"
"LOC126354739",2,"all_infection_within_diet_results; DESeq2_infected_vs_control_diet_50"
"LOC126354750",2,"all_infection_within_diet_results; DESeq2_infected_vs_control_diet_33"
"LOC126354789",2,"all_infection_within_diet_results; DESeq2_infected_vs_control_diet_83"
"LOC126354793",2,"all_infection_within_diet_results; DESeq2_infected_vs_control_diet_50"
"LOC126354820",2,"all_infection_within_diet_results; DESeq2_infected_vs_control_diet_50"
"LOC126354854",2,"all_infection_within_diet_results; DESeq2_infected_vs_control_diet_50"
"LOC126354947",2,"all_infection_within_diet_results; DESeq2_infected_vs_control_diet_33"
"LOC126354970",2,"all_diet_pairwise_results; DESeq2_33_vs_50"
"LOC126355051",2,"all_infection_within_diet_results; DESeq2_infected_vs_control_diet_83"
"LOC126355068",2,"all_infection_within_diet_results; DESeq2_infected_vs_control_diet_83"
"LOC126355134",2,"all_infection_within_diet_results; DESeq2_infected_vs_control_diet_50"
"LOC126355148",2,"all_infection_within_diet_results; DESeq2_infected_vs_control_diet_33"
"LOC126355162",2,"all_infection_within_diet_results; DESeq2_infected_vs_control_diet_50"
"LOC126355174",2,"all_infection_within_diet_results; DESeq2_infected_vs_control_diet_33"
"LOC126355259",2,"all_infection_within_diet_results; DESeq2_infected_vs_control_diet_33"
"LOC126355286",2,"all_infection_within_diet_results; DESeq2_infected_vs_control_diet_33"
"LOC126355387",2,"all_infection_within_diet_results; DESeq2_infected_vs_control_diet_83"
"LOC126355401",2,"all_infection_within_diet_results; DESeq2_infected_vs_control_diet_50"
"LOC126355430",2,"all_infection_within_diet_results; DESeq2_infected_vs_control_diet_33"
"LOC126355443",2,"all_infection_within_diet_results; DESeq2_infected_vs_control_diet_50"
"LOC126355522",2,"all_infection_within_diet_results; DESeq2_infected_vs_control_diet_50"
"LOC126355596",2,"all_infection_within_diet_results; DESeq2_infected_vs_control_diet_50"
"LOC126355630",2,"all_infection_within_diet_results; DESeq2_infected_vs_control_diet_50"
"LOC126355644",2,"all_infection_within_diet_results; DESeq2_infected_vs_control_diet_50"
"LOC126355676",2,"all_infection_within_diet_results; DESeq2_infected_vs_control_diet_83"
"LOC126355749",2,"all_infection_within_diet_results; DESeq2_infected_vs_control_diet_33"
"LOC126355752",2,"all_infection_within_diet_results; DESeq2_infected_vs_control_diet_83"
"LOC126355755",2,"all_infection_within_diet_results; DESeq2_infected_vs_control_diet_83"
"LOC126355799",2,"all_infection_within_diet_results; DESeq2_infected_vs_control_diet_33"
"LOC126355818",2,"all_infection_within_diet_results; DESeq2_infected_vs_control_diet_33"
"LOC126355898",2,"all_diet_pairwise_results; DESeq2_33_vs_50"
"LOC126355941",2,"all_infection_within_diet_results; DESeq2_infected_vs_control_diet_33"
"LOC126355954",2,"all_infection_within_diet_results; DESeq2_infected_vs_control_diet_33"
"LOC126356006",2,"all_infection_within_diet_results; DESeq2_infected_vs_control_diet_33"
"LOC126356015",2,"all_infection_within_diet_results; DESeq2_infected_vs_control_diet_33"
"LOC126356039",2,"all_infection_within_diet_results; DESeq2_infected_vs_control_diet_33"
"LOC126356044",2,"all_diet_pairwise_results; DESeq2_33_vs_83"
"LOC126356089",2,"all_infection_within_diet_results; DESeq2_infected_vs_control_diet_33"
"LOC126356096",2,"all_infection_within_diet_results; DESeq2_infected_vs_control_diet_50"
"LOC126356130",2,"all_infection_within_diet_results; DESeq2_infected_vs_control_diet_33"
"LOC126356176",2,"all_infection_within_diet_results; DESeq2_infected_vs_control_diet_83"
"LOC126356287",2,"all_infection_within_diet_results; DESeq2_infected_vs_control_diet_83"
"LOC126358228",2,"all_infection_within_diet_results; DESeq2_infected_vs_control_diet_83"
"LOC126358876",2,"all_infection_within_diet_results; DESeq2_infected_vs_control_diet_33"
"LOC126361037",2,"all_infection_within_diet_results; DESeq2_infected_vs_control_diet_50"
"LOC126361173",2,"all_infection_within_diet_results; DESeq2_infected_vs_control_diet_33"
"LOC126361237",2,"all_infection_within_diet_results; DESeq2_infected_vs_control_diet_33"
"LOC126361620",2,"all_infection_within_diet_results; DESeq2_infected_vs_control_diet_50"
"LOC126361652",2,"all_infection_within_diet_results; DESeq2_infected_vs_control_diet_50"
"LOC126362232",2,"all_infection_within_diet_results; DESeq2_infected_vs_control_diet_50"
"LOC126365627",2,"all_infection_within_diet_results; DESeq2_infected_vs_control_diet_83"
"LOC126365747",2,"all_infection_within_diet_results; DESeq2_infected_vs_control_diet_33"
"LOC126365764",2,"all_infection_within_diet_results; DESeq2_infected_vs_control_diet_83"
"LOC126365797",2,"all_infection_within_diet_results; DESeq2_infected_vs_control_diet_33"
"LOC126365814",2,"all_infection_within_diet_results; DESeq2_infected_vs_control_diet_50"
"LOC126365855",2,"all_infection_within_diet_results; DESeq2_infected_vs_control_diet_50"
"LOC126365889",2,"all_infection_within_diet_results; DESeq2_infected_vs_control_diet_50"
"LOC126365930",2,"all_infection_within_diet_results; DESeq2_infected_vs_control_diet_83"
"LOC126365941",2,"all_infection_within_diet_results; DESeq2_infected_vs_control_diet_83"
"LOC126365946",2,"all_diet_pairwise_results; DESeq2_33_vs_50"
"LOC126365988",2,"all_infection_within_diet_results; DESeq2_infected_vs_control_diet_50"
"LOC126365989",2,"all_infection_within_diet_results; DESeq2_infected_vs_control_diet_50"
"LOC126365992",2,"all_infection_within_diet_results; DESeq2_infected_vs_control_diet_83"
